{
  "val_loss": 2.652479581657003,
  "J&F": 0.0,
  "J_mean": 0.0,
  "F_mean": 0.0,
  "T_mean": 0.9186680242419243,
  "instance_stability": 1.0
}