2025-05-24 20:56:38,507 - __main__ - INFO - Starting Mamba-based binary video segmentation training
2025-05-24 20:56:38,507 - __main__ - INFO - Using configuration from: configs/debug_binary.yaml
2025-05-24 20:56:38,515 - __main__ - INFO - Set random seed to 42
2025-05-24 20:56:38,770 - __main__ - INFO - Using device: cuda
2025-05-24 20:56:38,771 - __main__ - INFO - Building Mamba-based binary segmentation model...
2025-05-24 20:56:40,273 - __main__ - INFO - Model has 472,869 trainable parameters
2025-05-24 20:56:40,296 - __main__ - INFO - Creating data loaders...
2025-05-24 20:56:40,920 - __main__ - INFO - Created dataloaders - Train: 2094 batches, Val: 995 batches
2025-05-24 20:56:40,920 - __main__ - INFO - Creating optimizer: AdamW
2025-05-24 20:56:40,921 - __main__ - INFO - Created CosineAnnealingLR scheduler with 5 epochs of warmup
2025-05-24 20:56:40,971 - __main__ - INFO - Starting training loop...
2025-05-24 20:56:40,971 - utils.training - INFO - Starting training from epoch 0
2025-05-24 20:56:40,972 - utils.training - INFO - Results will be saved to: checkpoints/debug_binary/results
2025-05-24 20:56:41,508 - utils.training - INFO - Batch 0: Raw fg ratio: 0.9541, Adaptive fg ratio: 0.3453
2025-05-24 20:56:41,508 - utils.training - INFO - Batch 0: GT fg ratio: 0.1428
2025-05-24 20:56:41,509 - utils.training - INFO - Foreground ratio balanced! Pred/GT ratio: 2.42x
2025-05-24 20:56:41,538 - utils.training - INFO - Total gradient norm: 8.0196
2025-05-24 20:56:41,539 - utils.training - INFO - Gradient norm for temporal_smooth.weight: 7.2030
2025-05-24 20:56:41,539 - utils.training - INFO - Gradient norm for seg_head.1.bias: 2.2999
2025-05-24 20:56:41,539 - utils.training - INFO - Gradient norm for seg_head.1.weight: 1.8102
2025-05-24 20:56:41,539 - utils.training - INFO - Gradient norm for seg_head.3.weight: 1.4856
2025-05-24 20:56:41,539 - utils.training - INFO - Gradient norm for temporal_smooth.bias: 0.9636
2025-05-24 20:56:42,576 - utils.training - INFO - Total gradient norm: 0.0000
2025-05-24 20:56:43,252 - utils.training - INFO - Total gradient norm: 0.0000
2025-05-24 20:56:43,839 - utils.training - INFO - Total gradient norm: 0.0000
2025-05-24 20:56:44,421 - utils.training - INFO - Total gradient norm: 0.0000
2025-05-24 20:56:44,987 - utils.training - INFO - Batch 50: Raw fg ratio: 0.9451, Adaptive fg ratio: 0.3373
2025-05-24 20:56:44,988 - utils.training - INFO - Batch 50: GT fg ratio: 0.1414
2025-05-24 20:56:44,988 - utils.training - INFO - Foreground ratio balanced! Pred/GT ratio: 2.39x
2025-05-24 20:56:44,988 - utils.training - INFO - Total gradient norm: 0.0000
2025-05-24 20:56:45,561 - utils.training - INFO - Total gradient norm: 0.0000
2025-05-24 20:56:46,155 - utils.training - INFO - Total gradient norm: 0.0000
2025-05-24 20:56:46,751 - utils.training - INFO - Total gradient norm: 0.0000
2025-05-24 20:56:47,362 - utils.training - INFO - Total gradient norm: 0.0000
2025-05-24 20:56:48,027 - utils.training - INFO - Batch 100: Raw fg ratio: 0.9471, Adaptive fg ratio: 0.3707
2025-05-24 20:56:48,028 - utils.training - INFO - Batch 100: GT fg ratio: 0.1656
2025-05-24 20:56:48,028 - utils.training - INFO - Foreground ratio balanced! Pred/GT ratio: 2.24x
2025-05-24 20:56:48,028 - utils.training - INFO - Total gradient norm: 0.0000
2025-05-24 20:56:48,652 - utils.training - INFO - Total gradient norm: 0.0000
2025-05-24 20:56:49,246 - utils.training - INFO - Total gradient norm: 0.0000
2025-05-24 20:56:49,844 - utils.training - INFO - Total gradient norm: 0.0000
2025-05-24 20:56:50,449 - utils.training - INFO - Total gradient norm: 0.0000
2025-05-24 20:56:51,010 - utils.training - INFO - Batch 150: Raw fg ratio: 0.9105, Adaptive fg ratio: 0.1877
2025-05-24 20:56:51,011 - utils.training - INFO - Batch 150: GT fg ratio: 0.0266
2025-05-24 20:56:51,011 - utils.training - WARNING - Overpredicting foreground! Ratio: 7.05x
2025-05-24 20:56:51,011 - utils.training - INFO - Total gradient norm: 0.0000
2025-05-24 20:56:51,592 - utils.training - INFO - Total gradient norm: 0.0000
2025-05-24 20:56:52,195 - utils.training - INFO - Total gradient norm: 0.0000
2025-05-24 20:56:52,820 - utils.training - INFO - Total gradient norm: 0.0000
2025-05-24 20:56:53,449 - utils.training - INFO - Total gradient norm: 0.0000
2025-05-24 20:56:54,090 - utils.training - INFO - Batch 200: Raw fg ratio: 0.7829, Adaptive fg ratio: 0.2261
2025-05-24 20:56:54,091 - utils.training - INFO - Batch 200: GT fg ratio: 0.1049
2025-05-24 20:56:54,091 - utils.training - INFO - Foreground ratio balanced! Pred/GT ratio: 2.15x
2025-05-24 20:56:54,091 - utils.training - INFO - Total gradient norm: 0.0000
2025-05-24 20:56:54,685 - utils.training - INFO - Total gradient norm: 0.0000
2025-05-24 20:56:55,255 - utils.training - INFO - Total gradient norm: 0.0000
2025-05-24 20:56:55,828 - utils.training - INFO - Total gradient norm: 0.0000
2025-05-24 20:56:56,451 - utils.training - INFO - Total gradient norm: 0.0000
2025-05-24 20:56:57,050 - utils.training - INFO - Batch 250: Raw fg ratio: 0.9480, Adaptive fg ratio: 0.4033
2025-05-24 20:56:57,050 - utils.training - INFO - Batch 250: GT fg ratio: 0.0435
2025-05-24 20:56:57,051 - utils.training - WARNING - Overpredicting foreground! Ratio: 9.28x
2025-05-24 20:56:57,051 - utils.training - INFO - Total gradient norm: 0.0000
2025-05-24 20:56:57,656 - utils.training - INFO - Total gradient norm: 0.0000
2025-05-24 20:56:58,239 - utils.training - INFO - Total gradient norm: 0.0000
2025-05-24 20:56:58,874 - utils.training - INFO - Total gradient norm: 0.0000
2025-05-24 20:56:59,486 - utils.training - INFO - Total gradient norm: 0.0000
2025-05-24 20:57:00,118 - utils.training - INFO - Batch 300: Raw fg ratio: 0.9390, Adaptive fg ratio: 0.3899
2025-05-24 20:57:00,118 - utils.training - INFO - Batch 300: GT fg ratio: 0.0026
2025-05-24 20:57:00,118 - utils.training - WARNING - Overpredicting foreground! Ratio: 151.23x
2025-05-24 20:57:00,119 - utils.training - INFO - Total gradient norm: 0.0000
2025-05-24 20:57:00,789 - utils.training - INFO - Total gradient norm: 0.0000
2025-05-24 20:57:01,433 - utils.training - INFO - Total gradient norm: 0.0000
2025-05-24 20:57:02,050 - utils.training - INFO - Total gradient norm: 0.0000
2025-05-24 20:57:02,654 - utils.training - INFO - Total gradient norm: 0.0000
2025-05-24 20:57:03,277 - utils.training - INFO - Batch 350: Raw fg ratio: 0.9451, Adaptive fg ratio: 0.3467
2025-05-24 20:57:03,278 - utils.training - INFO - Batch 350: GT fg ratio: 0.1743
2025-05-24 20:57:03,278 - utils.training - INFO - Foreground ratio balanced! Pred/GT ratio: 1.99x
2025-05-24 20:57:03,278 - utils.training - INFO - Total gradient norm: 0.0000
2025-05-24 20:57:03,944 - utils.training - INFO - Total gradient norm: 0.0000
2025-05-24 20:57:04,578 - utils.training - INFO - Total gradient norm: 0.0000
2025-05-24 20:57:05,207 - utils.training - INFO - Total gradient norm: 0.0000
2025-05-24 20:57:05,857 - utils.training - INFO - Total gradient norm: 0.0000
2025-05-24 20:57:06,470 - utils.training - INFO - Batch 400: Raw fg ratio: 0.9204, Adaptive fg ratio: 0.2999
2025-05-24 20:57:06,470 - utils.training - INFO - Batch 400: GT fg ratio: 0.0698
2025-05-24 20:57:06,471 - utils.training - WARNING - Overpredicting foreground! Ratio: 4.30x
2025-05-24 20:57:06,471 - utils.training - INFO - Total gradient norm: 0.0000
2025-05-24 20:57:07,112 - utils.training - INFO - Total gradient norm: 0.0000
2025-05-24 20:57:07,842 - utils.training - INFO - Total gradient norm: 0.0000
2025-05-24 20:57:08,459 - utils.training - INFO - Total gradient norm: 0.0000
2025-05-24 20:57:09,134 - utils.training - INFO - Total gradient norm: 0.0000
2025-05-24 20:57:09,750 - utils.training - INFO - Batch 450: Raw fg ratio: 0.8017, Adaptive fg ratio: 0.1200
2025-05-24 20:57:09,751 - utils.training - INFO - Batch 450: GT fg ratio: 0.1378
2025-05-24 20:57:09,751 - utils.training - INFO - Foreground ratio balanced! Pred/GT ratio: 0.87x
2025-05-24 20:57:09,751 - utils.training - INFO - Total gradient norm: 0.0000
2025-05-24 20:57:10,346 - utils.training - INFO - Total gradient norm: 0.0000
2025-05-24 20:57:10,932 - utils.training - INFO - Total gradient norm: 0.0000
2025-05-24 20:57:11,546 - utils.training - INFO - Total gradient norm: 0.0000
2025-05-24 20:57:12,162 - utils.training - INFO - Total gradient norm: 0.0000
2025-05-24 20:57:12,776 - utils.training - INFO - Batch 500: Raw fg ratio: 0.9410, Adaptive fg ratio: 0.3501
2025-05-24 20:57:12,777 - utils.training - INFO - Batch 500: GT fg ratio: 0.0695
2025-05-24 20:57:12,777 - utils.training - WARNING - Overpredicting foreground! Ratio: 5.04x
2025-05-24 20:57:12,777 - utils.training - INFO - Total gradient norm: 0.0000
2025-05-24 20:57:13,370 - utils.training - INFO - Total gradient norm: 0.0000
2025-05-24 20:57:14,023 - utils.training - INFO - Total gradient norm: 0.0000
2025-05-24 20:57:14,634 - utils.training - INFO - Total gradient norm: 0.0000
2025-05-24 20:57:15,242 - utils.training - INFO - Total gradient norm: 0.0000
2025-05-24 20:57:15,905 - utils.training - INFO - Batch 550: Raw fg ratio: 0.9454, Adaptive fg ratio: 0.3411
2025-05-24 20:57:15,905 - utils.training - INFO - Batch 550: GT fg ratio: 0.0589
2025-05-24 20:57:15,906 - utils.training - WARNING - Overpredicting foreground! Ratio: 5.79x
2025-05-24 20:57:15,906 - utils.training - INFO - Total gradient norm: 0.0000
2025-05-24 20:57:16,601 - utils.training - INFO - Total gradient norm: 0.0000
2025-05-24 20:57:17,242 - utils.training - INFO - Total gradient norm: 0.0000
2025-05-24 20:57:17,887 - utils.training - INFO - Total gradient norm: 0.0000
2025-05-24 20:57:18,554 - utils.training - INFO - Total gradient norm: 0.0000
2025-05-24 20:57:19,209 - utils.training - INFO - Batch 600: Raw fg ratio: 0.8838, Adaptive fg ratio: 0.3199
2025-05-24 20:57:19,210 - utils.training - INFO - Batch 600: GT fg ratio: 0.1284
2025-05-24 20:57:19,210 - utils.training - INFO - Foreground ratio balanced! Pred/GT ratio: 2.49x
2025-05-24 20:57:19,210 - utils.training - INFO - Total gradient norm: 0.0000
2025-05-24 20:57:19,851 - utils.training - INFO - Total gradient norm: 0.0000
2025-05-24 20:57:20,537 - utils.training - INFO - Total gradient norm: 0.0000
2025-05-24 20:57:21,171 - utils.training - INFO - Total gradient norm: 0.0000
2025-05-24 20:57:21,858 - utils.training - INFO - Total gradient norm: 0.0000
2025-05-24 20:57:22,521 - utils.training - INFO - Batch 650: Raw fg ratio: 0.9568, Adaptive fg ratio: 0.3174
2025-05-24 20:57:22,522 - utils.training - INFO - Batch 650: GT fg ratio: 0.0225
2025-05-24 20:57:22,522 - utils.training - WARNING - Overpredicting foreground! Ratio: 14.11x
2025-05-24 20:57:22,523 - utils.training - INFO - Total gradient norm: 0.0000
2025-05-24 20:57:23,240 - utils.training - INFO - Total gradient norm: 0.0000
2025-05-24 20:57:23,914 - utils.training - INFO - Total gradient norm: 0.0000
2025-05-24 20:57:24,544 - utils.training - INFO - Total gradient norm: 0.0000
2025-05-24 20:57:25,140 - utils.training - INFO - Total gradient norm: 0.0000
2025-05-24 20:57:25,742 - utils.training - INFO - Batch 700: Raw fg ratio: 0.9344, Adaptive fg ratio: 0.3029
2025-05-24 20:57:25,742 - utils.training - INFO - Batch 700: GT fg ratio: 0.2753
2025-05-24 20:57:25,742 - utils.training - INFO - Foreground ratio balanced! Pred/GT ratio: 1.10x
2025-05-24 20:57:25,743 - utils.training - INFO - Total gradient norm: 0.0000
2025-05-24 20:57:26,326 - utils.training - INFO - Total gradient norm: 0.0000
2025-05-24 20:57:26,919 - utils.training - INFO - Total gradient norm: 0.0000
2025-05-24 20:57:27,537 - utils.training - INFO - Total gradient norm: 0.0000
2025-05-24 20:57:28,104 - utils.training - INFO - Total gradient norm: 0.0000
2025-05-24 20:57:28,688 - utils.training - INFO - Batch 750: Raw fg ratio: 0.9341, Adaptive fg ratio: 0.2313
2025-05-24 20:57:28,688 - utils.training - INFO - Batch 750: GT fg ratio: 0.5207
2025-05-24 20:57:28,689 - utils.training - INFO - Foreground ratio balanced! Pred/GT ratio: 0.44x
2025-05-24 20:57:28,689 - utils.training - INFO - Total gradient norm: 0.0000
2025-05-24 20:57:29,308 - utils.training - INFO - Total gradient norm: 0.0000
2025-05-24 20:57:29,869 - utils.training - INFO - Total gradient norm: 0.0000
2025-05-24 20:57:30,462 - utils.training - INFO - Total gradient norm: 0.0000
2025-05-24 20:57:31,019 - utils.training - INFO - Total gradient norm: 0.0000
2025-05-24 20:57:31,595 - utils.training - INFO - Batch 800: Raw fg ratio: 0.9490, Adaptive fg ratio: 0.3650
2025-05-24 20:57:31,596 - utils.training - INFO - Batch 800: GT fg ratio: 0.1614
2025-05-24 20:57:31,596 - utils.training - INFO - Foreground ratio balanced! Pred/GT ratio: 2.26x
2025-05-24 20:57:31,596 - utils.training - INFO - Total gradient norm: 0.0000
2025-05-24 20:57:32,153 - utils.training - INFO - Total gradient norm: 0.0000
2025-05-24 20:57:32,721 - utils.training - INFO - Total gradient norm: 0.0000
2025-05-24 20:57:33,311 - utils.training - INFO - Total gradient norm: 0.0000
2025-05-24 20:57:33,915 - utils.training - INFO - Total gradient norm: 0.0000
2025-05-24 20:57:34,512 - utils.training - INFO - Batch 850: Raw fg ratio: 0.9503, Adaptive fg ratio: 0.2834
2025-05-24 20:57:34,513 - utils.training - INFO - Batch 850: GT fg ratio: 0.6253
2025-05-24 20:57:34,513 - utils.training - INFO - Foreground ratio balanced! Pred/GT ratio: 0.45x
2025-05-24 20:57:34,514 - utils.training - INFO - Total gradient norm: 0.0000
2025-05-24 20:57:35,125 - utils.training - INFO - Total gradient norm: 0.0000
2025-05-24 20:57:35,720 - utils.training - INFO - Total gradient norm: 0.0000
2025-05-24 20:57:36,382 - utils.training - INFO - Total gradient norm: 0.0000
2025-05-24 20:57:36,971 - utils.training - INFO - Total gradient norm: 0.0000
2025-05-24 20:57:37,573 - utils.training - INFO - Batch 900: Raw fg ratio: 0.9499, Adaptive fg ratio: 0.2175
2025-05-24 20:57:37,574 - utils.training - INFO - Batch 900: GT fg ratio: 0.7491
2025-05-24 20:57:37,574 - utils.training - WARNING - Underpredicting foreground! Ratio: 0.29x
2025-05-24 20:57:37,574 - utils.training - INFO - Total gradient norm: 0.0000
2025-05-24 20:57:38,146 - utils.training - INFO - Total gradient norm: 0.0000
2025-05-24 20:57:38,790 - utils.training - INFO - Total gradient norm: 0.0000
2025-05-24 20:57:39,427 - utils.training - INFO - Total gradient norm: 0.0000
2025-05-24 20:57:40,055 - utils.training - INFO - Total gradient norm: 0.0000
2025-05-24 20:57:40,732 - utils.training - INFO - Batch 950: Raw fg ratio: 0.9619, Adaptive fg ratio: 0.3916
2025-05-24 20:57:40,732 - utils.training - INFO - Batch 950: GT fg ratio: 0.0541
2025-05-24 20:57:40,732 - utils.training - WARNING - Overpredicting foreground! Ratio: 7.24x
2025-05-24 20:57:40,733 - utils.training - INFO - Total gradient norm: 0.0000
2025-05-24 20:57:41,385 - utils.training - INFO - Total gradient norm: 0.0000
2025-05-24 20:57:42,008 - utils.training - INFO - Total gradient norm: 0.0000
2025-05-24 20:57:42,653 - utils.training - INFO - Total gradient norm: 0.0000
2025-05-24 20:57:43,303 - utils.training - INFO - Total gradient norm: 0.0000
2025-05-24 20:57:44,007 - utils.training - INFO - Batch 1000: Raw fg ratio: 0.9139, Adaptive fg ratio: 0.2280
2025-05-24 20:57:44,008 - utils.training - INFO - Batch 1000: GT fg ratio: 0.1527
2025-05-24 20:57:44,008 - utils.training - INFO - Foreground ratio balanced! Pred/GT ratio: 1.49x
2025-05-24 20:57:44,008 - utils.training - INFO - Total gradient norm: 0.0000
2025-05-24 20:57:44,655 - utils.training - INFO - Total gradient norm: 0.0000
2025-05-24 20:57:45,273 - utils.training - INFO - Total gradient norm: 0.0000
2025-05-24 20:57:45,928 - utils.training - INFO - Total gradient norm: 0.0000
2025-05-24 20:57:46,593 - utils.training - INFO - Total gradient norm: 0.0000
2025-05-24 20:57:47,279 - utils.training - INFO - Batch 1050: Raw fg ratio: 0.9296, Adaptive fg ratio: 0.1620
2025-05-24 20:57:47,279 - utils.training - INFO - Batch 1050: GT fg ratio: 0.0264
2025-05-24 20:57:47,279 - utils.training - WARNING - Overpredicting foreground! Ratio: 6.13x
2025-05-24 20:57:47,280 - utils.training - INFO - Total gradient norm: 0.0000
2025-05-24 20:57:47,968 - utils.training - INFO - Total gradient norm: 0.0000
2025-05-24 20:57:48,625 - utils.training - INFO - Total gradient norm: 0.0000
2025-05-24 20:57:49,255 - utils.training - INFO - Total gradient norm: 0.0000
2025-05-24 20:57:49,886 - utils.training - INFO - Total gradient norm: 0.0000
2025-05-24 20:57:50,542 - utils.training - INFO - Batch 1100: Raw fg ratio: 0.9445, Adaptive fg ratio: 0.3769
2025-05-24 20:57:50,542 - utils.training - INFO - Batch 1100: GT fg ratio: 0.0660
2025-05-24 20:57:50,542 - utils.training - WARNING - Overpredicting foreground! Ratio: 5.71x
2025-05-24 20:57:50,543 - utils.training - INFO - Total gradient norm: 0.0000
2025-05-24 20:57:51,246 - utils.training - INFO - Total gradient norm: 0.0000
2025-05-24 20:57:51,953 - utils.training - INFO - Total gradient norm: 0.0000
2025-05-24 20:57:52,582 - utils.training - INFO - Total gradient norm: 0.0000
2025-05-24 20:57:53,202 - utils.training - INFO - Total gradient norm: 0.0000
2025-05-24 20:57:53,832 - utils.training - INFO - Batch 1150: Raw fg ratio: 0.9730, Adaptive fg ratio: 0.3856
2025-05-24 20:57:53,833 - utils.training - INFO - Batch 1150: GT fg ratio: 0.0399
2025-05-24 20:57:53,833 - utils.training - WARNING - Overpredicting foreground! Ratio: 9.66x
2025-05-24 20:57:53,833 - utils.training - INFO - Total gradient norm: 0.0000
2025-05-24 20:57:54,526 - utils.training - INFO - Total gradient norm: 0.0000
2025-05-24 20:57:55,226 - utils.training - INFO - Total gradient norm: 0.0000
2025-05-24 20:57:55,939 - utils.training - INFO - Total gradient norm: 0.0000
2025-05-24 20:57:56,670 - utils.training - INFO - Total gradient norm: 0.0000
2025-05-24 20:57:57,386 - utils.training - INFO - Batch 1200: Raw fg ratio: 0.8183, Adaptive fg ratio: 0.2220
2025-05-24 20:57:57,386 - utils.training - INFO - Batch 1200: GT fg ratio: 0.1007
2025-05-24 20:57:57,386 - utils.training - INFO - Foreground ratio balanced! Pred/GT ratio: 2.20x
2025-05-24 20:57:57,387 - utils.training - INFO - Total gradient norm: 0.0000
2025-05-24 20:57:58,120 - utils.training - INFO - Total gradient norm: 0.0000
2025-05-24 20:57:58,833 - utils.training - INFO - Total gradient norm: 0.0000
2025-05-24 20:57:59,526 - utils.training - INFO - Total gradient norm: 0.0000
2025-05-24 20:58:00,219 - utils.training - INFO - Total gradient norm: 0.0000
2025-05-24 20:58:00,930 - utils.training - INFO - Batch 1250: Raw fg ratio: 0.8464, Adaptive fg ratio: 0.1642
2025-05-24 20:58:00,930 - utils.training - INFO - Batch 1250: GT fg ratio: 0.0133
2025-05-24 20:58:00,930 - utils.training - WARNING - Overpredicting foreground! Ratio: 12.36x
2025-05-24 20:58:00,931 - utils.training - INFO - Total gradient norm: 0.0000
2025-05-24 20:58:01,660 - utils.training - INFO - Total gradient norm: 0.0000
2025-05-24 20:58:02,389 - utils.training - INFO - Total gradient norm: 0.0000
2025-05-24 20:58:03,069 - utils.training - INFO - Total gradient norm: 0.0000
2025-05-24 20:58:03,803 - utils.training - INFO - Total gradient norm: 0.0000
2025-05-24 20:58:04,503 - utils.training - INFO - Batch 1300: Raw fg ratio: 0.9023, Adaptive fg ratio: 0.1611
2025-05-24 20:58:04,503 - utils.training - INFO - Batch 1300: GT fg ratio: 0.0211
2025-05-24 20:58:04,503 - utils.training - WARNING - Overpredicting foreground! Ratio: 7.63x
2025-05-24 20:58:04,504 - utils.training - INFO - Total gradient norm: 0.0000
2025-05-24 20:58:05,209 - utils.training - INFO - Total gradient norm: 0.0000
2025-05-24 20:58:05,898 - utils.training - INFO - Total gradient norm: 0.0000
2025-05-24 20:58:06,630 - utils.training - INFO - Total gradient norm: 0.0000
2025-05-24 20:58:07,320 - utils.training - INFO - Total gradient norm: 0.0000
2025-05-24 20:58:08,003 - utils.training - INFO - Batch 1350: Raw fg ratio: 0.9564, Adaptive fg ratio: 0.3702
2025-05-24 20:58:08,004 - utils.training - INFO - Batch 1350: GT fg ratio: 0.0774
2025-05-24 20:58:08,004 - utils.training - WARNING - Overpredicting foreground! Ratio: 4.78x
2025-05-24 20:58:08,004 - utils.training - INFO - Total gradient norm: 0.0000
2025-05-24 20:58:08,729 - utils.training - INFO - Total gradient norm: 0.0000
2025-05-24 20:58:09,446 - utils.training - INFO - Total gradient norm: 0.0000
2025-05-24 20:58:10,142 - utils.training - INFO - Total gradient norm: 0.0000
2025-05-24 20:58:10,836 - utils.training - INFO - Total gradient norm: 0.0000
2025-05-24 20:58:11,519 - utils.training - INFO - Batch 1400: Raw fg ratio: 0.9360, Adaptive fg ratio: 0.2757
2025-05-24 20:58:11,520 - utils.training - INFO - Batch 1400: GT fg ratio: 0.1739
2025-05-24 20:58:11,520 - utils.training - INFO - Foreground ratio balanced! Pred/GT ratio: 1.59x
2025-05-24 20:58:11,520 - utils.training - INFO - Total gradient norm: 0.0000
2025-05-24 20:58:12,208 - utils.training - INFO - Total gradient norm: 0.0000
2025-05-24 20:58:12,886 - utils.training - INFO - Total gradient norm: 0.0000
2025-05-24 20:58:13,599 - utils.training - INFO - Total gradient norm: 0.0000
2025-05-24 20:58:14,301 - utils.training - INFO - Total gradient norm: 0.0000
2025-05-24 20:58:15,027 - utils.training - INFO - Batch 1450: Raw fg ratio: 0.9598, Adaptive fg ratio: 0.3775
2025-05-24 20:58:15,028 - utils.training - INFO - Batch 1450: GT fg ratio: 0.4536
2025-05-24 20:58:15,028 - utils.training - INFO - Foreground ratio balanced! Pred/GT ratio: 0.83x
2025-05-24 20:58:15,028 - utils.training - INFO - Total gradient norm: 0.0000
2025-05-24 20:58:15,740 - utils.training - INFO - Total gradient norm: 0.0000
2025-05-24 20:58:16,410 - utils.training - INFO - Total gradient norm: 0.0000
2025-05-24 20:58:17,177 - utils.training - INFO - Total gradient norm: 0.0000
2025-05-24 20:58:17,873 - utils.training - INFO - Total gradient norm: 0.0000
2025-05-24 20:58:18,525 - utils.training - INFO - Batch 1500: Raw fg ratio: 0.9603, Adaptive fg ratio: 0.3670
2025-05-24 20:58:18,526 - utils.training - INFO - Batch 1500: GT fg ratio: 0.0539
2025-05-24 20:58:18,526 - utils.training - WARNING - Overpredicting foreground! Ratio: 6.81x
2025-05-24 20:58:18,526 - utils.training - INFO - Total gradient norm: 0.0000
2025-05-24 20:58:19,105 - utils.training - INFO - Total gradient norm: 0.0000
2025-05-24 20:58:19,684 - utils.training - INFO - Total gradient norm: 0.0000
2025-05-24 20:58:20,252 - utils.training - INFO - Total gradient norm: 0.0000
2025-05-24 20:58:20,826 - utils.training - INFO - Total gradient norm: 0.0000
2025-05-24 20:58:21,418 - utils.training - INFO - Batch 1550: Raw fg ratio: 0.9448, Adaptive fg ratio: 0.3268
2025-05-24 20:58:21,419 - utils.training - INFO - Batch 1550: GT fg ratio: 0.0564
2025-05-24 20:58:21,419 - utils.training - WARNING - Overpredicting foreground! Ratio: 5.80x
2025-05-24 20:58:21,419 - utils.training - INFO - Total gradient norm: 0.0000
2025-05-24 20:58:22,004 - utils.training - INFO - Total gradient norm: 0.0000
2025-05-24 20:58:22,631 - utils.training - INFO - Total gradient norm: 0.0000
2025-05-24 20:58:23,242 - utils.training - INFO - Total gradient norm: 0.0000
2025-05-24 20:58:23,842 - utils.training - INFO - Total gradient norm: 0.0000
2025-05-24 20:58:24,444 - utils.training - INFO - Batch 1600: Raw fg ratio: 0.9311, Adaptive fg ratio: 0.3327
2025-05-24 20:58:24,444 - utils.training - INFO - Batch 1600: GT fg ratio: 0.0542
2025-05-24 20:58:24,445 - utils.training - WARNING - Overpredicting foreground! Ratio: 6.14x
2025-05-24 20:58:24,445 - utils.training - INFO - Total gradient norm: 0.0000
2025-05-24 20:58:25,083 - utils.training - INFO - Total gradient norm: 0.0000
2025-05-24 20:58:25,730 - utils.training - INFO - Total gradient norm: 0.0000
2025-05-24 20:58:26,350 - utils.training - INFO - Total gradient norm: 0.0000
2025-05-24 20:58:26,976 - utils.training - INFO - Total gradient norm: 0.0000
2025-05-24 20:58:27,637 - utils.training - INFO - Batch 1650: Raw fg ratio: 0.9598, Adaptive fg ratio: 0.3635
2025-05-24 20:58:27,638 - utils.training - INFO - Batch 1650: GT fg ratio: 0.0563
2025-05-24 20:58:27,638 - utils.training - WARNING - Overpredicting foreground! Ratio: 6.45x
2025-05-24 20:58:27,638 - utils.training - INFO - Total gradient norm: 0.0000
2025-05-24 20:58:28,333 - utils.training - INFO - Total gradient norm: 0.0000
2025-05-24 20:58:29,049 - utils.training - INFO - Total gradient norm: 0.0000
2025-05-24 20:58:29,719 - utils.training - INFO - Total gradient norm: 0.0000
2025-05-24 20:58:30,383 - utils.training - INFO - Total gradient norm: 0.0000
2025-05-24 20:58:31,049 - utils.training - INFO - Batch 1700: Raw fg ratio: 0.9576, Adaptive fg ratio: 0.2876
2025-05-24 20:58:31,050 - utils.training - INFO - Batch 1700: GT fg ratio: 0.4942
2025-05-24 20:58:31,050 - utils.training - INFO - Foreground ratio balanced! Pred/GT ratio: 0.58x
2025-05-24 20:58:31,050 - utils.training - INFO - Total gradient norm: 0.0000
2025-05-24 20:58:31,700 - utils.training - INFO - Total gradient norm: 0.0000
2025-05-24 20:58:32,334 - utils.training - INFO - Total gradient norm: 0.0000
2025-05-24 20:58:33,008 - utils.training - INFO - Total gradient norm: 0.0000
2025-05-24 20:58:33,652 - utils.training - INFO - Total gradient norm: 0.0000
2025-05-24 20:58:34,308 - utils.training - INFO - Batch 1750: Raw fg ratio: 0.9373, Adaptive fg ratio: 0.2622
2025-05-24 20:58:34,309 - utils.training - INFO - Batch 1750: GT fg ratio: 0.0443
2025-05-24 20:58:34,309 - utils.training - WARNING - Overpredicting foreground! Ratio: 5.92x
2025-05-24 20:58:34,309 - utils.training - INFO - Total gradient norm: 0.0000
2025-05-24 20:58:34,959 - utils.training - INFO - Total gradient norm: 0.0000
2025-05-24 20:58:35,601 - utils.training - INFO - Total gradient norm: 0.0000
2025-05-24 20:58:36,239 - utils.training - INFO - Total gradient norm: 0.0000
2025-05-24 20:58:36,901 - utils.training - INFO - Total gradient norm: 0.0000
2025-05-24 20:58:37,564 - utils.training - INFO - Batch 1800: Raw fg ratio: 0.9386, Adaptive fg ratio: 0.2876
2025-05-24 20:58:37,564 - utils.training - INFO - Batch 1800: GT fg ratio: 0.0448
2025-05-24 20:58:37,564 - utils.training - WARNING - Overpredicting foreground! Ratio: 6.42x
2025-05-24 20:58:37,565 - utils.training - INFO - Total gradient norm: 0.0000
2025-05-24 20:58:38,214 - utils.training - INFO - Total gradient norm: 0.0000
2025-05-24 20:58:38,860 - utils.training - INFO - Total gradient norm: 0.0000
2025-05-24 20:58:39,533 - utils.training - INFO - Total gradient norm: 0.0000
2025-05-24 20:58:40,206 - utils.training - INFO - Total gradient norm: 0.0000
2025-05-24 20:58:40,887 - utils.training - INFO - Batch 1850: Raw fg ratio: 0.9405, Adaptive fg ratio: 0.3080
2025-05-24 20:58:40,889 - utils.training - INFO - Batch 1850: GT fg ratio: 0.1023
2025-05-24 20:58:40,889 - utils.training - WARNING - Overpredicting foreground! Ratio: 3.01x
2025-05-24 20:58:40,889 - utils.training - INFO - Total gradient norm: 0.0000
2025-05-24 20:58:41,557 - utils.training - INFO - Total gradient norm: 0.0000
2025-05-24 20:58:42,212 - utils.training - INFO - Total gradient norm: 0.0000
2025-05-24 20:58:42,849 - utils.training - INFO - Total gradient norm: 0.0000
2025-05-24 20:58:43,492 - utils.training - INFO - Total gradient norm: 0.0000
2025-05-24 20:58:44,167 - utils.training - INFO - Batch 1900: Raw fg ratio: 0.9605, Adaptive fg ratio: 0.3464
2025-05-24 20:58:44,167 - utils.training - INFO - Batch 1900: GT fg ratio: 0.0603
2025-05-24 20:58:44,167 - utils.training - WARNING - Overpredicting foreground! Ratio: 5.75x
2025-05-24 20:58:44,168 - utils.training - INFO - Total gradient norm: 0.0000
2025-05-24 20:58:44,846 - utils.training - INFO - Total gradient norm: 0.0000
2025-05-24 20:58:45,484 - utils.training - INFO - Total gradient norm: 0.0000
2025-05-24 20:58:46,151 - utils.training - INFO - Total gradient norm: 0.0000
2025-05-24 20:58:46,834 - utils.training - INFO - Total gradient norm: 0.0000
2025-05-24 20:58:47,541 - utils.training - INFO - Batch 1950: Raw fg ratio: 0.9541, Adaptive fg ratio: 0.3764
2025-05-24 20:58:47,542 - utils.training - INFO - Batch 1950: GT fg ratio: 0.1455
2025-05-24 20:58:47,542 - utils.training - INFO - Foreground ratio balanced! Pred/GT ratio: 2.59x
2025-05-24 20:58:47,542 - utils.training - INFO - Total gradient norm: 0.0000
2025-05-24 20:58:48,176 - utils.training - INFO - Total gradient norm: 0.0000
2025-05-24 20:58:48,844 - utils.training - INFO - Total gradient norm: 0.0000
2025-05-24 20:58:49,475 - utils.training - INFO - Total gradient norm: 0.0000
2025-05-24 20:58:50,134 - utils.training - INFO - Total gradient norm: 0.0000
2025-05-24 20:58:50,810 - utils.training - INFO - Batch 2000: Raw fg ratio: 0.9447, Adaptive fg ratio: 0.3507
2025-05-24 20:58:50,810 - utils.training - INFO - Batch 2000: GT fg ratio: 0.5812
2025-05-24 20:58:50,811 - utils.training - INFO - Foreground ratio balanced! Pred/GT ratio: 0.60x
2025-05-24 20:58:50,811 - utils.training - INFO - Total gradient norm: 0.0000
2025-05-24 20:58:51,477 - utils.training - INFO - Total gradient norm: 0.0000
2025-05-24 20:58:52,163 - utils.training - INFO - Total gradient norm: 0.0000
2025-05-24 20:58:52,845 - utils.training - INFO - Total gradient norm: 0.0000
2025-05-24 20:58:53,523 - utils.training - INFO - Total gradient norm: 0.0000
2025-05-24 20:58:54,188 - utils.training - INFO - Batch 2050: Raw fg ratio: 0.9130, Adaptive fg ratio: 0.2212
2025-05-24 20:58:54,188 - utils.training - INFO - Batch 2050: GT fg ratio: 0.5147
2025-05-24 20:58:54,189 - utils.training - INFO - Foreground ratio balanced! Pred/GT ratio: 0.43x
2025-05-24 20:58:54,189 - utils.training - INFO - Total gradient norm: 0.0000
2025-05-24 20:58:54,861 - utils.training - INFO - Total gradient norm: 0.0000
2025-05-24 20:58:55,522 - utils.training - INFO - Total gradient norm: 0.0000
2025-05-24 20:58:56,205 - utils.training - INFO - Total gradient norm: 0.0000
2025-05-24 20:58:56,852 - utils.training - INFO - Total gradient norm: 0.0000
2025-05-24 20:58:57,084 - utils.training - INFO - Epoch 0 training - Loss: 2.5849
2025-05-24 20:58:57,090 - utils.training - INFO - Results saved to checkpoints/debug_binary/results
2025-05-24 20:58:57,243 - utils.training - INFO - Batch 0: Raw fg ratio: 0.9635, Adaptive fg ratio: 0.4172
2025-05-24 20:58:57,243 - utils.training - INFO - Batch 0: GT fg ratio: 0.0440
2025-05-24 20:58:57,244 - utils.training - WARNING - Overpredicting foreground! Ratio: 9.49x
2025-05-24 20:58:57,244 - utils.training - INFO - Total gradient norm: 0.0000
2025-05-24 20:58:57,946 - utils.training - INFO - Total gradient norm: 0.0000
2025-05-24 20:58:58,613 - utils.training - INFO - Total gradient norm: 0.0000
2025-05-24 20:58:59,285 - utils.training - INFO - Total gradient norm: 0.0000
2025-05-24 20:58:59,924 - utils.training - INFO - Total gradient norm: 0.0000
2025-05-24 20:59:00,577 - utils.training - INFO - Batch 50: Raw fg ratio: 0.9577, Adaptive fg ratio: 0.3246
2025-05-24 20:59:00,578 - utils.training - INFO - Batch 50: GT fg ratio: 0.1179
2025-05-24 20:59:00,578 - utils.training - INFO - Foreground ratio balanced! Pred/GT ratio: 2.75x
2025-05-24 20:59:00,578 - utils.training - INFO - Total gradient norm: 0.0000
2025-05-24 20:59:01,227 - utils.training - INFO - Total gradient norm: 0.0000
2025-05-24 20:59:01,892 - utils.training - INFO - Total gradient norm: 0.0000
2025-05-24 20:59:02,553 - utils.training - INFO - Total gradient norm: 0.0000
2025-05-24 20:59:03,217 - utils.training - INFO - Total gradient norm: 0.0000
2025-05-24 20:59:03,879 - utils.training - INFO - Batch 100: Raw fg ratio: 0.9478, Adaptive fg ratio: 0.3208
2025-05-24 20:59:03,879 - utils.training - INFO - Batch 100: GT fg ratio: 0.0631
2025-05-24 20:59:03,879 - utils.training - WARNING - Overpredicting foreground! Ratio: 5.08x
2025-05-24 20:59:03,880 - utils.training - INFO - Total gradient norm: 0.0000
2025-05-24 20:59:04,559 - utils.training - INFO - Total gradient norm: 0.0000
2025-05-24 20:59:05,239 - utils.training - INFO - Total gradient norm: 0.0000
2025-05-24 20:59:05,943 - utils.training - INFO - Total gradient norm: 0.0000
2025-05-24 20:59:06,611 - utils.training - INFO - Total gradient norm: 0.0000
2025-05-24 20:59:07,262 - utils.training - INFO - Batch 150: Raw fg ratio: 0.9638, Adaptive fg ratio: 0.3678
2025-05-24 20:59:07,263 - utils.training - INFO - Batch 150: GT fg ratio: 0.0540
2025-05-24 20:59:07,263 - utils.training - WARNING - Overpredicting foreground! Ratio: 6.81x
2025-05-24 20:59:07,264 - utils.training - INFO - Total gradient norm: 0.0000
2025-05-24 20:59:07,917 - utils.training - INFO - Total gradient norm: 0.0000
2025-05-24 20:59:08,566 - utils.training - INFO - Total gradient norm: 0.0000
2025-05-24 20:59:09,221 - utils.training - INFO - Total gradient norm: 0.0000
2025-05-24 20:59:09,907 - utils.training - INFO - Total gradient norm: 0.0000
2025-05-24 20:59:10,608 - utils.training - INFO - Batch 200: Raw fg ratio: 0.9449, Adaptive fg ratio: 0.2908
2025-05-24 20:59:10,609 - utils.training - INFO - Batch 200: GT fg ratio: 0.0710
2025-05-24 20:59:10,609 - utils.training - WARNING - Overpredicting foreground! Ratio: 4.10x
2025-05-24 20:59:10,609 - utils.training - INFO - Total gradient norm: 0.0000
2025-05-24 20:59:11,277 - utils.training - INFO - Total gradient norm: 0.0000
2025-05-24 20:59:11,942 - utils.training - INFO - Total gradient norm: 0.0000
2025-05-24 20:59:12,588 - utils.training - INFO - Total gradient norm: 0.0000
2025-05-24 20:59:13,303 - utils.training - INFO - Total gradient norm: 0.0000
2025-05-24 20:59:13,973 - utils.training - INFO - Batch 250: Raw fg ratio: 0.9214, Adaptive fg ratio: 0.1779
2025-05-24 20:59:13,974 - utils.training - INFO - Batch 250: GT fg ratio: 0.0205
2025-05-24 20:59:13,974 - utils.training - WARNING - Overpredicting foreground! Ratio: 8.69x
2025-05-24 20:59:13,974 - utils.training - INFO - Total gradient norm: 0.0000
2025-05-24 20:59:14,667 - utils.training - INFO - Total gradient norm: 0.0000
2025-05-24 20:59:15,313 - utils.training - INFO - Total gradient norm: 0.0000
2025-05-24 20:59:15,965 - utils.training - INFO - Total gradient norm: 0.0000
2025-05-24 20:59:16,627 - utils.training - INFO - Total gradient norm: 0.0000
2025-05-24 20:59:17,315 - utils.training - INFO - Batch 300: Raw fg ratio: 0.9294, Adaptive fg ratio: 0.2909
2025-05-24 20:59:17,315 - utils.training - INFO - Batch 300: GT fg ratio: 0.2854
2025-05-24 20:59:17,316 - utils.training - INFO - Foreground ratio balanced! Pred/GT ratio: 1.02x
2025-05-24 20:59:17,316 - utils.training - INFO - Total gradient norm: 0.0000
2025-05-24 20:59:18,000 - utils.training - INFO - Total gradient norm: 0.0000
2025-05-24 20:59:18,687 - utils.training - INFO - Total gradient norm: 0.0000
2025-05-24 20:59:19,379 - utils.training - INFO - Total gradient norm: 0.0000
2025-05-24 20:59:20,046 - utils.training - INFO - Total gradient norm: 0.0000
2025-05-24 20:59:20,710 - utils.training - INFO - Batch 350: Raw fg ratio: 0.9341, Adaptive fg ratio: 0.2919
2025-05-24 20:59:20,711 - utils.training - INFO - Batch 350: GT fg ratio: 0.1191
2025-05-24 20:59:20,711 - utils.training - INFO - Foreground ratio balanced! Pred/GT ratio: 2.45x
2025-05-24 20:59:20,712 - utils.training - INFO - Total gradient norm: 0.0000
2025-05-24 20:59:21,389 - utils.training - INFO - Total gradient norm: 0.0000
2025-05-24 20:59:22,083 - utils.training - INFO - Total gradient norm: 0.0000
2025-05-24 20:59:22,797 - utils.training - INFO - Total gradient norm: 0.0000
2025-05-24 20:59:23,449 - utils.training - INFO - Total gradient norm: 0.0000
2025-05-24 20:59:24,120 - utils.training - INFO - Batch 400: Raw fg ratio: 0.9564, Adaptive fg ratio: 0.2547
2025-05-24 20:59:24,121 - utils.training - INFO - Batch 400: GT fg ratio: 0.0471
2025-05-24 20:59:24,121 - utils.training - WARNING - Overpredicting foreground! Ratio: 5.41x
2025-05-24 20:59:24,121 - utils.training - INFO - Total gradient norm: 0.0000
2025-05-24 20:59:24,777 - utils.training - INFO - Total gradient norm: 0.0000
2025-05-24 20:59:25,446 - utils.training - INFO - Total gradient norm: 0.0000
2025-05-24 20:59:26,098 - utils.training - INFO - Total gradient norm: 0.0000
2025-05-24 20:59:26,738 - utils.training - INFO - Total gradient norm: 0.0000
2025-05-24 20:59:27,396 - utils.training - INFO - Batch 450: Raw fg ratio: 0.9663, Adaptive fg ratio: 0.3390
2025-05-24 20:59:27,396 - utils.training - INFO - Batch 450: GT fg ratio: 0.0073
2025-05-24 20:59:27,396 - utils.training - WARNING - Overpredicting foreground! Ratio: 46.66x
2025-05-24 20:59:27,397 - utils.training - INFO - Total gradient norm: 0.0000
2025-05-24 20:59:28,042 - utils.training - INFO - Total gradient norm: 0.0000
2025-05-24 20:59:28,706 - utils.training - INFO - Total gradient norm: 0.0000
2025-05-24 20:59:29,345 - utils.training - INFO - Total gradient norm: 0.0000
2025-05-24 20:59:30,025 - utils.training - INFO - Total gradient norm: 0.0000
2025-05-24 20:59:30,725 - utils.training - INFO - Batch 500: Raw fg ratio: 0.9645, Adaptive fg ratio: 0.3418
2025-05-24 20:59:30,726 - utils.training - INFO - Batch 500: GT fg ratio: 0.4675
2025-05-24 20:59:30,726 - utils.training - INFO - Foreground ratio balanced! Pred/GT ratio: 0.73x
2025-05-24 20:59:30,726 - utils.training - INFO - Total gradient norm: 0.0000
2025-05-24 20:59:31,387 - utils.training - INFO - Total gradient norm: 0.0000
2025-05-24 20:59:32,070 - utils.training - INFO - Total gradient norm: 0.0000
2025-05-24 20:59:32,741 - utils.training - INFO - Total gradient norm: 0.0000
2025-05-24 20:59:33,385 - utils.training - INFO - Total gradient norm: 0.0000
2025-05-24 20:59:34,026 - utils.training - INFO - Batch 550: Raw fg ratio: 0.9352, Adaptive fg ratio: 0.3293
2025-05-24 20:59:34,027 - utils.training - INFO - Batch 550: GT fg ratio: 0.0604
2025-05-24 20:59:34,027 - utils.training - WARNING - Overpredicting foreground! Ratio: 5.45x
2025-05-24 20:59:34,027 - utils.training - INFO - Total gradient norm: 0.0000
2025-05-24 20:59:34,670 - utils.training - INFO - Total gradient norm: 0.0000
2025-05-24 20:59:35,342 - utils.training - INFO - Total gradient norm: 0.0000
2025-05-24 20:59:36,003 - utils.training - INFO - Total gradient norm: 0.0000
2025-05-24 20:59:36,669 - utils.training - INFO - Total gradient norm: 0.0000
2025-05-24 20:59:37,340 - utils.training - INFO - Batch 600: Raw fg ratio: 0.9596, Adaptive fg ratio: 0.2847
2025-05-24 20:59:37,341 - utils.training - INFO - Batch 600: GT fg ratio: 0.6059
2025-05-24 20:59:37,341 - utils.training - INFO - Foreground ratio balanced! Pred/GT ratio: 0.47x
2025-05-24 20:59:37,342 - utils.training - INFO - Total gradient norm: 0.0000
2025-05-24 20:59:37,993 - utils.training - INFO - Total gradient norm: 0.0000
2025-05-24 20:59:38,645 - utils.training - INFO - Total gradient norm: 0.0000
2025-05-24 20:59:39,310 - utils.training - INFO - Total gradient norm: 0.0000
2025-05-24 20:59:39,973 - utils.training - INFO - Total gradient norm: 0.0000
2025-05-24 20:59:40,658 - utils.training - INFO - Batch 650: Raw fg ratio: 0.7113, Adaptive fg ratio: 0.1624
2025-05-24 20:59:40,660 - utils.training - INFO - Batch 650: GT fg ratio: 0.0813
2025-05-24 20:59:40,660 - utils.training - INFO - Foreground ratio balanced! Pred/GT ratio: 2.00x
2025-05-24 20:59:40,660 - utils.training - INFO - Total gradient norm: 0.0000
2025-05-24 20:59:41,321 - utils.training - INFO - Total gradient norm: 0.0000
2025-05-24 20:59:41,992 - utils.training - INFO - Total gradient norm: 0.0000
2025-05-24 20:59:42,668 - utils.training - INFO - Total gradient norm: 0.0000
2025-05-24 20:59:43,327 - utils.training - INFO - Total gradient norm: 0.0000
2025-05-24 20:59:44,001 - utils.training - INFO - Batch 700: Raw fg ratio: 0.8550, Adaptive fg ratio: 0.1633
2025-05-24 20:59:44,002 - utils.training - INFO - Batch 700: GT fg ratio: 0.0313
2025-05-24 20:59:44,002 - utils.training - WARNING - Overpredicting foreground! Ratio: 5.21x
2025-05-24 20:59:44,002 - utils.training - INFO - Total gradient norm: 0.0000
2025-05-24 20:59:44,703 - utils.training - INFO - Total gradient norm: 0.0000
2025-05-24 20:59:45,360 - utils.training - INFO - Total gradient norm: 0.0000
2025-05-24 20:59:45,990 - utils.training - INFO - Total gradient norm: 0.0000
2025-05-24 20:59:46,647 - utils.training - INFO - Total gradient norm: 0.0000
2025-05-24 20:59:47,282 - utils.training - INFO - Batch 750: Raw fg ratio: 0.8076, Adaptive fg ratio: 0.1354
2025-05-24 20:59:47,283 - utils.training - INFO - Batch 750: GT fg ratio: 0.0207
2025-05-24 20:59:47,283 - utils.training - WARNING - Overpredicting foreground! Ratio: 6.54x
2025-05-24 20:59:47,283 - utils.training - INFO - Total gradient norm: 0.0000
2025-05-24 20:59:47,919 - utils.training - INFO - Total gradient norm: 0.0000
2025-05-24 20:59:48,570 - utils.training - INFO - Total gradient norm: 0.0000
2025-05-24 20:59:49,227 - utils.training - INFO - Total gradient norm: 0.0000
2025-05-24 20:59:49,895 - utils.training - INFO - Total gradient norm: 0.0000
2025-05-24 20:59:50,570 - utils.training - INFO - Batch 800: Raw fg ratio: 0.9601, Adaptive fg ratio: 0.3605
2025-05-24 20:59:50,570 - utils.training - INFO - Batch 800: GT fg ratio: 0.1576
2025-05-24 20:59:50,571 - utils.training - INFO - Foreground ratio balanced! Pred/GT ratio: 2.29x
2025-05-24 20:59:50,571 - utils.training - INFO - Total gradient norm: 0.0000
2025-05-24 20:59:51,230 - utils.training - INFO - Total gradient norm: 0.0000
2025-05-24 20:59:51,894 - utils.training - INFO - Total gradient norm: 0.0000
2025-05-24 20:59:52,537 - utils.training - INFO - Total gradient norm: 0.0000
2025-05-24 20:59:53,194 - utils.training - INFO - Total gradient norm: 0.0000
2025-05-24 20:59:53,850 - utils.training - INFO - Batch 850: Raw fg ratio: 0.9411, Adaptive fg ratio: 0.2708
2025-05-24 20:59:53,850 - utils.training - INFO - Batch 850: GT fg ratio: 0.1601
2025-05-24 20:59:53,851 - utils.training - INFO - Foreground ratio balanced! Pred/GT ratio: 1.69x
2025-05-24 20:59:53,851 - utils.training - INFO - Total gradient norm: 0.0000
2025-05-24 20:59:54,510 - utils.training - INFO - Total gradient norm: 0.0000
2025-05-24 20:59:55,169 - utils.training - INFO - Total gradient norm: 0.0000
2025-05-24 20:59:55,859 - utils.training - INFO - Total gradient norm: 0.0000
2025-05-24 20:59:56,543 - utils.training - INFO - Total gradient norm: 0.0000
2025-05-24 20:59:57,208 - utils.training - INFO - Batch 900: Raw fg ratio: 0.9050, Adaptive fg ratio: 0.2140
2025-05-24 20:59:57,209 - utils.training - INFO - Batch 900: GT fg ratio: 0.0530
2025-05-24 20:59:57,209 - utils.training - WARNING - Overpredicting foreground! Ratio: 4.04x
2025-05-24 20:59:57,210 - utils.training - INFO - Total gradient norm: 0.0000
2025-05-24 20:59:57,874 - utils.training - INFO - Total gradient norm: 0.0000
2025-05-24 20:59:58,578 - utils.training - INFO - Total gradient norm: 0.0000
2025-05-24 20:59:59,247 - utils.training - INFO - Total gradient norm: 0.0000
2025-05-24 20:59:59,959 - utils.training - INFO - Total gradient norm: 0.0000
2025-05-24 21:00:00,738 - utils.training - INFO - Batch 950: Raw fg ratio: 0.9748, Adaptive fg ratio: 0.4031
2025-05-24 21:00:00,739 - utils.training - INFO - Batch 950: GT fg ratio: 0.2014
2025-05-24 21:00:00,739 - utils.training - INFO - Foreground ratio balanced! Pred/GT ratio: 2.00x
2025-05-24 21:00:00,740 - utils.training - INFO - Total gradient norm: 0.0000
2025-05-24 21:00:01,350 - utils.training - INFO - Total gradient norm: 0.0000
2025-05-24 21:00:01,914 - utils.training - INFO - Total gradient norm: 0.0000
2025-05-24 21:00:02,515 - utils.training - INFO - Total gradient norm: 0.0000
2025-05-24 21:00:03,078 - utils.training - INFO - Total gradient norm: 0.0000
2025-05-24 21:00:03,651 - utils.training - INFO - Batch 1000: Raw fg ratio: 0.9531, Adaptive fg ratio: 0.3541
2025-05-24 21:00:03,651 - utils.training - INFO - Batch 1000: GT fg ratio: 0.1813
2025-05-24 21:00:03,652 - utils.training - INFO - Foreground ratio balanced! Pred/GT ratio: 1.95x
2025-05-24 21:00:03,652 - utils.training - INFO - Total gradient norm: 0.0000
2025-05-24 21:00:04,227 - utils.training - INFO - Total gradient norm: 0.0000
2025-05-24 21:00:04,819 - utils.training - INFO - Total gradient norm: 0.0000
2025-05-24 21:00:05,443 - utils.training - INFO - Total gradient norm: 0.0000
2025-05-24 21:00:06,072 - utils.training - INFO - Total gradient norm: 0.0000
2025-05-24 21:00:06,751 - utils.training - INFO - Batch 1050: Raw fg ratio: 0.9552, Adaptive fg ratio: 0.2688
2025-05-24 21:00:06,751 - utils.training - INFO - Batch 1050: GT fg ratio: 0.0401
2025-05-24 21:00:06,752 - utils.training - WARNING - Overpredicting foreground! Ratio: 6.71x
2025-05-24 21:00:06,752 - utils.training - INFO - Total gradient norm: 0.0000
2025-05-24 21:00:07,389 - utils.training - INFO - Total gradient norm: 0.0000
2025-05-24 21:00:08,044 - utils.training - INFO - Total gradient norm: 0.0000
2025-05-24 21:00:08,686 - utils.training - INFO - Total gradient norm: 0.0000
2025-05-24 21:00:09,367 - utils.training - INFO - Total gradient norm: 0.0000
2025-05-24 21:00:10,062 - utils.training - INFO - Batch 1100: Raw fg ratio: 0.9554, Adaptive fg ratio: 0.2783
2025-05-24 21:00:10,063 - utils.training - INFO - Batch 1100: GT fg ratio: 0.0680
2025-05-24 21:00:10,063 - utils.training - WARNING - Overpredicting foreground! Ratio: 4.09x
2025-05-24 21:00:10,063 - utils.training - INFO - Total gradient norm: 0.0000
2025-05-24 21:00:10,718 - utils.training - INFO - Total gradient norm: 0.0000
2025-05-24 21:00:11,414 - utils.training - INFO - Total gradient norm: 0.0000
2025-05-24 21:00:12,070 - utils.training - INFO - Total gradient norm: 0.0000
2025-05-24 21:00:12,739 - utils.training - INFO - Total gradient norm: 0.0000
2025-05-24 21:00:13,402 - utils.training - INFO - Batch 1150: Raw fg ratio: 0.9331, Adaptive fg ratio: 0.2179
2025-05-24 21:00:13,403 - utils.training - INFO - Batch 1150: GT fg ratio: 0.4738
2025-05-24 21:00:13,403 - utils.training - INFO - Foreground ratio balanced! Pred/GT ratio: 0.46x
2025-05-24 21:00:13,404 - utils.training - INFO - Total gradient norm: 0.0000
2025-05-24 21:00:14,080 - utils.training - INFO - Total gradient norm: 0.0000
2025-05-24 21:00:14,746 - utils.training - INFO - Total gradient norm: 0.0000
2025-05-24 21:00:15,382 - utils.training - INFO - Total gradient norm: 0.0000
2025-05-24 21:00:16,068 - utils.training - INFO - Total gradient norm: 0.0000
2025-05-24 21:00:16,748 - utils.training - INFO - Batch 1200: Raw fg ratio: 0.9511, Adaptive fg ratio: 0.3521
2025-05-24 21:00:16,749 - utils.training - INFO - Batch 1200: GT fg ratio: 0.0258
2025-05-24 21:00:16,749 - utils.training - WARNING - Overpredicting foreground! Ratio: 13.64x
2025-05-24 21:00:16,749 - utils.training - INFO - Total gradient norm: 0.0000
2025-05-24 21:00:17,398 - utils.training - INFO - Total gradient norm: 0.0000
2025-05-24 21:00:18,061 - utils.training - INFO - Total gradient norm: 0.0000
2025-05-24 21:00:18,716 - utils.training - INFO - Total gradient norm: 0.0000
2025-05-24 21:00:19,362 - utils.training - INFO - Total gradient norm: 0.0000
2025-05-24 21:00:20,032 - utils.training - INFO - Batch 1250: Raw fg ratio: 0.8887, Adaptive fg ratio: 0.2381
2025-05-24 21:00:20,032 - utils.training - INFO - Batch 1250: GT fg ratio: 0.0534
2025-05-24 21:00:20,032 - utils.training - WARNING - Overpredicting foreground! Ratio: 4.46x
2025-05-24 21:00:20,033 - utils.training - INFO - Total gradient norm: 0.0000
2025-05-24 21:00:20,721 - utils.training - INFO - Total gradient norm: 0.0000
2025-05-24 21:00:21,392 - utils.training - INFO - Total gradient norm: 0.0000
2025-05-24 21:00:22,055 - utils.training - INFO - Total gradient norm: 0.0000
2025-05-24 21:00:22,707 - utils.training - INFO - Total gradient norm: 0.0000
2025-05-24 21:00:23,387 - utils.training - INFO - Batch 1300: Raw fg ratio: 0.9523, Adaptive fg ratio: 0.2416
2025-05-24 21:00:23,388 - utils.training - INFO - Batch 1300: GT fg ratio: 0.1435
2025-05-24 21:00:23,388 - utils.training - INFO - Foreground ratio balanced! Pred/GT ratio: 1.68x
2025-05-24 21:00:23,388 - utils.training - INFO - Total gradient norm: 0.0000
2025-05-24 21:00:24,081 - utils.training - INFO - Total gradient norm: 0.0000
2025-05-24 21:00:24,735 - utils.training - INFO - Total gradient norm: 0.0000
2025-05-24 21:00:25,379 - utils.training - INFO - Total gradient norm: 0.0000
2025-05-24 21:00:26,058 - utils.training - INFO - Total gradient norm: 0.0000
2025-05-24 21:00:26,739 - utils.training - INFO - Batch 1350: Raw fg ratio: 0.9205, Adaptive fg ratio: 0.1984
2025-05-24 21:00:26,740 - utils.training - INFO - Batch 1350: GT fg ratio: 0.1216
2025-05-24 21:00:26,740 - utils.training - INFO - Foreground ratio balanced! Pred/GT ratio: 1.63x
2025-05-24 21:00:26,740 - utils.training - INFO - Total gradient norm: 0.0000
2025-05-24 21:00:27,420 - utils.training - INFO - Total gradient norm: 0.0000
2025-05-24 21:00:28,093 - utils.training - INFO - Total gradient norm: 0.0000
2025-05-24 21:00:28,752 - utils.training - INFO - Total gradient norm: 0.0000
2025-05-24 21:00:29,433 - utils.training - INFO - Total gradient norm: 0.0000
2025-05-24 21:00:30,098 - utils.training - INFO - Batch 1400: Raw fg ratio: 0.9075, Adaptive fg ratio: 0.2808
2025-05-24 21:00:30,099 - utils.training - INFO - Batch 1400: GT fg ratio: 0.0009
2025-05-24 21:00:30,099 - utils.training - WARNING - GT has no foreground, but model predicts 0.281
2025-05-24 21:00:30,099 - utils.training - INFO - Total gradient norm: 0.0000
2025-05-24 21:00:30,749 - utils.training - INFO - Total gradient norm: 0.0000
2025-05-24 21:00:31,425 - utils.training - INFO - Total gradient norm: 0.0000
2025-05-24 21:00:32,098 - utils.training - INFO - Total gradient norm: 0.0000
2025-05-24 21:00:32,752 - utils.training - INFO - Total gradient norm: 0.0000
2025-05-24 21:00:33,397 - utils.training - INFO - Batch 1450: Raw fg ratio: 0.9164, Adaptive fg ratio: 0.2235
2025-05-24 21:00:33,397 - utils.training - INFO - Batch 1450: GT fg ratio: 0.1153
2025-05-24 21:00:33,398 - utils.training - INFO - Foreground ratio balanced! Pred/GT ratio: 1.94x
2025-05-24 21:00:33,398 - utils.training - INFO - Total gradient norm: 0.0000
2025-05-24 21:00:34,057 - utils.training - INFO - Total gradient norm: 0.0000
2025-05-24 21:00:34,721 - utils.training - INFO - Total gradient norm: 0.0000
2025-05-24 21:00:35,384 - utils.training - INFO - Total gradient norm: 0.0000
2025-05-24 21:00:36,016 - utils.training - INFO - Total gradient norm: 0.0000
2025-05-24 21:00:36,656 - utils.training - INFO - Batch 1500: Raw fg ratio: 0.9470, Adaptive fg ratio: 0.2946
2025-05-24 21:00:36,657 - utils.training - INFO - Batch 1500: GT fg ratio: 0.2228
2025-05-24 21:00:36,657 - utils.training - INFO - Foreground ratio balanced! Pred/GT ratio: 1.32x
2025-05-24 21:00:36,657 - utils.training - INFO - Total gradient norm: 0.0000
2025-05-24 21:00:37,310 - utils.training - INFO - Total gradient norm: 0.0000
2025-05-24 21:00:37,969 - utils.training - INFO - Total gradient norm: 0.0000
2025-05-24 21:00:38,636 - utils.training - INFO - Total gradient norm: 0.0000
2025-05-24 21:00:39,305 - utils.training - INFO - Total gradient norm: 0.0000
2025-05-24 21:00:39,971 - utils.training - INFO - Batch 1550: Raw fg ratio: 0.9423, Adaptive fg ratio: 0.2891
2025-05-24 21:00:39,972 - utils.training - INFO - Batch 1550: GT fg ratio: 0.7214
2025-05-24 21:00:39,972 - utils.training - INFO - Foreground ratio balanced! Pred/GT ratio: 0.40x
2025-05-24 21:00:39,972 - utils.training - INFO - Total gradient norm: 0.0000
2025-05-24 21:00:40,638 - utils.training - INFO - Total gradient norm: 0.0000
2025-05-24 21:00:41,293 - utils.training - INFO - Total gradient norm: 0.0000
2025-05-24 21:00:41,950 - utils.training - INFO - Total gradient norm: 0.0000
2025-05-24 21:00:42,596 - utils.training - INFO - Total gradient norm: 0.0000
2025-05-24 21:00:43,264 - utils.training - INFO - Batch 1600: Raw fg ratio: 0.8885, Adaptive fg ratio: 0.1412
2025-05-24 21:00:43,265 - utils.training - INFO - Batch 1600: GT fg ratio: 0.0202
2025-05-24 21:00:43,265 - utils.training - WARNING - Overpredicting foreground! Ratio: 7.01x
2025-05-24 21:00:43,266 - utils.training - INFO - Total gradient norm: 0.0000
2025-05-24 21:00:43,949 - utils.training - INFO - Total gradient norm: 0.0000
2025-05-24 21:00:44,625 - utils.training - INFO - Total gradient norm: 0.0000
2025-05-24 21:00:45,278 - utils.training - INFO - Total gradient norm: 0.0000
2025-05-24 21:00:45,947 - utils.training - INFO - Total gradient norm: 0.0000
2025-05-24 21:00:46,625 - utils.training - INFO - Batch 1650: Raw fg ratio: 0.9479, Adaptive fg ratio: 0.2196
2025-05-24 21:00:46,626 - utils.training - INFO - Batch 1650: GT fg ratio: 0.0663
2025-05-24 21:00:46,626 - utils.training - WARNING - Overpredicting foreground! Ratio: 3.31x
2025-05-24 21:00:46,626 - utils.training - INFO - Total gradient norm: 0.0000
2025-05-24 21:00:47,300 - utils.training - INFO - Total gradient norm: 0.0000
2025-05-24 21:00:47,974 - utils.training - INFO - Total gradient norm: 0.0000
2025-05-24 21:00:48,639 - utils.training - INFO - Total gradient norm: 0.0000
2025-05-24 21:00:49,303 - utils.training - INFO - Total gradient norm: 0.0000
2025-05-24 21:00:49,963 - utils.training - INFO - Batch 1700: Raw fg ratio: 0.8861, Adaptive fg ratio: 0.1819
2025-05-24 21:00:49,964 - utils.training - INFO - Batch 1700: GT fg ratio: 0.0567
2025-05-24 21:00:49,964 - utils.training - WARNING - Overpredicting foreground! Ratio: 3.21x
2025-05-24 21:00:49,964 - utils.training - INFO - Total gradient norm: 0.0000
2025-05-24 21:00:50,623 - utils.training - INFO - Total gradient norm: 0.0000
2025-05-24 21:00:51,278 - utils.training - INFO - Total gradient norm: 0.0000
2025-05-24 21:00:51,951 - utils.training - INFO - Total gradient norm: 0.0000
2025-05-24 21:00:52,590 - utils.training - INFO - Total gradient norm: 0.0000
2025-05-24 21:00:53,243 - utils.training - INFO - Batch 1750: Raw fg ratio: 0.9084, Adaptive fg ratio: 0.2186
2025-05-24 21:00:53,243 - utils.training - INFO - Batch 1750: GT fg ratio: 0.3256
2025-05-24 21:00:53,243 - utils.training - INFO - Foreground ratio balanced! Pred/GT ratio: 0.67x
2025-05-24 21:00:53,244 - utils.training - INFO - Total gradient norm: 0.0000
2025-05-24 21:00:53,922 - utils.training - INFO - Total gradient norm: 0.0000
2025-05-24 21:00:54,641 - utils.training - INFO - Total gradient norm: 0.0000
2025-05-24 21:00:55,321 - utils.training - INFO - Total gradient norm: 0.0000
2025-05-24 21:00:55,987 - utils.training - INFO - Total gradient norm: 0.0000
2025-05-24 21:00:56,649 - utils.training - INFO - Batch 1800: Raw fg ratio: 0.9642, Adaptive fg ratio: 0.3504
2025-05-24 21:00:56,650 - utils.training - INFO - Batch 1800: GT fg ratio: 0.1576
2025-05-24 21:00:56,650 - utils.training - INFO - Foreground ratio balanced! Pred/GT ratio: 2.22x
2025-05-24 21:00:56,650 - utils.training - INFO - Total gradient norm: 0.0000
2025-05-24 21:00:57,317 - utils.training - INFO - Total gradient norm: 0.0000
2025-05-24 21:00:57,955 - utils.training - INFO - Total gradient norm: 0.0000
2025-05-24 21:00:58,646 - utils.training - INFO - Total gradient norm: 0.0000
2025-05-24 21:00:59,297 - utils.training - INFO - Total gradient norm: 0.0000
2025-05-24 21:00:59,969 - utils.training - INFO - Batch 1850: Raw fg ratio: 0.9486, Adaptive fg ratio: 0.3332
2025-05-24 21:00:59,970 - utils.training - INFO - Batch 1850: GT fg ratio: 0.0222
2025-05-24 21:00:59,970 - utils.training - WARNING - Overpredicting foreground! Ratio: 15.00x
2025-05-24 21:00:59,970 - utils.training - INFO - Total gradient norm: 0.0000
2025-05-24 21:01:00,635 - utils.training - INFO - Total gradient norm: 0.0000
2025-05-24 21:01:01,299 - utils.training - INFO - Total gradient norm: 0.0000
2025-05-24 21:01:01,976 - utils.training - INFO - Total gradient norm: 0.0000
2025-05-24 21:01:02,633 - utils.training - INFO - Total gradient norm: 0.0000
2025-05-24 21:01:03,294 - utils.training - INFO - Batch 1900: Raw fg ratio: 0.8889, Adaptive fg ratio: 0.2168
2025-05-24 21:01:03,294 - utils.training - INFO - Batch 1900: GT fg ratio: 0.0059
2025-05-24 21:01:03,295 - utils.training - WARNING - Overpredicting foreground! Ratio: 36.51x
2025-05-24 21:01:03,295 - utils.training - INFO - Total gradient norm: 0.0000
2025-05-24 21:01:03,953 - utils.training - INFO - Total gradient norm: 0.0000
2025-05-24 21:01:04,581 - utils.training - INFO - Total gradient norm: 0.0000
2025-05-24 21:01:05,264 - utils.training - INFO - Total gradient norm: 0.0000
2025-05-24 21:01:05,937 - utils.training - INFO - Total gradient norm: 0.0000
2025-05-24 21:01:06,617 - utils.training - INFO - Batch 1950: Raw fg ratio: 0.9264, Adaptive fg ratio: 0.2794
2025-05-24 21:01:06,618 - utils.training - INFO - Batch 1950: GT fg ratio: 0.0670
2025-05-24 21:01:06,619 - utils.training - WARNING - Overpredicting foreground! Ratio: 4.17x
2025-05-24 21:01:06,619 - utils.training - INFO - Total gradient norm: 0.0000
2025-05-24 21:01:07,316 - utils.training - INFO - Total gradient norm: 0.0000
2025-05-24 21:01:07,982 - utils.training - INFO - Total gradient norm: 0.0000
2025-05-24 21:01:08,646 - utils.training - INFO - Total gradient norm: 0.0000
2025-05-24 21:01:09,292 - utils.training - INFO - Total gradient norm: 0.0000
2025-05-24 21:01:09,946 - utils.training - INFO - Batch 2000: Raw fg ratio: 0.8823, Adaptive fg ratio: 0.1692
2025-05-24 21:01:09,946 - utils.training - INFO - Batch 2000: GT fg ratio: 0.6676
2025-05-24 21:01:09,947 - utils.training - WARNING - Underpredicting foreground! Ratio: 0.25x
2025-05-24 21:01:09,947 - utils.training - INFO - Total gradient norm: 0.0000
2025-05-24 21:01:10,593 - utils.training - INFO - Total gradient norm: 0.0000
2025-05-24 21:01:11,264 - utils.training - INFO - Total gradient norm: 0.0000
2025-05-24 21:01:11,922 - utils.training - INFO - Total gradient norm: 0.0000
2025-05-24 21:01:12,578 - utils.training - INFO - Total gradient norm: 0.0000
2025-05-24 21:01:13,246 - utils.training - INFO - Batch 2050: Raw fg ratio: 0.9214, Adaptive fg ratio: 0.2133
2025-05-24 21:01:13,246 - utils.training - INFO - Batch 2050: GT fg ratio: 0.3658
2025-05-24 21:01:13,246 - utils.training - INFO - Foreground ratio balanced! Pred/GT ratio: 0.58x
2025-05-24 21:01:13,247 - utils.training - INFO - Total gradient norm: 0.0000
2025-05-24 21:01:13,892 - utils.training - INFO - Total gradient norm: 0.0000
2025-05-24 21:01:14,564 - utils.training - INFO - Total gradient norm: 0.0000
2025-05-24 21:01:15,229 - utils.training - INFO - Total gradient norm: 0.0000
2025-05-24 21:01:15,880 - utils.training - INFO - Total gradient norm: 0.0000
2025-05-24 21:01:16,096 - utils.training - INFO - Epoch 1 training - Loss: 2.4700
2025-05-24 21:01:16,223 - utils.training - INFO - ============================================================
2025-05-24 21:01:16,223 - utils.training - INFO - VALIDATION DEBUG - ADAPTIVE THRESHOLDING
2025-05-24 21:01:16,223 - utils.training - INFO - ============================================================
2025-05-24 21:01:16,225 - utils.training - INFO - 🎯 OVERALL BATCH STATS:
2025-05-24 21:01:16,225 - utils.training - INFO -    Raw FG ratio: 0.9593
2025-05-24 21:01:16,226 - utils.training - INFO -    Adaptive FG ratio: 0.2594
2025-05-24 21:01:16,226 - utils.training - INFO -    GT FG ratio: 0.1682
2025-05-24 21:01:16,226 - utils.training - INFO -    Raw error: 4.70x GT
2025-05-24 21:01:16,226 - utils.training - INFO -    Adaptive error: 0.54x GT
2025-05-24 21:01:16,226 - utils.training - INFO -    ✅ Adaptive thresholding is helping!
2025-05-24 21:01:16,227 - utils.training - INFO - 📋 FRAME-BY-FRAME BREAKDOWN:
2025-05-24 21:01:16,227 - utils.training - INFO -    Frame 0: Raw=0.9376, Adaptive=0.1200, GT=0.1692
2025-05-24 21:01:16,228 - utils.training - INFO -              ✅ Frame 0: Adaptive closer to GT
2025-05-24 21:01:16,228 - utils.training - INFO -    Frame 1: Raw=0.9811, Adaptive=0.3988, GT=0.1672
2025-05-24 21:01:16,228 - utils.training - INFO -              ✅ Frame 1: Adaptive closer to GT
2025-05-24 21:01:16,229 - utils.training - INFO - 📐 SHAPE CHECK:
2025-05-24 21:01:16,229 - utils.training - INFO -    Pred masks shape: torch.Size([1, 2, 1, 120, 160])
2025-05-24 21:01:16,229 - utils.training - INFO -    Adaptive masks shape: torch.Size([1, 2, 1, 120, 160])
2025-05-24 21:01:16,229 - utils.training - INFO -    GT masks shape: torch.Size([1, 2, 120, 160])
2025-05-24 21:01:16,230 - utils.training - INFO - ============================================================
2025-05-24 21:01:16,360 - matplotlib.image - WARNING - Clipping input data to the valid range for imshow with RGB data ([0..1] for floats or [0..255] for integers). Got range [-2.0494049..2.64].
2025-05-24 21:01:16,361 - matplotlib.image - WARNING - Clipping input data to the valid range for imshow with RGB data ([0..1] for floats or [0..255] for integers). Got range [-2.0151556..109.056].
2025-05-24 21:01:16,364 - matplotlib.image - WARNING - Clipping input data to the valid range for imshow with RGB data ([0..1] for floats or [0..255] for integers). Got range [-2.0494049..140.19325].
2025-05-24 21:01:16,520 - matplotlib.image - WARNING - Clipping input data to the valid range for imshow with RGB data ([0..1] for floats or [0..255] for integers). Got range [-2.0322802..2.64].
2025-05-24 21:01:16,522 - matplotlib.image - WARNING - Clipping input data to the valid range for imshow with RGB data ([0..1] for floats or [0..255] for integers). Got range [-2.0151556..109.056].
2025-05-24 21:01:16,523 - matplotlib.image - WARNING - Clipping input data to the valid range for imshow with RGB data ([0..1] for floats or [0..255] for integers). Got range [-2.0322802..140.13748].
2025-05-24 21:01:16,880 - matplotlib.image - WARNING - Clipping input data to the valid range for imshow with RGB data ([0..1] for floats or [0..255] for integers). Got range [-2.0151556..2.64].
2025-05-24 21:01:16,881 - matplotlib.image - WARNING - Clipping input data to the valid range for imshow with RGB data ([0..1] for floats or [0..255] for integers). Got range [-2.0151556..109.056].
2025-05-24 21:01:16,884 - matplotlib.image - WARNING - Clipping input data to the valid range for imshow with RGB data ([0..1] for floats or [0..255] for integers). Got range [-2.0151556..140.23509].
2025-05-24 21:01:17,018 - matplotlib.image - WARNING - Clipping input data to the valid range for imshow with RGB data ([0..1] for floats or [0..255] for integers). Got range [-2.0151556..2.64].
2025-05-24 21:01:17,020 - matplotlib.image - WARNING - Clipping input data to the valid range for imshow with RGB data ([0..1] for floats or [0..255] for integers). Got range [-2.0151556..109.056].
2025-05-24 21:01:17,021 - matplotlib.image - WARNING - Clipping input data to the valid range for imshow with RGB data ([0..1] for floats or [0..255] for integers). Got range [-2.0151556..140.18628].
2025-05-24 21:01:17,368 - matplotlib.image - WARNING - Clipping input data to the valid range for imshow with RGB data ([0..1] for floats or [0..255] for integers). Got range [-2.0151556..2.64].
2025-05-24 21:01:17,369 - matplotlib.image - WARNING - Clipping input data to the valid range for imshow with RGB data ([0..1] for floats or [0..255] for integers). Got range [-2.0151556..109.056].
2025-05-24 21:01:17,371 - matplotlib.image - WARNING - Clipping input data to the valid range for imshow with RGB data ([0..1] for floats or [0..255] for integers). Got range [-2.0151556..140.1793].
2025-05-24 21:01:17,496 - matplotlib.image - WARNING - Clipping input data to the valid range for imshow with RGB data ([0..1] for floats or [0..255] for integers). Got range [-2.0494049..2.64].
2025-05-24 21:01:17,497 - matplotlib.image - WARNING - Clipping input data to the valid range for imshow with RGB data ([0..1] for floats or [0..255] for integers). Got range [-2.0151556..109.056].
2025-05-24 21:01:17,499 - matplotlib.image - WARNING - Clipping input data to the valid range for imshow with RGB data ([0..1] for floats or [0..255] for integers). Got range [-2.0494049..140.22115].
2025-05-24 21:01:17,871 - matplotlib.image - WARNING - Clipping input data to the valid range for imshow with RGB data ([0..1] for floats or [0..255] for integers). Got range [-2.0322802..2.64].
2025-05-24 21:01:17,872 - matplotlib.image - WARNING - Clipping input data to the valid range for imshow with RGB data ([0..1] for floats or [0..255] for integers). Got range [-2.0151556..109.056].
2025-05-24 21:01:17,874 - matplotlib.image - WARNING - Clipping input data to the valid range for imshow with RGB data ([0..1] for floats or [0..255] for integers). Got range [-2.0322802..140.13051].
2025-05-24 21:01:17,998 - matplotlib.image - WARNING - Clipping input data to the valid range for imshow with RGB data ([0..1] for floats or [0..255] for integers). Got range [-2.0151556..2.64].
2025-05-24 21:01:18,000 - matplotlib.image - WARNING - Clipping input data to the valid range for imshow with RGB data ([0..1] for floats or [0..255] for integers). Got range [-2.0151556..109.056].
2025-05-24 21:01:18,001 - matplotlib.image - WARNING - Clipping input data to the valid range for imshow with RGB data ([0..1] for floats or [0..255] for integers). Got range [-2.0151556..140.13748].
2025-05-24 21:01:18,392 - matplotlib.image - WARNING - Clipping input data to the valid range for imshow with RGB data ([0..1] for floats or [0..255] for integers). Got range [-2.0322802..2.64].
2025-05-24 21:01:18,393 - matplotlib.image - WARNING - Clipping input data to the valid range for imshow with RGB data ([0..1] for floats or [0..255] for integers). Got range [-2.0151556..109.056].
2025-05-24 21:01:18,395 - matplotlib.image - WARNING - Clipping input data to the valid range for imshow with RGB data ([0..1] for floats or [0..255] for integers). Got range [-2.0322802..140.14445].
2025-05-24 21:01:18,524 - matplotlib.image - WARNING - Clipping input data to the valid range for imshow with RGB data ([0..1] for floats or [0..255] for integers). Got range [-2.0151556..2.64].
2025-05-24 21:01:18,525 - matplotlib.image - WARNING - Clipping input data to the valid range for imshow with RGB data ([0..1] for floats or [0..255] for integers). Got range [-1.9980307..109.056].
2025-05-24 21:01:18,527 - matplotlib.image - WARNING - Clipping input data to the valid range for imshow with RGB data ([0..1] for floats or [0..255] for integers). Got range [-2.0151556..140.13051].
2025-05-24 21:01:19,137 - matplotlib.image - WARNING - Clipping input data to the valid range for imshow with RGB data ([0..1] for floats or [0..255] for integers). Got range [-2.0322802..2.64].
2025-05-24 21:01:19,138 - matplotlib.image - WARNING - Clipping input data to the valid range for imshow with RGB data ([0..1] for floats or [0..255] for integers). Got range [-2.0151556..109.056].
2025-05-24 21:01:19,140 - matplotlib.image - WARNING - Clipping input data to the valid range for imshow with RGB data ([0..1] for floats or [0..255] for integers). Got range [-2.0322802..140.21417].
2025-05-24 21:01:19,272 - matplotlib.image - WARNING - Clipping input data to the valid range for imshow with RGB data ([0..1] for floats or [0..255] for integers). Got range [-2.0322802..2.64].
2025-05-24 21:01:19,273 - matplotlib.image - WARNING - Clipping input data to the valid range for imshow with RGB data ([0..1] for floats or [0..255] for integers). Got range [-1.9980307..109.056].
2025-05-24 21:01:19,275 - matplotlib.image - WARNING - Clipping input data to the valid range for imshow with RGB data ([0..1] for floats or [0..255] for integers). Got range [-2.0322802..140.17233].
2025-05-24 21:01:19,670 - matplotlib.image - WARNING - Clipping input data to the valid range for imshow with RGB data ([0..1] for floats or [0..255] for integers). Got range [-2.0151556..2.64].
2025-05-24 21:01:19,671 - matplotlib.image - WARNING - Clipping input data to the valid range for imshow with RGB data ([0..1] for floats or [0..255] for integers). Got range [-2.0151556..109.056].
2025-05-24 21:01:19,672 - matplotlib.image - WARNING - Clipping input data to the valid range for imshow with RGB data ([0..1] for floats or [0..255] for integers). Got range [-2.0151556..140.19325].
2025-05-24 21:01:19,794 - matplotlib.image - WARNING - Clipping input data to the valid range for imshow with RGB data ([0..1] for floats or [0..255] for integers). Got range [-2.0322802..2.64].
2025-05-24 21:01:19,795 - matplotlib.image - WARNING - Clipping input data to the valid range for imshow with RGB data ([0..1] for floats or [0..255] for integers). Got range [-1.9980307..109.056].
2025-05-24 21:01:19,797 - matplotlib.image - WARNING - Clipping input data to the valid range for imshow with RGB data ([0..1] for floats or [0..255] for integers). Got range [-2.0322802..140.16537].
2025-05-24 21:01:20,185 - matplotlib.image - WARNING - Clipping input data to the valid range for imshow with RGB data ([0..1] for floats or [0..255] for integers). Got range [-2.0494049..2.64].
2025-05-24 21:01:20,186 - matplotlib.image - WARNING - Clipping input data to the valid range for imshow with RGB data ([0..1] for floats or [0..255] for integers). Got range [-2.0494049..109.056].
2025-05-24 21:01:20,188 - matplotlib.image - WARNING - Clipping input data to the valid range for imshow with RGB data ([0..1] for floats or [0..255] for integers). Got range [-1.9637812..109.056].
2025-05-24 21:01:20,317 - matplotlib.image - WARNING - Clipping input data to the valid range for imshow with RGB data ([0..1] for floats or [0..255] for integers). Got range [-2.0665298..2.64].
2025-05-24 21:01:20,318 - matplotlib.image - WARNING - Clipping input data to the valid range for imshow with RGB data ([0..1] for floats or [0..255] for integers). Got range [-2.0665298..109.056].
2025-05-24 21:01:20,320 - matplotlib.image - WARNING - Clipping input data to the valid range for imshow with RGB data ([0..1] for floats or [0..255] for integers). Got range [-1.9980307..109.056].
2025-05-24 21:01:20,700 - matplotlib.image - WARNING - Clipping input data to the valid range for imshow with RGB data ([0..1] for floats or [0..255] for integers). Got range [-2.0494049..2.64].
2025-05-24 21:01:20,701 - matplotlib.image - WARNING - Clipping input data to the valid range for imshow with RGB data ([0..1] for floats or [0..255] for integers). Got range [-2.0494049..109.028114].
2025-05-24 21:01:20,702 - matplotlib.image - WARNING - Clipping input data to the valid range for imshow with RGB data ([0..1] for floats or [0..255] for integers). Got range [-2.0322802..109.056].
2025-05-24 21:01:20,832 - matplotlib.image - WARNING - Clipping input data to the valid range for imshow with RGB data ([0..1] for floats or [0..255] for integers). Got range [-2.0665298..2.64].
2025-05-24 21:01:20,833 - matplotlib.image - WARNING - Clipping input data to the valid range for imshow with RGB data ([0..1] for floats or [0..255] for integers). Got range [-2.0494049..109.04205].
2025-05-24 21:01:20,834 - matplotlib.image - WARNING - Clipping input data to the valid range for imshow with RGB data ([0..1] for floats or [0..255] for integers). Got range [-1.980906..109.056].
2025-05-24 21:01:21,229 - matplotlib.image - WARNING - Clipping input data to the valid range for imshow with RGB data ([0..1] for floats or [0..255] for integers). Got range [-2.0665298..2.64].
2025-05-24 21:01:21,230 - matplotlib.image - WARNING - Clipping input data to the valid range for imshow with RGB data ([0..1] for floats or [0..255] for integers). Got range [-2.0665298..109.056].
2025-05-24 21:01:21,232 - matplotlib.image - WARNING - Clipping input data to the valid range for imshow with RGB data ([0..1] for floats or [0..255] for integers). Got range [-2.0322802..109.056].
2025-05-24 21:01:21,364 - matplotlib.image - WARNING - Clipping input data to the valid range for imshow with RGB data ([0..1] for floats or [0..255] for integers). Got range [-2.0836544..2.64].
2025-05-24 21:01:21,366 - matplotlib.image - WARNING - Clipping input data to the valid range for imshow with RGB data ([0..1] for floats or [0..255] for integers). Got range [-2.0836544..109.056].
2025-05-24 21:01:21,367 - matplotlib.image - WARNING - Clipping input data to the valid range for imshow with RGB data ([0..1] for floats or [0..255] for integers). Got range [-2.0151556..109.04205].
2025-05-24 21:01:21,764 - matplotlib.image - WARNING - Clipping input data to the valid range for imshow with RGB data ([0..1] for floats or [0..255] for integers). Got range [-2.0665298..2.64].
2025-05-24 21:01:21,766 - matplotlib.image - WARNING - Clipping input data to the valid range for imshow with RGB data ([0..1] for floats or [0..255] for integers). Got range [-2.0494049..109.03509].
2025-05-24 21:01:21,767 - matplotlib.image - WARNING - Clipping input data to the valid range for imshow with RGB data ([0..1] for floats or [0..255] for integers). Got range [-2.0322802..109.056].
2025-05-24 21:01:22,017 - matplotlib.image - WARNING - Clipping input data to the valid range for imshow with RGB data ([0..1] for floats or [0..255] for integers). Got range [-2.1007793..2.64].
2025-05-24 21:01:22,019 - matplotlib.image - WARNING - Clipping input data to the valid range for imshow with RGB data ([0..1] for floats or [0..255] for integers). Got range [-2.0836544..108.97931].
2025-05-24 21:01:22,020 - matplotlib.image - WARNING - Clipping input data to the valid range for imshow with RGB data ([0..1] for floats or [0..255] for integers). Got range [-2.0494049..109.056].
2025-05-24 21:01:22,414 - matplotlib.image - WARNING - Clipping input data to the valid range for imshow with RGB data ([0..1] for floats or [0..255] for integers). Got range [-2.1007793..2.64].
2025-05-24 21:01:22,415 - matplotlib.image - WARNING - Clipping input data to the valid range for imshow with RGB data ([0..1] for floats or [0..255] for integers). Got range [-2.0494049..109.056].
2025-05-24 21:01:22,416 - matplotlib.image - WARNING - Clipping input data to the valid range for imshow with RGB data ([0..1] for floats or [0..255] for integers). Got range [-2.0322802..109.056].
2025-05-24 21:01:22,550 - matplotlib.image - WARNING - Clipping input data to the valid range for imshow with RGB data ([0..1] for floats or [0..255] for integers). Got range [-2.0836544..2.64].
2025-05-24 21:01:22,551 - matplotlib.image - WARNING - Clipping input data to the valid range for imshow with RGB data ([0..1] for floats or [0..255] for integers). Got range [-2.0836544..109.056].
2025-05-24 21:01:22,553 - matplotlib.image - WARNING - Clipping input data to the valid range for imshow with RGB data ([0..1] for floats or [0..255] for integers). Got range [-2.0836544..109.056].
2025-05-24 21:01:22,944 - matplotlib.image - WARNING - Clipping input data to the valid range for imshow with RGB data ([0..1] for floats or [0..255] for integers). Got range [-1.9124069..2.64].
2025-05-24 21:01:22,945 - matplotlib.image - WARNING - Clipping input data to the valid range for imshow with RGB data ([0..1] for floats or [0..255] for integers). Got range [-1.9124069..109.056].
2025-05-24 21:01:22,946 - matplotlib.image - WARNING - Clipping input data to the valid range for imshow with RGB data ([0..1] for floats or [0..255] for integers). Got range [-1.9124069..140.256].
2025-05-24 21:01:23,085 - matplotlib.image - WARNING - Clipping input data to the valid range for imshow with RGB data ([0..1] for floats or [0..255] for integers). Got range [-1.9637812..2.64].
2025-05-24 21:01:23,086 - matplotlib.image - WARNING - Clipping input data to the valid range for imshow with RGB data ([0..1] for floats or [0..255] for integers). Got range [-1.9637812..109.056].
2025-05-24 21:01:23,088 - matplotlib.image - WARNING - Clipping input data to the valid range for imshow with RGB data ([0..1] for floats or [0..255] for integers). Got range [-1.9637812..140.256].
2025-05-24 21:01:23,499 - matplotlib.image - WARNING - Clipping input data to the valid range for imshow with RGB data ([0..1] for floats or [0..255] for integers). Got range [-1.9656862..2.64].
2025-05-24 21:01:23,500 - matplotlib.image - WARNING - Clipping input data to the valid range for imshow with RGB data ([0..1] for floats or [0..255] for integers). Got range [-1.9656862..109.056].
2025-05-24 21:01:23,502 - matplotlib.image - WARNING - Clipping input data to the valid range for imshow with RGB data ([0..1] for floats or [0..255] for integers). Got range [-1.8267832..140.256].
2025-05-24 21:01:23,637 - matplotlib.image - WARNING - Clipping input data to the valid range for imshow with RGB data ([0..1] for floats or [0..255] for integers). Got range [-1.8781574..2.64].
2025-05-24 21:01:23,638 - matplotlib.image - WARNING - Clipping input data to the valid range for imshow with RGB data ([0..1] for floats or [0..255] for integers). Got range [-1.843908..109.056].
2025-05-24 21:01:23,640 - matplotlib.image - WARNING - Clipping input data to the valid range for imshow with RGB data ([0..1] for floats or [0..255] for integers). Got range [-1.8781574..140.256].
2025-05-24 21:01:24,042 - matplotlib.image - WARNING - Clipping input data to the valid range for imshow with RGB data ([0..1] for floats or [0..255] for integers). Got range [-1.8610327..2.64].
2025-05-24 21:01:24,043 - matplotlib.image - WARNING - Clipping input data to the valid range for imshow with RGB data ([0..1] for floats or [0..255] for integers). Got range [-1.8610327..109.056].
2025-05-24 21:01:24,045 - matplotlib.image - WARNING - Clipping input data to the valid range for imshow with RGB data ([0..1] for floats or [0..255] for integers). Got range [-1.8610327..140.256].
2025-05-24 21:01:24,193 - matplotlib.image - WARNING - Clipping input data to the valid range for imshow with RGB data ([0..1] for floats or [0..255] for integers). Got range [-1.8096584..2.64].
2025-05-24 21:01:24,194 - matplotlib.image - WARNING - Clipping input data to the valid range for imshow with RGB data ([0..1] for floats or [0..255] for integers). Got range [-1.8096584..109.056].
2025-05-24 21:01:24,196 - matplotlib.image - WARNING - Clipping input data to the valid range for imshow with RGB data ([0..1] for floats or [0..255] for integers). Got range [-1.8096584..140.256].
2025-05-24 21:01:24,603 - matplotlib.image - WARNING - Clipping input data to the valid range for imshow with RGB data ([0..1] for floats or [0..255] for integers). Got range [-2.117904..2.64].
2025-05-24 21:01:24,604 - matplotlib.image - WARNING - Clipping input data to the valid range for imshow with RGB data ([0..1] for floats or [0..255] for integers). Got range [-2.117904..109.056].
2025-05-24 21:01:24,606 - matplotlib.image - WARNING - Clipping input data to the valid range for imshow with RGB data ([0..1] for floats or [0..255] for integers). Got range [-2.117904..140.256].
2025-05-24 21:01:24,751 - matplotlib.image - WARNING - Clipping input data to the valid range for imshow with RGB data ([0..1] for floats or [0..255] for integers). Got range [-2.117904..2.64].
2025-05-24 21:01:24,752 - matplotlib.image - WARNING - Clipping input data to the valid range for imshow with RGB data ([0..1] for floats or [0..255] for integers). Got range [-2.117904..108.902626].
2025-05-24 21:01:24,754 - matplotlib.image - WARNING - Clipping input data to the valid range for imshow with RGB data ([0..1] for floats or [0..255] for integers). Got range [-2.117904..140.256].
2025-05-24 21:01:25,269 - matplotlib.image - WARNING - Clipping input data to the valid range for imshow with RGB data ([0..1] for floats or [0..255] for integers). Got range [-2.117904..2.64].
2025-05-24 21:01:25,270 - matplotlib.image - WARNING - Clipping input data to the valid range for imshow with RGB data ([0..1] for floats or [0..255] for integers). Got range [-2.117904..109.056].
2025-05-24 21:01:25,272 - matplotlib.image - WARNING - Clipping input data to the valid range for imshow with RGB data ([0..1] for floats or [0..255] for integers). Got range [-2.117904..140.256].
2025-05-24 21:01:25,416 - matplotlib.image - WARNING - Clipping input data to the valid range for imshow with RGB data ([0..1] for floats or [0..255] for integers). Got range [-2.117904..2.64].
2025-05-24 21:01:25,418 - matplotlib.image - WARNING - Clipping input data to the valid range for imshow with RGB data ([0..1] for floats or [0..255] for integers). Got range [-2.117904..109.056].
2025-05-24 21:01:25,419 - matplotlib.image - WARNING - Clipping input data to the valid range for imshow with RGB data ([0..1] for floats or [0..255] for integers). Got range [-2.117904..140.256].
2025-05-24 21:01:25,836 - matplotlib.image - WARNING - Clipping input data to the valid range for imshow with RGB data ([0..1] for floats or [0..255] for integers). Got range [-2.117904..2.64].
2025-05-24 21:01:25,837 - matplotlib.image - WARNING - Clipping input data to the valid range for imshow with RGB data ([0..1] for floats or [0..255] for integers). Got range [-2.117904..109.056].
2025-05-24 21:01:25,839 - matplotlib.image - WARNING - Clipping input data to the valid range for imshow with RGB data ([0..1] for floats or [0..255] for integers). Got range [-2.117904..140.256].
2025-05-24 21:01:25,973 - matplotlib.image - WARNING - Clipping input data to the valid range for imshow with RGB data ([0..1] for floats or [0..255] for integers). Got range [-2.117904..2.64].
2025-05-24 21:01:25,974 - matplotlib.image - WARNING - Clipping input data to the valid range for imshow with RGB data ([0..1] for floats or [0..255] for integers). Got range [-2.117904..109.056].
2025-05-24 21:01:25,976 - matplotlib.image - WARNING - Clipping input data to the valid range for imshow with RGB data ([0..1] for floats or [0..255] for integers). Got range [-2.117904..140.256].
2025-05-24 21:01:26,398 - matplotlib.image - WARNING - Clipping input data to the valid range for imshow with RGB data ([0..1] for floats or [0..255] for integers). Got range [-2.117904..2.64].
2025-05-24 21:01:26,399 - matplotlib.image - WARNING - Clipping input data to the valid range for imshow with RGB data ([0..1] for floats or [0..255] for integers). Got range [-2.117904..109.056].
2025-05-24 21:01:26,400 - matplotlib.image - WARNING - Clipping input data to the valid range for imshow with RGB data ([0..1] for floats or [0..255] for integers). Got range [-2.117904..140.256].
2025-05-24 21:01:26,532 - matplotlib.image - WARNING - Clipping input data to the valid range for imshow with RGB data ([0..1] for floats or [0..255] for integers). Got range [-2.117904..2.64].
2025-05-24 21:01:26,534 - matplotlib.image - WARNING - Clipping input data to the valid range for imshow with RGB data ([0..1] for floats or [0..255] for integers). Got range [-2.117904..109.056].
2025-05-24 21:01:26,535 - matplotlib.image - WARNING - Clipping input data to the valid range for imshow with RGB data ([0..1] for floats or [0..255] for integers). Got range [-2.117904..140.256].
2025-05-24 21:01:26,934 - matplotlib.image - WARNING - Clipping input data to the valid range for imshow with RGB data ([0..1] for floats or [0..255] for integers). Got range [-2.117904..2.64].
2025-05-24 21:01:26,935 - matplotlib.image - WARNING - Clipping input data to the valid range for imshow with RGB data ([0..1] for floats or [0..255] for integers). Got range [-2.117904..109.056].
2025-05-24 21:01:26,937 - matplotlib.image - WARNING - Clipping input data to the valid range for imshow with RGB data ([0..1] for floats or [0..255] for integers). Got range [-2.117904..140.256].
2025-05-24 21:01:27,070 - matplotlib.image - WARNING - Clipping input data to the valid range for imshow with RGB data ([0..1] for floats or [0..255] for integers). Got range [-2.117904..2.64].
2025-05-24 21:01:27,071 - matplotlib.image - WARNING - Clipping input data to the valid range for imshow with RGB data ([0..1] for floats or [0..255] for integers). Got range [-2.117904..109.056].
2025-05-24 21:01:27,072 - matplotlib.image - WARNING - Clipping input data to the valid range for imshow with RGB data ([0..1] for floats or [0..255] for integers). Got range [-2.117904..140.256].
2025-05-24 21:01:27,481 - matplotlib.image - WARNING - Clipping input data to the valid range for imshow with RGB data ([0..1] for floats or [0..255] for integers). Got range [-2.117904..2.6051416].
2025-05-24 21:01:27,482 - matplotlib.image - WARNING - Clipping input data to the valid range for imshow with RGB data ([0..1] for floats or [0..255] for integers). Got range [-2.117904..109.02114].
2025-05-24 21:01:27,484 - matplotlib.image - WARNING - Clipping input data to the valid range for imshow with RGB data ([0..1] for floats or [0..255] for integers). Got range [-2.117904..108.93051].
2025-05-24 21:01:27,627 - matplotlib.image - WARNING - Clipping input data to the valid range for imshow with RGB data ([0..1] for floats or [0..255] for integers). Got range [-2.117904..2.5877128].
2025-05-24 21:01:27,628 - matplotlib.image - WARNING - Clipping input data to the valid range for imshow with RGB data ([0..1] for floats or [0..255] for integers). Got range [-2.117904..109.03509].
2025-05-24 21:01:27,629 - matplotlib.image - WARNING - Clipping input data to the valid range for imshow with RGB data ([0..1] for floats or [0..255] for integers). Got range [-2.117904..108.93051].
2025-05-24 21:01:28,021 - matplotlib.image - WARNING - Clipping input data to the valid range for imshow with RGB data ([0..1] for floats or [0..255] for integers). Got range [-2.117904..2.5528543].
2025-05-24 21:01:28,022 - matplotlib.image - WARNING - Clipping input data to the valid range for imshow with RGB data ([0..1] for floats or [0..255] for integers). Got range [-2.117904..109.02114].
2025-05-24 21:01:28,024 - matplotlib.image - WARNING - Clipping input data to the valid range for imshow with RGB data ([0..1] for floats or [0..255] for integers). Got range [-2.117904..109.0072].
2025-05-24 21:01:28,277 - matplotlib.image - WARNING - Clipping input data to the valid range for imshow with RGB data ([0..1] for floats or [0..255] for integers). Got range [-2.117904..2.6051416].
2025-05-24 21:01:28,279 - matplotlib.image - WARNING - Clipping input data to the valid range for imshow with RGB data ([0..1] for floats or [0..255] for integers). Got range [-2.117904..109.04205].
2025-05-24 21:01:28,280 - matplotlib.image - WARNING - Clipping input data to the valid range for imshow with RGB data ([0..1] for floats or [0..255] for integers). Got range [-2.117904..109.02114].
2025-05-24 21:01:28,677 - matplotlib.image - WARNING - Clipping input data to the valid range for imshow with RGB data ([0..1] for floats or [0..255] for integers). Got range [-2.117904..2.5877128].
2025-05-24 21:01:28,678 - matplotlib.image - WARNING - Clipping input data to the valid range for imshow with RGB data ([0..1] for floats or [0..255] for integers). Got range [-2.117904..109.03509].
2025-05-24 21:01:28,680 - matplotlib.image - WARNING - Clipping input data to the valid range for imshow with RGB data ([0..1] for floats or [0..255] for integers). Got range [-2.117904..108.84685].
2025-05-24 21:01:28,821 - matplotlib.image - WARNING - Clipping input data to the valid range for imshow with RGB data ([0..1] for floats or [0..255] for integers). Got range [-2.117904..2.5702832].
2025-05-24 21:01:28,823 - matplotlib.image - WARNING - Clipping input data to the valid range for imshow with RGB data ([0..1] for floats or [0..255] for integers). Got range [-2.117904..109.028114].
2025-05-24 21:01:28,824 - matplotlib.image - WARNING - Clipping input data to the valid range for imshow with RGB data ([0..1] for floats or [0..255] for integers). Got range [-2.117904..108.87473].
2025-05-24 21:01:29,229 - matplotlib.image - WARNING - Clipping input data to the valid range for imshow with RGB data ([0..1] for floats or [0..255] for integers). Got range [-2.117904..2.622571].
2025-05-24 21:01:29,231 - matplotlib.image - WARNING - Clipping input data to the valid range for imshow with RGB data ([0..1] for floats or [0..255] for integers). Got range [-2.117904..109.04903].
2025-05-24 21:01:29,232 - matplotlib.image - WARNING - Clipping input data to the valid range for imshow with RGB data ([0..1] for floats or [0..255] for integers). Got range [-2.117904..108.88171].
2025-05-24 21:01:29,369 - matplotlib.image - WARNING - Clipping input data to the valid range for imshow with RGB data ([0..1] for floats or [0..255] for integers). Got range [-2.117904..2.5702832].
2025-05-24 21:01:29,370 - matplotlib.image - WARNING - Clipping input data to the valid range for imshow with RGB data ([0..1] for floats or [0..255] for integers). Got range [-2.117904..109.028114].
2025-05-24 21:01:29,371 - matplotlib.image - WARNING - Clipping input data to the valid range for imshow with RGB data ([0..1] for floats or [0..255] for integers). Got range [-2.117904..108.839874].
2025-05-24 21:01:29,777 - matplotlib.image - WARNING - Clipping input data to the valid range for imshow with RGB data ([0..1] for floats or [0..255] for integers). Got range [-2.117904..2.6051416].
2025-05-24 21:01:29,778 - matplotlib.image - WARNING - Clipping input data to the valid range for imshow with RGB data ([0..1] for floats or [0..255] for integers). Got range [-2.117904..109.04205].
2025-05-24 21:01:29,780 - matplotlib.image - WARNING - Clipping input data to the valid range for imshow with RGB data ([0..1] for floats or [0..255] for integers). Got range [-2.117904..108.88171].
2025-05-24 21:01:29,913 - matplotlib.image - WARNING - Clipping input data to the valid range for imshow with RGB data ([0..1] for floats or [0..255] for integers). Got range [-2.117904..2.5702832].
2025-05-24 21:01:29,915 - matplotlib.image - WARNING - Clipping input data to the valid range for imshow with RGB data ([0..1] for floats or [0..255] for integers). Got range [-2.117904..109.028114].
2025-05-24 21:01:29,916 - matplotlib.image - WARNING - Clipping input data to the valid range for imshow with RGB data ([0..1] for floats or [0..255] for integers). Got range [-2.117904..108.87473].
2025-05-24 21:01:30,323 - matplotlib.image - WARNING - Clipping input data to the valid range for imshow with RGB data ([0..1] for floats or [0..255] for integers). Got range [-2.117904..2.6051416].
2025-05-24 21:01:30,324 - matplotlib.image - WARNING - Clipping input data to the valid range for imshow with RGB data ([0..1] for floats or [0..255] for integers). Got range [-2.117904..109.02114].
2025-05-24 21:01:30,326 - matplotlib.image - WARNING - Clipping input data to the valid range for imshow with RGB data ([0..1] for floats or [0..255] for integers). Got range [-2.117904..108.97931].
2025-05-24 21:01:30,457 - matplotlib.image - WARNING - Clipping input data to the valid range for imshow with RGB data ([0..1] for floats or [0..255] for integers). Got range [-2.117904..2.5528543].
2025-05-24 21:01:30,459 - matplotlib.image - WARNING - Clipping input data to the valid range for imshow with RGB data ([0..1] for floats or [0..255] for integers). Got range [-2.117904..109.02114].
2025-05-24 21:01:30,460 - matplotlib.image - WARNING - Clipping input data to the valid range for imshow with RGB data ([0..1] for floats or [0..255] for integers). Got range [-2.117904..108.96537].
2025-05-24 21:01:30,857 - matplotlib.image - WARNING - Clipping input data to the valid range for imshow with RGB data ([0..1] for floats or [0..255] for integers). Got range [-2.117904..2.6051416].
2025-05-24 21:01:30,859 - matplotlib.image - WARNING - Clipping input data to the valid range for imshow with RGB data ([0..1] for floats or [0..255] for integers). Got range [-2.117904..109.01417].
2025-05-24 21:01:30,860 - matplotlib.image - WARNING - Clipping input data to the valid range for imshow with RGB data ([0..1] for floats or [0..255] for integers). Got range [-2.117904..108.88171].
2025-05-24 21:01:30,997 - matplotlib.image - WARNING - Clipping input data to the valid range for imshow with RGB data ([0..1] for floats or [0..255] for integers). Got range [-2.117904..2.6051416].
2025-05-24 21:01:30,998 - matplotlib.image - WARNING - Clipping input data to the valid range for imshow with RGB data ([0..1] for floats or [0..255] for integers). Got range [-2.117904..109.04205].
2025-05-24 21:01:31,099 - matplotlib.image - WARNING - Clipping input data to the valid range for imshow with RGB data ([0..1] for floats or [0..255] for integers). Got range [-2.117904..108.993256].
2025-05-24 21:01:31,479 - matplotlib.image - WARNING - Clipping input data to the valid range for imshow with RGB data ([0..1] for floats or [0..255] for integers). Got range [-2.117904..2.64].
2025-05-24 21:01:31,480 - matplotlib.image - WARNING - Clipping input data to the valid range for imshow with RGB data ([0..1] for floats or [0..255] for integers). Got range [-2.117904..109.03509].
2025-05-24 21:01:31,481 - matplotlib.image - WARNING - Clipping input data to the valid range for imshow with RGB data ([0..1] for floats or [0..255] for integers). Got range [-2.117904..108.85382].
2025-05-24 21:01:31,614 - matplotlib.image - WARNING - Clipping input data to the valid range for imshow with RGB data ([0..1] for floats or [0..255] for integers). Got range [-2.117904..2.64].
2025-05-24 21:01:31,616 - matplotlib.image - WARNING - Clipping input data to the valid range for imshow with RGB data ([0..1] for floats or [0..255] for integers). Got range [-2.117904..109.03509].
2025-05-24 21:01:31,617 - matplotlib.image - WARNING - Clipping input data to the valid range for imshow with RGB data ([0..1] for floats or [0..255] for integers). Got range [-2.117904..108.83291].
2025-05-24 21:01:32,009 - matplotlib.image - WARNING - Clipping input data to the valid range for imshow with RGB data ([0..1] for floats or [0..255] for integers). Got range [-2.117904..2.622571].
2025-05-24 21:01:32,010 - matplotlib.image - WARNING - Clipping input data to the valid range for imshow with RGB data ([0..1] for floats or [0..255] for integers). Got range [-2.117904..109.02114].
2025-05-24 21:01:32,012 - matplotlib.image - WARNING - Clipping input data to the valid range for imshow with RGB data ([0..1] for floats or [0..255] for integers). Got range [-2.117904..108.92354].
2025-05-24 21:01:32,142 - matplotlib.image - WARNING - Clipping input data to the valid range for imshow with RGB data ([0..1] for floats or [0..255] for integers). Got range [-2.117904..2.5877128].
2025-05-24 21:01:32,143 - matplotlib.image - WARNING - Clipping input data to the valid range for imshow with RGB data ([0..1] for floats or [0..255] for integers). Got range [-2.117904..109.03509].
2025-05-24 21:01:32,145 - matplotlib.image - WARNING - Clipping input data to the valid range for imshow with RGB data ([0..1] for floats or [0..255] for integers). Got range [-2.117904..108.902626].
2025-05-24 21:01:32,545 - matplotlib.image - WARNING - Clipping input data to the valid range for imshow with RGB data ([0..1] for floats or [0..255] for integers). Got range [-2.0836544..2.4831376].
2025-05-24 21:01:32,546 - matplotlib.image - WARNING - Clipping input data to the valid range for imshow with RGB data ([0..1] for floats or [0..255] for integers). Got range [-2.0836544..108.95142].
2025-05-24 21:01:32,548 - matplotlib.image - WARNING - Clipping input data to the valid range for imshow with RGB data ([0..1] for floats or [0..255] for integers). Got range [-2.0836544..108.89565].
2025-05-24 21:01:32,678 - matplotlib.image - WARNING - Clipping input data to the valid range for imshow with RGB data ([0..1] for floats or [0..255] for integers). Got range [-2.1007793..2.4831376].
2025-05-24 21:01:32,679 - matplotlib.image - WARNING - Clipping input data to the valid range for imshow with RGB data ([0..1] for floats or [0..255] for integers). Got range [-2.1007793..108.97931].
2025-05-24 21:01:32,680 - matplotlib.image - WARNING - Clipping input data to the valid range for imshow with RGB data ([0..1] for floats or [0..255] for integers). Got range [-2.1007793..108.89565].
2025-05-24 21:01:33,069 - matplotlib.image - WARNING - Clipping input data to the valid range for imshow with RGB data ([0..1] for floats or [0..255] for integers). Got range [-2.1007793..2.3088455].
2025-05-24 21:01:33,070 - matplotlib.image - WARNING - Clipping input data to the valid range for imshow with RGB data ([0..1] for floats or [0..255] for integers). Got range [-2.1007793..108.92354].
2025-05-24 21:01:33,072 - matplotlib.image - WARNING - Clipping input data to the valid range for imshow with RGB data ([0..1] for floats or [0..255] for integers). Got range [-2.1007793..108.902626].
2025-05-24 21:01:33,210 - matplotlib.image - WARNING - Clipping input data to the valid range for imshow with RGB data ([0..1] for floats or [0..255] for integers). Got range [-2.1007793..2.3088455].
2025-05-24 21:01:33,212 - matplotlib.image - WARNING - Clipping input data to the valid range for imshow with RGB data ([0..1] for floats or [0..255] for integers). Got range [-2.1007793..108.902626].
2025-05-24 21:01:33,214 - matplotlib.image - WARNING - Clipping input data to the valid range for imshow with RGB data ([0..1] for floats or [0..255] for integers). Got range [-2.1007793..108.88868].
2025-05-24 21:01:33,612 - matplotlib.image - WARNING - Clipping input data to the valid range for imshow with RGB data ([0..1] for floats or [0..255] for integers). Got range [-2.1007793..2.5005665].
2025-05-24 21:01:33,613 - matplotlib.image - WARNING - Clipping input data to the valid range for imshow with RGB data ([0..1] for floats or [0..255] for integers). Got range [-2.1007793..108.86777].
2025-05-24 21:01:33,614 - matplotlib.image - WARNING - Clipping input data to the valid range for imshow with RGB data ([0..1] for floats or [0..255] for integers). Got range [-2.1007793..108.86777].
2025-05-24 21:01:33,755 - matplotlib.image - WARNING - Clipping input data to the valid range for imshow with RGB data ([0..1] for floats or [0..255] for integers). Got range [-2.1007793..2.4482791].
2025-05-24 21:01:33,756 - matplotlib.image - WARNING - Clipping input data to the valid range for imshow with RGB data ([0..1] for floats or [0..255] for integers). Got range [-2.1007793..108.88171].
2025-05-24 21:01:33,758 - matplotlib.image - WARNING - Clipping input data to the valid range for imshow with RGB data ([0..1] for floats or [0..255] for integers). Got range [-2.1007793..108.88171].
2025-05-24 21:01:34,150 - matplotlib.image - WARNING - Clipping input data to the valid range for imshow with RGB data ([0..1] for floats or [0..255] for integers). Got range [-2.1007793..2.5702832].
2025-05-24 21:01:34,151 - matplotlib.image - WARNING - Clipping input data to the valid range for imshow with RGB data ([0..1] for floats or [0..255] for integers). Got range [-2.1007793..109.028114].
2025-05-24 21:01:34,153 - matplotlib.image - WARNING - Clipping input data to the valid range for imshow with RGB data ([0..1] for floats or [0..255] for integers). Got range [-2.1007793..108.902626].
2025-05-24 21:01:34,402 - matplotlib.image - WARNING - Clipping input data to the valid range for imshow with RGB data ([0..1] for floats or [0..255] for integers). Got range [-2.1007793..2.6051416].
2025-05-24 21:01:34,403 - matplotlib.image - WARNING - Clipping input data to the valid range for imshow with RGB data ([0..1] for floats or [0..255] for integers). Got range [-2.1007793..109.04205].
2025-05-24 21:01:34,405 - matplotlib.image - WARNING - Clipping input data to the valid range for imshow with RGB data ([0..1] for floats or [0..255] for integers). Got range [-2.1007793..108.89565].
2025-05-24 21:01:34,803 - matplotlib.image - WARNING - Clipping input data to the valid range for imshow with RGB data ([0..1] for floats or [0..255] for integers). Got range [-2.0836544..2.5702832].
2025-05-24 21:01:34,804 - matplotlib.image - WARNING - Clipping input data to the valid range for imshow with RGB data ([0..1] for floats or [0..255] for integers). Got range [-2.0836544..109.028114].
2025-05-24 21:01:34,806 - matplotlib.image - WARNING - Clipping input data to the valid range for imshow with RGB data ([0..1] for floats or [0..255] for integers). Got range [-2.0836544..108.90959].
2025-05-24 21:01:34,940 - matplotlib.image - WARNING - Clipping input data to the valid range for imshow with RGB data ([0..1] for floats or [0..255] for integers). Got range [-2.0836544..2.5702832].
2025-05-24 21:01:34,941 - matplotlib.image - WARNING - Clipping input data to the valid range for imshow with RGB data ([0..1] for floats or [0..255] for integers). Got range [-2.0836544..109.028114].
2025-05-24 21:01:34,943 - matplotlib.image - WARNING - Clipping input data to the valid range for imshow with RGB data ([0..1] for floats or [0..255] for integers). Got range [-2.0836544..108.916565].
2025-05-24 21:01:35,358 - matplotlib.image - WARNING - Clipping input data to the valid range for imshow with RGB data ([0..1] for floats or [0..255] for integers). Got range [-2.0665298..2.5702832].
2025-05-24 21:01:35,359 - matplotlib.image - WARNING - Clipping input data to the valid range for imshow with RGB data ([0..1] for floats or [0..255] for integers). Got range [-2.0665298..109.0072].
2025-05-24 21:01:35,361 - matplotlib.image - WARNING - Clipping input data to the valid range for imshow with RGB data ([0..1] for floats or [0..255] for integers). Got range [-2.0665298..108.937485].
2025-05-24 21:01:35,502 - matplotlib.image - WARNING - Clipping input data to the valid range for imshow with RGB data ([0..1] for floats or [0..255] for integers). Got range [-2.0494049..2.5702832].
2025-05-24 21:01:35,503 - matplotlib.image - WARNING - Clipping input data to the valid range for imshow with RGB data ([0..1] for floats or [0..255] for integers). Got range [-2.0151556..109.01417].
2025-05-24 21:01:35,504 - matplotlib.image - WARNING - Clipping input data to the valid range for imshow with RGB data ([0..1] for floats or [0..255] for integers). Got range [-2.0494049..108.95142].
2025-05-24 21:01:35,919 - matplotlib.image - WARNING - Clipping input data to the valid range for imshow with RGB data ([0..1] for floats or [0..255] for integers). Got range [-2.0665298..2.535425].
2025-05-24 21:01:35,920 - matplotlib.image - WARNING - Clipping input data to the valid range for imshow with RGB data ([0..1] for floats or [0..255] for integers). Got range [-2.0665298..109.0072].
2025-05-24 21:01:35,922 - matplotlib.image - WARNING - Clipping input data to the valid range for imshow with RGB data ([0..1] for floats or [0..255] for integers). Got range [-2.0665298..108.9584].
2025-05-24 21:01:36,058 - matplotlib.image - WARNING - Clipping input data to the valid range for imshow with RGB data ([0..1] for floats or [0..255] for integers). Got range [-2.0494049..2.535425].
2025-05-24 21:01:36,060 - matplotlib.image - WARNING - Clipping input data to the valid range for imshow with RGB data ([0..1] for floats or [0..255] for integers). Got range [-2.0494049..109.01417].
2025-05-24 21:01:36,061 - matplotlib.image - WARNING - Clipping input data to the valid range for imshow with RGB data ([0..1] for floats or [0..255] for integers). Got range [-2.0494049..108.9584].
2025-05-24 21:01:36,455 - matplotlib.image - WARNING - Clipping input data to the valid range for imshow with RGB data ([0..1] for floats or [0..255] for integers). Got range [-2.0494049..2.5877128].
2025-05-24 21:01:36,456 - matplotlib.image - WARNING - Clipping input data to the valid range for imshow with RGB data ([0..1] for floats or [0..255] for integers). Got range [-2.0494049..109.03509].
2025-05-24 21:01:36,458 - matplotlib.image - WARNING - Clipping input data to the valid range for imshow with RGB data ([0..1] for floats or [0..255] for integers). Got range [-2.0494049..108.95142].
2025-05-24 21:01:36,596 - matplotlib.image - WARNING - Clipping input data to the valid range for imshow with RGB data ([0..1] for floats or [0..255] for integers). Got range [-2.0322802..2.535425].
2025-05-24 21:01:36,597 - matplotlib.image - WARNING - Clipping input data to the valid range for imshow with RGB data ([0..1] for floats or [0..255] for integers). Got range [-2.0322802..109.01417].
2025-05-24 21:01:36,598 - matplotlib.image - WARNING - Clipping input data to the valid range for imshow with RGB data ([0..1] for floats or [0..255] for integers). Got range [-2.0322802..108.95142].
2025-05-24 21:01:36,998 - matplotlib.image - WARNING - Clipping input data to the valid range for imshow with RGB data ([0..1] for floats or [0..255] for integers). Got range [-2.0665298..2.535425].
2025-05-24 21:01:36,999 - matplotlib.image - WARNING - Clipping input data to the valid range for imshow with RGB data ([0..1] for floats or [0..255] for integers). Got range [-2.0665298..109.01417].
2025-05-24 21:01:37,001 - matplotlib.image - WARNING - Clipping input data to the valid range for imshow with RGB data ([0..1] for floats or [0..255] for integers). Got range [-2.0665298..108.95142].
2025-05-24 21:01:37,144 - matplotlib.image - WARNING - Clipping input data to the valid range for imshow with RGB data ([0..1] for floats or [0..255] for integers). Got range [-2.0494049..2.5179958].
2025-05-24 21:01:37,145 - matplotlib.image - WARNING - Clipping input data to the valid range for imshow with RGB data ([0..1] for floats or [0..255] for integers). Got range [-2.0494049..109.0072].
2025-05-24 21:01:37,146 - matplotlib.image - WARNING - Clipping input data to the valid range for imshow with RGB data ([0..1] for floats or [0..255] for integers). Got range [-2.0494049..108.94445].
2025-05-24 21:01:37,678 - matplotlib.image - WARNING - Clipping input data to the valid range for imshow with RGB data ([0..1] for floats or [0..255] for integers). Got range [-2.117904..2.64].
2025-05-24 21:01:37,679 - matplotlib.image - WARNING - Clipping input data to the valid range for imshow with RGB data ([0..1] for floats or [0..255] for integers). Got range [-2.117904..109.056].
2025-05-24 21:01:37,681 - matplotlib.image - WARNING - Clipping input data to the valid range for imshow with RGB data ([0..1] for floats or [0..255] for integers). Got range [-2.117904..109.056].
2025-05-24 21:01:37,822 - matplotlib.image - WARNING - Clipping input data to the valid range for imshow with RGB data ([0..1] for floats or [0..255] for integers). Got range [-2.117904..2.64].
2025-05-24 21:01:37,823 - matplotlib.image - WARNING - Clipping input data to the valid range for imshow with RGB data ([0..1] for floats or [0..255] for integers). Got range [-2.1007793..109.056].
2025-05-24 21:01:37,825 - matplotlib.image - WARNING - Clipping input data to the valid range for imshow with RGB data ([0..1] for floats or [0..255] for integers). Got range [-2.117904..109.056].
2025-05-24 21:01:38,224 - matplotlib.image - WARNING - Clipping input data to the valid range for imshow with RGB data ([0..1] for floats or [0..255] for integers). Got range [-2.117904..2.64].
2025-05-24 21:01:38,225 - matplotlib.image - WARNING - Clipping input data to the valid range for imshow with RGB data ([0..1] for floats or [0..255] for integers). Got range [-2.117904..109.056].
2025-05-24 21:01:38,227 - matplotlib.image - WARNING - Clipping input data to the valid range for imshow with RGB data ([0..1] for floats or [0..255] for integers). Got range [-2.117904..109.056].
2025-05-24 21:01:38,369 - matplotlib.image - WARNING - Clipping input data to the valid range for imshow with RGB data ([0..1] for floats or [0..255] for integers). Got range [-2.117904..2.64].
2025-05-24 21:01:38,370 - matplotlib.image - WARNING - Clipping input data to the valid range for imshow with RGB data ([0..1] for floats or [0..255] for integers). Got range [-2.1007793..109.056].
2025-05-24 21:01:38,372 - matplotlib.image - WARNING - Clipping input data to the valid range for imshow with RGB data ([0..1] for floats or [0..255] for integers). Got range [-2.117904..109.056].
2025-05-24 21:01:38,783 - matplotlib.image - WARNING - Clipping input data to the valid range for imshow with RGB data ([0..1] for floats or [0..255] for integers). Got range [-2.117904..2.64].
2025-05-24 21:01:38,784 - matplotlib.image - WARNING - Clipping input data to the valid range for imshow with RGB data ([0..1] for floats or [0..255] for integers). Got range [-2.1007793..109.056].
2025-05-24 21:01:38,786 - matplotlib.image - WARNING - Clipping input data to the valid range for imshow with RGB data ([0..1] for floats or [0..255] for integers). Got range [-2.117904..109.056].
2025-05-24 21:01:38,931 - matplotlib.image - WARNING - Clipping input data to the valid range for imshow with RGB data ([0..1] for floats or [0..255] for integers). Got range [-2.117904..2.64].
2025-05-24 21:01:38,932 - matplotlib.image - WARNING - Clipping input data to the valid range for imshow with RGB data ([0..1] for floats or [0..255] for integers). Got range [-2.1007793..109.056].
2025-05-24 21:01:38,933 - matplotlib.image - WARNING - Clipping input data to the valid range for imshow with RGB data ([0..1] for floats or [0..255] for integers). Got range [-2.117904..109.04903].
2025-05-24 21:01:39,334 - matplotlib.image - WARNING - Clipping input data to the valid range for imshow with RGB data ([0..1] for floats or [0..255] for integers). Got range [-2.117904..2.64].
2025-05-24 21:01:39,335 - matplotlib.image - WARNING - Clipping input data to the valid range for imshow with RGB data ([0..1] for floats or [0..255] for integers). Got range [-2.1007793..109.056].
2025-05-24 21:01:39,337 - matplotlib.image - WARNING - Clipping input data to the valid range for imshow with RGB data ([0..1] for floats or [0..255] for integers). Got range [-2.117904..109.04903].
2025-05-24 21:01:39,479 - matplotlib.image - WARNING - Clipping input data to the valid range for imshow with RGB data ([0..1] for floats or [0..255] for integers). Got range [-2.117904..2.64].
2025-05-24 21:01:39,480 - matplotlib.image - WARNING - Clipping input data to the valid range for imshow with RGB data ([0..1] for floats or [0..255] for integers). Got range [-2.1007793..109.056].
2025-05-24 21:01:39,482 - matplotlib.image - WARNING - Clipping input data to the valid range for imshow with RGB data ([0..1] for floats or [0..255] for integers). Got range [-2.117904..109.056].
2025-05-24 21:01:39,897 - matplotlib.image - WARNING - Clipping input data to the valid range for imshow with RGB data ([0..1] for floats or [0..255] for integers). Got range [-2.117904..2.64].
2025-05-24 21:01:39,899 - matplotlib.image - WARNING - Clipping input data to the valid range for imshow with RGB data ([0..1] for floats or [0..255] for integers). Got range [-2.117904..109.04903].
2025-05-24 21:01:39,900 - matplotlib.image - WARNING - Clipping input data to the valid range for imshow with RGB data ([0..1] for floats or [0..255] for integers). Got range [-2.117904..109.056].
2025-05-24 21:01:40,046 - matplotlib.image - WARNING - Clipping input data to the valid range for imshow with RGB data ([0..1] for floats or [0..255] for integers). Got range [-2.117904..2.64].
2025-05-24 21:01:40,047 - matplotlib.image - WARNING - Clipping input data to the valid range for imshow with RGB data ([0..1] for floats or [0..255] for integers). Got range [-2.1007793..109.056].
2025-05-24 21:01:40,048 - matplotlib.image - WARNING - Clipping input data to the valid range for imshow with RGB data ([0..1] for floats or [0..255] for integers). Got range [-2.117904..109.056].
2025-05-24 21:01:40,473 - matplotlib.image - WARNING - Clipping input data to the valid range for imshow with RGB data ([0..1] for floats or [0..255] for integers). Got range [-2.117904..2.64].
2025-05-24 21:01:40,475 - matplotlib.image - WARNING - Clipping input data to the valid range for imshow with RGB data ([0..1] for floats or [0..255] for integers). Got range [-2.117904..109.04903].
2025-05-24 21:01:40,477 - matplotlib.image - WARNING - Clipping input data to the valid range for imshow with RGB data ([0..1] for floats or [0..255] for integers). Got range [-2.117904..109.04903].
2025-05-24 21:01:40,735 - matplotlib.image - WARNING - Clipping input data to the valid range for imshow with RGB data ([0..1] for floats or [0..255] for integers). Got range [-2.117904..2.64].
2025-05-24 21:01:40,736 - matplotlib.image - WARNING - Clipping input data to the valid range for imshow with RGB data ([0..1] for floats or [0..255] for integers). Got range [-2.117904..109.056].
2025-05-24 21:01:40,738 - matplotlib.image - WARNING - Clipping input data to the valid range for imshow with RGB data ([0..1] for floats or [0..255] for integers). Got range [-2.117904..109.04205].
2025-05-24 21:01:41,132 - matplotlib.image - WARNING - Clipping input data to the valid range for imshow with RGB data ([0..1] for floats or [0..255] for integers). Got range [-2.117904..2.64].
2025-05-24 21:01:41,133 - matplotlib.image - WARNING - Clipping input data to the valid range for imshow with RGB data ([0..1] for floats or [0..255] for integers). Got range [-2.117904..109.056].
2025-05-24 21:01:41,135 - matplotlib.image - WARNING - Clipping input data to the valid range for imshow with RGB data ([0..1] for floats or [0..255] for integers). Got range [-2.117904..109.04903].
2025-05-24 21:01:41,274 - matplotlib.image - WARNING - Clipping input data to the valid range for imshow with RGB data ([0..1] for floats or [0..255] for integers). Got range [-2.117904..2.64].
2025-05-24 21:01:41,275 - matplotlib.image - WARNING - Clipping input data to the valid range for imshow with RGB data ([0..1] for floats or [0..255] for integers). Got range [-2.117904..109.056].
2025-05-24 21:01:41,277 - matplotlib.image - WARNING - Clipping input data to the valid range for imshow with RGB data ([0..1] for floats or [0..255] for integers). Got range [-2.117904..109.056].
2025-05-24 21:01:41,693 - matplotlib.image - WARNING - Clipping input data to the valid range for imshow with RGB data ([0..1] for floats or [0..255] for integers). Got range [-2.0322802..2.64].
2025-05-24 21:01:41,695 - matplotlib.image - WARNING - Clipping input data to the valid range for imshow with RGB data ([0..1] for floats or [0..255] for integers). Got range [-2.0322802..109.04903].
2025-05-24 21:01:41,696 - matplotlib.image - WARNING - Clipping input data to the valid range for imshow with RGB data ([0..1] for floats or [0..255] for integers). Got range [-1.9980307..109.056].
2025-05-24 21:01:41,829 - matplotlib.image - WARNING - Clipping input data to the valid range for imshow with RGB data ([0..1] for floats or [0..255] for integers). Got range [-2.0836544..2.64].
2025-05-24 21:01:41,831 - matplotlib.image - WARNING - Clipping input data to the valid range for imshow with RGB data ([0..1] for floats or [0..255] for integers). Got range [-2.0836544..109.056].
2025-05-24 21:01:41,832 - matplotlib.image - WARNING - Clipping input data to the valid range for imshow with RGB data ([0..1] for floats or [0..255] for integers). Got range [-2.0836544..109.056].
2025-05-24 21:01:42,228 - matplotlib.image - WARNING - Clipping input data to the valid range for imshow with RGB data ([0..1] for floats or [0..255] for integers). Got range [-2.0322802..2.64].
2025-05-24 21:01:42,229 - matplotlib.image - WARNING - Clipping input data to the valid range for imshow with RGB data ([0..1] for floats or [0..255] for integers). Got range [-2.0322802..109.04903].
2025-05-24 21:01:42,231 - matplotlib.image - WARNING - Clipping input data to the valid range for imshow with RGB data ([0..1] for floats or [0..255] for integers). Got range [-1.980906..109.04903].
2025-05-24 21:01:42,359 - matplotlib.image - WARNING - Clipping input data to the valid range for imshow with RGB data ([0..1] for floats or [0..255] for integers). Got range [-2.0665298..2.64].
2025-05-24 21:01:42,360 - matplotlib.image - WARNING - Clipping input data to the valid range for imshow with RGB data ([0..1] for floats or [0..255] for integers). Got range [-2.0494049..109.04903].
2025-05-24 21:01:42,362 - matplotlib.image - WARNING - Clipping input data to the valid range for imshow with RGB data ([0..1] for floats or [0..255] for integers). Got range [-2.0494049..109.04205].
2025-05-24 21:01:42,758 - matplotlib.image - WARNING - Clipping input data to the valid range for imshow with RGB data ([0..1] for floats or [0..255] for integers). Got range [-2.0665298..2.64].
2025-05-24 21:01:42,759 - matplotlib.image - WARNING - Clipping input data to the valid range for imshow with RGB data ([0..1] for floats or [0..255] for integers). Got range [-2.0494049..109.056].
2025-05-24 21:01:42,761 - matplotlib.image - WARNING - Clipping input data to the valid range for imshow with RGB data ([0..1] for floats or [0..255] for integers). Got range [-1.9481792..109.056].
2025-05-24 21:01:42,886 - matplotlib.image - WARNING - Clipping input data to the valid range for imshow with RGB data ([0..1] for floats or [0..255] for integers). Got range [-2.0322802..2.64].
2025-05-24 21:01:42,887 - matplotlib.image - WARNING - Clipping input data to the valid range for imshow with RGB data ([0..1] for floats or [0..255] for integers). Got range [-1.9637812..109.056].
2025-05-24 21:01:42,888 - matplotlib.image - WARNING - Clipping input data to the valid range for imshow with RGB data ([0..1] for floats or [0..255] for integers). Got range [-1.9637812..109.056].
2025-05-24 21:01:43,286 - matplotlib.image - WARNING - Clipping input data to the valid range for imshow with RGB data ([0..1] for floats or [0..255] for integers). Got range [-1.980906..2.64].
2025-05-24 21:01:43,287 - matplotlib.image - WARNING - Clipping input data to the valid range for imshow with RGB data ([0..1] for floats or [0..255] for integers). Got range [-1.9466565..109.056].
2025-05-24 21:01:43,289 - matplotlib.image - WARNING - Clipping input data to the valid range for imshow with RGB data ([0..1] for floats or [0..255] for integers). Got range [-1.9466565..109.056].
2025-05-24 21:01:43,421 - matplotlib.image - WARNING - Clipping input data to the valid range for imshow with RGB data ([0..1] for floats or [0..255] for integers). Got range [-1.980906..2.64].
2025-05-24 21:01:43,422 - matplotlib.image - WARNING - Clipping input data to the valid range for imshow with RGB data ([0..1] for floats or [0..255] for integers). Got range [-1.8781574..109.056].
2025-05-24 21:01:43,533 - matplotlib.image - WARNING - Clipping input data to the valid range for imshow with RGB data ([0..1] for floats or [0..255] for integers). Got range [-1.9295317..109.056].
2025-05-24 21:01:43,926 - matplotlib.image - WARNING - Clipping input data to the valid range for imshow with RGB data ([0..1] for floats or [0..255] for integers). Got range [-1.9466565..2.5877128].
2025-05-24 21:01:43,928 - matplotlib.image - WARNING - Clipping input data to the valid range for imshow with RGB data ([0..1] for floats or [0..255] for integers). Got range [-1.9466565..109.03509].
2025-05-24 21:01:43,929 - matplotlib.image - WARNING - Clipping input data to the valid range for imshow with RGB data ([0..1] for floats or [0..255] for integers). Got range [-1.9466565..109.028114].
2025-05-24 21:01:44,079 - matplotlib.image - WARNING - Clipping input data to the valid range for imshow with RGB data ([0..1] for floats or [0..255] for integers). Got range [-1.9980307..2.5702832].
2025-05-24 21:01:44,080 - matplotlib.image - WARNING - Clipping input data to the valid range for imshow with RGB data ([0..1] for floats or [0..255] for integers). Got range [-1.9124069..109.028114].
2025-05-24 21:01:44,082 - matplotlib.image - WARNING - Clipping input data to the valid range for imshow with RGB data ([0..1] for floats or [0..255] for integers). Got range [-1.9980307..109.028114].
2025-05-24 21:01:44,494 - matplotlib.image - WARNING - Clipping input data to the valid range for imshow with RGB data ([0..1] for floats or [0..255] for integers). Got range [-1.980906..2.5528543].
2025-05-24 21:01:44,495 - matplotlib.image - WARNING - Clipping input data to the valid range for imshow with RGB data ([0..1] for floats or [0..255] for integers). Got range [-1.9295317..109.02114].
2025-05-24 21:01:44,497 - matplotlib.image - WARNING - Clipping input data to the valid range for imshow with RGB data ([0..1] for floats or [0..255] for integers). Got range [-1.980906..109.02114].
2025-05-24 21:01:44,653 - matplotlib.image - WARNING - Clipping input data to the valid range for imshow with RGB data ([0..1] for floats or [0..255] for integers). Got range [-1.980906..2.5877128].
2025-05-24 21:01:44,654 - matplotlib.image - WARNING - Clipping input data to the valid range for imshow with RGB data ([0..1] for floats or [0..255] for integers). Got range [-1.8781574..109.028114].
2025-05-24 21:01:44,656 - matplotlib.image - WARNING - Clipping input data to the valid range for imshow with RGB data ([0..1] for floats or [0..255] for integers). Got range [-1.980906..109.03509].
2025-05-24 21:01:45,078 - matplotlib.image - WARNING - Clipping input data to the valid range for imshow with RGB data ([0..1] for floats or [0..255] for integers). Got range [-1.9980307..2.5877128].
2025-05-24 21:01:45,079 - matplotlib.image - WARNING - Clipping input data to the valid range for imshow with RGB data ([0..1] for floats or [0..255] for integers). Got range [-1.9637812..109.03509].
2025-05-24 21:01:45,081 - matplotlib.image - WARNING - Clipping input data to the valid range for imshow with RGB data ([0..1] for floats or [0..255] for integers). Got range [-1.9980307..109.02114].
2025-05-24 21:01:45,231 - matplotlib.image - WARNING - Clipping input data to the valid range for imshow with RGB data ([0..1] for floats or [0..255] for integers). Got range [-1.980906..2.622571].
2025-05-24 21:01:45,232 - matplotlib.image - WARNING - Clipping input data to the valid range for imshow with RGB data ([0..1] for floats or [0..255] for integers). Got range [-1.9637812..109.04205].
2025-05-24 21:01:45,234 - matplotlib.image - WARNING - Clipping input data to the valid range for imshow with RGB data ([0..1] for floats or [0..255] for integers). Got range [-1.9637812..109.028114].
2025-05-24 21:01:45,672 - matplotlib.image - WARNING - Clipping input data to the valid range for imshow with RGB data ([0..1] for floats or [0..255] for integers). Got range [-1.980906..2.5877128].
2025-05-24 21:01:45,673 - matplotlib.image - WARNING - Clipping input data to the valid range for imshow with RGB data ([0..1] for floats or [0..255] for integers). Got range [-1.980906..109.02114].
2025-05-24 21:01:45,674 - matplotlib.image - WARNING - Clipping input data to the valid range for imshow with RGB data ([0..1] for floats or [0..255] for integers). Got range [-1.980906..109.03509].
2025-05-24 21:01:45,836 - matplotlib.image - WARNING - Clipping input data to the valid range for imshow with RGB data ([0..1] for floats or [0..255] for integers). Got range [-1.9980307..2.6051416].
2025-05-24 21:01:45,838 - matplotlib.image - WARNING - Clipping input data to the valid range for imshow with RGB data ([0..1] for floats or [0..255] for integers). Got range [-1.9980307..109.0072].
2025-05-24 21:01:45,840 - matplotlib.image - WARNING - Clipping input data to the valid range for imshow with RGB data ([0..1] for floats or [0..255] for integers). Got range [-1.9980307..109.03509].
2025-05-24 21:01:46,245 - matplotlib.image - WARNING - Clipping input data to the valid range for imshow with RGB data ([0..1] for floats or [0..255] for integers). Got range [-1.9980307..2.5877128].
2025-05-24 21:01:46,247 - matplotlib.image - WARNING - Clipping input data to the valid range for imshow with RGB data ([0..1] for floats or [0..255] for integers). Got range [-1.9980307..109.02114].
2025-05-24 21:01:46,248 - matplotlib.image - WARNING - Clipping input data to the valid range for imshow with RGB data ([0..1] for floats or [0..255] for integers). Got range [-1.9980307..109.03509].
2025-05-24 21:01:46,408 - matplotlib.image - WARNING - Clipping input data to the valid range for imshow with RGB data ([0..1] for floats or [0..255] for integers). Got range [-1.9980307..2.6051416].
2025-05-24 21:01:46,409 - matplotlib.image - WARNING - Clipping input data to the valid range for imshow with RGB data ([0..1] for floats or [0..255] for integers). Got range [-1.980906..109.03509].
2025-05-24 21:01:46,411 - matplotlib.image - WARNING - Clipping input data to the valid range for imshow with RGB data ([0..1] for floats or [0..255] for integers). Got range [-1.9980307..109.028114].
2025-05-24 21:01:46,815 - matplotlib.image - WARNING - Clipping input data to the valid range for imshow with RGB data ([0..1] for floats or [0..255] for integers). Got range [-2.0151556..2.622571].
2025-05-24 21:01:46,816 - matplotlib.image - WARNING - Clipping input data to the valid range for imshow with RGB data ([0..1] for floats or [0..255] for integers). Got range [-2.0151556..109.0072].
2025-05-24 21:01:46,818 - matplotlib.image - WARNING - Clipping input data to the valid range for imshow with RGB data ([0..1] for floats or [0..255] for integers). Got range [-2.0151556..109.02114].
2025-05-24 21:01:47,099 - matplotlib.image - WARNING - Clipping input data to the valid range for imshow with RGB data ([0..1] for floats or [0..255] for integers). Got range [-1.9980307..2.6051416].
2025-05-24 21:01:47,101 - matplotlib.image - WARNING - Clipping input data to the valid range for imshow with RGB data ([0..1] for floats or [0..255] for integers). Got range [-1.9980307..109.04205].
2025-05-24 21:01:47,102 - matplotlib.image - WARNING - Clipping input data to the valid range for imshow with RGB data ([0..1] for floats or [0..255] for integers). Got range [-1.9980307..109.0072].
2025-05-24 21:01:47,519 - matplotlib.image - WARNING - Clipping input data to the valid range for imshow with RGB data ([0..1] for floats or [0..255] for integers). Got range [-1.9637812..2.5877128].
2025-05-24 21:01:47,520 - matplotlib.image - WARNING - Clipping input data to the valid range for imshow with RGB data ([0..1] for floats or [0..255] for integers). Got range [-1.9637812..109.028114].
2025-05-24 21:01:47,522 - matplotlib.image - WARNING - Clipping input data to the valid range for imshow with RGB data ([0..1] for floats or [0..255] for integers). Got range [-1.9637812..109.03509].
2025-05-24 21:01:47,675 - matplotlib.image - WARNING - Clipping input data to the valid range for imshow with RGB data ([0..1] for floats or [0..255] for integers). Got range [-1.9637812..2.6051416].
2025-05-24 21:01:47,677 - matplotlib.image - WARNING - Clipping input data to the valid range for imshow with RGB data ([0..1] for floats or [0..255] for integers). Got range [-1.9637812..109.03509].
2025-05-24 21:01:47,678 - matplotlib.image - WARNING - Clipping input data to the valid range for imshow with RGB data ([0..1] for floats or [0..255] for integers). Got range [-1.9637812..109.02114].
2025-05-24 21:01:48,089 - matplotlib.image - WARNING - Clipping input data to the valid range for imshow with RGB data ([0..1] for floats or [0..255] for integers). Got range [-1.9637812..2.5702832].
2025-05-24 21:01:48,090 - matplotlib.image - WARNING - Clipping input data to the valid range for imshow with RGB data ([0..1] for floats or [0..255] for integers). Got range [-1.9637812..109.028114].
2025-05-24 21:01:48,092 - matplotlib.image - WARNING - Clipping input data to the valid range for imshow with RGB data ([0..1] for floats or [0..255] for integers). Got range [-1.9637812..109.028114].
2025-05-24 21:01:48,246 - matplotlib.image - WARNING - Clipping input data to the valid range for imshow with RGB data ([0..1] for floats or [0..255] for integers). Got range [-1.9980307..2.622571].
2025-05-24 21:01:48,247 - matplotlib.image - WARNING - Clipping input data to the valid range for imshow with RGB data ([0..1] for floats or [0..255] for integers). Got range [-1.9980307..109.02114].
2025-05-24 21:01:48,249 - matplotlib.image - WARNING - Clipping input data to the valid range for imshow with RGB data ([0..1] for floats or [0..255] for integers). Got range [-1.9980307..109.04205].
2025-05-24 21:01:48,658 - matplotlib.image - WARNING - Clipping input data to the valid range for imshow with RGB data ([0..1] for floats or [0..255] for integers). Got range [-1.9637812..2.6051416].
2025-05-24 21:01:48,659 - matplotlib.image - WARNING - Clipping input data to the valid range for imshow with RGB data ([0..1] for floats or [0..255] for integers). Got range [-1.9637812..109.028114].
2025-05-24 21:01:48,661 - matplotlib.image - WARNING - Clipping input data to the valid range for imshow with RGB data ([0..1] for floats or [0..255] for integers). Got range [-1.9637812..109.04205].
2025-05-24 21:01:48,816 - matplotlib.image - WARNING - Clipping input data to the valid range for imshow with RGB data ([0..1] for floats or [0..255] for integers). Got range [-1.980906..2.5702832].
2025-05-24 21:01:48,818 - matplotlib.image - WARNING - Clipping input data to the valid range for imshow with RGB data ([0..1] for floats or [0..255] for integers). Got range [-1.9637812..109.028114].
2025-05-24 21:01:48,819 - matplotlib.image - WARNING - Clipping input data to the valid range for imshow with RGB data ([0..1] for floats or [0..255] for integers). Got range [-1.980906..109.02114].
2025-05-24 21:01:49,264 - matplotlib.image - WARNING - Clipping input data to the valid range for imshow with RGB data ([0..1] for floats or [0..255] for integers). Got range [-1.980906..2.5179958].
2025-05-24 21:01:49,266 - matplotlib.image - WARNING - Clipping input data to the valid range for imshow with RGB data ([0..1] for floats or [0..255] for integers). Got range [-1.9466565..109.0072].
2025-05-24 21:01:49,268 - matplotlib.image - WARNING - Clipping input data to the valid range for imshow with RGB data ([0..1] for floats or [0..255] for integers). Got range [-1.980906..109.0072].
2025-05-24 21:01:49,425 - matplotlib.image - WARNING - Clipping input data to the valid range for imshow with RGB data ([0..1] for floats or [0..255] for integers). Got range [-1.9980307..2.6051416].
2025-05-24 21:01:49,426 - matplotlib.image - WARNING - Clipping input data to the valid range for imshow with RGB data ([0..1] for floats or [0..255] for integers). Got range [-1.9466565..109.01417].
2025-05-24 21:01:49,427 - matplotlib.image - WARNING - Clipping input data to the valid range for imshow with RGB data ([0..1] for floats or [0..255] for integers). Got range [-1.9980307..109.04205].
2025-05-24 21:01:49,845 - matplotlib.image - WARNING - Clipping input data to the valid range for imshow with RGB data ([0..1] for floats or [0..255] for integers). Got range [-2.117904..2.5702832].
2025-05-24 21:01:49,846 - matplotlib.image - WARNING - Clipping input data to the valid range for imshow with RGB data ([0..1] for floats or [0..255] for integers). Got range [-2.117904..109.0072].
2025-05-24 21:01:49,848 - matplotlib.image - WARNING - Clipping input data to the valid range for imshow with RGB data ([0..1] for floats or [0..255] for integers). Got range [-2.117904..108.75622].
2025-05-24 21:01:50,011 - matplotlib.image - WARNING - Clipping input data to the valid range for imshow with RGB data ([0..1] for floats or [0..255] for integers). Got range [-2.117904..2.64].
2025-05-24 21:01:50,012 - matplotlib.image - WARNING - Clipping input data to the valid range for imshow with RGB data ([0..1] for floats or [0..255] for integers). Got range [-2.117904..109.01417].
2025-05-24 21:01:50,122 - matplotlib.image - WARNING - Clipping input data to the valid range for imshow with RGB data ([0..1] for floats or [0..255] for integers). Got range [-2.117904..108.89565].
2025-05-24 21:01:50,559 - matplotlib.image - WARNING - Clipping input data to the valid range for imshow with RGB data ([0..1] for floats or [0..255] for integers). Got range [-2.117904..2.622571].
2025-05-24 21:01:50,560 - matplotlib.image - WARNING - Clipping input data to the valid range for imshow with RGB data ([0..1] for floats or [0..255] for integers). Got range [-2.117904..108.98628].
2025-05-24 21:01:50,561 - matplotlib.image - WARNING - Clipping input data to the valid range for imshow with RGB data ([0..1] for floats or [0..255] for integers). Got range [-2.117904..108.76319].
2025-05-24 21:01:50,722 - matplotlib.image - WARNING - Clipping input data to the valid range for imshow with RGB data ([0..1] for floats or [0..255] for integers). Got range [-2.117904..2.622571].
2025-05-24 21:01:50,724 - matplotlib.image - WARNING - Clipping input data to the valid range for imshow with RGB data ([0..1] for floats or [0..255] for integers). Got range [-2.117904..109.00023].
2025-05-24 21:01:50,725 - matplotlib.image - WARNING - Clipping input data to the valid range for imshow with RGB data ([0..1] for floats or [0..255] for integers). Got range [-2.117904..108.76319].
2025-05-24 21:01:51,145 - matplotlib.image - WARNING - Clipping input data to the valid range for imshow with RGB data ([0..1] for floats or [0..255] for integers). Got range [-2.117904..2.6051416].
2025-05-24 21:01:51,146 - matplotlib.image - WARNING - Clipping input data to the valid range for imshow with RGB data ([0..1] for floats or [0..255] for integers). Got range [-2.117904..109.03509].
2025-05-24 21:01:51,149 - matplotlib.image - WARNING - Clipping input data to the valid range for imshow with RGB data ([0..1] for floats or [0..255] for integers). Got range [-2.117904..108.770164].
2025-05-24 21:01:51,312 - matplotlib.image - WARNING - Clipping input data to the valid range for imshow with RGB data ([0..1] for floats or [0..255] for integers). Got range [-2.117904..2.64].
2025-05-24 21:01:51,313 - matplotlib.image - WARNING - Clipping input data to the valid range for imshow with RGB data ([0..1] for floats or [0..255] for integers). Got range [-2.117904..109.01417].
2025-05-24 21:01:51,315 - matplotlib.image - WARNING - Clipping input data to the valid range for imshow with RGB data ([0..1] for floats or [0..255] for integers). Got range [-2.117904..108.77713].
2025-05-24 21:01:51,678 - matplotlib.image - WARNING - Clipping input data to the valid range for imshow with RGB data ([0..1] for floats or [0..255] for integers). Got range [-2.117904..2.64].
2025-05-24 21:01:51,679 - matplotlib.image - WARNING - Clipping input data to the valid range for imshow with RGB data ([0..1] for floats or [0..255] for integers). Got range [-2.117904..109.056].
2025-05-24 21:01:51,681 - matplotlib.image - WARNING - Clipping input data to the valid range for imshow with RGB data ([0..1] for floats or [0..255] for integers). Got range [-2.117904..109.04205].
2025-05-24 21:01:51,825 - matplotlib.image - WARNING - Clipping input data to the valid range for imshow with RGB data ([0..1] for floats or [0..255] for integers). Got range [-2.117904..2.622571].
2025-05-24 21:01:51,827 - matplotlib.image - WARNING - Clipping input data to the valid range for imshow with RGB data ([0..1] for floats or [0..255] for integers). Got range [-2.117904..109.04903].
2025-05-24 21:01:51,828 - matplotlib.image - WARNING - Clipping input data to the valid range for imshow with RGB data ([0..1] for floats or [0..255] for integers). Got range [-2.117904..109.04205].
2025-05-24 21:01:52,167 - matplotlib.image - WARNING - Clipping input data to the valid range for imshow with RGB data ([0..1] for floats or [0..255] for integers). Got range [-2.117904..2.64].
2025-05-24 21:01:52,169 - matplotlib.image - WARNING - Clipping input data to the valid range for imshow with RGB data ([0..1] for floats or [0..255] for integers). Got range [-2.117904..109.056].
2025-05-24 21:01:52,170 - matplotlib.image - WARNING - Clipping input data to the valid range for imshow with RGB data ([0..1] for floats or [0..255] for integers). Got range [-2.117904..108.97931].
2025-05-24 21:01:52,317 - matplotlib.image - WARNING - Clipping input data to the valid range for imshow with RGB data ([0..1] for floats or [0..255] for integers). Got range [-2.117904..2.64].
2025-05-24 21:01:52,318 - matplotlib.image - WARNING - Clipping input data to the valid range for imshow with RGB data ([0..1] for floats or [0..255] for integers). Got range [-2.117904..109.04903].
2025-05-24 21:01:52,320 - matplotlib.image - WARNING - Clipping input data to the valid range for imshow with RGB data ([0..1] for floats or [0..255] for integers). Got range [-2.117904..109.028114].
2025-05-24 21:01:52,681 - matplotlib.image - WARNING - Clipping input data to the valid range for imshow with RGB data ([0..1] for floats or [0..255] for integers). Got range [-2.117904..2.6051416].
2025-05-24 21:01:52,682 - matplotlib.image - WARNING - Clipping input data to the valid range for imshow with RGB data ([0..1] for floats or [0..255] for integers). Got range [-2.117904..109.04205].
2025-05-24 21:01:52,683 - matplotlib.image - WARNING - Clipping input data to the valid range for imshow with RGB data ([0..1] for floats or [0..255] for integers). Got range [-2.117904..108.86777].
2025-05-24 21:01:52,831 - matplotlib.image - WARNING - Clipping input data to the valid range for imshow with RGB data ([0..1] for floats or [0..255] for integers). Got range [-2.117904..2.622571].
2025-05-24 21:01:52,832 - matplotlib.image - WARNING - Clipping input data to the valid range for imshow with RGB data ([0..1] for floats or [0..255] for integers). Got range [-2.117904..109.04903].
2025-05-24 21:01:52,834 - matplotlib.image - WARNING - Clipping input data to the valid range for imshow with RGB data ([0..1] for floats or [0..255] for integers). Got range [-2.117904..108.84685].
2025-05-24 21:01:53,177 - matplotlib.image - WARNING - Clipping input data to the valid range for imshow with RGB data ([0..1] for floats or [0..255] for integers). Got range [-2.117904..2.622571].
2025-05-24 21:01:53,178 - matplotlib.image - WARNING - Clipping input data to the valid range for imshow with RGB data ([0..1] for floats or [0..255] for integers). Got range [-2.117904..109.04903].
2025-05-24 21:01:53,179 - matplotlib.image - WARNING - Clipping input data to the valid range for imshow with RGB data ([0..1] for floats or [0..255] for integers). Got range [-2.117904..108.9584].
2025-05-24 21:01:53,448 - matplotlib.image - WARNING - Clipping input data to the valid range for imshow with RGB data ([0..1] for floats or [0..255] for integers). Got range [-2.117904..2.64].
2025-05-24 21:01:53,449 - matplotlib.image - WARNING - Clipping input data to the valid range for imshow with RGB data ([0..1] for floats or [0..255] for integers). Got range [-2.117904..109.056].
2025-05-24 21:01:53,450 - matplotlib.image - WARNING - Clipping input data to the valid range for imshow with RGB data ([0..1] for floats or [0..255] for integers). Got range [-2.117904..108.993256].
2025-05-24 21:01:53,796 - matplotlib.image - WARNING - Clipping input data to the valid range for imshow with RGB data ([0..1] for floats or [0..255] for integers). Got range [-2.117904..2.6051416].
2025-05-24 21:01:53,797 - matplotlib.image - WARNING - Clipping input data to the valid range for imshow with RGB data ([0..1] for floats or [0..255] for integers). Got range [-2.117904..109.028114].
2025-05-24 21:01:53,800 - matplotlib.image - WARNING - Clipping input data to the valid range for imshow with RGB data ([0..1] for floats or [0..255] for integers). Got range [-2.117904..108.98628].
2025-05-24 21:01:53,944 - matplotlib.image - WARNING - Clipping input data to the valid range for imshow with RGB data ([0..1] for floats or [0..255] for integers). Got range [-2.117904..2.64].
2025-05-24 21:01:53,945 - matplotlib.image - WARNING - Clipping input data to the valid range for imshow with RGB data ([0..1] for floats or [0..255] for integers). Got range [-2.117904..109.056].
2025-05-24 21:01:53,946 - matplotlib.image - WARNING - Clipping input data to the valid range for imshow with RGB data ([0..1] for floats or [0..255] for integers). Got range [-2.117904..109.056].
2025-05-24 21:01:54,283 - matplotlib.image - WARNING - Clipping input data to the valid range for imshow with RGB data ([0..1] for floats or [0..255] for integers). Got range [-2.117904..2.6051416].
2025-05-24 21:01:54,284 - matplotlib.image - WARNING - Clipping input data to the valid range for imshow with RGB data ([0..1] for floats or [0..255] for integers). Got range [-2.117904..109.04205].
2025-05-24 21:01:54,285 - matplotlib.image - WARNING - Clipping input data to the valid range for imshow with RGB data ([0..1] for floats or [0..255] for integers). Got range [-2.117904..109.01417].
2025-05-24 21:01:54,429 - matplotlib.image - WARNING - Clipping input data to the valid range for imshow with RGB data ([0..1] for floats or [0..255] for integers). Got range [-2.117904..2.622571].
2025-05-24 21:01:54,430 - matplotlib.image - WARNING - Clipping input data to the valid range for imshow with RGB data ([0..1] for floats or [0..255] for integers). Got range [-2.117904..109.03509].
2025-05-24 21:01:54,432 - matplotlib.image - WARNING - Clipping input data to the valid range for imshow with RGB data ([0..1] for floats or [0..255] for integers). Got range [-2.117904..109.04903].
2025-05-24 21:01:54,773 - matplotlib.image - WARNING - Clipping input data to the valid range for imshow with RGB data ([0..1] for floats or [0..255] for integers). Got range [-1.9124069..2.186841].
2025-05-24 21:01:54,774 - matplotlib.image - WARNING - Clipping input data to the valid range for imshow with RGB data ([0..1] for floats or [0..255] for integers). Got range [-1.9124069..108.83291].
2025-05-24 21:01:54,777 - matplotlib.image - WARNING - Clipping input data to the valid range for imshow with RGB data ([0..1] for floats or [0..255] for integers). Got range [-1.9124069..108.87473].
2025-05-24 21:01:54,921 - matplotlib.image - WARNING - Clipping input data to the valid range for imshow with RGB data ([0..1] for floats or [0..255] for integers). Got range [-1.9295317..2.2391288].
2025-05-24 21:01:54,922 - matplotlib.image - WARNING - Clipping input data to the valid range for imshow with RGB data ([0..1] for floats or [0..255] for integers). Got range [-1.8781574..108.86777].
2025-05-24 21:01:54,924 - matplotlib.image - WARNING - Clipping input data to the valid range for imshow with RGB data ([0..1] for floats or [0..255] for integers). Got range [-1.9295317..108.89565].
2025-05-24 21:01:55,277 - matplotlib.image - WARNING - Clipping input data to the valid range for imshow with RGB data ([0..1] for floats or [0..255] for integers). Got range [-2.0151556..2.3262744].
2025-05-24 21:01:55,278 - matplotlib.image - WARNING - Clipping input data to the valid range for imshow with RGB data ([0..1] for floats or [0..255] for integers). Got range [-1.9980307..108.81199].
2025-05-24 21:01:55,280 - matplotlib.image - WARNING - Clipping input data to the valid range for imshow with RGB data ([0..1] for floats or [0..255] for integers). Got range [-2.0151556..108.93051].
2025-05-24 21:01:55,422 - matplotlib.image - WARNING - Clipping input data to the valid range for imshow with RGB data ([0..1] for floats or [0..255] for integers). Got range [-2.0151556..2.3785625].
2025-05-24 21:01:55,423 - matplotlib.image - WARNING - Clipping input data to the valid range for imshow with RGB data ([0..1] for floats or [0..255] for integers). Got range [-2.0151556..108.87473].
2025-05-24 21:01:55,425 - matplotlib.image - WARNING - Clipping input data to the valid range for imshow with RGB data ([0..1] for floats or [0..255] for integers). Got range [-2.0151556..108.95142].
2025-05-24 21:01:55,792 - matplotlib.image - WARNING - Clipping input data to the valid range for imshow with RGB data ([0..1] for floats or [0..255] for integers). Got range [-1.9466565..2.343704].
2025-05-24 21:01:55,793 - matplotlib.image - WARNING - Clipping input data to the valid range for imshow with RGB data ([0..1] for floats or [0..255] for integers). Got range [-1.9466565..108.937485].
2025-05-24 21:01:55,794 - matplotlib.image - WARNING - Clipping input data to the valid range for imshow with RGB data ([0..1] for floats or [0..255] for integers). Got range [-1.9466565..108.937485].
2025-05-24 21:01:55,948 - matplotlib.image - WARNING - Clipping input data to the valid range for imshow with RGB data ([0..1] for floats or [0..255] for integers). Got range [-1.9637812..2.3611329].
2025-05-24 21:01:55,949 - matplotlib.image - WARNING - Clipping input data to the valid range for imshow with RGB data ([0..1] for floats or [0..255] for integers). Got range [-1.9637812..108.90959].
2025-05-24 21:01:55,951 - matplotlib.image - WARNING - Clipping input data to the valid range for imshow with RGB data ([0..1] for floats or [0..255] for integers). Got range [-1.9637812..108.94445].
2025-05-24 21:01:56,446 - matplotlib.image - WARNING - Clipping input data to the valid range for imshow with RGB data ([0..1] for floats or [0..255] for integers). Got range [-1.9637812..2.3088455].
2025-05-24 21:01:56,447 - matplotlib.image - WARNING - Clipping input data to the valid range for imshow with RGB data ([0..1] for floats or [0..255] for integers). Got range [-1.8781574..108.92354].
2025-05-24 21:01:56,449 - matplotlib.image - WARNING - Clipping input data to the valid range for imshow with RGB data ([0..1] for floats or [0..255] for integers). Got range [-1.9637812..108.92354].
2025-05-24 21:01:56,595 - matplotlib.image - WARNING - Clipping input data to the valid range for imshow with RGB data ([0..1] for floats or [0..255] for integers). Got range [-1.980906..2.3262744].
2025-05-24 21:01:56,596 - matplotlib.image - WARNING - Clipping input data to the valid range for imshow with RGB data ([0..1] for floats or [0..255] for integers). Got range [-1.9295317..108.88868].
2025-05-24 21:01:56,598 - matplotlib.image - WARNING - Clipping input data to the valid range for imshow with RGB data ([0..1] for floats or [0..255] for integers). Got range [-1.980906..108.93051].
2025-05-24 21:01:56,973 - matplotlib.image - WARNING - Clipping input data to the valid range for imshow with RGB data ([0..1] for floats or [0..255] for integers). Got range [-1.843908..2.3262744].
2025-05-24 21:01:56,974 - matplotlib.image - WARNING - Clipping input data to the valid range for imshow with RGB data ([0..1] for floats or [0..255] for integers). Got range [-1.8267832..108.902626].
2025-05-24 21:01:56,976 - matplotlib.image - WARNING - Clipping input data to the valid range for imshow with RGB data ([0..1] for floats or [0..255] for integers). Got range [-1.843908..108.93051].
2025-05-24 21:01:57,140 - matplotlib.image - WARNING - Clipping input data to the valid range for imshow with RGB data ([0..1] for floats or [0..255] for integers). Got range [-1.8096584..2.2914162].
2025-05-24 21:01:57,141 - matplotlib.image - WARNING - Clipping input data to the valid range for imshow with RGB data ([0..1] for floats or [0..255] for integers). Got range [-1.8096584..108.89565].
2025-05-24 21:01:57,142 - matplotlib.image - WARNING - Clipping input data to the valid range for imshow with RGB data ([0..1] for floats or [0..255] for integers). Got range [-1.8096584..108.916565].
2025-05-24 21:01:57,542 - matplotlib.image - WARNING - Clipping input data to the valid range for imshow with RGB data ([0..1] for floats or [0..255] for integers). Got range [-1.7030813..2.186841].
2025-05-24 21:01:57,543 - matplotlib.image - WARNING - Clipping input data to the valid range for imshow with RGB data ([0..1] for floats or [0..255] for integers). Got range [-1.7030813..108.87473].
2025-05-24 21:01:57,545 - matplotlib.image - WARNING - Clipping input data to the valid range for imshow with RGB data ([0..1] for floats or [0..255] for integers). Got range [-1.4929972..108.87473].
2025-05-24 21:01:57,704 - matplotlib.image - WARNING - Clipping input data to the valid range for imshow with RGB data ([0..1] for floats or [0..255] for integers). Got range [-1.6855742..2.186841].
2025-05-24 21:01:57,705 - matplotlib.image - WARNING - Clipping input data to the valid range for imshow with RGB data ([0..1] for floats or [0..255] for integers). Got range [-1.6855742..108.83291].
2025-05-24 21:01:57,707 - matplotlib.image - WARNING - Clipping input data to the valid range for imshow with RGB data ([0..1] for floats or [0..255] for integers). Got range [-1.5105042..108.87473].
2025-05-24 21:01:58,112 - matplotlib.image - WARNING - Clipping input data to the valid range for imshow with RGB data ([0..1] for floats or [0..255] for integers). Got range [-2.1007793..2.64].
2025-05-24 21:01:58,113 - matplotlib.image - WARNING - Clipping input data to the valid range for imshow with RGB data ([0..1] for floats or [0..255] for integers). Got range [-2.1007793..109.056].
2025-05-24 21:01:58,114 - matplotlib.image - WARNING - Clipping input data to the valid range for imshow with RGB data ([0..1] for floats or [0..255] for integers). Got range [-2.1007793..153.69406].
2025-05-24 21:01:58,256 - matplotlib.image - WARNING - Clipping input data to the valid range for imshow with RGB data ([0..1] for floats or [0..255] for integers). Got range [-2.117904..2.64].
2025-05-24 21:01:58,257 - matplotlib.image - WARNING - Clipping input data to the valid range for imshow with RGB data ([0..1] for floats or [0..255] for integers). Got range [-2.0836544..109.056].
2025-05-24 21:01:58,259 - matplotlib.image - WARNING - Clipping input data to the valid range for imshow with RGB data ([0..1] for floats or [0..255] for integers). Got range [-2.0836544..153.63927].
2025-05-24 21:01:58,659 - matplotlib.image - WARNING - Clipping input data to the valid range for imshow with RGB data ([0..1] for floats or [0..255] for integers). Got range [-2.0836544..2.5702832].
2025-05-24 21:01:58,660 - matplotlib.image - WARNING - Clipping input data to the valid range for imshow with RGB data ([0..1] for floats or [0..255] for integers). Got range [-2.0836544..109.01417].
2025-05-24 21:01:58,662 - matplotlib.image - WARNING - Clipping input data to the valid range for imshow with RGB data ([0..1] for floats or [0..255] for integers). Got range [-2.0836544..153.44746].
2025-05-24 21:01:58,809 - matplotlib.image - WARNING - Clipping input data to the valid range for imshow with RGB data ([0..1] for floats or [0..255] for integers). Got range [-2.117904..2.5702832].
2025-05-24 21:01:58,810 - matplotlib.image - WARNING - Clipping input data to the valid range for imshow with RGB data ([0..1] for floats or [0..255] for integers). Got range [-2.0665298..109.02114].
2025-05-24 21:01:58,811 - matplotlib.image - WARNING - Clipping input data to the valid range for imshow with RGB data ([0..1] for floats or [0..255] for integers). Got range [-2.1007793..153.46802].
2025-05-24 21:01:59,215 - matplotlib.image - WARNING - Clipping input data to the valid range for imshow with RGB data ([0..1] for floats or [0..255] for integers). Got range [-2.117904..2.622571].
2025-05-24 21:01:59,217 - matplotlib.image - WARNING - Clipping input data to the valid range for imshow with RGB data ([0..1] for floats or [0..255] for integers). Got range [-2.117904..108.97931].
2025-05-24 21:01:59,218 - matplotlib.image - WARNING - Clipping input data to the valid range for imshow with RGB data ([0..1] for floats or [0..255] for integers). Got range [-2.0836544..153.35841].
2025-05-24 21:01:59,480 - matplotlib.image - WARNING - Clipping input data to the valid range for imshow with RGB data ([0..1] for floats or [0..255] for integers). Got range [-2.117904..2.5877128].
2025-05-24 21:01:59,481 - matplotlib.image - WARNING - Clipping input data to the valid range for imshow with RGB data ([0..1] for floats or [0..255] for integers). Got range [-2.117904..109.00023].
2025-05-24 21:01:59,483 - matplotlib.image - WARNING - Clipping input data to the valid range for imshow with RGB data ([0..1] for floats or [0..255] for integers). Got range [-2.1007793..153.37212].
2025-05-24 21:01:59,892 - matplotlib.image - WARNING - Clipping input data to the valid range for imshow with RGB data ([0..1] for floats or [0..255] for integers). Got range [-2.117904..2.5702832].
2025-05-24 21:01:59,893 - matplotlib.image - WARNING - Clipping input data to the valid range for imshow with RGB data ([0..1] for floats or [0..255] for integers). Got range [-2.0665298..108.9584].
2025-05-24 21:01:59,894 - matplotlib.image - WARNING - Clipping input data to the valid range for imshow with RGB data ([0..1] for floats or [0..255] for integers). Got range [-2.0836544..153.48172].
2025-05-24 21:02:00,045 - matplotlib.image - WARNING - Clipping input data to the valid range for imshow with RGB data ([0..1] for floats or [0..255] for integers). Got range [-2.117904..2.5528543].
2025-05-24 21:02:00,046 - matplotlib.image - WARNING - Clipping input data to the valid range for imshow with RGB data ([0..1] for floats or [0..255] for integers). Got range [-2.117904..108.9584].
2025-05-24 21:02:00,048 - matplotlib.image - WARNING - Clipping input data to the valid range for imshow with RGB data ([0..1] for floats or [0..255] for integers). Got range [-2.117904..153.46117].
2025-05-24 21:02:00,461 - matplotlib.image - WARNING - Clipping input data to the valid range for imshow with RGB data ([0..1] for floats or [0..255] for integers). Got range [-2.117904..2.5528543].
2025-05-24 21:02:00,462 - matplotlib.image - WARNING - Clipping input data to the valid range for imshow with RGB data ([0..1] for floats or [0..255] for integers). Got range [-2.117904..108.96537].
2025-05-24 21:02:00,464 - matplotlib.image - WARNING - Clipping input data to the valid range for imshow with RGB data ([0..1] for floats or [0..255] for integers). Got range [-2.0836544..153.44746].
2025-05-24 21:02:00,606 - matplotlib.image - WARNING - Clipping input data to the valid range for imshow with RGB data ([0..1] for floats or [0..255] for integers). Got range [-2.117904..2.5179958].
2025-05-24 21:02:00,607 - matplotlib.image - WARNING - Clipping input data to the valid range for imshow with RGB data ([0..1] for floats or [0..255] for integers). Got range [-2.117904..108.9584].
2025-05-24 21:02:00,609 - matplotlib.image - WARNING - Clipping input data to the valid range for imshow with RGB data ([0..1] for floats or [0..255] for integers). Got range [-2.0836544..153.50227].
2025-05-24 21:02:01,011 - matplotlib.image - WARNING - Clipping input data to the valid range for imshow with RGB data ([0..1] for floats or [0..255] for integers). Got range [-2.117904..2.5005665].
2025-05-24 21:02:01,012 - matplotlib.image - WARNING - Clipping input data to the valid range for imshow with RGB data ([0..1] for floats or [0..255] for integers). Got range [-2.117904..108.95142].
2025-05-24 21:02:01,013 - matplotlib.image - WARNING - Clipping input data to the valid range for imshow with RGB data ([0..1] for floats or [0..255] for integers). Got range [-2.1007793..153.43378].
2025-05-24 21:02:01,164 - matplotlib.image - WARNING - Clipping input data to the valid range for imshow with RGB data ([0..1] for floats or [0..255] for integers). Got range [-2.117904..2.4482791].
2025-05-24 21:02:01,165 - matplotlib.image - WARNING - Clipping input data to the valid range for imshow with RGB data ([0..1] for floats or [0..255] for integers). Got range [-2.117904..108.95142].
2025-05-24 21:02:01,167 - matplotlib.image - WARNING - Clipping input data to the valid range for imshow with RGB data ([0..1] for floats or [0..255] for integers). Got range [-2.1007793..153.44061].
2025-05-24 21:02:01,566 - matplotlib.image - WARNING - Clipping input data to the valid range for imshow with RGB data ([0..1] for floats or [0..255] for integers). Got range [-2.117904..2.535425].
2025-05-24 21:02:01,567 - matplotlib.image - WARNING - Clipping input data to the valid range for imshow with RGB data ([0..1] for floats or [0..255] for integers). Got range [-2.117904..108.95142].
2025-05-24 21:02:01,568 - matplotlib.image - WARNING - Clipping input data to the valid range for imshow with RGB data ([0..1] for floats or [0..255] for integers). Got range [-2.0836544..153.44746].
2025-05-24 21:02:01,721 - matplotlib.image - WARNING - Clipping input data to the valid range for imshow with RGB data ([0..1] for floats or [0..255] for integers). Got range [-2.117904..2.5005665].
2025-05-24 21:02:01,722 - matplotlib.image - WARNING - Clipping input data to the valid range for imshow with RGB data ([0..1] for floats or [0..255] for integers). Got range [-2.117904..108.95142].
2025-05-24 21:02:01,724 - matplotlib.image - WARNING - Clipping input data to the valid range for imshow with RGB data ([0..1] for floats or [0..255] for integers). Got range [-2.0836544..153.33788].
2025-05-24 21:02:02,125 - matplotlib.image - WARNING - Clipping input data to the valid range for imshow with RGB data ([0..1] for floats or [0..255] for integers). Got range [-1.4329139..2.6051416].
2025-05-24 21:02:02,126 - matplotlib.image - WARNING - Clipping input data to the valid range for imshow with RGB data ([0..1] for floats or [0..255] for integers). Got range [-1.4329139..109.04205].
2025-05-24 21:02:02,128 - matplotlib.image - WARNING - Clipping input data to the valid range for imshow with RGB data ([0..1] for floats or [0..255] for integers). Got range [-1.4329139..108.902626].
2025-05-24 21:02:02,399 - matplotlib.image - WARNING - Clipping input data to the valid range for imshow with RGB data ([0..1] for floats or [0..255] for integers). Got range [-1.5699118..2.6051416].
2025-05-24 21:02:02,401 - matplotlib.image - WARNING - Clipping input data to the valid range for imshow with RGB data ([0..1] for floats or [0..255] for integers). Got range [-1.5699118..109.04205].
2025-05-24 21:02:02,402 - matplotlib.image - WARNING - Clipping input data to the valid range for imshow with RGB data ([0..1] for floats or [0..255] for integers). Got range [-1.5699118..108.902626].
2025-05-24 21:02:02,858 - matplotlib.image - WARNING - Clipping input data to the valid range for imshow with RGB data ([0..1] for floats or [0..255] for integers). Got range [-1.5014129..2.6051416].
2025-05-24 21:02:02,859 - matplotlib.image - WARNING - Clipping input data to the valid range for imshow with RGB data ([0..1] for floats or [0..255] for integers). Got range [-1.5014129..109.04205].
2025-05-24 21:02:02,861 - matplotlib.image - WARNING - Clipping input data to the valid range for imshow with RGB data ([0..1] for floats or [0..255] for integers). Got range [-1.5014129..108.93051].
2025-05-24 21:02:03,017 - matplotlib.image - WARNING - Clipping input data to the valid range for imshow with RGB data ([0..1] for floats or [0..255] for integers). Got range [-1.5356624..2.6051416].
2025-05-24 21:02:03,018 - matplotlib.image - WARNING - Clipping input data to the valid range for imshow with RGB data ([0..1] for floats or [0..255] for integers). Got range [-1.5356624..109.04205].
2025-05-24 21:02:03,021 - matplotlib.image - WARNING - Clipping input data to the valid range for imshow with RGB data ([0..1] for floats or [0..255] for integers). Got range [-1.5356624..108.95142].
2025-05-24 21:02:03,434 - matplotlib.image - WARNING - Clipping input data to the valid range for imshow with RGB data ([0..1] for floats or [0..255] for integers). Got range [-1.1760426..2.6051416].
2025-05-24 21:02:03,435 - matplotlib.image - WARNING - Clipping input data to the valid range for imshow with RGB data ([0..1] for floats or [0..255] for integers). Got range [-1.1760426..109.04205].
2025-05-24 21:02:03,437 - matplotlib.image - WARNING - Clipping input data to the valid range for imshow with RGB data ([0..1] for floats or [0..255] for integers). Got range [-1.1760426..108.97234].
2025-05-24 21:02:03,589 - matplotlib.image - WARNING - Clipping input data to the valid range for imshow with RGB data ([0..1] for floats or [0..255] for integers). Got range [-1.1931673..2.6051416].
2025-05-24 21:02:03,590 - matplotlib.image - WARNING - Clipping input data to the valid range for imshow with RGB data ([0..1] for floats or [0..255] for integers). Got range [-1.1931673..109.03509].
2025-05-24 21:02:03,592 - matplotlib.image - WARNING - Clipping input data to the valid range for imshow with RGB data ([0..1] for floats or [0..255] for integers). Got range [-1.1931673..108.97234].
2025-05-24 21:02:04,007 - matplotlib.image - WARNING - Clipping input data to the valid range for imshow with RGB data ([0..1] for floats or [0..255] for integers). Got range [-1.6555357..2.5877128].
2025-05-24 21:02:04,008 - matplotlib.image - WARNING - Clipping input data to the valid range for imshow with RGB data ([0..1] for floats or [0..255] for integers). Got range [-1.6555357..109.03509].
2025-05-24 21:02:04,009 - matplotlib.image - WARNING - Clipping input data to the valid range for imshow with RGB data ([0..1] for floats or [0..255] for integers). Got range [-1.6555357..108.97931].
2025-05-24 21:02:04,161 - matplotlib.image - WARNING - Clipping input data to the valid range for imshow with RGB data ([0..1] for floats or [0..255] for integers). Got range [-1.4329139..2.6051416].
2025-05-24 21:02:04,162 - matplotlib.image - WARNING - Clipping input data to the valid range for imshow with RGB data ([0..1] for floats or [0..255] for integers). Got range [-1.4329139..109.04205].
2025-05-24 21:02:04,164 - matplotlib.image - WARNING - Clipping input data to the valid range for imshow with RGB data ([0..1] for floats or [0..255] for integers). Got range [-1.4329139..108.90959].
2025-05-24 21:02:04,587 - matplotlib.image - WARNING - Clipping input data to the valid range for imshow with RGB data ([0..1] for floats or [0..255] for integers). Got range [-1.1931673..2.6051416].
2025-05-24 21:02:04,588 - matplotlib.image - WARNING - Clipping input data to the valid range for imshow with RGB data ([0..1] for floats or [0..255] for integers). Got range [-1.1931673..109.04205].
2025-05-24 21:02:04,590 - matplotlib.image - WARNING - Clipping input data to the valid range for imshow with RGB data ([0..1] for floats or [0..255] for integers). Got range [-1.1931673..109.0072].
2025-05-24 21:02:04,760 - matplotlib.image - WARNING - Clipping input data to the valid range for imshow with RGB data ([0..1] for floats or [0..255] for integers). Got range [-1.2274169..2.6051416].
2025-05-24 21:02:04,762 - matplotlib.image - WARNING - Clipping input data to the valid range for imshow with RGB data ([0..1] for floats or [0..255] for integers). Got range [-1.2274169..109.04205].
2025-05-24 21:02:04,763 - matplotlib.image - WARNING - Clipping input data to the valid range for imshow with RGB data ([0..1] for floats or [0..255] for integers). Got range [-1.2274169..108.993256].
2025-05-24 21:02:05,194 - matplotlib.image - WARNING - Clipping input data to the valid range for imshow with RGB data ([0..1] for floats or [0..255] for integers). Got range [-1.8952821..2.64].
2025-05-24 21:02:05,195 - matplotlib.image - WARNING - Clipping input data to the valid range for imshow with RGB data ([0..1] for floats or [0..255] for integers). Got range [-1.8952821..109.056].
2025-05-24 21:02:05,197 - matplotlib.image - WARNING - Clipping input data to the valid range for imshow with RGB data ([0..1] for floats or [0..255] for integers). Got range [-1.8952821..109.02114].
2025-05-24 21:02:05,347 - matplotlib.image - WARNING - Clipping input data to the valid range for imshow with RGB data ([0..1] for floats or [0..255] for integers). Got range [-1.9124069..2.64].
2025-05-24 21:02:05,348 - matplotlib.image - WARNING - Clipping input data to the valid range for imshow with RGB data ([0..1] for floats or [0..255] for integers). Got range [-1.9124069..109.056].
2025-05-24 21:02:05,350 - matplotlib.image - WARNING - Clipping input data to the valid range for imshow with RGB data ([0..1] for floats or [0..255] for integers). Got range [-1.9124069..109.04205].
2025-05-24 21:02:05,757 - matplotlib.image - WARNING - Clipping input data to the valid range for imshow with RGB data ([0..1] for floats or [0..255] for integers). Got range [-2.1007793..2.64].
2025-05-24 21:02:05,758 - matplotlib.image - WARNING - Clipping input data to the valid range for imshow with RGB data ([0..1] for floats or [0..255] for integers). Got range [-2.1007793..109.056].
2025-05-24 21:02:05,760 - matplotlib.image - WARNING - Clipping input data to the valid range for imshow with RGB data ([0..1] for floats or [0..255] for integers). Got range [-2.1007793..109.056].
2025-05-24 21:02:06,014 - matplotlib.image - WARNING - Clipping input data to the valid range for imshow with RGB data ([0..1] for floats or [0..255] for integers). Got range [-2.0836544..2.64].
2025-05-24 21:02:06,015 - matplotlib.image - WARNING - Clipping input data to the valid range for imshow with RGB data ([0..1] for floats or [0..255] for integers). Got range [-2.0836544..109.056].
2025-05-24 21:02:06,017 - matplotlib.image - WARNING - Clipping input data to the valid range for imshow with RGB data ([0..1] for floats or [0..255] for integers). Got range [-2.0836544..109.04903].
2025-05-24 21:02:06,423 - matplotlib.image - WARNING - Clipping input data to the valid range for imshow with RGB data ([0..1] for floats or [0..255] for integers). Got range [-2.0322802..2.64].
2025-05-24 21:02:06,424 - matplotlib.image - WARNING - Clipping input data to the valid range for imshow with RGB data ([0..1] for floats or [0..255] for integers). Got range [-2.0322802..109.056].
2025-05-24 21:02:06,426 - matplotlib.image - WARNING - Clipping input data to the valid range for imshow with RGB data ([0..1] for floats or [0..255] for integers). Got range [-2.0322802..109.056].
2025-05-24 21:02:06,580 - matplotlib.image - WARNING - Clipping input data to the valid range for imshow with RGB data ([0..1] for floats or [0..255] for integers). Got range [-1.9980307..2.64].
2025-05-24 21:02:06,582 - matplotlib.image - WARNING - Clipping input data to the valid range for imshow with RGB data ([0..1] for floats or [0..255] for integers). Got range [-1.9980307..109.056].
2025-05-24 21:02:06,584 - matplotlib.image - WARNING - Clipping input data to the valid range for imshow with RGB data ([0..1] for floats or [0..255] for integers). Got range [-1.9980307..109.056].
2025-05-24 21:02:06,993 - matplotlib.image - WARNING - Clipping input data to the valid range for imshow with RGB data ([0..1] for floats or [0..255] for integers). Got range [-2.0836544..2.64].
2025-05-24 21:02:06,994 - matplotlib.image - WARNING - Clipping input data to the valid range for imshow with RGB data ([0..1] for floats or [0..255] for integers). Got range [-2.0836544..109.056].
2025-05-24 21:02:06,996 - matplotlib.image - WARNING - Clipping input data to the valid range for imshow with RGB data ([0..1] for floats or [0..255] for integers). Got range [-1.980906..109.056].
2025-05-24 21:02:07,137 - matplotlib.image - WARNING - Clipping input data to the valid range for imshow with RGB data ([0..1] for floats or [0..255] for integers). Got range [-2.0322802..2.64].
2025-05-24 21:02:07,139 - matplotlib.image - WARNING - Clipping input data to the valid range for imshow with RGB data ([0..1] for floats or [0..255] for integers). Got range [-2.0322802..109.056].
2025-05-24 21:02:07,141 - matplotlib.image - WARNING - Clipping input data to the valid range for imshow with RGB data ([0..1] for floats or [0..255] for integers). Got range [-1.9637812..109.056].
2025-05-24 21:02:07,550 - matplotlib.image - WARNING - Clipping input data to the valid range for imshow with RGB data ([0..1] for floats or [0..255] for integers). Got range [-1.9637812..2.64].
2025-05-24 21:02:07,551 - matplotlib.image - WARNING - Clipping input data to the valid range for imshow with RGB data ([0..1] for floats or [0..255] for integers). Got range [-1.9637812..109.04205].
2025-05-24 21:02:07,553 - matplotlib.image - WARNING - Clipping input data to the valid range for imshow with RGB data ([0..1] for floats or [0..255] for integers). Got range [-1.9637812..109.00023].
2025-05-24 21:02:07,691 - matplotlib.image - WARNING - Clipping input data to the valid range for imshow with RGB data ([0..1] for floats or [0..255] for integers). Got range [-1.980906..2.64].
2025-05-24 21:02:07,692 - matplotlib.image - WARNING - Clipping input data to the valid range for imshow with RGB data ([0..1] for floats or [0..255] for integers). Got range [-1.980906..109.056].
2025-05-24 21:02:07,694 - matplotlib.image - WARNING - Clipping input data to the valid range for imshow with RGB data ([0..1] for floats or [0..255] for integers). Got range [-1.980906..108.993256].
2025-05-24 21:02:08,099 - matplotlib.image - WARNING - Clipping input data to the valid range for imshow with RGB data ([0..1] for floats or [0..255] for integers). Got range [-1.8431373..2.3088455].
2025-05-24 21:02:08,100 - matplotlib.image - WARNING - Clipping input data to the valid range for imshow with RGB data ([0..1] for floats or [0..255] for integers). Got range [-1.8431373..108.839874].
2025-05-24 21:02:08,102 - matplotlib.image - WARNING - Clipping input data to the valid range for imshow with RGB data ([0..1] for floats or [0..255] for integers). Got range [-1.7556022..108.72833].
2025-05-24 21:02:08,265 - matplotlib.image - WARNING - Clipping input data to the valid range for imshow with RGB data ([0..1] for floats or [0..255] for integers). Got range [-1.8781512..2.3785625].
2025-05-24 21:02:08,266 - matplotlib.image - WARNING - Clipping input data to the valid range for imshow with RGB data ([0..1] for floats or [0..255] for integers). Got range [-1.8781512..108.83291].
2025-05-24 21:02:08,268 - matplotlib.image - WARNING - Clipping input data to the valid range for imshow with RGB data ([0..1] for floats or [0..255] for integers). Got range [-1.8781512..108.6865].
2025-05-24 21:02:08,694 - matplotlib.image - WARNING - Clipping input data to the valid range for imshow with RGB data ([0..1] for floats or [0..255] for integers). Got range [-1.8081232..2.3959913].
2025-05-24 21:02:08,695 - matplotlib.image - WARNING - Clipping input data to the valid range for imshow with RGB data ([0..1] for floats or [0..255] for integers). Got range [-1.8081232..108.839874].
2025-05-24 21:02:08,697 - matplotlib.image - WARNING - Clipping input data to the valid range for imshow with RGB data ([0..1] for floats or [0..255] for integers). Got range [-1.7731092..108.72833].
2025-05-24 21:02:08,848 - matplotlib.image - WARNING - Clipping input data to the valid range for imshow with RGB data ([0..1] for floats or [0..255] for integers). Got range [-1.8431373..2.4308496].
2025-05-24 21:02:08,850 - matplotlib.image - WARNING - Clipping input data to the valid range for imshow with RGB data ([0..1] for floats or [0..255] for integers). Got range [-1.7906162..108.79108].
2025-05-24 21:02:08,851 - matplotlib.image - WARNING - Clipping input data to the valid range for imshow with RGB data ([0..1] for floats or [0..255] for integers). Got range [-1.7906162..108.70741].
2025-05-24 21:02:09,395 - matplotlib.image - WARNING - Clipping input data to the valid range for imshow with RGB data ([0..1] for floats or [0..255] for integers). Got range [-1.843908..2.2391288].
2025-05-24 21:02:09,396 - matplotlib.image - WARNING - Clipping input data to the valid range for imshow with RGB data ([0..1] for floats or [0..255] for integers). Got range [-1.7906162..108.85382].
2025-05-24 21:02:09,398 - matplotlib.image - WARNING - Clipping input data to the valid range for imshow with RGB data ([0..1] for floats or [0..255] for integers). Got range [-1.6505601..108.67953].
2025-05-24 21:02:09,544 - matplotlib.image - WARNING - Clipping input data to the valid range for imshow with RGB data ([0..1] for floats or [0..255] for integers). Got range [-1.8431373..2.2739873].
2025-05-24 21:02:09,545 - matplotlib.image - WARNING - Clipping input data to the valid range for imshow with RGB data ([0..1] for floats or [0..255] for integers). Got range [-1.8096584..108.90959].
2025-05-24 21:02:09,546 - matplotlib.image - WARNING - Clipping input data to the valid range for imshow with RGB data ([0..1] for floats or [0..255] for integers). Got range [-1.8431373..108.72833].
2025-05-24 21:02:09,945 - matplotlib.image - WARNING - Clipping input data to the valid range for imshow with RGB data ([0..1] for floats or [0..255] for integers). Got range [-1.8431373..2.2391288].
2025-05-24 21:02:09,946 - matplotlib.image - WARNING - Clipping input data to the valid range for imshow with RGB data ([0..1] for floats or [0..255] for integers). Got range [-1.8431373..108.89565].
2025-05-24 21:02:09,948 - matplotlib.image - WARNING - Clipping input data to the valid range for imshow with RGB data ([0..1] for floats or [0..255] for integers). Got range [-1.8256302..108.6377].
2025-05-24 21:02:10,102 - matplotlib.image - WARNING - Clipping input data to the valid range for imshow with RGB data ([0..1] for floats or [0..255] for integers). Got range [-1.9124069..2.4831376].
2025-05-24 21:02:10,103 - matplotlib.image - WARNING - Clipping input data to the valid range for imshow with RGB data ([0..1] for floats or [0..255] for integers). Got range [-1.8606442..108.84685].
2025-05-24 21:02:10,105 - matplotlib.image - WARNING - Clipping input data to the valid range for imshow with RGB data ([0..1] for floats or [0..255] for integers). Got range [-1.7906162..108.672554].
2025-05-24 21:02:10,516 - matplotlib.image - WARNING - Clipping input data to the valid range for imshow with RGB data ([0..1] for floats or [0..255] for integers). Got range [-1.8256302..2.3611329].
2025-05-24 21:02:10,517 - matplotlib.image - WARNING - Clipping input data to the valid range for imshow with RGB data ([0..1] for floats or [0..255] for integers). Got range [-1.8256302..108.80502].
2025-05-24 21:02:10,519 - matplotlib.image - WARNING - Clipping input data to the valid range for imshow with RGB data ([0..1] for floats or [0..255] for integers). Got range [-1.8256302..108.67953].
2025-05-24 21:02:10,672 - matplotlib.image - WARNING - Clipping input data to the valid range for imshow with RGB data ([0..1] for floats or [0..255] for integers). Got range [-1.8781512..2.2739873].
2025-05-24 21:02:10,673 - matplotlib.image - WARNING - Clipping input data to the valid range for imshow with RGB data ([0..1] for floats or [0..255] for integers). Got range [-1.8781512..108.85382].
2025-05-24 21:02:10,675 - matplotlib.image - WARNING - Clipping input data to the valid range for imshow with RGB data ([0..1] for floats or [0..255] for integers). Got range [-1.8781512..108.693474].
2025-05-24 21:02:11,090 - matplotlib.image - WARNING - Clipping input data to the valid range for imshow with RGB data ([0..1] for floats or [0..255] for integers). Got range [-1.9306722..2.3262744].
2025-05-24 21:02:11,091 - matplotlib.image - WARNING - Clipping input data to the valid range for imshow with RGB data ([0..1] for floats or [0..255] for integers). Got range [-1.9306722..108.93051].
2025-05-24 21:02:11,093 - matplotlib.image - WARNING - Clipping input data to the valid range for imshow with RGB data ([0..1] for floats or [0..255] for integers). Got range [-1.9306722..108.74227].
2025-05-24 21:02:11,242 - matplotlib.image - WARNING - Clipping input data to the valid range for imshow with RGB data ([0..1] for floats or [0..255] for integers). Got range [-1.8781512..2.3785625].
2025-05-24 21:02:11,243 - matplotlib.image - WARNING - Clipping input data to the valid range for imshow with RGB data ([0..1] for floats or [0..255] for integers). Got range [-1.8781512..108.902626].
2025-05-24 21:02:11,245 - matplotlib.image - WARNING - Clipping input data to the valid range for imshow with RGB data ([0..1] for floats or [0..255] for integers). Got range [-1.8781512..108.75622].
2025-05-24 21:02:11,665 - matplotlib.image - WARNING - Clipping input data to the valid range for imshow with RGB data ([0..1] for floats or [0..255] for integers). Got range [-1.8431373..2.4134207].
2025-05-24 21:02:11,667 - matplotlib.image - WARNING - Clipping input data to the valid range for imshow with RGB data ([0..1] for floats or [0..255] for integers). Got range [-1.8431373..108.93051].
2025-05-24 21:02:11,668 - matplotlib.image - WARNING - Clipping input data to the valid range for imshow with RGB data ([0..1] for floats or [0..255] for integers). Got range [-1.8431373..108.70045].
2025-05-24 21:02:11,818 - matplotlib.image - WARNING - Clipping input data to the valid range for imshow with RGB data ([0..1] for floats or [0..255] for integers). Got range [-1.9481792..2.4134207].
2025-05-24 21:02:11,819 - matplotlib.image - WARNING - Clipping input data to the valid range for imshow with RGB data ([0..1] for floats or [0..255] for integers). Got range [-1.9306722..108.902626].
2025-05-24 21:02:11,821 - matplotlib.image - WARNING - Clipping input data to the valid range for imshow with RGB data ([0..1] for floats or [0..255] for integers). Got range [-1.9481792..108.693474].
2025-05-24 21:02:12,229 - matplotlib.image - WARNING - Clipping input data to the valid range for imshow with RGB data ([0..1] for floats or [0..255] for integers). Got range [-1.8956583..2.3785625].
2025-05-24 21:02:12,231 - matplotlib.image - WARNING - Clipping input data to the valid range for imshow with RGB data ([0..1] for floats or [0..255] for integers). Got range [-1.8956583..108.88171].
2025-05-24 21:02:12,232 - matplotlib.image - WARNING - Clipping input data to the valid range for imshow with RGB data ([0..1] for floats or [0..255] for integers). Got range [-1.8956583..108.6865].
2025-05-24 21:02:12,493 - matplotlib.image - WARNING - Clipping input data to the valid range for imshow with RGB data ([0..1] for floats or [0..255] for integers). Got range [-1.9656862..2.3262744].
2025-05-24 21:02:12,494 - matplotlib.image - WARNING - Clipping input data to the valid range for imshow with RGB data ([0..1] for floats or [0..255] for integers). Got range [-1.9656862..108.87473].
2025-05-24 21:02:12,496 - matplotlib.image - WARNING - Clipping input data to the valid range for imshow with RGB data ([0..1] for floats or [0..255] for integers). Got range [-1.9656862..108.66559].
2025-05-24 21:02:12,904 - matplotlib.image - WARNING - Clipping input data to the valid range for imshow with RGB data ([0..1] for floats or [0..255] for integers). Got range [-1.9656862..2.3088455].
2025-05-24 21:02:12,905 - matplotlib.image - WARNING - Clipping input data to the valid range for imshow with RGB data ([0..1] for floats or [0..255] for integers). Got range [-1.9656862..108.89565].
2025-05-24 21:02:12,907 - matplotlib.image - WARNING - Clipping input data to the valid range for imshow with RGB data ([0..1] for floats or [0..255] for integers). Got range [-1.9656862..108.72833].
2025-05-24 21:02:13,056 - matplotlib.image - WARNING - Clipping input data to the valid range for imshow with RGB data ([0..1] for floats or [0..255] for integers). Got range [-1.9306722..2.3088455].
2025-05-24 21:02:13,058 - matplotlib.image - WARNING - Clipping input data to the valid range for imshow with RGB data ([0..1] for floats or [0..255] for integers). Got range [-1.9306722..108.87473].
2025-05-24 21:02:13,059 - matplotlib.image - WARNING - Clipping input data to the valid range for imshow with RGB data ([0..1] for floats or [0..255] for integers). Got range [-1.9306722..108.74227].
2025-05-24 21:02:13,463 - matplotlib.image - WARNING - Clipping input data to the valid range for imshow with RGB data ([0..1] for floats or [0..255] for integers). Got range [-2.117904..2.64].
2025-05-24 21:02:13,464 - matplotlib.image - WARNING - Clipping input data to the valid range for imshow with RGB data ([0..1] for floats or [0..255] for integers). Got range [-2.117904..109.056].
2025-05-24 21:02:13,466 - matplotlib.image - WARNING - Clipping input data to the valid range for imshow with RGB data ([0..1] for floats or [0..255] for integers). Got range [-2.117904..153.87216].
2025-05-24 21:02:13,615 - matplotlib.image - WARNING - Clipping input data to the valid range for imshow with RGB data ([0..1] for floats or [0..255] for integers). Got range [-2.117904..2.64].
2025-05-24 21:02:13,616 - matplotlib.image - WARNING - Clipping input data to the valid range for imshow with RGB data ([0..1] for floats or [0..255] for integers). Got range [-2.117904..109.056].
2025-05-24 21:02:13,618 - matplotlib.image - WARNING - Clipping input data to the valid range for imshow with RGB data ([0..1] for floats or [0..255] for integers). Got range [-2.117904..153.86531].
2025-05-24 21:02:14,023 - matplotlib.image - WARNING - Clipping input data to the valid range for imshow with RGB data ([0..1] for floats or [0..255] for integers). Got range [-2.117904..2.64].
2025-05-24 21:02:14,025 - matplotlib.image - WARNING - Clipping input data to the valid range for imshow with RGB data ([0..1] for floats or [0..255] for integers). Got range [-2.117904..109.056].
2025-05-24 21:02:14,026 - matplotlib.image - WARNING - Clipping input data to the valid range for imshow with RGB data ([0..1] for floats or [0..255] for integers). Got range [-2.117904..153.86531].
2025-05-24 21:02:14,176 - matplotlib.image - WARNING - Clipping input data to the valid range for imshow with RGB data ([0..1] for floats or [0..255] for integers). Got range [-2.117904..2.64].
2025-05-24 21:02:14,178 - matplotlib.image - WARNING - Clipping input data to the valid range for imshow with RGB data ([0..1] for floats or [0..255] for integers). Got range [-2.117904..109.056].
2025-05-24 21:02:14,180 - matplotlib.image - WARNING - Clipping input data to the valid range for imshow with RGB data ([0..1] for floats or [0..255] for integers). Got range [-2.117904..153.85161].
2025-05-24 21:02:14,584 - matplotlib.image - WARNING - Clipping input data to the valid range for imshow with RGB data ([0..1] for floats or [0..255] for integers). Got range [-2.117904..2.64].
2025-05-24 21:02:14,585 - matplotlib.image - WARNING - Clipping input data to the valid range for imshow with RGB data ([0..1] for floats or [0..255] for integers). Got range [-2.117904..109.056].
2025-05-24 21:02:14,587 - matplotlib.image - WARNING - Clipping input data to the valid range for imshow with RGB data ([0..1] for floats or [0..255] for integers). Got range [-2.117904..153.85846].
2025-05-24 21:02:14,729 - matplotlib.image - WARNING - Clipping input data to the valid range for imshow with RGB data ([0..1] for floats or [0..255] for integers). Got range [-2.117904..2.64].
2025-05-24 21:02:14,731 - matplotlib.image - WARNING - Clipping input data to the valid range for imshow with RGB data ([0..1] for floats or [0..255] for integers). Got range [-2.117904..109.056].
2025-05-24 21:02:14,733 - matplotlib.image - WARNING - Clipping input data to the valid range for imshow with RGB data ([0..1] for floats or [0..255] for integers). Got range [-2.117904..153.85846].
2025-05-24 21:02:15,148 - matplotlib.image - WARNING - Clipping input data to the valid range for imshow with RGB data ([0..1] for floats or [0..255] for integers). Got range [-2.117904..2.64].
2025-05-24 21:02:15,149 - matplotlib.image - WARNING - Clipping input data to the valid range for imshow with RGB data ([0..1] for floats or [0..255] for integers). Got range [-2.117904..109.056].
2025-05-24 21:02:15,151 - matplotlib.image - WARNING - Clipping input data to the valid range for imshow with RGB data ([0..1] for floats or [0..255] for integers). Got range [-2.117904..153.59818].
2025-05-24 21:02:15,302 - matplotlib.image - WARNING - Clipping input data to the valid range for imshow with RGB data ([0..1] for floats or [0..255] for integers). Got range [-2.117904..2.64].
2025-05-24 21:02:15,304 - matplotlib.image - WARNING - Clipping input data to the valid range for imshow with RGB data ([0..1] for floats or [0..255] for integers). Got range [-2.117904..109.056].
2025-05-24 21:02:15,306 - matplotlib.image - WARNING - Clipping input data to the valid range for imshow with RGB data ([0..1] for floats or [0..255] for integers). Got range [-2.117904..153.56392].
2025-05-24 21:02:15,853 - matplotlib.image - WARNING - Clipping input data to the valid range for imshow with RGB data ([0..1] for floats or [0..255] for integers). Got range [-2.117904..2.64].
2025-05-24 21:02:15,855 - matplotlib.image - WARNING - Clipping input data to the valid range for imshow with RGB data ([0..1] for floats or [0..255] for integers). Got range [-2.117904..109.056].
2025-05-24 21:02:15,857 - matplotlib.image - WARNING - Clipping input data to the valid range for imshow with RGB data ([0..1] for floats or [0..255] for integers). Got range [-2.117904..153.69406].
2025-05-24 21:02:16,001 - matplotlib.image - WARNING - Clipping input data to the valid range for imshow with RGB data ([0..1] for floats or [0..255] for integers). Got range [-2.117904..2.64].
2025-05-24 21:02:16,003 - matplotlib.image - WARNING - Clipping input data to the valid range for imshow with RGB data ([0..1] for floats or [0..255] for integers). Got range [-2.117904..109.056].
2025-05-24 21:02:16,004 - matplotlib.image - WARNING - Clipping input data to the valid range for imshow with RGB data ([0..1] for floats or [0..255] for integers). Got range [-2.117904..153.73517].
2025-05-24 21:02:16,395 - matplotlib.image - WARNING - Clipping input data to the valid range for imshow with RGB data ([0..1] for floats or [0..255] for integers). Got range [-2.117904..2.64].
2025-05-24 21:02:16,396 - matplotlib.image - WARNING - Clipping input data to the valid range for imshow with RGB data ([0..1] for floats or [0..255] for integers). Got range [-2.117904..109.056].
2025-05-24 21:02:16,398 - matplotlib.image - WARNING - Clipping input data to the valid range for imshow with RGB data ([0..1] for floats or [0..255] for integers). Got range [-2.117904..153.87216].
2025-05-24 21:02:16,545 - matplotlib.image - WARNING - Clipping input data to the valid range for imshow with RGB data ([0..1] for floats or [0..255] for integers). Got range [-2.117904..2.64].
2025-05-24 21:02:16,547 - matplotlib.image - WARNING - Clipping input data to the valid range for imshow with RGB data ([0..1] for floats or [0..255] for integers). Got range [-2.117904..109.056].
2025-05-24 21:02:16,549 - matplotlib.image - WARNING - Clipping input data to the valid range for imshow with RGB data ([0..1] for floats or [0..255] for integers). Got range [-2.117904..153.85161].
2025-05-24 21:02:16,959 - matplotlib.image - WARNING - Clipping input data to the valid range for imshow with RGB data ([0..1] for floats or [0..255] for integers). Got range [-2.117904..2.64].
2025-05-24 21:02:16,960 - matplotlib.image - WARNING - Clipping input data to the valid range for imshow with RGB data ([0..1] for floats or [0..255] for integers). Got range [-2.117904..109.056].
2025-05-24 21:02:16,962 - matplotlib.image - WARNING - Clipping input data to the valid range for imshow with RGB data ([0..1] for floats or [0..255] for integers). Got range [-2.117904..153.79681].
2025-05-24 21:02:17,105 - matplotlib.image - WARNING - Clipping input data to the valid range for imshow with RGB data ([0..1] for floats or [0..255] for integers). Got range [-2.117904..2.64].
2025-05-24 21:02:17,107 - matplotlib.image - WARNING - Clipping input data to the valid range for imshow with RGB data ([0..1] for floats or [0..255] for integers). Got range [-2.117904..109.056].
2025-05-24 21:02:17,108 - matplotlib.image - WARNING - Clipping input data to the valid range for imshow with RGB data ([0..1] for floats or [0..255] for integers). Got range [-2.117904..153.81737].
2025-05-24 21:02:17,509 - matplotlib.image - WARNING - Clipping input data to the valid range for imshow with RGB data ([0..1] for floats or [0..255] for integers). Got range [-2.117904..2.64].
2025-05-24 21:02:17,510 - matplotlib.image - WARNING - Clipping input data to the valid range for imshow with RGB data ([0..1] for floats or [0..255] for integers). Got range [-2.117904..109.056].
2025-05-24 21:02:17,512 - matplotlib.image - WARNING - Clipping input data to the valid range for imshow with RGB data ([0..1] for floats or [0..255] for integers). Got range [-2.117904..153.71461].
2025-05-24 21:02:17,654 - matplotlib.image - WARNING - Clipping input data to the valid range for imshow with RGB data ([0..1] for floats or [0..255] for integers). Got range [-2.117904..2.64].
2025-05-24 21:02:17,655 - matplotlib.image - WARNING - Clipping input data to the valid range for imshow with RGB data ([0..1] for floats or [0..255] for integers). Got range [-2.117904..109.056].
2025-05-24 21:02:17,657 - matplotlib.image - WARNING - Clipping input data to the valid range for imshow with RGB data ([0..1] for floats or [0..255] for integers). Got range [-2.117904..153.70091].
2025-05-24 21:02:18,066 - matplotlib.image - WARNING - Clipping input data to the valid range for imshow with RGB data ([0..1] for floats or [0..255] for integers). Got range [-2.0151556..2.6051416].
2025-05-24 21:02:18,067 - matplotlib.image - WARNING - Clipping input data to the valid range for imshow with RGB data ([0..1] for floats or [0..255] for integers). Got range [-2.0151556..109.04205].
2025-05-24 21:02:18,069 - matplotlib.image - WARNING - Clipping input data to the valid range for imshow with RGB data ([0..1] for floats or [0..255] for integers). Got range [-2.0151556..140.24205].
2025-05-24 21:02:18,211 - matplotlib.image - WARNING - Clipping input data to the valid range for imshow with RGB data ([0..1] for floats or [0..255] for integers). Got range [-2.0665298..2.64].
2025-05-24 21:02:18,212 - matplotlib.image - WARNING - Clipping input data to the valid range for imshow with RGB data ([0..1] for floats or [0..255] for integers). Got range [-1.9466565..109.056].
2025-05-24 21:02:18,214 - matplotlib.image - WARNING - Clipping input data to the valid range for imshow with RGB data ([0..1] for floats or [0..255] for integers). Got range [-2.0665298..140.256].
2025-05-24 21:02:18,611 - matplotlib.image - WARNING - Clipping input data to the valid range for imshow with RGB data ([0..1] for floats or [0..255] for integers). Got range [-2.0322802..2.622571].
2025-05-24 21:02:18,612 - matplotlib.image - WARNING - Clipping input data to the valid range for imshow with RGB data ([0..1] for floats or [0..255] for integers). Got range [-2.0322802..109.04903].
2025-05-24 21:02:18,614 - matplotlib.image - WARNING - Clipping input data to the valid range for imshow with RGB data ([0..1] for floats or [0..255] for integers). Got range [-2.0322802..140.24902].
2025-05-24 21:02:18,878 - matplotlib.image - WARNING - Clipping input data to the valid range for imshow with RGB data ([0..1] for floats or [0..255] for integers). Got range [-2.0836544..2.622571].
2025-05-24 21:02:18,879 - matplotlib.image - WARNING - Clipping input data to the valid range for imshow with RGB data ([0..1] for floats or [0..255] for integers). Got range [-2.0836544..109.04903].
2025-05-24 21:02:18,881 - matplotlib.image - WARNING - Clipping input data to the valid range for imshow with RGB data ([0..1] for floats or [0..255] for integers). Got range [-2.0836544..140.24902].
2025-05-24 21:02:19,283 - matplotlib.image - WARNING - Clipping input data to the valid range for imshow with RGB data ([0..1] for floats or [0..255] for integers). Got range [-2.0322802..2.6051416].
2025-05-24 21:02:19,284 - matplotlib.image - WARNING - Clipping input data to the valid range for imshow with RGB data ([0..1] for floats or [0..255] for integers). Got range [-2.0322802..109.03509].
2025-05-24 21:02:19,286 - matplotlib.image - WARNING - Clipping input data to the valid range for imshow with RGB data ([0..1] for floats or [0..255] for integers). Got range [-2.0322802..140.24205].
2025-05-24 21:02:19,424 - matplotlib.image - WARNING - Clipping input data to the valid range for imshow with RGB data ([0..1] for floats or [0..255] for integers). Got range [-2.0836544..2.622571].
2025-05-24 21:02:19,425 - matplotlib.image - WARNING - Clipping input data to the valid range for imshow with RGB data ([0..1] for floats or [0..255] for integers). Got range [-2.0836544..109.04903].
2025-05-24 21:02:19,426 - matplotlib.image - WARNING - Clipping input data to the valid range for imshow with RGB data ([0..1] for floats or [0..255] for integers). Got range [-2.0836544..140.24902].
2025-05-24 21:02:19,828 - matplotlib.image - WARNING - Clipping input data to the valid range for imshow with RGB data ([0..1] for floats or [0..255] for integers). Got range [-2.0322802..2.5702832].
2025-05-24 21:02:19,829 - matplotlib.image - WARNING - Clipping input data to the valid range for imshow with RGB data ([0..1] for floats or [0..255] for integers). Got range [-2.0322802..109.02114].
2025-05-24 21:02:19,831 - matplotlib.image - WARNING - Clipping input data to the valid range for imshow with RGB data ([0..1] for floats or [0..255] for integers). Got range [-2.0322802..140.22812].
2025-05-24 21:02:19,974 - matplotlib.image - WARNING - Clipping input data to the valid range for imshow with RGB data ([0..1] for floats or [0..255] for integers). Got range [-2.0322802..2.622571].
2025-05-24 21:02:19,975 - matplotlib.image - WARNING - Clipping input data to the valid range for imshow with RGB data ([0..1] for floats or [0..255] for integers). Got range [-1.9980307..109.04903].
2025-05-24 21:02:19,976 - matplotlib.image - WARNING - Clipping input data to the valid range for imshow with RGB data ([0..1] for floats or [0..255] for integers). Got range [-2.0322802..140.24902].
2025-05-24 21:02:20,378 - matplotlib.image - WARNING - Clipping input data to the valid range for imshow with RGB data ([0..1] for floats or [0..255] for integers). Got range [-2.0151556..2.5702832].
2025-05-24 21:02:20,379 - matplotlib.image - WARNING - Clipping input data to the valid range for imshow with RGB data ([0..1] for floats or [0..255] for integers). Got range [-2.0151556..108.97234].
2025-05-24 21:02:20,380 - matplotlib.image - WARNING - Clipping input data to the valid range for imshow with RGB data ([0..1] for floats or [0..255] for integers). Got range [-2.0151556..140.22812].
2025-05-24 21:02:20,525 - matplotlib.image - WARNING - Clipping input data to the valid range for imshow with RGB data ([0..1] for floats or [0..255] for integers). Got range [-2.0151556..2.5179958].
2025-05-24 21:02:20,527 - matplotlib.image - WARNING - Clipping input data to the valid range for imshow with RGB data ([0..1] for floats or [0..255] for integers). Got range [-2.0151556..108.97234].
2025-05-24 21:02:20,528 - matplotlib.image - WARNING - Clipping input data to the valid range for imshow with RGB data ([0..1] for floats or [0..255] for integers). Got range [-2.0151556..140.2072].
2025-05-24 21:02:20,934 - matplotlib.image - WARNING - Clipping input data to the valid range for imshow with RGB data ([0..1] for floats or [0..255] for integers). Got range [-1.8781574..2.5005665].
2025-05-24 21:02:20,935 - matplotlib.image - WARNING - Clipping input data to the valid range for imshow with RGB data ([0..1] for floats or [0..255] for integers). Got range [-1.8781574..109.00023].
2025-05-24 21:02:20,936 - matplotlib.image - WARNING - Clipping input data to the valid range for imshow with RGB data ([0..1] for floats or [0..255] for integers). Got range [-1.8781574..153.88586].
2025-05-24 21:02:21,073 - matplotlib.image - WARNING - Clipping input data to the valid range for imshow with RGB data ([0..1] for floats or [0..255] for integers). Got range [-1.8781574..2.535425].
2025-05-24 21:02:21,074 - matplotlib.image - WARNING - Clipping input data to the valid range for imshow with RGB data ([0..1] for floats or [0..255] for integers). Got range [-1.8781574..109.01417].
2025-05-24 21:02:21,076 - matplotlib.image - WARNING - Clipping input data to the valid range for imshow with RGB data ([0..1] for floats or [0..255] for integers). Got range [-1.8781574..153.89957].
2025-05-24 21:02:21,482 - matplotlib.image - WARNING - Clipping input data to the valid range for imshow with RGB data ([0..1] for floats or [0..255] for integers). Got range [-1.8781574..2.6051416].
2025-05-24 21:02:21,484 - matplotlib.image - WARNING - Clipping input data to the valid range for imshow with RGB data ([0..1] for floats or [0..255] for integers). Got range [-1.8781574..109.04205].
2025-05-24 21:02:21,485 - matplotlib.image - WARNING - Clipping input data to the valid range for imshow with RGB data ([0..1] for floats or [0..255] for integers). Got range [-1.8781574..153.89957].
2025-05-24 21:02:21,618 - matplotlib.image - WARNING - Clipping input data to the valid range for imshow with RGB data ([0..1] for floats or [0..255] for integers). Got range [-1.8781574..2.622571].
2025-05-24 21:02:21,619 - matplotlib.image - WARNING - Clipping input data to the valid range for imshow with RGB data ([0..1] for floats or [0..255] for integers). Got range [-1.8610327..109.04903].
2025-05-24 21:02:21,620 - matplotlib.image - WARNING - Clipping input data to the valid range for imshow with RGB data ([0..1] for floats or [0..255] for integers). Got range [-1.8781574..153.89957].
2025-05-24 21:02:22,126 - matplotlib.image - WARNING - Clipping input data to the valid range for imshow with RGB data ([0..1] for floats or [0..255] for integers). Got range [-1.8096584..2.64].
2025-05-24 21:02:22,127 - matplotlib.image - WARNING - Clipping input data to the valid range for imshow with RGB data ([0..1] for floats or [0..255] for integers). Got range [-1.8096584..109.056].
2025-05-24 21:02:22,129 - matplotlib.image - WARNING - Clipping input data to the valid range for imshow with RGB data ([0..1] for floats or [0..255] for integers). Got range [-1.8096584..153.89272].
2025-05-24 21:02:22,262 - matplotlib.image - WARNING - Clipping input data to the valid range for imshow with RGB data ([0..1] for floats or [0..255] for integers). Got range [-1.7925336..2.64].
2025-05-24 21:02:22,263 - matplotlib.image - WARNING - Clipping input data to the valid range for imshow with RGB data ([0..1] for floats or [0..255] for integers). Got range [-1.7925336..109.056].
2025-05-24 21:02:22,265 - matplotlib.image - WARNING - Clipping input data to the valid range for imshow with RGB data ([0..1] for floats or [0..255] for integers). Got range [-1.7925336..153.89957].
2025-05-24 21:02:22,666 - matplotlib.image - WARNING - Clipping input data to the valid range for imshow with RGB data ([0..1] for floats or [0..255] for integers). Got range [-1.8267832..2.3760502].
2025-05-24 21:02:22,667 - matplotlib.image - WARNING - Clipping input data to the valid range for imshow with RGB data ([0..1] for floats or [0..255] for integers). Got range [-1.8267832..108.85382].
2025-05-24 21:02:22,669 - matplotlib.image - WARNING - Clipping input data to the valid range for imshow with RGB data ([0..1] for floats or [0..255] for integers). Got range [-1.8267832..153.26253].
2025-05-24 21:02:22,801 - matplotlib.image - WARNING - Clipping input data to the valid range for imshow with RGB data ([0..1] for floats or [0..255] for integers). Got range [-1.8431373..2.2710083].
2025-05-24 21:02:22,803 - matplotlib.image - WARNING - Clipping input data to the valid range for imshow with RGB data ([0..1] for floats or [0..255] for integers). Got range [-1.8267832..108.81896].
2025-05-24 21:02:22,804 - matplotlib.image - WARNING - Clipping input data to the valid range for imshow with RGB data ([0..1] for floats or [0..255] for integers). Got range [-1.8431373..139.7122].
2025-05-24 21:02:23,184 - matplotlib.image - WARNING - Clipping input data to the valid range for imshow with RGB data ([0..1] for floats or [0..255] for integers). Got range [-1.8431373..2.64].
2025-05-24 21:02:23,185 - matplotlib.image - WARNING - Clipping input data to the valid range for imshow with RGB data ([0..1] for floats or [0..255] for integers). Got range [-1.7347276..109.056].
2025-05-24 21:02:23,187 - matplotlib.image - WARNING - Clipping input data to the valid range for imshow with RGB data ([0..1] for floats or [0..255] for integers). Got range [-1.8431373..153.72832].
2025-05-24 21:02:23,333 - matplotlib.image - WARNING - Clipping input data to the valid range for imshow with RGB data ([0..1] for floats or [0..255] for integers). Got range [-1.8256302..2.64].
2025-05-24 21:02:23,334 - matplotlib.image - WARNING - Clipping input data to the valid range for imshow with RGB data ([0..1] for floats or [0..255] for integers). Got range [-1.7240347..109.056].
2025-05-24 21:02:23,336 - matplotlib.image - WARNING - Clipping input data to the valid range for imshow with RGB data ([0..1] for floats or [0..255] for integers). Got range [-1.8256302..153.87216].
2025-05-24 21:02:23,741 - matplotlib.image - WARNING - Clipping input data to the valid range for imshow with RGB data ([0..1] for floats or [0..255] for integers). Got range [-1.7870152..2.64].
2025-05-24 21:02:23,743 - matplotlib.image - WARNING - Clipping input data to the valid range for imshow with RGB data ([0..1] for floats or [0..255] for integers). Got range [-1.7870152..109.056].
2025-05-24 21:02:23,744 - matplotlib.image - WARNING - Clipping input data to the valid range for imshow with RGB data ([0..1] for floats or [0..255] for integers). Got range [-1.7870152..108.74227].
2025-05-24 21:02:23,895 - matplotlib.image - WARNING - Clipping input data to the valid range for imshow with RGB data ([0..1] for floats or [0..255] for integers). Got range [-1.8044444..2.64].
2025-05-24 21:02:23,896 - matplotlib.image - WARNING - Clipping input data to the valid range for imshow with RGB data ([0..1] for floats or [0..255] for integers). Got range [-1.8044444..109.056].
2025-05-24 21:02:23,897 - matplotlib.image - WARNING - Clipping input data to the valid range for imshow with RGB data ([0..1] for floats or [0..255] for integers). Got range [-1.8044444..139.57277].
2025-05-24 21:02:24,295 - matplotlib.image - WARNING - Clipping input data to the valid range for imshow with RGB data ([0..1] for floats or [0..255] for integers). Got range [-1.8267832..2.64].
2025-05-24 21:02:24,296 - matplotlib.image - WARNING - Clipping input data to the valid range for imshow with RGB data ([0..1] for floats or [0..255] for integers). Got range [-1.8096584..109.056].
2025-05-24 21:02:24,298 - matplotlib.image - WARNING - Clipping input data to the valid range for imshow with RGB data ([0..1] for floats or [0..255] for integers). Got range [-1.8267832..108.916565].
2025-05-24 21:02:24,443 - matplotlib.image - WARNING - Clipping input data to the valid range for imshow with RGB data ([0..1] for floats or [0..255] for integers). Got range [-1.843908..2.64].
2025-05-24 21:02:24,444 - matplotlib.image - WARNING - Clipping input data to the valid range for imshow with RGB data ([0..1] for floats or [0..255] for integers). Got range [-1.7925336..109.056].
2025-05-24 21:02:24,446 - matplotlib.image - WARNING - Clipping input data to the valid range for imshow with RGB data ([0..1] for floats or [0..255] for integers). Got range [-1.843908..108.937485].
2025-05-24 21:02:24,838 - matplotlib.image - WARNING - Clipping input data to the valid range for imshow with RGB data ([0..1] for floats or [0..255] for integers). Got range [-1.843908..2.64].
2025-05-24 21:02:24,839 - matplotlib.image - WARNING - Clipping input data to the valid range for imshow with RGB data ([0..1] for floats or [0..255] for integers). Got range [-1.8267832..109.056].
2025-05-24 21:02:24,841 - matplotlib.image - WARNING - Clipping input data to the valid range for imshow with RGB data ([0..1] for floats or [0..255] for integers). Got range [-1.843908..140.20023].
2025-05-24 21:02:25,098 - matplotlib.image - WARNING - Clipping input data to the valid range for imshow with RGB data ([0..1] for floats or [0..255] for integers). Got range [-1.843908..2.64].
2025-05-24 21:02:25,099 - matplotlib.image - WARNING - Clipping input data to the valid range for imshow with RGB data ([0..1] for floats or [0..255] for integers). Got range [-1.7754089..109.056].
2025-05-24 21:02:25,101 - matplotlib.image - WARNING - Clipping input data to the valid range for imshow with RGB data ([0..1] for floats or [0..255] for integers). Got range [-1.843908..140.2072].
2025-05-24 21:02:25,503 - matplotlib.image - WARNING - Clipping input data to the valid range for imshow with RGB data ([0..1] for floats or [0..255] for integers). Got range [-2.0151556..2.64].
2025-05-24 21:02:25,504 - matplotlib.image - WARNING - Clipping input data to the valid range for imshow with RGB data ([0..1] for floats or [0..255] for integers). Got range [-2.0151556..109.056].
2025-05-24 21:02:25,506 - matplotlib.image - WARNING - Clipping input data to the valid range for imshow with RGB data ([0..1] for floats or [0..255] for integers). Got range [-2.0151556..139.99805].
2025-05-24 21:02:25,653 - matplotlib.image - WARNING - Clipping input data to the valid range for imshow with RGB data ([0..1] for floats or [0..255] for integers). Got range [-2.0322802..2.64].
2025-05-24 21:02:25,654 - matplotlib.image - WARNING - Clipping input data to the valid range for imshow with RGB data ([0..1] for floats or [0..255] for integers). Got range [-2.0322802..109.056].
2025-05-24 21:02:25,656 - matplotlib.image - WARNING - Clipping input data to the valid range for imshow with RGB data ([0..1] for floats or [0..255] for integers). Got range [-2.0322802..140.00502].
2025-05-24 21:02:26,075 - matplotlib.image - WARNING - Clipping input data to the valid range for imshow with RGB data ([0..1] for floats or [0..255] for integers). Got range [-2.0182073..2.64].
2025-05-24 21:02:26,076 - matplotlib.image - WARNING - Clipping input data to the valid range for imshow with RGB data ([0..1] for floats or [0..255] for integers). Got range [-2.0182073..109.04903].
2025-05-24 21:02:26,077 - matplotlib.image - WARNING - Clipping input data to the valid range for imshow with RGB data ([0..1] for floats or [0..255] for integers). Got range [-2.0182073..139.9841].
2025-05-24 21:02:26,225 - matplotlib.image - WARNING - Clipping input data to the valid range for imshow with RGB data ([0..1] for floats or [0..255] for integers). Got range [-2.0182073..2.64].
2025-05-24 21:02:26,226 - matplotlib.image - WARNING - Clipping input data to the valid range for imshow with RGB data ([0..1] for floats or [0..255] for integers). Got range [-2.0182073..109.04903].
2025-05-24 21:02:26,228 - matplotlib.image - WARNING - Clipping input data to the valid range for imshow with RGB data ([0..1] for floats or [0..255] for integers). Got range [-2.0182073..139.72615].
2025-05-24 21:02:26,626 - matplotlib.image - WARNING - Clipping input data to the valid range for imshow with RGB data ([0..1] for floats or [0..255] for integers). Got range [-2.0322802..2.64].
2025-05-24 21:02:26,627 - matplotlib.image - WARNING - Clipping input data to the valid range for imshow with RGB data ([0..1] for floats or [0..255] for integers). Got range [-2.0151556..109.056].
2025-05-24 21:02:26,629 - matplotlib.image - WARNING - Clipping input data to the valid range for imshow with RGB data ([0..1] for floats or [0..255] for integers). Got range [-2.0322802..140.06079].
2025-05-24 21:02:26,773 - matplotlib.image - WARNING - Clipping input data to the valid range for imshow with RGB data ([0..1] for floats or [0..255] for integers). Got range [-2.0182073..2.64].
2025-05-24 21:02:26,774 - matplotlib.image - WARNING - Clipping input data to the valid range for imshow with RGB data ([0..1] for floats or [0..255] for integers). Got range [-2.0182073..109.04903].
2025-05-24 21:02:26,776 - matplotlib.image - WARNING - Clipping input data to the valid range for imshow with RGB data ([0..1] for floats or [0..255] for integers). Got range [-2.0182073..140.1584].
2025-05-24 21:02:27,191 - matplotlib.image - WARNING - Clipping input data to the valid range for imshow with RGB data ([0..1] for floats or [0..255] for integers). Got range [-2.117904..2.5179958].
2025-05-24 21:02:27,192 - matplotlib.image - WARNING - Clipping input data to the valid range for imshow with RGB data ([0..1] for floats or [0..255] for integers). Got range [-2.117904..109.0072].
2025-05-24 21:02:27,194 - matplotlib.image - WARNING - Clipping input data to the valid range for imshow with RGB data ([0..1] for floats or [0..255] for integers). Got range [-2.117904..153.84476].
2025-05-24 21:02:27,364 - matplotlib.image - WARNING - Clipping input data to the valid range for imshow with RGB data ([0..1] for floats or [0..255] for integers). Got range [-2.117904..2.5877128].
2025-05-24 21:02:27,365 - matplotlib.image - WARNING - Clipping input data to the valid range for imshow with RGB data ([0..1] for floats or [0..255] for integers). Got range [-2.117904..108.97931].
2025-05-24 21:02:27,367 - matplotlib.image - WARNING - Clipping input data to the valid range for imshow with RGB data ([0..1] for floats or [0..255] for integers). Got range [-2.117904..153.89272].
2025-05-24 21:02:27,806 - matplotlib.image - WARNING - Clipping input data to the valid range for imshow with RGB data ([0..1] for floats or [0..255] for integers). Got range [-2.117904..2.5005665].
2025-05-24 21:02:27,807 - matplotlib.image - WARNING - Clipping input data to the valid range for imshow with RGB data ([0..1] for floats or [0..255] for integers). Got range [-2.117904..109.00023].
2025-05-24 21:02:27,809 - matplotlib.image - WARNING - Clipping input data to the valid range for imshow with RGB data ([0..1] for floats or [0..255] for integers). Got range [-2.117904..153.89957].
2025-05-24 21:02:27,970 - matplotlib.image - WARNING - Clipping input data to the valid range for imshow with RGB data ([0..1] for floats or [0..255] for integers). Got range [-2.117904..2.535425].
2025-05-24 21:02:27,971 - matplotlib.image - WARNING - Clipping input data to the valid range for imshow with RGB data ([0..1] for floats or [0..255] for integers). Got range [-2.117904..108.98628].
2025-05-24 21:02:27,973 - matplotlib.image - WARNING - Clipping input data to the valid range for imshow with RGB data ([0..1] for floats or [0..255] for integers). Got range [-2.117904..153.87216].
2025-05-24 21:02:28,534 - matplotlib.image - WARNING - Clipping input data to the valid range for imshow with RGB data ([0..1] for floats or [0..255] for integers). Got range [-2.117904..2.535425].
2025-05-24 21:02:28,535 - matplotlib.image - WARNING - Clipping input data to the valid range for imshow with RGB data ([0..1] for floats or [0..255] for integers). Got range [-2.117904..109.0072].
2025-05-24 21:02:28,537 - matplotlib.image - WARNING - Clipping input data to the valid range for imshow with RGB data ([0..1] for floats or [0..255] for integers). Got range [-2.117904..140.05382].
2025-05-24 21:02:28,700 - matplotlib.image - WARNING - Clipping input data to the valid range for imshow with RGB data ([0..1] for floats or [0..255] for integers). Got range [-2.117904..2.5179958].
2025-05-24 21:02:28,701 - matplotlib.image - WARNING - Clipping input data to the valid range for imshow with RGB data ([0..1] for floats or [0..255] for integers). Got range [-2.117904..109.00023].
2025-05-24 21:02:28,703 - matplotlib.image - WARNING - Clipping input data to the valid range for imshow with RGB data ([0..1] for floats or [0..255] for integers). Got range [-2.117904..153.85846].
2025-05-24 21:02:29,142 - matplotlib.image - WARNING - Clipping input data to the valid range for imshow with RGB data ([0..1] for floats or [0..255] for integers). Got range [-2.117904..2.535425].
2025-05-24 21:02:29,143 - matplotlib.image - WARNING - Clipping input data to the valid range for imshow with RGB data ([0..1] for floats or [0..255] for integers). Got range [-2.117904..108.97234].
2025-05-24 21:02:29,145 - matplotlib.image - WARNING - Clipping input data to the valid range for imshow with RGB data ([0..1] for floats or [0..255] for integers). Got range [-2.117904..140.17233].
2025-05-24 21:02:29,308 - matplotlib.image - WARNING - Clipping input data to the valid range for imshow with RGB data ([0..1] for floats or [0..255] for integers). Got range [-2.117904..2.535425].
2025-05-24 21:02:29,309 - matplotlib.image - WARNING - Clipping input data to the valid range for imshow with RGB data ([0..1] for floats or [0..255] for integers). Got range [-2.117904..108.993256].
2025-05-24 21:02:29,311 - matplotlib.image - WARNING - Clipping input data to the valid range for imshow with RGB data ([0..1] for floats or [0..255] for integers). Got range [-2.117904..140.012].
2025-05-24 21:02:29,744 - matplotlib.image - WARNING - Clipping input data to the valid range for imshow with RGB data ([0..1] for floats or [0..255] for integers). Got range [-2.117904..2.5005665].
2025-05-24 21:02:29,745 - matplotlib.image - WARNING - Clipping input data to the valid range for imshow with RGB data ([0..1] for floats or [0..255] for integers). Got range [-2.117904..108.98628].
2025-05-24 21:02:29,747 - matplotlib.image - WARNING - Clipping input data to the valid range for imshow with RGB data ([0..1] for floats or [0..255] for integers). Got range [-2.117904..153.76256].
2025-05-24 21:02:29,906 - matplotlib.image - WARNING - Clipping input data to the valid range for imshow with RGB data ([0..1] for floats or [0..255] for integers). Got range [-2.117904..2.5528543].
2025-05-24 21:02:29,907 - matplotlib.image - WARNING - Clipping input data to the valid range for imshow with RGB data ([0..1] for floats or [0..255] for integers). Got range [-2.117904..109.00023].
2025-05-24 21:02:29,909 - matplotlib.image - WARNING - Clipping input data to the valid range for imshow with RGB data ([0..1] for floats or [0..255] for integers). Got range [-2.117904..153.81737].
2025-05-24 21:02:30,343 - matplotlib.image - WARNING - Clipping input data to the valid range for imshow with RGB data ([0..1] for floats or [0..255] for integers). Got range [-1.3986644..2.64].
2025-05-24 21:02:30,344 - matplotlib.image - WARNING - Clipping input data to the valid range for imshow with RGB data ([0..1] for floats or [0..255] for integers). Got range [-1.3986644..109.056].
2025-05-24 21:02:30,346 - matplotlib.image - WARNING - Clipping input data to the valid range for imshow with RGB data ([0..1] for floats or [0..255] for integers). Got range [-1.3986644..153.89272].
2025-05-24 21:02:30,502 - matplotlib.image - WARNING - Clipping input data to the valid range for imshow with RGB data ([0..1] for floats or [0..255] for integers). Got range [-1.4157891..2.64].
2025-05-24 21:02:30,503 - matplotlib.image - WARNING - Clipping input data to the valid range for imshow with RGB data ([0..1] for floats or [0..255] for integers). Got range [-1.4157891..109.056].
2025-05-24 21:02:30,505 - matplotlib.image - WARNING - Clipping input data to the valid range for imshow with RGB data ([0..1] for floats or [0..255] for integers). Got range [-1.4157891..153.89272].
2025-05-24 21:02:30,917 - matplotlib.image - WARNING - Clipping input data to the valid range for imshow with RGB data ([0..1] for floats or [0..255] for integers). Got range [-1.5455182..2.64].
2025-05-24 21:02:30,918 - matplotlib.image - WARNING - Clipping input data to the valid range for imshow with RGB data ([0..1] for floats or [0..255] for integers). Got range [-1.5455182..109.056].
2025-05-24 21:02:30,919 - matplotlib.image - WARNING - Clipping input data to the valid range for imshow with RGB data ([0..1] for floats or [0..255] for integers). Got range [-1.5185376..153.89272].
2025-05-24 21:02:31,071 - matplotlib.image - WARNING - Clipping input data to the valid range for imshow with RGB data ([0..1] for floats or [0..255] for integers). Got range [-1.5455182..2.64].
2025-05-24 21:02:31,072 - matplotlib.image - WARNING - Clipping input data to the valid range for imshow with RGB data ([0..1] for floats or [0..255] for integers). Got range [-1.5455182..109.056].
2025-05-24 21:02:31,074 - matplotlib.image - WARNING - Clipping input data to the valid range for imshow with RGB data ([0..1] for floats or [0..255] for integers). Got range [-1.5185376..153.89957].
2025-05-24 21:02:31,486 - matplotlib.image - WARNING - Clipping input data to the valid range for imshow with RGB data ([0..1] for floats or [0..255] for integers). Got range [-1.7240347..2.64].
2025-05-24 21:02:31,487 - matplotlib.image - WARNING - Clipping input data to the valid range for imshow with RGB data ([0..1] for floats or [0..255] for integers). Got range [-1.6897851..109.056].
2025-05-24 21:02:31,489 - matplotlib.image - WARNING - Clipping input data to the valid range for imshow with RGB data ([0..1] for floats or [0..255] for integers). Got range [-1.6897851..153.89957].
2025-05-24 21:02:31,636 - matplotlib.image - WARNING - Clipping input data to the valid range for imshow with RGB data ([0..1] for floats or [0..255] for integers). Got range [-1.5980392..2.64].
2025-05-24 21:02:31,637 - matplotlib.image - WARNING - Clipping input data to the valid range for imshow with RGB data ([0..1] for floats or [0..255] for integers). Got range [-1.5980392..109.056].
2025-05-24 21:02:31,639 - matplotlib.image - WARNING - Clipping input data to the valid range for imshow with RGB data ([0..1] for floats or [0..255] for integers). Got range [-1.4842881..153.89957].
2025-05-24 21:02:32,152 - matplotlib.image - WARNING - Clipping input data to the valid range for imshow with RGB data ([0..1] for floats or [0..255] for integers). Got range [-1.7069099..2.64].
2025-05-24 21:02:32,154 - matplotlib.image - WARNING - Clipping input data to the valid range for imshow with RGB data ([0..1] for floats or [0..255] for integers). Got range [-1.7069099..109.056].
2025-05-24 21:02:32,155 - matplotlib.image - WARNING - Clipping input data to the valid range for imshow with RGB data ([0..1] for floats or [0..255] for integers). Got range [-1.7069099..153.89957].
2025-05-24 21:02:32,291 - matplotlib.image - WARNING - Clipping input data to the valid range for imshow with RGB data ([0..1] for floats or [0..255] for integers). Got range [-1.6384109..2.64].
2025-05-24 21:02:32,292 - matplotlib.image - WARNING - Clipping input data to the valid range for imshow with RGB data ([0..1] for floats or [0..255] for integers). Got range [-1.6384109..109.056].
2025-05-24 21:02:32,294 - matplotlib.image - WARNING - Clipping input data to the valid range for imshow with RGB data ([0..1] for floats or [0..255] for integers). Got range [-1.6384109..153.89957].
2025-05-24 21:02:32,707 - matplotlib.image - WARNING - Clipping input data to the valid range for imshow with RGB data ([0..1] for floats or [0..255] for integers). Got range [-1.7754089..2.64].
2025-05-24 21:02:32,708 - matplotlib.image - WARNING - Clipping input data to the valid range for imshow with RGB data ([0..1] for floats or [0..255] for integers). Got range [-1.7754089..109.056].
2025-05-24 21:02:32,710 - matplotlib.image - WARNING - Clipping input data to the valid range for imshow with RGB data ([0..1] for floats or [0..255] for integers). Got range [-1.7754089..153.89957].
2025-05-24 21:02:32,853 - matplotlib.image - WARNING - Clipping input data to the valid range for imshow with RGB data ([0..1] for floats or [0..255] for integers). Got range [-1.7380952..2.64].
2025-05-24 21:02:32,855 - matplotlib.image - WARNING - Clipping input data to the valid range for imshow with RGB data ([0..1] for floats or [0..255] for integers). Got range [-1.7205882..109.056].
2025-05-24 21:02:32,857 - matplotlib.image - WARNING - Clipping input data to the valid range for imshow with RGB data ([0..1] for floats or [0..255] for integers). Got range [-1.6726604..153.89957].
2025-05-24 21:02:33,263 - matplotlib.image - WARNING - Clipping input data to the valid range for imshow with RGB data ([0..1] for floats or [0..255] for integers). Got range [-2.0836544..2.2216995].
2025-05-24 21:02:33,264 - matplotlib.image - WARNING - Clipping input data to the valid range for imshow with RGB data ([0..1] for floats or [0..255] for integers). Got range [-2.0836544..108.87473].
2025-05-24 21:02:33,266 - matplotlib.image - WARNING - Clipping input data to the valid range for imshow with RGB data ([0..1] for floats or [0..255] for integers). Got range [-2.0836544..108.714386].
2025-05-24 21:02:33,389 - matplotlib.image - WARNING - Clipping input data to the valid range for imshow with RGB data ([0..1] for floats or [0..255] for integers). Got range [-2.0494049..2.3088455].
2025-05-24 21:02:33,390 - matplotlib.image - WARNING - Clipping input data to the valid range for imshow with RGB data ([0..1] for floats or [0..255] for integers). Got range [-2.0494049..108.87473].
2025-05-24 21:02:33,392 - matplotlib.image - WARNING - Clipping input data to the valid range for imshow with RGB data ([0..1] for floats or [0..255] for integers). Got range [-2.0494049..108.602844].
2025-05-24 21:02:33,775 - matplotlib.image - WARNING - Clipping input data to the valid range for imshow with RGB data ([0..1] for floats or [0..255] for integers). Got range [-2.0665298..2.2739873].
2025-05-24 21:02:33,776 - matplotlib.image - WARNING - Clipping input data to the valid range for imshow with RGB data ([0..1] for floats or [0..255] for integers). Got range [-2.0665298..108.77713].
2025-05-24 21:02:33,778 - matplotlib.image - WARNING - Clipping input data to the valid range for imshow with RGB data ([0..1] for floats or [0..255] for integers). Got range [-2.0665298..108.6377].
2025-05-24 21:02:33,898 - matplotlib.image - WARNING - Clipping input data to the valid range for imshow with RGB data ([0..1] for floats or [0..255] for integers). Got range [-2.0151556..2.169412].
2025-05-24 21:02:33,899 - matplotlib.image - WARNING - Clipping input data to the valid range for imshow with RGB data ([0..1] for floats or [0..255] for integers). Got range [-2.0151556..108.7841].
2025-05-24 21:02:33,901 - matplotlib.image - WARNING - Clipping input data to the valid range for imshow with RGB data ([0..1] for floats or [0..255] for integers). Got range [-2.0151556..108.658615].
2025-05-24 21:02:34,279 - matplotlib.image - WARNING - Clipping input data to the valid range for imshow with RGB data ([0..1] for floats or [0..255] for integers). Got range [-2.0665298..2.0474076].
2025-05-24 21:02:34,280 - matplotlib.image - WARNING - Clipping input data to the valid range for imshow with RGB data ([0..1] for floats or [0..255] for integers). Got range [-2.0665298..108.70741].
2025-05-24 21:02:34,282 - matplotlib.image - WARNING - Clipping input data to the valid range for imshow with RGB data ([0..1] for floats or [0..255] for integers). Got range [-2.0665298..108.6865].
2025-05-24 21:02:34,403 - matplotlib.image - WARNING - Clipping input data to the valid range for imshow with RGB data ([0..1] for floats or [0..255] for integers). Got range [-2.117904..1.9254032].
2025-05-24 21:02:34,405 - matplotlib.image - WARNING - Clipping input data to the valid range for imshow with RGB data ([0..1] for floats or [0..255] for integers). Got range [-2.0494049..108.62376].
2025-05-24 21:02:34,406 - matplotlib.image - WARNING - Clipping input data to the valid range for imshow with RGB data ([0..1] for floats or [0..255] for integers). Got range [-2.117904..108.63073].
2025-05-24 21:02:34,790 - matplotlib.image - WARNING - Clipping input data to the valid range for imshow with RGB data ([0..1] for floats or [0..255] for integers). Got range [-2.117904..2.1309524].
2025-05-24 21:02:34,791 - matplotlib.image - WARNING - Clipping input data to the valid range for imshow with RGB data ([0..1] for floats or [0..255] for integers). Got range [-2.117904..108.52615].
2025-05-24 21:02:34,793 - matplotlib.image - WARNING - Clipping input data to the valid range for imshow with RGB data ([0..1] for floats or [0..255] for integers). Got range [-2.117904..108.57495].
2025-05-24 21:02:35,072 - matplotlib.image - WARNING - Clipping input data to the valid range for imshow with RGB data ([0..1] for floats or [0..255] for integers). Got range [-2.117904..2.1659663].
2025-05-24 21:02:35,073 - matplotlib.image - WARNING - Clipping input data to the valid range for imshow with RGB data ([0..1] for floats or [0..255] for integers). Got range [-2.117904..108.81199].
2025-05-24 21:02:35,075 - matplotlib.image - WARNING - Clipping input data to the valid range for imshow with RGB data ([0..1] for floats or [0..255] for integers). Got range [-2.117904..108.61678].
2025-05-24 21:02:35,489 - matplotlib.image - WARNING - Clipping input data to the valid range for imshow with RGB data ([0..1] for floats or [0..255] for integers). Got range [-2.117904..2.2914162].
2025-05-24 21:02:35,491 - matplotlib.image - WARNING - Clipping input data to the valid range for imshow with RGB data ([0..1] for floats or [0..255] for integers). Got range [-2.1007793..108.70045].
2025-05-24 21:02:35,493 - matplotlib.image - WARNING - Clipping input data to the valid range for imshow with RGB data ([0..1] for floats or [0..255] for integers). Got range [-2.117904..108.547066].
2025-05-24 21:02:35,611 - matplotlib.image - WARNING - Clipping input data to the valid range for imshow with RGB data ([0..1] for floats or [0..255] for integers). Got range [-2.117904..2.3959913].
2025-05-24 21:02:35,613 - matplotlib.image - WARNING - Clipping input data to the valid range for imshow with RGB data ([0..1] for floats or [0..255] for integers). Got range [-2.117904..108.749245].
2025-05-24 21:02:35,614 - matplotlib.image - WARNING - Clipping input data to the valid range for imshow with RGB data ([0..1] for floats or [0..255] for integers). Got range [-2.117904..108.54009].
2025-05-24 21:02:35,993 - matplotlib.image - WARNING - Clipping input data to the valid range for imshow with RGB data ([0..1] for floats or [0..255] for integers). Got range [-2.0151556..2.64].
2025-05-24 21:02:35,994 - matplotlib.image - WARNING - Clipping input data to the valid range for imshow with RGB data ([0..1] for floats or [0..255] for integers). Got range [-2.0151556..109.056].
2025-05-24 21:02:35,995 - matplotlib.image - WARNING - Clipping input data to the valid range for imshow with RGB data ([0..1] for floats or [0..255] for integers). Got range [-2.0151556..153.87901].
2025-05-24 21:02:36,134 - matplotlib.image - WARNING - Clipping input data to the valid range for imshow with RGB data ([0..1] for floats or [0..255] for integers). Got range [-2.0322802..2.64].
2025-05-24 21:02:36,136 - matplotlib.image - WARNING - Clipping input data to the valid range for imshow with RGB data ([0..1] for floats or [0..255] for integers). Got range [-2.0322802..109.056].
2025-05-24 21:02:36,137 - matplotlib.image - WARNING - Clipping input data to the valid range for imshow with RGB data ([0..1] for floats or [0..255] for integers). Got range [-2.0322802..153.83792].
2025-05-24 21:02:36,532 - matplotlib.image - WARNING - Clipping input data to the valid range for imshow with RGB data ([0..1] for floats or [0..255] for integers). Got range [-2.0322802..2.64].
2025-05-24 21:02:36,533 - matplotlib.image - WARNING - Clipping input data to the valid range for imshow with RGB data ([0..1] for floats or [0..255] for integers). Got range [-2.0322802..109.056].
2025-05-24 21:02:36,535 - matplotlib.image - WARNING - Clipping input data to the valid range for imshow with RGB data ([0..1] for floats or [0..255] for integers). Got range [-2.0322802..153.86531].
2025-05-24 21:02:36,676 - matplotlib.image - WARNING - Clipping input data to the valid range for imshow with RGB data ([0..1] for floats or [0..255] for integers). Got range [-2.0151556..2.64].
2025-05-24 21:02:36,677 - matplotlib.image - WARNING - Clipping input data to the valid range for imshow with RGB data ([0..1] for floats or [0..255] for integers). Got range [-1.9637812..109.056].
2025-05-24 21:02:36,679 - matplotlib.image - WARNING - Clipping input data to the valid range for imshow with RGB data ([0..1] for floats or [0..255] for integers). Got range [-2.0151556..153.87216].
2025-05-24 21:02:37,080 - matplotlib.image - WARNING - Clipping input data to the valid range for imshow with RGB data ([0..1] for floats or [0..255] for integers). Got range [-2.0665298..2.64].
2025-05-24 21:02:37,081 - matplotlib.image - WARNING - Clipping input data to the valid range for imshow with RGB data ([0..1] for floats or [0..255] for integers). Got range [-2.0494049..109.056].
2025-05-24 21:02:37,083 - matplotlib.image - WARNING - Clipping input data to the valid range for imshow with RGB data ([0..1] for floats or [0..255] for integers). Got range [-2.0665298..153.70776].
2025-05-24 21:02:37,237 - matplotlib.image - WARNING - Clipping input data to the valid range for imshow with RGB data ([0..1] for floats or [0..255] for integers). Got range [-2.0322802..2.64].
2025-05-24 21:02:37,238 - matplotlib.image - WARNING - Clipping input data to the valid range for imshow with RGB data ([0..1] for floats or [0..255] for integers). Got range [-2.0151556..109.056].
2025-05-24 21:02:37,240 - matplotlib.image - WARNING - Clipping input data to the valid range for imshow with RGB data ([0..1] for floats or [0..255] for integers). Got range [-2.0151556..153.61186].
2025-05-24 21:02:37,638 - matplotlib.image - WARNING - Clipping input data to the valid range for imshow with RGB data ([0..1] for floats or [0..255] for integers). Got range [-2.117904..2.64].
2025-05-24 21:02:37,639 - matplotlib.image - WARNING - Clipping input data to the valid range for imshow with RGB data ([0..1] for floats or [0..255] for integers). Got range [-2.117904..109.056].
2025-05-24 21:02:37,641 - matplotlib.image - WARNING - Clipping input data to the valid range for imshow with RGB data ([0..1] for floats or [0..255] for integers). Got range [-2.117904..153.84476].
2025-05-24 21:02:37,787 - matplotlib.image - WARNING - Clipping input data to the valid range for imshow with RGB data ([0..1] for floats or [0..255] for integers). Got range [-2.0322802..2.64].
2025-05-24 21:02:37,788 - matplotlib.image - WARNING - Clipping input data to the valid range for imshow with RGB data ([0..1] for floats or [0..255] for integers). Got range [-2.0322802..109.056].
2025-05-24 21:02:37,790 - matplotlib.image - WARNING - Clipping input data to the valid range for imshow with RGB data ([0..1] for floats or [0..255] for integers). Got range [-2.0322802..153.85161].
2025-05-24 21:02:38,335 - matplotlib.image - WARNING - Clipping input data to the valid range for imshow with RGB data ([0..1] for floats or [0..255] for integers). Got range [-2.0836544..2.64].
2025-05-24 21:02:38,336 - matplotlib.image - WARNING - Clipping input data to the valid range for imshow with RGB data ([0..1] for floats or [0..255] for integers). Got range [-2.0836544..109.056].
2025-05-24 21:02:38,339 - matplotlib.image - WARNING - Clipping input data to the valid range for imshow with RGB data ([0..1] for floats or [0..255] for integers). Got range [-2.0836544..153.64612].
2025-05-24 21:02:38,484 - matplotlib.image - WARNING - Clipping input data to the valid range for imshow with RGB data ([0..1] for floats or [0..255] for integers). Got range [-2.0665298..2.64].
2025-05-24 21:02:38,485 - matplotlib.image - WARNING - Clipping input data to the valid range for imshow with RGB data ([0..1] for floats or [0..255] for integers). Got range [-2.0665298..109.056].
2025-05-24 21:02:38,487 - matplotlib.image - WARNING - Clipping input data to the valid range for imshow with RGB data ([0..1] for floats or [0..255] for integers). Got range [-2.0665298..153.59132].
2025-05-24 21:02:38,924 - matplotlib.image - WARNING - Clipping input data to the valid range for imshow with RGB data ([0..1] for floats or [0..255] for integers). Got range [-2.0322802..2.5702832].
2025-05-24 21:02:38,926 - matplotlib.image - WARNING - Clipping input data to the valid range for imshow with RGB data ([0..1] for floats or [0..255] for integers). Got range [-1.9980307..109.028114].
2025-05-24 21:02:38,928 - matplotlib.image - WARNING - Clipping input data to the valid range for imshow with RGB data ([0..1] for floats or [0..255] for integers). Got range [-2.0322802..140.22812].
2025-05-24 21:02:39,050 - matplotlib.image - WARNING - Clipping input data to the valid range for imshow with RGB data ([0..1] for floats or [0..255] for integers). Got range [-2.0494049..2.465708].
2025-05-24 21:02:39,051 - matplotlib.image - WARNING - Clipping input data to the valid range for imshow with RGB data ([0..1] for floats or [0..255] for integers). Got range [-2.0151556..108.90959].
2025-05-24 21:02:39,052 - matplotlib.image - WARNING - Clipping input data to the valid range for imshow with RGB data ([0..1] for floats or [0..255] for integers). Got range [-2.0494049..140.18628].
2025-05-24 21:02:39,443 - matplotlib.image - WARNING - Clipping input data to the valid range for imshow with RGB data ([0..1] for floats or [0..255] for integers). Got range [-2.0494049..2.465708].
2025-05-24 21:02:39,444 - matplotlib.image - WARNING - Clipping input data to the valid range for imshow with RGB data ([0..1] for floats or [0..255] for integers). Got range [-2.0494049..108.98628].
2025-05-24 21:02:39,446 - matplotlib.image - WARNING - Clipping input data to the valid range for imshow with RGB data ([0..1] for floats or [0..255] for integers). Got range [-2.0494049..140.18628].
2025-05-24 21:02:39,571 - matplotlib.image - WARNING - Clipping input data to the valid range for imshow with RGB data ([0..1] for floats or [0..255] for integers). Got range [-2.0494049..2.4482791].
2025-05-24 21:02:39,573 - matplotlib.image - WARNING - Clipping input data to the valid range for imshow with RGB data ([0..1] for floats or [0..255] for integers). Got range [-2.0494049..108.97931].
2025-05-24 21:02:39,574 - matplotlib.image - WARNING - Clipping input data to the valid range for imshow with RGB data ([0..1] for floats or [0..255] for integers). Got range [-2.0494049..140.1793].
2025-05-24 21:02:39,971 - matplotlib.image - WARNING - Clipping input data to the valid range for imshow with RGB data ([0..1] for floats or [0..255] for integers). Got range [-2.0494049..2.3959913].
2025-05-24 21:02:39,972 - matplotlib.image - WARNING - Clipping input data to the valid range for imshow with RGB data ([0..1] for floats or [0..255] for integers). Got range [-2.0322802..108.89565].
2025-05-24 21:02:39,973 - matplotlib.image - WARNING - Clipping input data to the valid range for imshow with RGB data ([0..1] for floats or [0..255] for integers). Got range [-2.0494049..140.09566].
2025-05-24 21:02:40,099 - matplotlib.image - WARNING - Clipping input data to the valid range for imshow with RGB data ([0..1] for floats or [0..255] for integers). Got range [-2.0322802..2.3088455].
2025-05-24 21:02:40,100 - matplotlib.image - WARNING - Clipping input data to the valid range for imshow with RGB data ([0..1] for floats or [0..255] for integers). Got range [-2.0151556..108.89565].
2025-05-24 21:02:40,102 - matplotlib.image - WARNING - Clipping input data to the valid range for imshow with RGB data ([0..1] for floats or [0..255] for integers). Got range [-2.0322802..140.08171].
2025-05-24 21:02:40,478 - matplotlib.image - WARNING - Clipping input data to the valid range for imshow with RGB data ([0..1] for floats or [0..255] for integers). Got range [-2.0494049..2.343704].
2025-05-24 21:02:40,479 - matplotlib.image - WARNING - Clipping input data to the valid range for imshow with RGB data ([0..1] for floats or [0..255] for integers). Got range [-2.0322802..108.93051].
2025-05-24 21:02:40,481 - matplotlib.image - WARNING - Clipping input data to the valid range for imshow with RGB data ([0..1] for floats or [0..255] for integers). Got range [-2.0494049..139.99805].
2025-05-24 21:02:40,605 - matplotlib.image - WARNING - Clipping input data to the valid range for imshow with RGB data ([0..1] for floats or [0..255] for integers). Got range [-2.0494049..2.343704].
2025-05-24 21:02:40,606 - matplotlib.image - WARNING - Clipping input data to the valid range for imshow with RGB data ([0..1] for floats or [0..255] for integers). Got range [-2.0151556..108.88868].
2025-05-24 21:02:40,608 - matplotlib.image - WARNING - Clipping input data to the valid range for imshow with RGB data ([0..1] for floats or [0..255] for integers). Got range [-2.0494049..140.03291].
2025-05-24 21:02:41,001 - matplotlib.image - WARNING - Clipping input data to the valid range for imshow with RGB data ([0..1] for floats or [0..255] for integers). Got range [-2.0494049..2.343704].
2025-05-24 21:02:41,002 - matplotlib.image - WARNING - Clipping input data to the valid range for imshow with RGB data ([0..1] for floats or [0..255] for integers). Got range [-2.0151556..108.88171].
2025-05-24 21:02:41,004 - matplotlib.image - WARNING - Clipping input data to the valid range for imshow with RGB data ([0..1] for floats or [0..255] for integers). Got range [-2.0494049..140.08171].
2025-05-24 21:02:41,243 - matplotlib.image - WARNING - Clipping input data to the valid range for imshow with RGB data ([0..1] for floats or [0..255] for integers). Got range [-2.0322802..2.2914162].
2025-05-24 21:02:41,244 - matplotlib.image - WARNING - Clipping input data to the valid range for imshow with RGB data ([0..1] for floats or [0..255] for integers). Got range [-2.0151556..108.85382].
2025-05-24 21:02:41,245 - matplotlib.image - WARNING - Clipping input data to the valid range for imshow with RGB data ([0..1] for floats or [0..255] for integers). Got range [-2.0322802..140.012].
2025-05-24 21:02:41,634 - matplotlib.image - WARNING - Clipping input data to the valid range for imshow with RGB data ([0..1] for floats or [0..255] for integers). Got range [-2.0494049..2.5005665].
2025-05-24 21:02:41,635 - matplotlib.image - WARNING - Clipping input data to the valid range for imshow with RGB data ([0..1] for floats or [0..255] for integers). Got range [-2.0494049..108.85382].
2025-05-24 21:02:41,637 - matplotlib.image - WARNING - Clipping input data to the valid range for imshow with RGB data ([0..1] for floats or [0..255] for integers). Got range [-2.0494049..140.20023].
2025-05-24 21:02:41,763 - matplotlib.image - WARNING - Clipping input data to the valid range for imshow with RGB data ([0..1] for floats or [0..255] for integers). Got range [-2.0494049..2.2914162].
2025-05-24 21:02:41,764 - matplotlib.image - WARNING - Clipping input data to the valid range for imshow with RGB data ([0..1] for floats or [0..255] for integers). Got range [-2.0494049..108.916565].
2025-05-24 21:02:41,765 - matplotlib.image - WARNING - Clipping input data to the valid range for imshow with RGB data ([0..1] for floats or [0..255] for integers). Got range [-2.0494049..140.06776].
2025-05-24 21:02:42,149 - matplotlib.image - WARNING - Clipping input data to the valid range for imshow with RGB data ([0..1] for floats or [0..255] for integers). Got range [-2.0322802..2.3785625].
2025-05-24 21:02:42,150 - matplotlib.image - WARNING - Clipping input data to the valid range for imshow with RGB data ([0..1] for floats or [0..255] for integers). Got range [-2.0151556..108.95142].
2025-05-24 21:02:42,151 - matplotlib.image - WARNING - Clipping input data to the valid range for imshow with RGB data ([0..1] for floats or [0..255] for integers). Got range [-2.0322802..140.15143].
2025-05-24 21:02:42,282 - matplotlib.image - WARNING - Clipping input data to the valid range for imshow with RGB data ([0..1] for floats or [0..255] for integers). Got range [-2.0494049..2.465708].
2025-05-24 21:02:42,284 - matplotlib.image - WARNING - Clipping input data to the valid range for imshow with RGB data ([0..1] for floats or [0..255] for integers). Got range [-2.0322802..108.98628].
2025-05-24 21:02:42,285 - matplotlib.image - WARNING - Clipping input data to the valid range for imshow with RGB data ([0..1] for floats or [0..255] for integers). Got range [-2.0494049..140.18628].
2025-05-24 21:02:42,674 - matplotlib.image - WARNING - Clipping input data to the valid range for imshow with RGB data ([0..1] for floats or [0..255] for integers). Got range [-2.0836544..2.343704].
2025-05-24 21:02:42,675 - matplotlib.image - WARNING - Clipping input data to the valid range for imshow with RGB data ([0..1] for floats or [0..255] for integers). Got range [-2.0836544..108.92354].
2025-05-24 21:02:42,677 - matplotlib.image - WARNING - Clipping input data to the valid range for imshow with RGB data ([0..1] for floats or [0..255] for integers). Got range [-2.0665298..140.13748].
2025-05-24 21:02:42,810 - matplotlib.image - WARNING - Clipping input data to the valid range for imshow with RGB data ([0..1] for floats or [0..255] for integers). Got range [-2.117904..2.4482791].
2025-05-24 21:02:42,812 - matplotlib.image - WARNING - Clipping input data to the valid range for imshow with RGB data ([0..1] for floats or [0..255] for integers). Got range [-2.0322802..108.97931].
2025-05-24 21:02:42,813 - matplotlib.image - WARNING - Clipping input data to the valid range for imshow with RGB data ([0..1] for floats or [0..255] for integers). Got range [-2.117904..140.1793].
2025-05-24 21:02:43,217 - matplotlib.image - WARNING - Clipping input data to the valid range for imshow with RGB data ([0..1] for floats or [0..255] for integers). Got range [-1.9980307..2.3088455].
2025-05-24 21:02:43,218 - matplotlib.image - WARNING - Clipping input data to the valid range for imshow with RGB data ([0..1] for floats or [0..255] for integers). Got range [-1.9980307..108.92354].
2025-05-24 21:02:43,219 - matplotlib.image - WARNING - Clipping input data to the valid range for imshow with RGB data ([0..1] for floats or [0..255] for integers). Got range [-1.843908..139.9632].
2025-05-24 21:02:43,344 - matplotlib.image - WARNING - Clipping input data to the valid range for imshow with RGB data ([0..1] for floats or [0..255] for integers). Got range [-2.0494049..2.3262744].
2025-05-24 21:02:43,346 - matplotlib.image - WARNING - Clipping input data to the valid range for imshow with RGB data ([0..1] for floats or [0..255] for integers). Got range [-2.0494049..108.93051].
2025-05-24 21:02:43,347 - matplotlib.image - WARNING - Clipping input data to the valid range for imshow with RGB data ([0..1] for floats or [0..255] for integers). Got range [-1.7582842..139.95622].
2025-05-24 21:02:43,741 - matplotlib.image - WARNING - Clipping input data to the valid range for imshow with RGB data ([0..1] for floats or [0..255] for integers). Got range [-2.117904..2.5877128].
2025-05-24 21:02:43,742 - matplotlib.image - WARNING - Clipping input data to the valid range for imshow with RGB data ([0..1] for floats or [0..255] for integers). Got range [-2.117904..108.937485].
2025-05-24 21:02:43,744 - matplotlib.image - WARNING - Clipping input data to the valid range for imshow with RGB data ([0..1] for floats or [0..255] for integers). Got range [-2.0151556..140.06776].
2025-05-24 21:02:43,884 - matplotlib.image - WARNING - Clipping input data to the valid range for imshow with RGB data ([0..1] for floats or [0..255] for integers). Got range [-2.0836544..2.6051416].
2025-05-24 21:02:43,885 - matplotlib.image - WARNING - Clipping input data to the valid range for imshow with RGB data ([0..1] for floats or [0..255] for integers). Got range [-2.0836544..109.03509].
2025-05-24 21:02:43,886 - matplotlib.image - WARNING - Clipping input data to the valid range for imshow with RGB data ([0..1] for floats or [0..255] for integers). Got range [-1.7754089..140.24205].
2025-05-24 21:02:44,415 - matplotlib.image - WARNING - Clipping input data to the valid range for imshow with RGB data ([0..1] for floats or [0..255] for integers). Got range [-1.9980307..2.64].
2025-05-24 21:02:44,416 - matplotlib.image - WARNING - Clipping input data to the valid range for imshow with RGB data ([0..1] for floats or [0..255] for integers). Got range [-1.980906..109.056].
2025-05-24 21:02:44,418 - matplotlib.image - WARNING - Clipping input data to the valid range for imshow with RGB data ([0..1] for floats or [0..255] for integers). Got range [-1.6555357..140.11656].
2025-05-24 21:02:44,537 - matplotlib.image - WARNING - Clipping input data to the valid range for imshow with RGB data ([0..1] for floats or [0..255] for integers). Got range [-2.0665298..2.64].
2025-05-24 21:02:44,538 - matplotlib.image - WARNING - Clipping input data to the valid range for imshow with RGB data ([0..1] for floats or [0..255] for integers). Got range [-1.9124069..109.04903].
2025-05-24 21:02:44,540 - matplotlib.image - WARNING - Clipping input data to the valid range for imshow with RGB data ([0..1] for floats or [0..255] for integers). Got range [-1.370448..140.06776].
2025-05-24 21:02:44,940 - matplotlib.image - WARNING - Clipping input data to the valid range for imshow with RGB data ([0..1] for floats or [0..255] for integers). Got range [-1.9124069..2.4134207].
2025-05-24 21:02:44,941 - matplotlib.image - WARNING - Clipping input data to the valid range for imshow with RGB data ([0..1] for floats or [0..255] for integers). Got range [-1.8781574..108.96537].
2025-05-24 21:02:44,943 - matplotlib.image - WARNING - Clipping input data to the valid range for imshow with RGB data ([0..1] for floats or [0..255] for integers). Got range [-1.6155462..139.47517].
2025-05-24 21:02:45,081 - matplotlib.image - WARNING - Clipping input data to the valid range for imshow with RGB data ([0..1] for floats or [0..255] for integers). Got range [-1.8781574..2.4134207].
2025-05-24 21:02:45,082 - matplotlib.image - WARNING - Clipping input data to the valid range for imshow with RGB data ([0..1] for floats or [0..255] for integers). Got range [-1.8081232..108.96537].
2025-05-24 21:02:45,084 - matplotlib.image - WARNING - Clipping input data to the valid range for imshow with RGB data ([0..1] for floats or [0..255] for integers). Got range [-1.5356624..139.46123].
2025-05-24 21:02:45,471 - matplotlib.image - WARNING - Clipping input data to the valid range for imshow with RGB data ([0..1] for floats or [0..255] for integers). Got range [-1.9295317..2.5877128].
2025-05-24 21:02:45,472 - matplotlib.image - WARNING - Clipping input data to the valid range for imshow with RGB data ([0..1] for floats or [0..255] for integers). Got range [-1.8781574..109.03509].
2025-05-24 21:02:45,473 - matplotlib.image - WARNING - Clipping input data to the valid range for imshow with RGB data ([0..1] for floats or [0..255] for integers). Got range [-1.7925336..153.78311].
2025-05-24 21:02:45,639 - matplotlib.image - WARNING - Clipping input data to the valid range for imshow with RGB data ([0..1] for floats or [0..255] for integers). Got range [-1.8781574..2.622571].
2025-05-24 21:02:45,641 - matplotlib.image - WARNING - Clipping input data to the valid range for imshow with RGB data ([0..1] for floats or [0..255] for integers). Got range [-1.8610327..109.04903].
2025-05-24 21:02:45,643 - matplotlib.image - WARNING - Clipping input data to the valid range for imshow with RGB data ([0..1] for floats or [0..255] for integers). Got range [-1.5527872..153.63242].
2025-05-24 21:02:46,068 - matplotlib.image - WARNING - Clipping input data to the valid range for imshow with RGB data ([0..1] for floats or [0..255] for integers). Got range [-1.9124069..2.5877128].
2025-05-24 21:02:46,069 - matplotlib.image - WARNING - Clipping input data to the valid range for imshow with RGB data ([0..1] for floats or [0..255] for integers). Got range [-1.8781574..108.95142].
2025-05-24 21:02:46,071 - matplotlib.image - WARNING - Clipping input data to the valid range for imshow with RGB data ([0..1] for floats or [0..255] for integers). Got range [-1.7754089..153.83792].
2025-05-24 21:02:46,243 - matplotlib.image - WARNING - Clipping input data to the valid range for imshow with RGB data ([0..1] for floats or [0..255] for integers). Got range [-1.9466565..2.5702832].
2025-05-24 21:02:46,244 - matplotlib.image - WARNING - Clipping input data to the valid range for imshow with RGB data ([0..1] for floats or [0..255] for integers). Got range [-1.9466565..109.028114].
2025-05-24 21:02:46,246 - matplotlib.image - WARNING - Clipping input data to the valid range for imshow with RGB data ([0..1] for floats or [0..255] for integers). Got range [-1.7240347..153.75572].
2025-05-24 21:02:46,685 - matplotlib.image - WARNING - Clipping input data to the valid range for imshow with RGB data ([0..1] for floats or [0..255] for integers). Got range [-1.9831933..2.5005665].
2025-05-24 21:02:46,686 - matplotlib.image - WARNING - Clipping input data to the valid range for imshow with RGB data ([0..1] for floats or [0..255] for integers). Got range [-1.8610327..108.96537].
2025-05-24 21:02:46,688 - matplotlib.image - WARNING - Clipping input data to the valid range for imshow with RGB data ([0..1] for floats or [0..255] for integers). Got range [-1.980906..153.66667].
2025-05-24 21:02:46,856 - matplotlib.image - WARNING - Clipping input data to the valid range for imshow with RGB data ([0..1] for floats or [0..255] for integers). Got range [-1.8781574..2.5179958].
2025-05-24 21:02:46,857 - matplotlib.image - WARNING - Clipping input data to the valid range for imshow with RGB data ([0..1] for floats or [0..255] for integers). Got range [-1.8781574..108.98628].
2025-05-24 21:02:46,859 - matplotlib.image - WARNING - Clipping input data to the valid range for imshow with RGB data ([0..1] for floats or [0..255] for integers). Got range [-1.5699118..153.63242].
2025-05-24 21:02:47,409 - matplotlib.image - WARNING - Clipping input data to the valid range for imshow with RGB data ([0..1] for floats or [0..255] for integers). Got range [-1.8952821..2.6051416].
2025-05-24 21:02:47,410 - matplotlib.image - WARNING - Clipping input data to the valid range for imshow with RGB data ([0..1] for floats or [0..255] for integers). Got range [-1.8096584..109.04205].
2025-05-24 21:02:47,412 - matplotlib.image - WARNING - Clipping input data to the valid range for imshow with RGB data ([0..1] for floats or [0..255] for integers). Got range [-1.7411594..153.70091].
2025-05-24 21:02:47,582 - matplotlib.image - WARNING - Clipping input data to the valid range for imshow with RGB data ([0..1] for floats or [0..255] for integers). Got range [-1.9295317..2.5877128].
2025-05-24 21:02:47,583 - matplotlib.image - WARNING - Clipping input data to the valid range for imshow with RGB data ([0..1] for floats or [0..255] for integers). Got range [-1.7582842..108.993256].
2025-05-24 21:02:47,585 - matplotlib.image - WARNING - Clipping input data to the valid range for imshow with RGB data ([0..1] for floats or [0..255] for integers). Got range [-1.7240347..153.65297].
2025-05-24 21:02:48,030 - matplotlib.image - WARNING - Clipping input data to the valid range for imshow with RGB data ([0..1] for floats or [0..255] for integers). Got range [-1.9295317..2.622571].
2025-05-24 21:02:48,031 - matplotlib.image - WARNING - Clipping input data to the valid range for imshow with RGB data ([0..1] for floats or [0..255] for integers). Got range [-1.7754089..109.01417].
2025-05-24 21:02:48,033 - matplotlib.image - WARNING - Clipping input data to the valid range for imshow with RGB data ([0..1] for floats or [0..255] for integers). Got range [-1.7582842..153.81052].
2025-05-24 21:02:48,205 - matplotlib.image - WARNING - Clipping input data to the valid range for imshow with RGB data ([0..1] for floats or [0..255] for integers). Got range [-1.8952821..2.622571].
2025-05-24 21:02:48,206 - matplotlib.image - WARNING - Clipping input data to the valid range for imshow with RGB data ([0..1] for floats or [0..255] for integers). Got range [-1.7240347..109.04903].
2025-05-24 21:02:48,208 - matplotlib.image - WARNING - Clipping input data to the valid range for imshow with RGB data ([0..1] for floats or [0..255] for integers). Got range [-1.5870366..153.57077].
2025-05-24 21:02:48,630 - matplotlib.image - WARNING - Clipping input data to the valid range for imshow with RGB data ([0..1] for floats or [0..255] for integers). Got range [-1.9295317..2.6051416].
2025-05-24 21:02:48,631 - matplotlib.image - WARNING - Clipping input data to the valid range for imshow with RGB data ([0..1] for floats or [0..255] for integers). Got range [-1.8610327..109.04205].
2025-05-24 21:02:48,633 - matplotlib.image - WARNING - Clipping input data to the valid range for imshow with RGB data ([0..1] for floats or [0..255] for integers). Got range [-1.5455182..153.87901].
2025-05-24 21:02:48,801 - matplotlib.image - WARNING - Clipping input data to the valid range for imshow with RGB data ([0..1] for floats or [0..255] for integers). Got range [-1.8952821..2.64].
2025-05-24 21:02:48,802 - matplotlib.image - WARNING - Clipping input data to the valid range for imshow with RGB data ([0..1] for floats or [0..255] for integers). Got range [-1.8952821..109.056].
2025-05-24 21:02:48,804 - matplotlib.image - WARNING - Clipping input data to the valid range for imshow with RGB data ([0..1] for floats or [0..255] for integers). Got range [-1.8952821..153.87216].
2025-05-24 21:02:49,231 - matplotlib.image - WARNING - Clipping input data to the valid range for imshow with RGB data ([0..1] for floats or [0..255] for integers). Got range [-1.8781574..2.5702832].
2025-05-24 21:02:49,232 - matplotlib.image - WARNING - Clipping input data to the valid range for imshow with RGB data ([0..1] for floats or [0..255] for integers). Got range [-1.8267832..109.028114].
2025-05-24 21:02:49,234 - matplotlib.image - WARNING - Clipping input data to the valid range for imshow with RGB data ([0..1] for floats or [0..255] for integers). Got range [-1.7069099..153.69406].
2025-05-24 21:02:49,400 - matplotlib.image - WARNING - Clipping input data to the valid range for imshow with RGB data ([0..1] for floats or [0..255] for integers). Got range [-1.8781574..2.6051416].
2025-05-24 21:02:49,402 - matplotlib.image - WARNING - Clipping input data to the valid range for imshow with RGB data ([0..1] for floats or [0..255] for integers). Got range [-1.843908..109.04205].
2025-05-24 21:02:49,403 - matplotlib.image - WARNING - Clipping input data to the valid range for imshow with RGB data ([0..1] for floats or [0..255] for integers). Got range [-1.7582842..153.63927].
2025-05-24 21:02:49,827 - matplotlib.image - WARNING - Clipping input data to the valid range for imshow with RGB data ([0..1] for floats or [0..255] for integers). Got range [-1.8610327..2.3611329].
2025-05-24 21:02:49,828 - matplotlib.image - WARNING - Clipping input data to the valid range for imshow with RGB data ([0..1] for floats or [0..255] for integers). Got range [-1.6897851..108.94445].
2025-05-24 21:02:49,830 - matplotlib.image - WARNING - Clipping input data to the valid range for imshow with RGB data ([0..1] for floats or [0..255] for integers). Got range [-1.5356624..153.61186].
2025-05-24 21:02:50,005 - matplotlib.image - WARNING - Clipping input data to the valid range for imshow with RGB data ([0..1] for floats or [0..255] for integers). Got range [-1.8610327..2.5877128].
2025-05-24 21:02:50,006 - matplotlib.image - WARNING - Clipping input data to the valid range for imshow with RGB data ([0..1] for floats or [0..255] for integers). Got range [-1.6897851..108.96537].
2025-05-24 21:02:50,008 - matplotlib.image - WARNING - Clipping input data to the valid range for imshow with RGB data ([0..1] for floats or [0..255] for integers). Got range [-1.6897851..153.58447].
2025-05-24 21:02:50,456 - matplotlib.image - WARNING - Clipping input data to the valid range for imshow with RGB data ([0..1] for floats or [0..255] for integers). Got range [-1.843908..2.64].
2025-05-24 21:02:50,457 - matplotlib.image - WARNING - Clipping input data to the valid range for imshow with RGB data ([0..1] for floats or [0..255] for integers). Got range [-1.843908..109.056].
2025-05-24 21:02:50,459 - matplotlib.image - WARNING - Clipping input data to the valid range for imshow with RGB data ([0..1] for floats or [0..255] for integers). Got range [-1.7754089..108.735306].
2025-05-24 21:02:50,607 - matplotlib.image - WARNING - Clipping input data to the valid range for imshow with RGB data ([0..1] for floats or [0..255] for integers). Got range [-1.8610327..2.622571].
2025-05-24 21:02:50,609 - matplotlib.image - WARNING - Clipping input data to the valid range for imshow with RGB data ([0..1] for floats or [0..255] for integers). Got range [-1.8610327..109.04205].
2025-05-24 21:02:50,610 - matplotlib.image - WARNING - Clipping input data to the valid range for imshow with RGB data ([0..1] for floats or [0..255] for integers). Got range [-1.7582842..108.72833].
2025-05-24 21:02:51,135 - matplotlib.image - WARNING - Clipping input data to the valid range for imshow with RGB data ([0..1] for floats or [0..255] for integers). Got range [-1.9124069..2.64].
2025-05-24 21:02:51,136 - matplotlib.image - WARNING - Clipping input data to the valid range for imshow with RGB data ([0..1] for floats or [0..255] for integers). Got range [-1.9124069..108.9584].
2025-05-24 21:02:51,138 - matplotlib.image - WARNING - Clipping input data to the valid range for imshow with RGB data ([0..1] for floats or [0..255] for integers). Got range [-1.8610327..108.76319].
2025-05-24 21:02:51,290 - matplotlib.image - WARNING - Clipping input data to the valid range for imshow with RGB data ([0..1] for floats or [0..255] for integers). Got range [-1.9124069..2.64].
2025-05-24 21:02:51,291 - matplotlib.image - WARNING - Clipping input data to the valid range for imshow with RGB data ([0..1] for floats or [0..255] for integers). Got range [-1.8610327..109.0072].
2025-05-24 21:02:51,293 - matplotlib.image - WARNING - Clipping input data to the valid range for imshow with RGB data ([0..1] for floats or [0..255] for integers). Got range [-1.9124069..108.76319].
2025-05-24 21:02:51,704 - matplotlib.image - WARNING - Clipping input data to the valid range for imshow with RGB data ([0..1] for floats or [0..255] for integers). Got range [-1.8096584..2.64].
2025-05-24 21:02:51,705 - matplotlib.image - WARNING - Clipping input data to the valid range for imshow with RGB data ([0..1] for floats or [0..255] for integers). Got range [-1.8081232..109.02114].
2025-05-24 21:02:51,707 - matplotlib.image - WARNING - Clipping input data to the valid range for imshow with RGB data ([0..1] for floats or [0..255] for integers). Got range [-1.8096584..108.74227].
2025-05-24 21:02:51,860 - matplotlib.image - WARNING - Clipping input data to the valid range for imshow with RGB data ([0..1] for floats or [0..255] for integers). Got range [-1.7925336..2.64].
2025-05-24 21:02:51,861 - matplotlib.image - WARNING - Clipping input data to the valid range for imshow with RGB data ([0..1] for floats or [0..255] for integers). Got range [-1.7754089..109.056].
2025-05-24 21:02:51,862 - matplotlib.image - WARNING - Clipping input data to the valid range for imshow with RGB data ([0..1] for floats or [0..255] for integers). Got range [-1.7925336..108.749245].
2025-05-24 21:02:52,258 - matplotlib.image - WARNING - Clipping input data to the valid range for imshow with RGB data ([0..1] for floats or [0..255] for integers). Got range [-1.8610327..2.64].
2025-05-24 21:02:52,259 - matplotlib.image - WARNING - Clipping input data to the valid range for imshow with RGB data ([0..1] for floats or [0..255] for integers). Got range [-1.7925336..108.79108].
2025-05-24 21:02:52,261 - matplotlib.image - WARNING - Clipping input data to the valid range for imshow with RGB data ([0..1] for floats or [0..255] for integers). Got range [-1.7925336..108.79805].
2025-05-24 21:02:52,409 - matplotlib.image - WARNING - Clipping input data to the valid range for imshow with RGB data ([0..1] for floats or [0..255] for integers). Got range [-1.8952821..2.622571].
2025-05-24 21:02:52,410 - matplotlib.image - WARNING - Clipping input data to the valid range for imshow with RGB data ([0..1] for floats or [0..255] for integers). Got range [-1.8952821..109.01417].
2025-05-24 21:02:52,411 - matplotlib.image - WARNING - Clipping input data to the valid range for imshow with RGB data ([0..1] for floats or [0..255] for integers). Got range [-1.8096584..108.79108].
2025-05-24 21:02:52,831 - matplotlib.image - WARNING - Clipping input data to the valid range for imshow with RGB data ([0..1] for floats or [0..255] for integers). Got range [-1.9295317..2.5877128].
2025-05-24 21:02:52,832 - matplotlib.image - WARNING - Clipping input data to the valid range for imshow with RGB data ([0..1] for floats or [0..255] for integers). Got range [-1.8781574..108.97931].
2025-05-24 21:02:52,834 - matplotlib.image - WARNING - Clipping input data to the valid range for imshow with RGB data ([0..1] for floats or [0..255] for integers). Got range [-1.8781574..108.76319].
2025-05-24 21:02:52,981 - matplotlib.image - WARNING - Clipping input data to the valid range for imshow with RGB data ([0..1] for floats or [0..255] for integers). Got range [-1.9124069..2.3785625].
2025-05-24 21:02:52,982 - matplotlib.image - WARNING - Clipping input data to the valid range for imshow with RGB data ([0..1] for floats or [0..255] for integers). Got range [-1.9124069..108.916565].
2025-05-24 21:02:52,983 - matplotlib.image - WARNING - Clipping input data to the valid range for imshow with RGB data ([0..1] for floats or [0..255] for integers). Got range [-1.8610327..108.76319].
2025-05-24 21:02:53,394 - matplotlib.image - WARNING - Clipping input data to the valid range for imshow with RGB data ([0..1] for floats or [0..255] for integers). Got range [-1.8781574..2.3088455].
2025-05-24 21:02:53,396 - matplotlib.image - WARNING - Clipping input data to the valid range for imshow with RGB data ([0..1] for floats or [0..255] for integers). Got range [-1.8781574..108.770164].
2025-05-24 21:02:53,397 - matplotlib.image - WARNING - Clipping input data to the valid range for imshow with RGB data ([0..1] for floats or [0..255] for integers). Got range [-1.8781574..108.79805].
2025-05-24 21:02:53,564 - matplotlib.image - WARNING - Clipping input data to the valid range for imshow with RGB data ([0..1] for floats or [0..255] for integers). Got range [-1.8952821..2.4308496].
2025-05-24 21:02:53,565 - matplotlib.image - WARNING - Clipping input data to the valid range for imshow with RGB data ([0..1] for floats or [0..255] for integers). Got range [-1.8952821..108.88868].
2025-05-24 21:02:53,567 - matplotlib.image - WARNING - Clipping input data to the valid range for imshow with RGB data ([0..1] for floats or [0..255] for integers). Got range [-1.8952821..108.6865].
2025-05-24 21:02:53,979 - matplotlib.image - WARNING - Clipping input data to the valid range for imshow with RGB data ([0..1] for floats or [0..255] for integers). Got range [-2.0151556..2.64].
2025-05-24 21:02:53,980 - matplotlib.image - WARNING - Clipping input data to the valid range for imshow with RGB data ([0..1] for floats or [0..255] for integers). Got range [-2.0151556..109.04903].
2025-05-24 21:02:53,982 - matplotlib.image - WARNING - Clipping input data to the valid range for imshow with RGB data ([0..1] for floats or [0..255] for integers). Got range [-1.9466565..108.902626].
2025-05-24 21:02:54,254 - matplotlib.image - WARNING - Clipping input data to the valid range for imshow with RGB data ([0..1] for floats or [0..255] for integers). Got range [-1.9980307..2.64].
2025-05-24 21:02:54,255 - matplotlib.image - WARNING - Clipping input data to the valid range for imshow with RGB data ([0..1] for floats or [0..255] for integers). Got range [-1.9980307..109.056].
2025-05-24 21:02:54,257 - matplotlib.image - WARNING - Clipping input data to the valid range for imshow with RGB data ([0..1] for floats or [0..255] for integers). Got range [-1.9637812..108.86777].
2025-05-24 21:02:54,653 - matplotlib.image - WARNING - Clipping input data to the valid range for imshow with RGB data ([0..1] for floats or [0..255] for integers). Got range [-1.980906..2.64].
2025-05-24 21:02:54,654 - matplotlib.image - WARNING - Clipping input data to the valid range for imshow with RGB data ([0..1] for floats or [0..255] for integers). Got range [-1.980906..109.056].
2025-05-24 21:02:54,656 - matplotlib.image - WARNING - Clipping input data to the valid range for imshow with RGB data ([0..1] for floats or [0..255] for integers). Got range [-1.980906..108.88171].
2025-05-24 21:02:54,802 - matplotlib.image - WARNING - Clipping input data to the valid range for imshow with RGB data ([0..1] for floats or [0..255] for integers). Got range [-1.9980307..2.64].
2025-05-24 21:02:54,803 - matplotlib.image - WARNING - Clipping input data to the valid range for imshow with RGB data ([0..1] for floats or [0..255] for integers). Got range [-1.9980307..109.056].
2025-05-24 21:02:54,805 - matplotlib.image - WARNING - Clipping input data to the valid range for imshow with RGB data ([0..1] for floats or [0..255] for integers). Got range [-1.980906..108.825935].
2025-05-24 21:02:55,186 - matplotlib.image - WARNING - Clipping input data to the valid range for imshow with RGB data ([0..1] for floats or [0..255] for integers). Got range [-2.0665298..2.64].
2025-05-24 21:02:55,187 - matplotlib.image - WARNING - Clipping input data to the valid range for imshow with RGB data ([0..1] for floats or [0..255] for integers). Got range [-2.0665298..109.04903].
2025-05-24 21:02:55,188 - matplotlib.image - WARNING - Clipping input data to the valid range for imshow with RGB data ([0..1] for floats or [0..255] for integers). Got range [-2.0665298..108.75622].
2025-05-24 21:02:55,338 - matplotlib.image - WARNING - Clipping input data to the valid range for imshow with RGB data ([0..1] for floats or [0..255] for integers). Got range [-2.0151556..2.64].
2025-05-24 21:02:55,339 - matplotlib.image - WARNING - Clipping input data to the valid range for imshow with RGB data ([0..1] for floats or [0..255] for integers). Got range [-2.0151556..109.04205].
2025-05-24 21:02:55,340 - matplotlib.image - WARNING - Clipping input data to the valid range for imshow with RGB data ([0..1] for floats or [0..255] for integers). Got range [-1.9980307..108.75622].
2025-05-24 21:02:55,797 - matplotlib.image - WARNING - Clipping input data to the valid range for imshow with RGB data ([0..1] for floats or [0..255] for integers). Got range [-2.1007793..1.9428324].
2025-05-24 21:02:55,798 - matplotlib.image - WARNING - Clipping input data to the valid range for imshow with RGB data ([0..1] for floats or [0..255] for integers). Got range [-2.1007793..108.602844].
2025-05-24 21:02:55,800 - matplotlib.image - WARNING - Clipping input data to the valid range for imshow with RGB data ([0..1] for floats or [0..255] for integers). Got range [-2.1007793..108.77713].
2025-05-24 21:02:55,950 - matplotlib.image - WARNING - Clipping input data to the valid range for imshow with RGB data ([0..1] for floats or [0..255] for integers). Got range [-2.0665298..1.9776908].
2025-05-24 21:02:55,951 - matplotlib.image - WARNING - Clipping input data to the valid range for imshow with RGB data ([0..1] for floats or [0..255] for integers). Got range [-2.0665298..108.672554].
2025-05-24 21:02:55,953 - matplotlib.image - WARNING - Clipping input data to the valid range for imshow with RGB data ([0..1] for floats or [0..255] for integers). Got range [-2.0665298..108.79108].
2025-05-24 21:02:56,357 - matplotlib.image - WARNING - Clipping input data to the valid range for imshow with RGB data ([0..1] for floats or [0..255] for integers). Got range [-1.7582842..1.7685405].
2025-05-24 21:02:56,358 - matplotlib.image - WARNING - Clipping input data to the valid range for imshow with RGB data ([0..1] for floats or [0..255] for integers). Got range [-1.7582842..108.62376].
2025-05-24 21:02:56,360 - matplotlib.image - WARNING - Clipping input data to the valid range for imshow with RGB data ([0..1] for floats or [0..255] for integers). Got range [-1.7582842..153.53651].
2025-05-24 21:02:56,510 - matplotlib.image - WARNING - Clipping input data to the valid range for imshow with RGB data ([0..1] for floats or [0..255] for integers). Got range [-1.7411594..1.733682].
2025-05-24 21:02:56,511 - matplotlib.image - WARNING - Clipping input data to the valid range for imshow with RGB data ([0..1] for floats or [0..255] for integers). Got range [-1.7411594..108.66559].
2025-05-24 21:02:56,513 - matplotlib.image - WARNING - Clipping input data to the valid range for imshow with RGB data ([0..1] for floats or [0..255] for integers). Got range [-1.6726604..153.56392].
2025-05-24 21:02:56,918 - matplotlib.image - WARNING - Clipping input data to the valid range for imshow with RGB data ([0..1] for floats or [0..255] for integers). Got range [-1.7411594..1.7162529].
2025-05-24 21:02:56,919 - matplotlib.image - WARNING - Clipping input data to the valid range for imshow with RGB data ([0..1] for floats or [0..255] for integers). Got range [-1.7411594..108.61678].
2025-05-24 21:02:56,921 - matplotlib.image - WARNING - Clipping input data to the valid range for imshow with RGB data ([0..1] for floats or [0..255] for integers). Got range [-1.7411594..153.56392].
2025-05-24 21:02:57,069 - matplotlib.image - WARNING - Clipping input data to the valid range for imshow with RGB data ([0..1] for floats or [0..255] for integers). Got range [-1.7411594..1.7162529].
2025-05-24 21:02:57,071 - matplotlib.image - WARNING - Clipping input data to the valid range for imshow with RGB data ([0..1] for floats or [0..255] for integers). Got range [-1.7069099..108.54009].
2025-05-24 21:02:57,072 - matplotlib.image - WARNING - Clipping input data to the valid range for imshow with RGB data ([0..1] for floats or [0..255] for integers). Got range [-1.6897851..153.55022].
2025-05-24 21:02:57,597 - matplotlib.image - WARNING - Clipping input data to the valid range for imshow with RGB data ([0..1] for floats or [0..255] for integers). Got range [-1.7411594..1.8033988].
2025-05-24 21:02:57,598 - matplotlib.image - WARNING - Clipping input data to the valid range for imshow with RGB data ([0..1] for floats or [0..255] for integers). Got range [-1.7069099..108.70741].
2025-05-24 21:02:57,600 - matplotlib.image - WARNING - Clipping input data to the valid range for imshow with RGB data ([0..1] for floats or [0..255] for integers). Got range [-1.7069099..153.53651].
2025-05-24 21:02:57,747 - matplotlib.image - WARNING - Clipping input data to the valid range for imshow with RGB data ([0..1] for floats or [0..255] for integers). Got range [-1.7380952..1.8208281].
2025-05-24 21:02:57,749 - matplotlib.image - WARNING - Clipping input data to the valid range for imshow with RGB data ([0..1] for floats or [0..255] for integers). Got range [-1.7380952..108.714386].
2025-05-24 21:02:57,750 - matplotlib.image - WARNING - Clipping input data to the valid range for imshow with RGB data ([0..1] for floats or [0..255] for integers). Got range [-1.7380952..153.57762].
2025-05-24 21:02:58,148 - matplotlib.image - WARNING - Clipping input data to the valid range for imshow with RGB data ([0..1] for floats or [0..255] for integers). Got range [-1.7556022..1.8033988].
2025-05-24 21:02:58,150 - matplotlib.image - WARNING - Clipping input data to the valid range for imshow with RGB data ([0..1] for floats or [0..255] for integers). Got range [-1.7556022..108.49827].
2025-05-24 21:02:58,151 - matplotlib.image - WARNING - Clipping input data to the valid range for imshow with RGB data ([0..1] for floats or [0..255] for integers). Got range [-1.6726604..153.57077].
2025-05-24 21:02:58,306 - matplotlib.image - WARNING - Clipping input data to the valid range for imshow with RGB data ([0..1] for floats or [0..255] for integers). Got range [-1.7411594..1.8208281].
2025-05-24 21:02:58,307 - matplotlib.image - WARNING - Clipping input data to the valid range for imshow with RGB data ([0..1] for floats or [0..255] for integers). Got range [-1.7411594..108.56101].
2025-05-24 21:02:58,309 - matplotlib.image - WARNING - Clipping input data to the valid range for imshow with RGB data ([0..1] for floats or [0..255] for integers). Got range [-1.6041614..153.54337].
2025-05-24 21:02:58,723 - matplotlib.image - WARNING - Clipping input data to the valid range for imshow with RGB data ([0..1] for floats or [0..255] for integers). Got range [-1.6680672..1.6988237].
2025-05-24 21:02:58,725 - matplotlib.image - WARNING - Clipping input data to the valid range for imshow with RGB data ([0..1] for floats or [0..255] for integers). Got range [-1.6555357..108.435524].
2025-05-24 21:02:58,726 - matplotlib.image - WARNING - Clipping input data to the valid range for imshow with RGB data ([0..1] for floats or [0..255] for integers). Got range [-1.6330532..153.50227].
2025-05-24 21:02:58,881 - matplotlib.image - WARNING - Clipping input data to the valid range for imshow with RGB data ([0..1] for floats or [0..255] for integers). Got range [-1.7240347..1.6988237].
2025-05-24 21:02:58,882 - matplotlib.image - WARNING - Clipping input data to the valid range for imshow with RGB data ([0..1] for floats or [0..255] for integers). Got range [-1.6726604..108.48432].
2025-05-24 21:02:58,884 - matplotlib.image - WARNING - Clipping input data to the valid range for imshow with RGB data ([0..1] for floats or [0..255] for integers). Got range [-1.6330532..153.49542].
2025-05-24 21:02:59,306 - matplotlib.image - WARNING - Clipping input data to the valid range for imshow with RGB data ([0..1] for floats or [0..255] for integers). Got range [-1.7240347..1.5810429].
2025-05-24 21:02:59,307 - matplotlib.image - WARNING - Clipping input data to the valid range for imshow with RGB data ([0..1] for floats or [0..255] for integers). Got range [-1.7205882..108.56101].
2025-05-24 21:02:59,308 - matplotlib.image - WARNING - Clipping input data to the valid range for imshow with RGB data ([0..1] for floats or [0..255] for integers). Got range [-1.6330532..153.50227].
2025-05-24 21:02:59,461 - matplotlib.image - WARNING - Clipping input data to the valid range for imshow with RGB data ([0..1] for floats or [0..255] for integers). Got range [-1.7582842..1.5768193].
2025-05-24 21:02:59,462 - matplotlib.image - WARNING - Clipping input data to the valid range for imshow with RGB data ([0..1] for floats or [0..255] for integers). Got range [-1.7380952..108.51221].
2025-05-24 21:02:59,464 - matplotlib.image - WARNING - Clipping input data to the valid range for imshow with RGB data ([0..1] for floats or [0..255] for integers). Got range [-1.7380952..153.50227].
2025-05-24 21:02:59,870 - matplotlib.image - WARNING - Clipping input data to the valid range for imshow with RGB data ([0..1] for floats or [0..255] for integers). Got range [-1.7240347..1.5810429].
2025-05-24 21:02:59,871 - matplotlib.image - WARNING - Clipping input data to the valid range for imshow with RGB data ([0..1] for floats or [0..255] for integers). Got range [-1.7240347..108.62376].
2025-05-24 21:02:59,872 - matplotlib.image - WARNING - Clipping input data to the valid range for imshow with RGB data ([0..1] for floats or [0..255] for integers). Got range [-1.7030813..153.46117].
2025-05-24 21:03:00,027 - matplotlib.image - WARNING - Clipping input data to the valid range for imshow with RGB data ([0..1] for floats or [0..255] for integers). Got range [-1.7240347..1.5768193].
2025-05-24 21:03:00,028 - matplotlib.image - WARNING - Clipping input data to the valid range for imshow with RGB data ([0..1] for floats or [0..255] for integers). Got range [-1.7240347..108.567986].
2025-05-24 21:03:00,030 - matplotlib.image - WARNING - Clipping input data to the valid range for imshow with RGB data ([0..1] for floats or [0..255] for integers). Got range [-1.6897851..153.48857].
2025-05-24 21:03:00,467 - matplotlib.image - WARNING - Clipping input data to the valid range for imshow with RGB data ([0..1] for floats or [0..255] for integers). Got range [-2.0494049..2.64].
2025-05-24 21:03:00,468 - matplotlib.image - WARNING - Clipping input data to the valid range for imshow with RGB data ([0..1] for floats or [0..255] for integers). Got range [-2.0494049..109.056].
2025-05-24 21:03:00,470 - matplotlib.image - WARNING - Clipping input data to the valid range for imshow with RGB data ([0..1] for floats or [0..255] for integers). Got range [-2.0494049..140.24902].
2025-05-24 21:03:00,616 - matplotlib.image - WARNING - Clipping input data to the valid range for imshow with RGB data ([0..1] for floats or [0..255] for integers). Got range [-2.0665298..2.64].
2025-05-24 21:03:00,617 - matplotlib.image - WARNING - Clipping input data to the valid range for imshow with RGB data ([0..1] for floats or [0..255] for integers). Got range [-2.0665298..109.056].
2025-05-24 21:03:00,618 - matplotlib.image - WARNING - Clipping input data to the valid range for imshow with RGB data ([0..1] for floats or [0..255] for integers). Got range [-2.0665298..140.256].
2025-05-24 21:03:01,126 - matplotlib.image - WARNING - Clipping input data to the valid range for imshow with RGB data ([0..1] for floats or [0..255] for integers). Got range [-2.0836544..2.64].
2025-05-24 21:03:01,128 - matplotlib.image - WARNING - Clipping input data to the valid range for imshow with RGB data ([0..1] for floats or [0..255] for integers). Got range [-2.0151556..109.056].
2025-05-24 21:03:01,130 - matplotlib.image - WARNING - Clipping input data to the valid range for imshow with RGB data ([0..1] for floats or [0..255] for integers). Got range [-2.0357141..140.22812].
2025-05-24 21:03:01,275 - matplotlib.image - WARNING - Clipping input data to the valid range for imshow with RGB data ([0..1] for floats or [0..255] for integers). Got range [-2.0836544..2.64].
2025-05-24 21:03:01,277 - matplotlib.image - WARNING - Clipping input data to the valid range for imshow with RGB data ([0..1] for floats or [0..255] for integers). Got range [-2.0494049..109.056].
2025-05-24 21:03:01,278 - matplotlib.image - WARNING - Clipping input data to the valid range for imshow with RGB data ([0..1] for floats or [0..255] for integers). Got range [-2.0494049..140.22812].
2025-05-24 21:03:01,682 - matplotlib.image - WARNING - Clipping input data to the valid range for imshow with RGB data ([0..1] for floats or [0..255] for integers). Got range [-2.117904..2.64].
2025-05-24 21:03:01,683 - matplotlib.image - WARNING - Clipping input data to the valid range for imshow with RGB data ([0..1] for floats or [0..255] for integers). Got range [-2.0665298..109.056].
2025-05-24 21:03:01,685 - matplotlib.image - WARNING - Clipping input data to the valid range for imshow with RGB data ([0..1] for floats or [0..255] for integers). Got range [-2.1007793..140.256].
2025-05-24 21:03:01,825 - matplotlib.image - WARNING - Clipping input data to the valid range for imshow with RGB data ([0..1] for floats or [0..255] for integers). Got range [-2.117904..2.64].
2025-05-24 21:03:01,826 - matplotlib.image - WARNING - Clipping input data to the valid range for imshow with RGB data ([0..1] for floats or [0..255] for integers). Got range [-2.0494049..109.056].
2025-05-24 21:03:01,828 - matplotlib.image - WARNING - Clipping input data to the valid range for imshow with RGB data ([0..1] for floats or [0..255] for integers). Got range [-2.0836544..140.24902].
2025-05-24 21:03:02,228 - matplotlib.image - WARNING - Clipping input data to the valid range for imshow with RGB data ([0..1] for floats or [0..255] for integers). Got range [-2.117904..2.64].
2025-05-24 21:03:02,229 - matplotlib.image - WARNING - Clipping input data to the valid range for imshow with RGB data ([0..1] for floats or [0..255] for integers). Got range [-2.1007793..109.056].
2025-05-24 21:03:02,231 - matplotlib.image - WARNING - Clipping input data to the valid range for imshow with RGB data ([0..1] for floats or [0..255] for integers). Got range [-2.117904..140.256].
2025-05-24 21:03:02,366 - matplotlib.image - WARNING - Clipping input data to the valid range for imshow with RGB data ([0..1] for floats or [0..255] for integers). Got range [-2.117904..2.64].
2025-05-24 21:03:02,368 - matplotlib.image - WARNING - Clipping input data to the valid range for imshow with RGB data ([0..1] for floats or [0..255] for integers). Got range [-2.117904..109.056].
2025-05-24 21:03:02,369 - matplotlib.image - WARNING - Clipping input data to the valid range for imshow with RGB data ([0..1] for floats or [0..255] for integers). Got range [-2.1007793..140.256].
2025-05-24 21:03:02,752 - matplotlib.image - WARNING - Clipping input data to the valid range for imshow with RGB data ([0..1] for floats or [0..255] for integers). Got range [-2.117904..2.64].
2025-05-24 21:03:02,753 - matplotlib.image - WARNING - Clipping input data to the valid range for imshow with RGB data ([0..1] for floats or [0..255] for integers). Got range [-2.0665298..109.056].
2025-05-24 21:03:02,755 - matplotlib.image - WARNING - Clipping input data to the valid range for imshow with RGB data ([0..1] for floats or [0..255] for integers). Got range [-2.117904..140.256].
2025-05-24 21:03:02,890 - matplotlib.image - WARNING - Clipping input data to the valid range for imshow with RGB data ([0..1] for floats or [0..255] for integers). Got range [-2.0836544..2.64].
2025-05-24 21:03:02,892 - matplotlib.image - WARNING - Clipping input data to the valid range for imshow with RGB data ([0..1] for floats or [0..255] for integers). Got range [-2.0322802..109.056].
2025-05-24 21:03:02,893 - matplotlib.image - WARNING - Clipping input data to the valid range for imshow with RGB data ([0..1] for floats or [0..255] for integers). Got range [-2.0836544..140.256].
2025-05-24 21:03:03,277 - matplotlib.image - WARNING - Clipping input data to the valid range for imshow with RGB data ([0..1] for floats or [0..255] for integers). Got range [-2.117904..2.2146587].
2025-05-24 21:03:03,278 - matplotlib.image - WARNING - Clipping input data to the valid range for imshow with RGB data ([0..1] for floats or [0..255] for integers). Got range [-2.117904..108.63073].
2025-05-24 21:03:03,280 - matplotlib.image - WARNING - Clipping input data to the valid range for imshow with RGB data ([0..1] for floats or [0..255] for integers). Got range [-2.117904..153.80367].
2025-05-24 21:03:03,407 - matplotlib.image - WARNING - Clipping input data to the valid range for imshow with RGB data ([0..1] for floats or [0..255] for integers). Got range [-2.117904..2.1461596].
2025-05-24 21:03:03,408 - matplotlib.image - WARNING - Clipping input data to the valid range for imshow with RGB data ([0..1] for floats or [0..255] for integers). Got range [-2.117904..108.65164].
2025-05-24 21:03:03,410 - matplotlib.image - WARNING - Clipping input data to the valid range for imshow with RGB data ([0..1] for floats or [0..255] for integers). Got range [-2.117904..153.78996].
2025-05-24 21:03:03,783 - matplotlib.image - WARNING - Clipping input data to the valid range for imshow with RGB data ([0..1] for floats or [0..255] for integers). Got range [-2.117904..2.129035].
2025-05-24 21:03:03,784 - matplotlib.image - WARNING - Clipping input data to the valid range for imshow with RGB data ([0..1] for floats or [0..255] for integers). Got range [-2.117904..108.80502].
2025-05-24 21:03:03,786 - matplotlib.image - WARNING - Clipping input data to the valid range for imshow with RGB data ([0..1] for floats or [0..255] for integers). Got range [-2.117904..153.76941].
2025-05-24 21:03:04,046 - matplotlib.image - WARNING - Clipping input data to the valid range for imshow with RGB data ([0..1] for floats or [0..255] for integers). Got range [-2.117904..2.2317834].
2025-05-24 21:03:04,047 - matplotlib.image - WARNING - Clipping input data to the valid range for imshow with RGB data ([0..1] for floats or [0..255] for integers). Got range [-2.117904..108.83291].
2025-05-24 21:03:04,049 - matplotlib.image - WARNING - Clipping input data to the valid range for imshow with RGB data ([0..1] for floats or [0..255] for integers). Got range [-2.117904..153.76256].
2025-05-24 21:03:04,445 - matplotlib.image - WARNING - Clipping input data to the valid range for imshow with RGB data ([0..1] for floats or [0..255] for integers). Got range [-2.117904..2.2317834].
2025-05-24 21:03:04,446 - matplotlib.image - WARNING - Clipping input data to the valid range for imshow with RGB data ([0..1] for floats or [0..255] for integers). Got range [-2.117904..108.83291].
2025-05-24 21:03:04,448 - matplotlib.image - WARNING - Clipping input data to the valid range for imshow with RGB data ([0..1] for floats or [0..255] for integers). Got range [-2.0494049..153.60501].
2025-05-24 21:03:04,583 - matplotlib.image - WARNING - Clipping input data to the valid range for imshow with RGB data ([0..1] for floats or [0..255] for integers). Got range [-2.117904..2.1804092].
2025-05-24 21:03:04,585 - matplotlib.image - WARNING - Clipping input data to the valid range for imshow with RGB data ([0..1] for floats or [0..255] for integers). Got range [-2.117904..108.86777].
2025-05-24 21:03:04,586 - matplotlib.image - WARNING - Clipping input data to the valid range for imshow with RGB data ([0..1] for floats or [0..255] for integers). Got range [-1.7205882..153.75572].
2025-05-24 21:03:04,972 - matplotlib.image - WARNING - Clipping input data to the valid range for imshow with RGB data ([0..1] for floats or [0..255] for integers). Got range [-2.117904..2.186841].
2025-05-24 21:03:04,973 - matplotlib.image - WARNING - Clipping input data to the valid range for imshow with RGB data ([0..1] for floats or [0..255] for integers). Got range [-2.117904..108.86777].
2025-05-24 21:03:04,975 - matplotlib.image - WARNING - Clipping input data to the valid range for imshow with RGB data ([0..1] for floats or [0..255] for integers). Got range [-1.9124069..153.59818].
2025-05-24 21:03:05,116 - matplotlib.image - WARNING - Clipping input data to the valid range for imshow with RGB data ([0..1] for floats or [0..255] for integers). Got range [-2.117904..2.3785625].
2025-05-24 21:03:05,117 - matplotlib.image - WARNING - Clipping input data to the valid range for imshow with RGB data ([0..1] for floats or [0..255] for integers). Got range [-2.117904..108.95142].
2025-05-24 21:03:05,119 - matplotlib.image - WARNING - Clipping input data to the valid range for imshow with RGB data ([0..1] for floats or [0..255] for integers). Got range [-1.980906..153.45432].
2025-05-24 21:03:05,524 - matplotlib.image - WARNING - Clipping input data to the valid range for imshow with RGB data ([0..1] for floats or [0..255] for integers). Got range [-2.0836544..2.5528543].
2025-05-24 21:03:05,525 - matplotlib.image - WARNING - Clipping input data to the valid range for imshow with RGB data ([0..1] for floats or [0..255] for integers). Got range [-2.0836544..109.0072].
2025-05-24 21:03:05,527 - matplotlib.image - WARNING - Clipping input data to the valid range for imshow with RGB data ([0..1] for floats or [0..255] for integers). Got range [-2.0836544..153.66667].
2025-05-24 21:03:05,669 - matplotlib.image - WARNING - Clipping input data to the valid range for imshow with RGB data ([0..1] for floats or [0..255] for integers). Got range [-2.117904..2.6051416].
2025-05-24 21:03:05,670 - matplotlib.image - WARNING - Clipping input data to the valid range for imshow with RGB data ([0..1] for floats or [0..255] for integers). Got range [-2.117904..109.03509].
2025-05-24 21:03:05,672 - matplotlib.image - WARNING - Clipping input data to the valid range for imshow with RGB data ([0..1] for floats or [0..255] for integers). Got range [-2.117904..153.73517].
2025-05-24 21:03:06,076 - matplotlib.image - WARNING - Clipping input data to the valid range for imshow with RGB data ([0..1] for floats or [0..255] for integers). Got range [-2.117904..2.5702832].
2025-05-24 21:03:06,077 - matplotlib.image - WARNING - Clipping input data to the valid range for imshow with RGB data ([0..1] for floats or [0..255] for integers). Got range [-2.117904..108.93051].
2025-05-24 21:03:06,078 - matplotlib.image - WARNING - Clipping input data to the valid range for imshow with RGB data ([0..1] for floats or [0..255] for integers). Got range [-2.117904..153.56392].
2025-05-24 21:03:06,222 - matplotlib.image - WARNING - Clipping input data to the valid range for imshow with RGB data ([0..1] for floats or [0..255] for integers). Got range [-2.117904..2.535425].
2025-05-24 21:03:06,224 - matplotlib.image - WARNING - Clipping input data to the valid range for imshow with RGB data ([0..1] for floats or [0..255] for integers). Got range [-2.117904..108.98628].
2025-05-24 21:03:06,225 - matplotlib.image - WARNING - Clipping input data to the valid range for imshow with RGB data ([0..1] for floats or [0..255] for integers). Got range [-2.117904..153.63242].
2025-05-24 21:03:06,630 - matplotlib.image - WARNING - Clipping input data to the valid range for imshow with RGB data ([0..1] for floats or [0..255] for integers). Got range [-2.1007793..2.64].
2025-05-24 21:03:06,631 - matplotlib.image - WARNING - Clipping input data to the valid range for imshow with RGB data ([0..1] for floats or [0..255] for integers). Got range [-2.1007793..109.01417].
2025-05-24 21:03:06,633 - matplotlib.image - WARNING - Clipping input data to the valid range for imshow with RGB data ([0..1] for floats or [0..255] for integers). Got range [-2.1007793..153.51598].
2025-05-24 21:03:06,782 - matplotlib.image - WARNING - Clipping input data to the valid range for imshow with RGB data ([0..1] for floats or [0..255] for integers). Got range [-2.117904..2.622571].
2025-05-24 21:03:06,783 - matplotlib.image - WARNING - Clipping input data to the valid range for imshow with RGB data ([0..1] for floats or [0..255] for integers). Got range [-2.117904..108.993256].
2025-05-24 21:03:06,785 - matplotlib.image - WARNING - Clipping input data to the valid range for imshow with RGB data ([0..1] for floats or [0..255] for integers). Got range [-2.117904..153.65297].
2025-05-24 21:03:07,322 - matplotlib.image - WARNING - Clipping input data to the valid range for imshow with RGB data ([0..1] for floats or [0..255] for integers). Got range [-2.117904..2.64].
2025-05-24 21:03:07,323 - matplotlib.image - WARNING - Clipping input data to the valid range for imshow with RGB data ([0..1] for floats or [0..255] for integers). Got range [-2.117904..109.056].
2025-05-24 21:03:07,325 - matplotlib.image - WARNING - Clipping input data to the valid range for imshow with RGB data ([0..1] for floats or [0..255] for integers). Got range [-2.117904..153.66667].
2025-05-24 21:03:07,470 - matplotlib.image - WARNING - Clipping input data to the valid range for imshow with RGB data ([0..1] for floats or [0..255] for integers). Got range [-2.117904..2.64].
2025-05-24 21:03:07,471 - matplotlib.image - WARNING - Clipping input data to the valid range for imshow with RGB data ([0..1] for floats or [0..255] for integers). Got range [-2.117904..109.04903].
2025-05-24 21:03:07,474 - matplotlib.image - WARNING - Clipping input data to the valid range for imshow with RGB data ([0..1] for floats or [0..255] for integers). Got range [-2.117904..153.72832].
2025-05-24 21:03:07,888 - matplotlib.image - WARNING - Clipping input data to the valid range for imshow with RGB data ([0..1] for floats or [0..255] for integers). Got range [-2.117904..2.64].
2025-05-24 21:03:07,889 - matplotlib.image - WARNING - Clipping input data to the valid range for imshow with RGB data ([0..1] for floats or [0..255] for integers). Got range [-2.117904..109.056].
2025-05-24 21:03:07,891 - matplotlib.image - WARNING - Clipping input data to the valid range for imshow with RGB data ([0..1] for floats or [0..255] for integers). Got range [-2.1007793..153.85161].
2025-05-24 21:03:08,043 - matplotlib.image - WARNING - Clipping input data to the valid range for imshow with RGB data ([0..1] for floats or [0..255] for integers). Got range [-2.117904..2.64].
2025-05-24 21:03:08,044 - matplotlib.image - WARNING - Clipping input data to the valid range for imshow with RGB data ([0..1] for floats or [0..255] for integers). Got range [-2.1007793..109.056].
2025-05-24 21:03:08,046 - matplotlib.image - WARNING - Clipping input data to the valid range for imshow with RGB data ([0..1] for floats or [0..255] for integers). Got range [-2.1007793..153.77626].
2025-05-24 21:03:08,451 - matplotlib.image - WARNING - Clipping input data to the valid range for imshow with RGB data ([0..1] for floats or [0..255] for integers). Got range [-2.117904..2.64].
2025-05-24 21:03:08,452 - matplotlib.image - WARNING - Clipping input data to the valid range for imshow with RGB data ([0..1] for floats or [0..255] for integers). Got range [-2.117904..109.056].
2025-05-24 21:03:08,453 - matplotlib.image - WARNING - Clipping input data to the valid range for imshow with RGB data ([0..1] for floats or [0..255] for integers). Got range [-2.117904..153.81737].
2025-05-24 21:03:08,603 - matplotlib.image - WARNING - Clipping input data to the valid range for imshow with RGB data ([0..1] for floats or [0..255] for integers). Got range [-2.117904..2.64].
2025-05-24 21:03:08,604 - matplotlib.image - WARNING - Clipping input data to the valid range for imshow with RGB data ([0..1] for floats or [0..255] for integers). Got range [-2.117904..109.056].
2025-05-24 21:03:08,606 - matplotlib.image - WARNING - Clipping input data to the valid range for imshow with RGB data ([0..1] for floats or [0..255] for integers). Got range [-2.117904..153.83107].
2025-05-24 21:03:09,012 - matplotlib.image - WARNING - Clipping input data to the valid range for imshow with RGB data ([0..1] for floats or [0..255] for integers). Got range [-2.117904..2.64].
2025-05-24 21:03:09,013 - matplotlib.image - WARNING - Clipping input data to the valid range for imshow with RGB data ([0..1] for floats or [0..255] for integers). Got range [-2.117904..109.056].
2025-05-24 21:03:09,015 - matplotlib.image - WARNING - Clipping input data to the valid range for imshow with RGB data ([0..1] for floats or [0..255] for integers). Got range [-2.117904..153.87901].
2025-05-24 21:03:09,164 - matplotlib.image - WARNING - Clipping input data to the valid range for imshow with RGB data ([0..1] for floats or [0..255] for integers). Got range [-2.117904..2.64].
2025-05-24 21:03:09,165 - matplotlib.image - WARNING - Clipping input data to the valid range for imshow with RGB data ([0..1] for floats or [0..255] for integers). Got range [-2.117904..109.056].
2025-05-24 21:03:09,167 - matplotlib.image - WARNING - Clipping input data to the valid range for imshow with RGB data ([0..1] for floats or [0..255] for integers). Got range [-2.117904..153.85846].
2025-05-24 21:03:09,586 - matplotlib.image - WARNING - Clipping input data to the valid range for imshow with RGB data ([0..1] for floats or [0..255] for integers). Got range [-2.117904..2.64].
2025-05-24 21:03:09,587 - matplotlib.image - WARNING - Clipping input data to the valid range for imshow with RGB data ([0..1] for floats or [0..255] for integers). Got range [-2.117904..109.056].
2025-05-24 21:03:09,589 - matplotlib.image - WARNING - Clipping input data to the valid range for imshow with RGB data ([0..1] for floats or [0..255] for integers). Got range [-2.117904..153.89272].
2025-05-24 21:03:09,741 - matplotlib.image - WARNING - Clipping input data to the valid range for imshow with RGB data ([0..1] for floats or [0..255] for integers). Got range [-2.117904..2.64].
2025-05-24 21:03:09,742 - matplotlib.image - WARNING - Clipping input data to the valid range for imshow with RGB data ([0..1] for floats or [0..255] for integers). Got range [-2.117904..109.056].
2025-05-24 21:03:09,743 - matplotlib.image - WARNING - Clipping input data to the valid range for imshow with RGB data ([0..1] for floats or [0..255] for integers). Got range [-2.0322802..153.87901].
2025-05-24 21:03:10,168 - matplotlib.image - WARNING - Clipping input data to the valid range for imshow with RGB data ([0..1] for floats or [0..255] for integers). Got range [-2.117904..2.64].
2025-05-24 21:03:10,169 - matplotlib.image - WARNING - Clipping input data to the valid range for imshow with RGB data ([0..1] for floats or [0..255] for integers). Got range [-2.117904..109.056].
2025-05-24 21:03:10,170 - matplotlib.image - WARNING - Clipping input data to the valid range for imshow with RGB data ([0..1] for floats or [0..255] for integers). Got range [-2.117904..153.89272].
2025-05-24 21:03:10,451 - matplotlib.image - WARNING - Clipping input data to the valid range for imshow with RGB data ([0..1] for floats or [0..255] for integers). Got range [-2.0665298..2.64].
2025-05-24 21:03:10,453 - matplotlib.image - WARNING - Clipping input data to the valid range for imshow with RGB data ([0..1] for floats or [0..255] for integers). Got range [-1.9980307..109.056].
2025-05-24 21:03:10,454 - matplotlib.image - WARNING - Clipping input data to the valid range for imshow with RGB data ([0..1] for floats or [0..255] for integers). Got range [-1.9466565..153.89272].
2025-05-24 21:03:12,997 - utils.training - INFO - Epoch 1 validation - Loss: 2.4206
2025-05-24 21:03:12,998 - utils.training - INFO -   J&F: 0.1376, IoU: 0.1492
2025-05-24 21:03:12,998 - utils.training - INFO - Validation loss improved by inf. Saving model...
2025-05-24 21:03:13,064 - utils.training - INFO - Saved checkpoint and metrics to checkpoints/debug_binary
2025-05-24 21:03:13,071 - utils.training - INFO - Results saved to checkpoints/debug_binary/results
2025-05-24 21:03:13,248 - utils.training - INFO - Batch 0: Raw fg ratio: 0.9595, Adaptive fg ratio: 0.2643
2025-05-24 21:03:13,250 - utils.training - INFO - Batch 0: GT fg ratio: 0.0333
2025-05-24 21:03:13,250 - utils.training - WARNING - Overpredicting foreground! Ratio: 7.93x
2025-05-24 21:03:13,251 - utils.training - INFO - Total gradient norm: 0.0000
2025-05-24 21:03:14,032 - utils.training - INFO - Total gradient norm: 0.0000
2025-05-24 21:03:14,715 - utils.training - INFO - Total gradient norm: 0.0000
2025-05-24 21:03:15,376 - utils.training - INFO - Total gradient norm: 0.0000
2025-05-24 21:03:16,028 - utils.training - INFO - Total gradient norm: 0.0000
2025-05-24 21:03:16,721 - utils.training - INFO - Batch 50: Raw fg ratio: 0.9595, Adaptive fg ratio: 0.2705
2025-05-24 21:03:16,721 - utils.training - INFO - Batch 50: GT fg ratio: 0.0000
2025-05-24 21:03:16,721 - utils.training - WARNING - GT has no foreground, but model predicts 0.270
2025-05-24 21:03:16,722 - utils.training - INFO - Total gradient norm: 0.0000
2025-05-24 21:03:17,381 - utils.training - INFO - Total gradient norm: 0.0000
2025-05-24 21:03:18,066 - utils.training - INFO - Total gradient norm: 0.0000
2025-05-24 21:03:18,752 - utils.training - INFO - Total gradient norm: 0.0000
2025-05-24 21:03:19,463 - utils.training - INFO - Total gradient norm: 0.0000
2025-05-24 21:03:20,137 - utils.training - INFO - Batch 100: Raw fg ratio: 0.9517, Adaptive fg ratio: 0.3034
2025-05-24 21:03:20,138 - utils.training - INFO - Batch 100: GT fg ratio: 0.0978
2025-05-24 21:03:20,138 - utils.training - WARNING - Overpredicting foreground! Ratio: 3.10x
2025-05-24 21:03:20,138 - utils.training - INFO - Total gradient norm: 0.0000
2025-05-24 21:03:20,799 - utils.training - INFO - Total gradient norm: 0.0000
2025-05-24 21:03:21,460 - utils.training - INFO - Total gradient norm: 0.0000
2025-05-24 21:03:22,125 - utils.training - INFO - Total gradient norm: 0.0000
2025-05-24 21:03:22,789 - utils.training - INFO - Total gradient norm: 0.0000
2025-05-24 21:03:23,456 - utils.training - INFO - Batch 150: Raw fg ratio: 0.9096, Adaptive fg ratio: 0.1392
2025-05-24 21:03:23,457 - utils.training - INFO - Batch 150: GT fg ratio: 0.7671
2025-05-24 21:03:23,457 - utils.training - WARNING - Underpredicting foreground! Ratio: 0.18x
2025-05-24 21:03:23,457 - utils.training - INFO - Total gradient norm: 0.0000
2025-05-24 21:03:24,111 - utils.training - INFO - Total gradient norm: 0.0000
2025-05-24 21:03:24,834 - utils.training - INFO - Total gradient norm: 0.0000
2025-05-24 21:03:25,503 - utils.training - INFO - Total gradient norm: 0.0000
2025-05-24 21:03:26,195 - utils.training - INFO - Total gradient norm: 0.0000
2025-05-24 21:03:26,909 - utils.training - INFO - Batch 200: Raw fg ratio: 0.9446, Adaptive fg ratio: 0.2716
2025-05-24 21:03:26,909 - utils.training - INFO - Batch 200: GT fg ratio: 0.1116
2025-05-24 21:03:26,910 - utils.training - INFO - Foreground ratio balanced! Pred/GT ratio: 2.43x
2025-05-24 21:03:26,910 - utils.training - INFO - Total gradient norm: 0.0000
2025-05-24 21:03:27,586 - utils.training - INFO - Total gradient norm: 0.0000
2025-05-24 21:03:28,254 - utils.training - INFO - Total gradient norm: 0.0000
2025-05-24 21:03:28,983 - utils.training - INFO - Total gradient norm: 0.0000
2025-05-24 21:03:29,650 - utils.training - INFO - Total gradient norm: 0.0000
2025-05-24 21:03:30,341 - utils.training - INFO - Batch 250: Raw fg ratio: 0.9509, Adaptive fg ratio: 0.2833
2025-05-24 21:03:30,342 - utils.training - INFO - Batch 250: GT fg ratio: 0.1396
2025-05-24 21:03:30,342 - utils.training - INFO - Foreground ratio balanced! Pred/GT ratio: 2.03x
2025-05-24 21:03:30,342 - utils.training - INFO - Total gradient norm: 0.0000
2025-05-24 21:03:31,007 - utils.training - INFO - Total gradient norm: 0.0000
2025-05-24 21:03:31,713 - utils.training - INFO - Total gradient norm: 0.0000
2025-05-24 21:03:32,400 - utils.training - INFO - Total gradient norm: 0.0000
2025-05-24 21:03:33,065 - utils.training - INFO - Total gradient norm: 0.0000
2025-05-24 21:03:33,772 - utils.training - INFO - Batch 300: Raw fg ratio: 0.8892, Adaptive fg ratio: 0.2105
2025-05-24 21:03:33,772 - utils.training - INFO - Batch 300: GT fg ratio: 0.1623
2025-05-24 21:03:33,772 - utils.training - INFO - Foreground ratio balanced! Pred/GT ratio: 1.30x
2025-05-24 21:03:33,773 - utils.training - INFO - Total gradient norm: 0.0000
2025-05-24 21:03:34,436 - utils.training - INFO - Total gradient norm: 0.0000
2025-05-24 21:03:35,101 - utils.training - INFO - Total gradient norm: 0.0000
2025-05-24 21:03:35,768 - utils.training - INFO - Total gradient norm: 0.0000
2025-05-24 21:03:36,435 - utils.training - INFO - Total gradient norm: 0.0000
2025-05-24 21:03:37,109 - utils.training - INFO - Batch 350: Raw fg ratio: 0.8713, Adaptive fg ratio: 0.1398
2025-05-24 21:03:37,109 - utils.training - INFO - Batch 350: GT fg ratio: 0.4065
2025-05-24 21:03:37,110 - utils.training - INFO - Foreground ratio balanced! Pred/GT ratio: 0.34x
2025-05-24 21:03:37,110 - utils.training - INFO - Total gradient norm: 0.0000
2025-05-24 21:03:37,817 - utils.training - INFO - Total gradient norm: 0.0000
2025-05-24 21:03:38,508 - utils.training - INFO - Total gradient norm: 0.0000
2025-05-24 21:03:39,190 - utils.training - INFO - Total gradient norm: 0.0000
2025-05-24 21:03:39,900 - utils.training - INFO - Total gradient norm: 0.0000
2025-05-24 21:03:40,560 - utils.training - INFO - Batch 400: Raw fg ratio: 0.9553, Adaptive fg ratio: 0.3134
2025-05-24 21:03:40,560 - utils.training - INFO - Batch 400: GT fg ratio: 0.1733
2025-05-24 21:03:40,561 - utils.training - INFO - Foreground ratio balanced! Pred/GT ratio: 1.81x
2025-05-24 21:03:40,561 - utils.training - INFO - Total gradient norm: 0.0000
2025-05-24 21:03:41,231 - utils.training - INFO - Total gradient norm: 0.0000
2025-05-24 21:03:41,910 - utils.training - INFO - Total gradient norm: 0.0000
2025-05-24 21:03:42,589 - utils.training - INFO - Total gradient norm: 0.0000
2025-05-24 21:03:43,290 - utils.training - INFO - Total gradient norm: 0.0000
2025-05-24 21:03:44,004 - utils.training - INFO - Batch 450: Raw fg ratio: 0.9401, Adaptive fg ratio: 0.2728
2025-05-24 21:03:44,005 - utils.training - INFO - Batch 450: GT fg ratio: 0.0283
2025-05-24 21:03:44,005 - utils.training - WARNING - Overpredicting foreground! Ratio: 9.65x
2025-05-24 21:03:44,006 - utils.training - INFO - Total gradient norm: 0.0000
2025-05-24 21:03:44,682 - utils.training - INFO - Total gradient norm: 0.0000
2025-05-24 21:03:45,364 - utils.training - INFO - Total gradient norm: 0.0000
2025-05-24 21:03:46,036 - utils.training - INFO - Total gradient norm: 0.0000
2025-05-24 21:03:46,706 - utils.training - INFO - Total gradient norm: 0.0000
2025-05-24 21:03:47,393 - utils.training - INFO - Batch 500: Raw fg ratio: 0.9404, Adaptive fg ratio: 0.2282
2025-05-24 21:03:47,394 - utils.training - INFO - Batch 500: GT fg ratio: 0.0171
2025-05-24 21:03:47,394 - utils.training - WARNING - Overpredicting foreground! Ratio: 13.36x
2025-05-24 21:03:47,394 - utils.training - INFO - Total gradient norm: 0.0000
2025-05-24 21:03:48,065 - utils.training - INFO - Total gradient norm: 0.0000
2025-05-24 21:03:48,744 - utils.training - INFO - Total gradient norm: 0.0000
2025-05-24 21:03:49,443 - utils.training - INFO - Total gradient norm: 0.0000
2025-05-24 21:03:50,098 - utils.training - INFO - Total gradient norm: 0.0000
2025-05-24 21:03:50,752 - utils.training - INFO - Batch 550: Raw fg ratio: 0.8814, Adaptive fg ratio: 0.1504
2025-05-24 21:03:50,753 - utils.training - INFO - Batch 550: GT fg ratio: 0.3877
2025-05-24 21:03:50,753 - utils.training - INFO - Foreground ratio balanced! Pred/GT ratio: 0.39x
2025-05-24 21:03:50,753 - utils.training - INFO - Total gradient norm: 0.0000
2025-05-24 21:03:51,430 - utils.training - INFO - Total gradient norm: 0.0000
2025-05-24 21:03:52,110 - utils.training - INFO - Total gradient norm: 0.0000
2025-05-24 21:03:52,782 - utils.training - INFO - Total gradient norm: 0.0000
2025-05-24 21:03:53,461 - utils.training - INFO - Total gradient norm: 0.0000
2025-05-24 21:03:54,170 - utils.training - INFO - Batch 600: Raw fg ratio: 0.9566, Adaptive fg ratio: 0.1972
2025-05-24 21:03:54,171 - utils.training - INFO - Batch 600: GT fg ratio: 0.2536
2025-05-24 21:03:54,171 - utils.training - INFO - Foreground ratio balanced! Pred/GT ratio: 0.78x
2025-05-24 21:03:54,171 - utils.training - INFO - Total gradient norm: 0.0000
2025-05-24 21:03:54,879 - utils.training - INFO - Total gradient norm: 0.0000
2025-05-24 21:03:55,563 - utils.training - INFO - Total gradient norm: 0.0000
2025-05-24 21:03:56,246 - utils.training - INFO - Total gradient norm: 0.0000
2025-05-24 21:03:56,981 - utils.training - INFO - Total gradient norm: 0.0000
2025-05-24 21:03:57,669 - utils.training - INFO - Batch 650: Raw fg ratio: 0.9553, Adaptive fg ratio: 0.2994
2025-05-24 21:03:57,669 - utils.training - INFO - Batch 650: GT fg ratio: 0.1774
2025-05-24 21:03:57,669 - utils.training - INFO - Foreground ratio balanced! Pred/GT ratio: 1.69x
2025-05-24 21:03:57,670 - utils.training - INFO - Total gradient norm: 0.0000
2025-05-24 21:03:58,391 - utils.training - INFO - Total gradient norm: 0.0000
2025-05-24 21:03:59,068 - utils.training - INFO - Total gradient norm: 0.0000
2025-05-24 21:03:59,721 - utils.training - INFO - Total gradient norm: 0.0000
2025-05-24 21:04:00,424 - utils.training - INFO - Total gradient norm: 0.0000
2025-05-24 21:04:01,084 - utils.training - INFO - Batch 700: Raw fg ratio: 0.9629, Adaptive fg ratio: 0.2943
2025-05-24 21:04:01,085 - utils.training - INFO - Batch 700: GT fg ratio: 0.1264
2025-05-24 21:04:01,085 - utils.training - INFO - Foreground ratio balanced! Pred/GT ratio: 2.33x
2025-05-24 21:04:01,086 - utils.training - INFO - Total gradient norm: 0.0000
2025-05-24 21:04:01,757 - utils.training - INFO - Total gradient norm: 0.0000
2025-05-24 21:04:02,443 - utils.training - INFO - Total gradient norm: 0.0000
2025-05-24 21:04:03,138 - utils.training - INFO - Total gradient norm: 0.0000
2025-05-24 21:04:03,845 - utils.training - INFO - Total gradient norm: 0.0000
2025-05-24 21:04:04,511 - utils.training - INFO - Batch 750: Raw fg ratio: 0.9532, Adaptive fg ratio: 0.3258
2025-05-24 21:04:04,511 - utils.training - INFO - Batch 750: GT fg ratio: 0.1707
2025-05-24 21:04:04,511 - utils.training - INFO - Foreground ratio balanced! Pred/GT ratio: 1.91x
2025-05-24 21:04:04,512 - utils.training - INFO - Total gradient norm: 0.0000
2025-05-24 21:04:05,171 - utils.training - INFO - Total gradient norm: 0.0000
2025-05-24 21:04:05,816 - utils.training - INFO - Total gradient norm: 0.0000
2025-05-24 21:04:06,445 - utils.training - INFO - Total gradient norm: 0.0000
2025-05-24 21:04:07,081 - utils.training - INFO - Total gradient norm: 0.0000
2025-05-24 21:04:07,702 - utils.training - INFO - Batch 800: Raw fg ratio: 0.9046, Adaptive fg ratio: 0.1702
2025-05-24 21:04:07,702 - utils.training - INFO - Batch 800: GT fg ratio: 0.0208
2025-05-24 21:04:07,703 - utils.training - WARNING - Overpredicting foreground! Ratio: 8.20x
2025-05-24 21:04:07,703 - utils.training - INFO - Total gradient norm: 0.0000
2025-05-24 21:04:08,354 - utils.training - INFO - Total gradient norm: 0.0000
2025-05-24 21:04:09,011 - utils.training - INFO - Total gradient norm: 0.0000
2025-05-24 21:04:09,662 - utils.training - INFO - Total gradient norm: 0.0000
2025-05-24 21:04:10,356 - utils.training - INFO - Total gradient norm: 0.0000
2025-05-24 21:04:11,009 - utils.training - INFO - Batch 850: Raw fg ratio: 0.8408, Adaptive fg ratio: 0.1645
2025-05-24 21:04:11,010 - utils.training - INFO - Batch 850: GT fg ratio: 0.1069
2025-05-24 21:04:11,010 - utils.training - INFO - Foreground ratio balanced! Pred/GT ratio: 1.54x
2025-05-24 21:04:11,010 - utils.training - INFO - Total gradient norm: 0.0000
2025-05-24 21:04:11,661 - utils.training - INFO - Total gradient norm: 0.0000
2025-05-24 21:04:12,314 - utils.training - INFO - Total gradient norm: 0.0000
2025-05-24 21:04:13,029 - utils.training - INFO - Total gradient norm: 0.0000
2025-05-24 21:04:13,703 - utils.training - INFO - Total gradient norm: 0.0000
2025-05-24 21:04:14,356 - utils.training - INFO - Batch 900: Raw fg ratio: 0.9391, Adaptive fg ratio: 0.2199
2025-05-24 21:04:14,357 - utils.training - INFO - Batch 900: GT fg ratio: 0.3900
2025-05-24 21:04:14,357 - utils.training - INFO - Foreground ratio balanced! Pred/GT ratio: 0.56x
2025-05-24 21:04:14,357 - utils.training - INFO - Total gradient norm: 0.0000
2025-05-24 21:04:15,051 - utils.training - INFO - Total gradient norm: 0.0000
2025-05-24 21:04:15,773 - utils.training - INFO - Total gradient norm: 0.0000
2025-05-24 21:04:16,513 - utils.training - INFO - Total gradient norm: 0.0000
2025-05-24 21:04:17,151 - utils.training - INFO - Total gradient norm: 0.0000
2025-05-24 21:04:17,827 - utils.training - INFO - Batch 950: Raw fg ratio: 0.9023, Adaptive fg ratio: 0.2054
2025-05-24 21:04:17,827 - utils.training - INFO - Batch 950: GT fg ratio: 0.3934
2025-05-24 21:04:17,828 - utils.training - INFO - Foreground ratio balanced! Pred/GT ratio: 0.52x
2025-05-24 21:04:17,828 - utils.training - INFO - Total gradient norm: 0.0000
2025-05-24 21:04:18,455 - utils.training - INFO - Total gradient norm: 0.0000
2025-05-24 21:04:19,152 - utils.training - INFO - Total gradient norm: 0.0000
2025-05-24 21:04:19,781 - utils.training - INFO - Total gradient norm: 0.0000
2025-05-24 21:04:20,417 - utils.training - INFO - Total gradient norm: 0.0000
2025-05-24 21:04:21,028 - utils.training - INFO - Batch 1000: Raw fg ratio: 0.9426, Adaptive fg ratio: 0.2734
2025-05-24 21:04:21,029 - utils.training - INFO - Batch 1000: GT fg ratio: 0.0314
2025-05-24 21:04:21,029 - utils.training - WARNING - Overpredicting foreground! Ratio: 8.70x
2025-05-24 21:04:21,029 - utils.training - INFO - Total gradient norm: 0.0000
2025-05-24 21:04:21,639 - utils.training - INFO - Total gradient norm: 0.0000
2025-05-24 21:04:22,263 - utils.training - INFO - Total gradient norm: 0.0000
2025-05-24 21:04:22,932 - utils.training - INFO - Total gradient norm: 0.0000
2025-05-24 21:04:23,606 - utils.training - INFO - Total gradient norm: 0.0000
2025-05-24 21:04:24,257 - utils.training - INFO - Batch 1050: Raw fg ratio: 0.8701, Adaptive fg ratio: 0.1828
2025-05-24 21:04:24,258 - utils.training - INFO - Batch 1050: GT fg ratio: 0.0580
2025-05-24 21:04:24,258 - utils.training - WARNING - Overpredicting foreground! Ratio: 3.15x
2025-05-24 21:04:24,258 - utils.training - INFO - Total gradient norm: 0.0000
2025-05-24 21:04:24,909 - utils.training - INFO - Total gradient norm: 0.0000
2025-05-24 21:04:25,547 - utils.training - INFO - Total gradient norm: 0.0000
2025-05-24 21:04:26,224 - utils.training - INFO - Total gradient norm: 0.0000
2025-05-24 21:04:26,885 - utils.training - INFO - Total gradient norm: 0.0000
2025-05-24 21:04:27,593 - utils.training - INFO - Batch 1100: Raw fg ratio: 0.8794, Adaptive fg ratio: 0.1434
2025-05-24 21:04:27,594 - utils.training - INFO - Batch 1100: GT fg ratio: 0.5329
2025-05-24 21:04:27,594 - utils.training - WARNING - Underpredicting foreground! Ratio: 0.27x
2025-05-24 21:04:27,594 - utils.training - INFO - Total gradient norm: 0.0000
2025-05-24 21:04:28,283 - utils.training - INFO - Total gradient norm: 0.0000
2025-05-24 21:04:28,964 - utils.training - INFO - Total gradient norm: 0.0000
2025-05-24 21:04:29,650 - utils.training - INFO - Total gradient norm: 0.0000
2025-05-24 21:04:30,275 - utils.training - INFO - Total gradient norm: 0.0000
2025-05-24 21:04:30,898 - utils.training - INFO - Batch 1150: Raw fg ratio: 0.8338, Adaptive fg ratio: 0.1393
2025-05-24 21:04:30,898 - utils.training - INFO - Batch 1150: GT fg ratio: 0.2452
2025-05-24 21:04:30,899 - utils.training - INFO - Foreground ratio balanced! Pred/GT ratio: 0.57x
2025-05-24 21:04:30,899 - utils.training - INFO - Total gradient norm: 0.0000
2025-05-24 21:04:31,505 - utils.training - INFO - Total gradient norm: 0.0000
2025-05-24 21:04:32,136 - utils.training - INFO - Total gradient norm: 0.0000
2025-05-24 21:04:32,752 - utils.training - INFO - Total gradient norm: 0.0000
2025-05-24 21:04:33,375 - utils.training - INFO - Total gradient norm: 0.0000
2025-05-24 21:04:34,014 - utils.training - INFO - Batch 1200: Raw fg ratio: 0.8192, Adaptive fg ratio: 0.1750
2025-05-24 21:04:34,014 - utils.training - INFO - Batch 1200: GT fg ratio: 0.0032
2025-05-24 21:04:34,015 - utils.training - WARNING - Overpredicting foreground! Ratio: 54.20x
2025-05-24 21:04:34,015 - utils.training - INFO - Total gradient norm: 0.0000
2025-05-24 21:04:34,663 - utils.training - INFO - Total gradient norm: 0.0000
2025-05-24 21:04:35,378 - utils.training - INFO - Total gradient norm: 0.0000
2025-05-24 21:04:36,059 - utils.training - INFO - Total gradient norm: 0.0000
2025-05-24 21:04:36,741 - utils.training - INFO - Total gradient norm: 0.0000
2025-05-24 21:04:37,423 - utils.training - INFO - Batch 1250: Raw fg ratio: 0.9192, Adaptive fg ratio: 0.1889
2025-05-24 21:04:37,424 - utils.training - INFO - Batch 1250: GT fg ratio: 0.0426
2025-05-24 21:04:37,424 - utils.training - WARNING - Overpredicting foreground! Ratio: 4.44x
2025-05-24 21:04:37,424 - utils.training - INFO - Total gradient norm: 0.0000
2025-05-24 21:04:38,109 - utils.training - INFO - Total gradient norm: 0.0000
2025-05-24 21:04:38,809 - utils.training - INFO - Total gradient norm: 0.0000
2025-05-24 21:04:39,456 - utils.training - INFO - Total gradient norm: 0.0000
2025-05-24 21:04:40,077 - utils.training - INFO - Total gradient norm: 0.0000
2025-05-24 21:04:40,730 - utils.training - INFO - Batch 1300: Raw fg ratio: 0.8963, Adaptive fg ratio: 0.1648
2025-05-24 21:04:40,730 - utils.training - INFO - Batch 1300: GT fg ratio: 0.0317
2025-05-24 21:04:40,730 - utils.training - WARNING - Overpredicting foreground! Ratio: 5.20x
2025-05-24 21:04:40,731 - utils.training - INFO - Total gradient norm: 0.0000
2025-05-24 21:04:41,375 - utils.training - INFO - Total gradient norm: 0.0000
2025-05-24 21:04:42,047 - utils.training - INFO - Total gradient norm: 0.0000
2025-05-24 21:04:42,678 - utils.training - INFO - Total gradient norm: 0.0000
2025-05-24 21:04:43,349 - utils.training - INFO - Total gradient norm: 0.0000
2025-05-24 21:04:44,022 - utils.training - INFO - Batch 1350: Raw fg ratio: 0.7349, Adaptive fg ratio: 0.1745
2025-05-24 21:04:44,022 - utils.training - INFO - Batch 1350: GT fg ratio: 0.0292
2025-05-24 21:04:44,022 - utils.training - WARNING - Overpredicting foreground! Ratio: 5.97x
2025-05-24 21:04:44,023 - utils.training - INFO - Total gradient norm: 0.0000
2025-05-24 21:04:44,684 - utils.training - INFO - Total gradient norm: 0.0000
2025-05-24 21:04:45,354 - utils.training - INFO - Total gradient norm: 0.0000
2025-05-24 21:04:46,031 - utils.training - INFO - Total gradient norm: 0.0000
2025-05-24 21:04:46,705 - utils.training - INFO - Total gradient norm: 0.0000
2025-05-24 21:04:47,347 - utils.training - INFO - Batch 1400: Raw fg ratio: 0.9085, Adaptive fg ratio: 0.2090
2025-05-24 21:04:47,347 - utils.training - INFO - Batch 1400: GT fg ratio: 0.5582
2025-05-24 21:04:47,348 - utils.training - INFO - Foreground ratio balanced! Pred/GT ratio: 0.37x
2025-05-24 21:04:47,348 - utils.training - INFO - Total gradient norm: 0.0000
2025-05-24 21:04:48,025 - utils.training - INFO - Total gradient norm: 0.0000
2025-05-24 21:04:48,712 - utils.training - INFO - Total gradient norm: 0.0000
2025-05-24 21:04:49,381 - utils.training - INFO - Total gradient norm: 0.0000
2025-05-24 21:04:50,078 - utils.training - INFO - Total gradient norm: 0.0000
2025-05-24 21:04:50,764 - utils.training - INFO - Batch 1450: Raw fg ratio: 0.8490, Adaptive fg ratio: 0.1200
2025-05-24 21:04:50,765 - utils.training - INFO - Batch 1450: GT fg ratio: 0.0588
2025-05-24 21:04:50,765 - utils.training - INFO - Foreground ratio balanced! Pred/GT ratio: 2.04x
2025-05-24 21:04:50,765 - utils.training - INFO - Total gradient norm: 0.0000
2025-05-24 21:04:51,452 - utils.training - INFO - Total gradient norm: 0.0000
2025-05-24 21:04:52,102 - utils.training - INFO - Total gradient norm: 0.0000
2025-05-24 21:04:52,792 - utils.training - INFO - Total gradient norm: 0.0000
2025-05-24 21:04:53,471 - utils.training - INFO - Total gradient norm: 0.0000
2025-05-24 21:04:54,162 - utils.training - INFO - Batch 1500: Raw fg ratio: 0.8589, Adaptive fg ratio: 0.2226
2025-05-24 21:04:54,163 - utils.training - INFO - Batch 1500: GT fg ratio: 0.0566
2025-05-24 21:04:54,163 - utils.training - WARNING - Overpredicting foreground! Ratio: 3.93x
2025-05-24 21:04:54,164 - utils.training - INFO - Total gradient norm: 0.0000
2025-05-24 21:04:54,875 - utils.training - INFO - Total gradient norm: 0.0000
2025-05-24 21:04:55,547 - utils.training - INFO - Total gradient norm: 0.0000
2025-05-24 21:04:56,237 - utils.training - INFO - Total gradient norm: 0.0000
2025-05-24 21:04:56,949 - utils.training - INFO - Total gradient norm: 0.0000
2025-05-24 21:04:57,630 - utils.training - INFO - Batch 1550: Raw fg ratio: 0.6877, Adaptive fg ratio: 0.1200
2025-05-24 21:04:57,631 - utils.training - INFO - Batch 1550: GT fg ratio: 0.0220
2025-05-24 21:04:57,631 - utils.training - WARNING - Overpredicting foreground! Ratio: 5.46x
2025-05-24 21:04:57,631 - utils.training - INFO - Total gradient norm: 0.0000
2025-05-24 21:04:58,295 - utils.training - INFO - Total gradient norm: 0.0000
2025-05-24 21:04:58,984 - utils.training - INFO - Total gradient norm: 0.0000
2025-05-24 21:04:59,688 - utils.training - INFO - Total gradient norm: 0.0000
2025-05-24 21:05:00,400 - utils.training - INFO - Total gradient norm: 0.0000
2025-05-24 21:05:01,042 - utils.training - INFO - Batch 1600: Raw fg ratio: 0.9359, Adaptive fg ratio: 0.1770
2025-05-24 21:05:01,043 - utils.training - INFO - Batch 1600: GT fg ratio: 0.5224
2025-05-24 21:05:01,043 - utils.training - INFO - Foreground ratio balanced! Pred/GT ratio: 0.34x
2025-05-24 21:05:01,043 - utils.training - INFO - Total gradient norm: 0.0000
2025-05-24 21:05:01,694 - utils.training - INFO - Total gradient norm: 0.0000
2025-05-24 21:05:02,348 - utils.training - INFO - Total gradient norm: 0.0000
2025-05-24 21:05:03,012 - utils.training - INFO - Total gradient norm: 0.0000
2025-05-24 21:05:03,661 - utils.training - INFO - Total gradient norm: 0.0000
2025-05-24 21:05:04,327 - utils.training - INFO - Batch 1650: Raw fg ratio: 0.7334, Adaptive fg ratio: 0.1598
2025-05-24 21:05:04,328 - utils.training - INFO - Batch 1650: GT fg ratio: 0.2690
2025-05-24 21:05:04,328 - utils.training - INFO - Foreground ratio balanced! Pred/GT ratio: 0.59x
2025-05-24 21:05:04,328 - utils.training - INFO - Total gradient norm: 0.0000
2025-05-24 21:05:04,998 - utils.training - INFO - Total gradient norm: 0.0000
2025-05-24 21:05:05,681 - utils.training - INFO - Total gradient norm: 0.0000
2025-05-24 21:05:06,379 - utils.training - INFO - Total gradient norm: 0.0000
2025-05-24 21:05:07,075 - utils.training - INFO - Total gradient norm: 0.0000
2025-05-24 21:05:07,758 - utils.training - INFO - Batch 1700: Raw fg ratio: 0.8086, Adaptive fg ratio: 0.1647
2025-05-24 21:05:07,758 - utils.training - INFO - Batch 1700: GT fg ratio: 0.6949
2025-05-24 21:05:07,758 - utils.training - WARNING - Underpredicting foreground! Ratio: 0.24x
2025-05-24 21:05:07,759 - utils.training - INFO - Total gradient norm: 0.0000
2025-05-24 21:05:08,469 - utils.training - INFO - Total gradient norm: 0.0000
2025-05-24 21:05:09,213 - utils.training - INFO - Total gradient norm: 0.0000
2025-05-24 21:05:09,872 - utils.training - INFO - Total gradient norm: 0.0000
2025-05-24 21:05:10,540 - utils.training - INFO - Total gradient norm: 0.0000
2025-05-24 21:05:11,203 - utils.training - INFO - Batch 1750: Raw fg ratio: 0.9311, Adaptive fg ratio: 0.1659
2025-05-24 21:05:11,204 - utils.training - INFO - Batch 1750: GT fg ratio: 0.0704
2025-05-24 21:05:11,204 - utils.training - INFO - Foreground ratio balanced! Pred/GT ratio: 2.36x
2025-05-24 21:05:11,204 - utils.training - INFO - Total gradient norm: 0.0000
2025-05-24 21:05:11,878 - utils.training - INFO - Total gradient norm: 0.0000
2025-05-24 21:05:12,552 - utils.training - INFO - Total gradient norm: 0.0000
2025-05-24 21:05:13,238 - utils.training - INFO - Total gradient norm: 0.0000
2025-05-24 21:05:13,921 - utils.training - INFO - Total gradient norm: 0.0000
2025-05-24 21:05:14,657 - utils.training - INFO - Batch 1800: Raw fg ratio: 0.9541, Adaptive fg ratio: 0.2238
2025-05-24 21:05:14,658 - utils.training - INFO - Batch 1800: GT fg ratio: 0.1365
2025-05-24 21:05:14,658 - utils.training - INFO - Foreground ratio balanced! Pred/GT ratio: 1.64x
2025-05-24 21:05:14,658 - utils.training - INFO - Total gradient norm: 0.0000
2025-05-24 21:05:15,349 - utils.training - INFO - Total gradient norm: 0.0000
2025-05-24 21:05:16,045 - utils.training - INFO - Total gradient norm: 0.0000
2025-05-24 21:05:16,775 - utils.training - INFO - Total gradient norm: 0.0000
2025-05-24 21:05:17,472 - utils.training - INFO - Total gradient norm: 0.0000
2025-05-24 21:05:18,130 - utils.training - INFO - Batch 1850: Raw fg ratio: 0.8112, Adaptive fg ratio: 0.1772
2025-05-24 21:05:18,131 - utils.training - INFO - Batch 1850: GT fg ratio: 0.2764
2025-05-24 21:05:18,131 - utils.training - INFO - Foreground ratio balanced! Pred/GT ratio: 0.64x
2025-05-24 21:05:18,131 - utils.training - INFO - Total gradient norm: 0.0000
2025-05-24 21:05:18,808 - utils.training - INFO - Total gradient norm: 0.0000
2025-05-24 21:05:19,489 - utils.training - INFO - Total gradient norm: 0.0000
2025-05-24 21:05:20,155 - utils.training - INFO - Total gradient norm: 0.0000
2025-05-24 21:05:20,837 - utils.training - INFO - Total gradient norm: 0.0000
2025-05-24 21:05:21,534 - utils.training - INFO - Batch 1900: Raw fg ratio: 0.9397, Adaptive fg ratio: 0.1803
2025-05-24 21:05:21,534 - utils.training - INFO - Batch 1900: GT fg ratio: 0.0245
2025-05-24 21:05:21,535 - utils.training - WARNING - Overpredicting foreground! Ratio: 7.37x
2025-05-24 21:05:21,535 - utils.training - INFO - Total gradient norm: 0.0000
2025-05-24 21:05:22,222 - utils.training - INFO - Total gradient norm: 0.0000
2025-05-24 21:05:22,887 - utils.training - INFO - Total gradient norm: 0.0000
2025-05-24 21:05:23,559 - utils.training - INFO - Total gradient norm: 0.0000
2025-05-24 21:05:24,218 - utils.training - INFO - Total gradient norm: 0.0000
2025-05-24 21:05:24,901 - utils.training - INFO - Batch 1950: Raw fg ratio: 0.9533, Adaptive fg ratio: 0.2292
2025-05-24 21:05:24,902 - utils.training - INFO - Batch 1950: GT fg ratio: 0.2412
2025-05-24 21:05:24,902 - utils.training - INFO - Foreground ratio balanced! Pred/GT ratio: 0.95x
2025-05-24 21:05:24,902 - utils.training - INFO - Total gradient norm: 0.0000
2025-05-24 21:05:25,587 - utils.training - INFO - Total gradient norm: 0.0000
2025-05-24 21:05:26,273 - utils.training - INFO - Total gradient norm: 0.0000
2025-05-24 21:05:26,941 - utils.training - INFO - Total gradient norm: 0.0000
2025-05-24 21:05:27,606 - utils.training - INFO - Total gradient norm: 0.0000
2025-05-24 21:05:28,280 - utils.training - INFO - Batch 2000: Raw fg ratio: 0.8519, Adaptive fg ratio: 0.1257
2025-05-24 21:05:28,281 - utils.training - INFO - Batch 2000: GT fg ratio: 0.0072
2025-05-24 21:05:28,281 - utils.training - WARNING - Overpredicting foreground! Ratio: 17.43x
2025-05-24 21:05:28,282 - utils.training - INFO - Total gradient norm: 0.0000
2025-05-24 21:05:28,961 - utils.training - INFO - Total gradient norm: 0.0000
2025-05-24 21:05:29,641 - utils.training - INFO - Total gradient norm: 0.0000
2025-05-24 21:05:30,347 - utils.training - INFO - Total gradient norm: 0.0000
2025-05-24 21:05:31,024 - utils.training - INFO - Total gradient norm: 0.0000
2025-05-24 21:05:31,721 - utils.training - INFO - Batch 2050: Raw fg ratio: 0.5618, Adaptive fg ratio: 0.1200
2025-05-24 21:05:31,722 - utils.training - INFO - Batch 2050: GT fg ratio: 0.0254
2025-05-24 21:05:31,722 - utils.training - WARNING - Overpredicting foreground! Ratio: 4.72x
2025-05-24 21:05:31,722 - utils.training - INFO - Total gradient norm: 0.0000
2025-05-24 21:05:32,423 - utils.training - INFO - Total gradient norm: 0.0000
2025-05-24 21:05:33,119 - utils.training - INFO - Total gradient norm: 0.0000
2025-05-24 21:05:33,805 - utils.training - INFO - Total gradient norm: 0.0000
2025-05-24 21:05:34,516 - utils.training - INFO - Total gradient norm: 0.0000
2025-05-24 21:05:34,761 - utils.training - INFO - Epoch 2 training - Loss: 2.2490
2025-05-24 21:05:34,767 - utils.training - INFO - Results saved to checkpoints/debug_binary/results
2025-05-24 21:05:34,931 - utils.training - INFO - Batch 0: Raw fg ratio: 0.8630, Adaptive fg ratio: 0.1200
2025-05-24 21:05:34,931 - utils.training - INFO - Batch 0: GT fg ratio: 0.4182
2025-05-24 21:05:34,931 - utils.training - WARNING - Underpredicting foreground! Ratio: 0.29x
2025-05-24 21:05:34,932 - utils.training - INFO - Total gradient norm: 0.0000
2025-05-24 21:05:35,634 - utils.training - INFO - Total gradient norm: 0.0000
2025-05-24 21:05:36,335 - utils.training - INFO - Total gradient norm: 0.0000
2025-05-24 21:05:37,018 - utils.training - INFO - Total gradient norm: 0.0000
2025-05-24 21:05:37,692 - utils.training - INFO - Total gradient norm: 0.0000
2025-05-24 21:05:38,349 - utils.training - INFO - Batch 50: Raw fg ratio: 0.9256, Adaptive fg ratio: 0.1715
2025-05-24 21:05:38,349 - utils.training - INFO - Batch 50: GT fg ratio: 0.0518
2025-05-24 21:05:38,349 - utils.training - WARNING - Overpredicting foreground! Ratio: 3.31x
2025-05-24 21:05:38,350 - utils.training - INFO - Total gradient norm: 0.0000
2025-05-24 21:05:39,049 - utils.training - INFO - Total gradient norm: 0.0000
2025-05-24 21:05:39,727 - utils.training - INFO - Total gradient norm: 0.0000
2025-05-24 21:05:40,429 - utils.training - INFO - Total gradient norm: 0.0000
2025-05-24 21:05:41,131 - utils.training - INFO - Total gradient norm: 0.0000
2025-05-24 21:05:41,810 - utils.training - INFO - Batch 100: Raw fg ratio: 0.8536, Adaptive fg ratio: 0.1503
2025-05-24 21:05:41,811 - utils.training - INFO - Batch 100: GT fg ratio: 0.1195
2025-05-24 21:05:41,811 - utils.training - INFO - Foreground ratio balanced! Pred/GT ratio: 1.26x
2025-05-24 21:05:41,811 - utils.training - INFO - Total gradient norm: 0.0000
2025-05-24 21:05:42,547 - utils.training - INFO - Total gradient norm: 0.0000
2025-05-24 21:05:43,242 - utils.training - INFO - Total gradient norm: 0.0000
2025-05-24 21:05:43,907 - utils.training - INFO - Total gradient norm: 0.0000
2025-05-24 21:05:44,608 - utils.training - INFO - Total gradient norm: 0.0000
2025-05-24 21:05:45,267 - utils.training - INFO - Batch 150: Raw fg ratio: 0.9364, Adaptive fg ratio: 0.1504
2025-05-24 21:05:45,268 - utils.training - INFO - Batch 150: GT fg ratio: 0.0681
2025-05-24 21:05:45,268 - utils.training - INFO - Foreground ratio balanced! Pred/GT ratio: 2.21x
2025-05-24 21:05:45,269 - utils.training - INFO - Total gradient norm: 0.0000
2025-05-24 21:05:45,975 - utils.training - INFO - Total gradient norm: 0.0000
2025-05-24 21:05:46,665 - utils.training - INFO - Total gradient norm: 0.0000
2025-05-24 21:05:47,344 - utils.training - INFO - Total gradient norm: 0.0000
2025-05-24 21:05:48,016 - utils.training - INFO - Total gradient norm: 0.0000
2025-05-24 21:05:48,692 - utils.training - INFO - Batch 200: Raw fg ratio: 0.6388, Adaptive fg ratio: 0.1200
2025-05-24 21:05:48,692 - utils.training - INFO - Batch 200: GT fg ratio: 0.0183
2025-05-24 21:05:48,693 - utils.training - WARNING - Overpredicting foreground! Ratio: 6.55x
2025-05-24 21:05:48,693 - utils.training - INFO - Total gradient norm: 0.0000
2025-05-24 21:05:49,366 - utils.training - INFO - Total gradient norm: 0.0000
2025-05-24 21:05:50,019 - utils.training - INFO - Total gradient norm: 0.0000
2025-05-24 21:05:50,690 - utils.training - INFO - Total gradient norm: 0.0000
2025-05-24 21:05:51,390 - utils.training - INFO - Total gradient norm: 0.0000
2025-05-24 21:05:52,058 - utils.training - INFO - Batch 250: Raw fg ratio: 0.8451, Adaptive fg ratio: 0.1647
2025-05-24 21:05:52,058 - utils.training - INFO - Batch 250: GT fg ratio: 0.4718
2025-05-24 21:05:52,059 - utils.training - INFO - Foreground ratio balanced! Pred/GT ratio: 0.35x
2025-05-24 21:05:52,059 - utils.training - INFO - Total gradient norm: 0.0000
2025-05-24 21:05:52,713 - utils.training - INFO - Total gradient norm: 0.0000
2025-05-24 21:05:53,388 - utils.training - INFO - Total gradient norm: 0.0000
2025-05-24 21:05:54,053 - utils.training - INFO - Total gradient norm: 0.0000
2025-05-24 21:05:54,713 - utils.training - INFO - Total gradient norm: 0.0000
2025-05-24 21:05:55,388 - utils.training - INFO - Batch 300: Raw fg ratio: 0.9271, Adaptive fg ratio: 0.1843
2025-05-24 21:05:55,388 - utils.training - INFO - Batch 300: GT fg ratio: 0.0929
2025-05-24 21:05:55,389 - utils.training - INFO - Foreground ratio balanced! Pred/GT ratio: 1.98x
2025-05-24 21:05:55,389 - utils.training - INFO - Total gradient norm: 0.0000
2025-05-24 21:05:56,069 - utils.training - INFO - Total gradient norm: 0.0000
2025-05-24 21:05:56,754 - utils.training - INFO - Total gradient norm: 0.0000
2025-05-24 21:05:57,444 - utils.training - INFO - Total gradient norm: 0.0000
2025-05-24 21:05:58,116 - utils.training - INFO - Total gradient norm: 0.0000
2025-05-24 21:05:58,810 - utils.training - INFO - Batch 350: Raw fg ratio: 0.4832, Adaptive fg ratio: 0.1200
2025-05-24 21:05:58,810 - utils.training - INFO - Batch 350: GT fg ratio: 0.1013
2025-05-24 21:05:58,811 - utils.training - INFO - Foreground ratio balanced! Pred/GT ratio: 1.18x
2025-05-24 21:05:58,811 - utils.training - INFO - Total gradient norm: 0.0000
2025-05-24 21:05:59,488 - utils.training - INFO - Total gradient norm: 0.0000
2025-05-24 21:06:00,164 - utils.training - INFO - Total gradient norm: 0.0000
2025-05-24 21:06:00,850 - utils.training - INFO - Total gradient norm: 0.0000
2025-05-24 21:06:01,536 - utils.training - INFO - Total gradient norm: 0.0000
2025-05-24 21:06:02,222 - utils.training - INFO - Batch 400: Raw fg ratio: 0.8905, Adaptive fg ratio: 0.2076
2025-05-24 21:06:02,222 - utils.training - INFO - Batch 400: GT fg ratio: 0.4699
2025-05-24 21:06:02,223 - utils.training - INFO - Foreground ratio balanced! Pred/GT ratio: 0.44x
2025-05-24 21:06:02,223 - utils.training - INFO - Total gradient norm: 0.0000
2025-05-24 21:06:02,916 - utils.training - INFO - Total gradient norm: 0.0000
2025-05-24 21:06:03,579 - utils.training - INFO - Total gradient norm: 0.0000
2025-05-24 21:06:04,251 - utils.training - INFO - Total gradient norm: 0.0000
2025-05-24 21:06:04,941 - utils.training - INFO - Total gradient norm: 0.0000
2025-05-24 21:06:05,660 - utils.training - INFO - Batch 450: Raw fg ratio: 0.9052, Adaptive fg ratio: 0.1471
2025-05-24 21:06:05,661 - utils.training - INFO - Batch 450: GT fg ratio: 0.0540
2025-05-24 21:06:05,661 - utils.training - INFO - Foreground ratio balanced! Pred/GT ratio: 2.72x
2025-05-24 21:06:05,662 - utils.training - INFO - Total gradient norm: 0.0000
2025-05-24 21:06:06,290 - utils.training - INFO - Total gradient norm: 0.0000
2025-05-24 21:06:06,959 - utils.training - INFO - Total gradient norm: 0.0000
2025-05-24 21:06:07,626 - utils.training - INFO - Total gradient norm: 0.0000
2025-05-24 21:06:08,276 - utils.training - INFO - Total gradient norm: 0.0000
2025-05-24 21:06:08,934 - utils.training - INFO - Batch 500: Raw fg ratio: 0.6702, Adaptive fg ratio: 0.1200
2025-05-24 21:06:08,934 - utils.training - INFO - Batch 500: GT fg ratio: 0.0205
2025-05-24 21:06:08,934 - utils.training - WARNING - Overpredicting foreground! Ratio: 5.85x
2025-05-24 21:06:08,935 - utils.training - INFO - Total gradient norm: 0.0000
2025-05-24 21:06:09,631 - utils.training - INFO - Total gradient norm: 0.0000
2025-05-24 21:06:10,304 - utils.training - INFO - Total gradient norm: 0.0000
2025-05-24 21:06:11,008 - utils.training - INFO - Total gradient norm: 0.0000
2025-05-24 21:06:11,719 - utils.training - INFO - Total gradient norm: 0.0000
2025-05-24 21:06:12,390 - utils.training - INFO - Batch 550: Raw fg ratio: 0.7471, Adaptive fg ratio: 0.1824
2025-05-24 21:06:12,390 - utils.training - INFO - Batch 550: GT fg ratio: 0.0024
2025-05-24 21:06:12,390 - utils.training - WARNING - Overpredicting foreground! Ratio: 76.99x
2025-05-24 21:06:12,391 - utils.training - INFO - Total gradient norm: 0.0000
2025-05-24 21:06:13,085 - utils.training - INFO - Total gradient norm: 0.0000
2025-05-24 21:06:13,782 - utils.training - INFO - Total gradient norm: 0.0000
2025-05-24 21:06:14,471 - utils.training - INFO - Total gradient norm: 0.0000
2025-05-24 21:06:15,148 - utils.training - INFO - Total gradient norm: 0.0000
2025-05-24 21:06:15,831 - utils.training - INFO - Batch 600: Raw fg ratio: 0.7442, Adaptive fg ratio: 0.1573
2025-05-24 21:06:15,832 - utils.training - INFO - Batch 600: GT fg ratio: 0.0183
2025-05-24 21:06:15,833 - utils.training - WARNING - Overpredicting foreground! Ratio: 8.61x
2025-05-24 21:06:15,833 - utils.training - INFO - Total gradient norm: 0.0000
2025-05-24 21:06:16,513 - utils.training - INFO - Total gradient norm: 0.0000
2025-05-24 21:06:17,202 - utils.training - INFO - Total gradient norm: 0.0000
2025-05-24 21:06:17,885 - utils.training - INFO - Total gradient norm: 0.0000
2025-05-24 21:06:18,572 - utils.training - INFO - Total gradient norm: 0.0000
2025-05-24 21:06:19,261 - utils.training - INFO - Batch 650: Raw fg ratio: 0.6757, Adaptive fg ratio: 0.1200
2025-05-24 21:06:19,262 - utils.training - INFO - Batch 650: GT fg ratio: 0.0192
2025-05-24 21:06:19,262 - utils.training - WARNING - Overpredicting foreground! Ratio: 6.24x
2025-05-24 21:06:19,262 - utils.training - INFO - Total gradient norm: 0.0000
2025-05-24 21:06:19,915 - utils.training - INFO - Total gradient norm: 0.0000
2025-05-24 21:06:20,615 - utils.training - INFO - Total gradient norm: 0.0000
2025-05-24 21:06:21,325 - utils.training - INFO - Total gradient norm: 0.0000
2025-05-24 21:06:22,003 - utils.training - INFO - Total gradient norm: 0.0000
2025-05-24 21:06:22,666 - utils.training - INFO - Batch 700: Raw fg ratio: 0.9209, Adaptive fg ratio: 0.1858
2025-05-24 21:06:22,667 - utils.training - INFO - Batch 700: GT fg ratio: 0.0609
2025-05-24 21:06:22,667 - utils.training - WARNING - Overpredicting foreground! Ratio: 3.05x
2025-05-24 21:06:22,667 - utils.training - INFO - Total gradient norm: 0.0000
2025-05-24 21:06:23,335 - utils.training - INFO - Total gradient norm: 0.0000
2025-05-24 21:06:24,029 - utils.training - INFO - Total gradient norm: 0.0000
2025-05-24 21:06:24,695 - utils.training - INFO - Total gradient norm: 0.0000
2025-05-24 21:06:25,416 - utils.training - INFO - Total gradient norm: 0.0000
2025-05-24 21:06:26,117 - utils.training - INFO - Batch 750: Raw fg ratio: 0.6899, Adaptive fg ratio: 0.1200
2025-05-24 21:06:26,118 - utils.training - INFO - Batch 750: GT fg ratio: 0.4764
2025-05-24 21:06:26,118 - utils.training - WARNING - Underpredicting foreground! Ratio: 0.25x
2025-05-24 21:06:26,118 - utils.training - INFO - Total gradient norm: 0.0000
2025-05-24 21:06:26,800 - utils.training - INFO - Total gradient norm: 0.0000
2025-05-24 21:06:27,458 - utils.training - INFO - Total gradient norm: 0.0000
2025-05-24 21:06:28,143 - utils.training - INFO - Total gradient norm: 0.0000
2025-05-24 21:06:28,858 - utils.training - INFO - Total gradient norm: 0.0000
2025-05-24 21:06:29,569 - utils.training - INFO - Batch 800: Raw fg ratio: 0.5254, Adaptive fg ratio: 0.1200
2025-05-24 21:06:29,569 - utils.training - INFO - Batch 800: GT fg ratio: 0.0209
2025-05-24 21:06:29,570 - utils.training - WARNING - Overpredicting foreground! Ratio: 5.75x
2025-05-24 21:06:29,570 - utils.training - INFO - Total gradient norm: 0.0000
2025-05-24 21:06:30,294 - utils.training - INFO - Total gradient norm: 0.0000
2025-05-24 21:06:30,973 - utils.training - INFO - Total gradient norm: 0.0000
2025-05-24 21:06:31,666 - utils.training - INFO - Total gradient norm: 0.0000
2025-05-24 21:06:32,326 - utils.training - INFO - Total gradient norm: 0.0000
2025-05-24 21:06:32,978 - utils.training - INFO - Batch 850: Raw fg ratio: 0.5419, Adaptive fg ratio: 0.1200
2025-05-24 21:06:32,978 - utils.training - INFO - Batch 850: GT fg ratio: 0.2814
2025-05-24 21:06:32,978 - utils.training - INFO - Foreground ratio balanced! Pred/GT ratio: 0.43x
2025-05-24 21:06:32,979 - utils.training - INFO - Total gradient norm: 0.0000
2025-05-24 21:06:33,629 - utils.training - INFO - Total gradient norm: 0.0000
2025-05-24 21:06:34,310 - utils.training - INFO - Total gradient norm: 0.0000
2025-05-24 21:06:35,001 - utils.training - INFO - Total gradient norm: 0.0000
2025-05-24 21:06:35,670 - utils.training - INFO - Total gradient norm: 0.0000
2025-05-24 21:06:36,344 - utils.training - INFO - Batch 900: Raw fg ratio: 0.9370, Adaptive fg ratio: 0.1701
2025-05-24 21:06:36,345 - utils.training - INFO - Batch 900: GT fg ratio: 0.1115
2025-05-24 21:06:36,345 - utils.training - INFO - Foreground ratio balanced! Pred/GT ratio: 1.53x
2025-05-24 21:06:36,346 - utils.training - INFO - Total gradient norm: 0.0000
2025-05-24 21:06:37,006 - utils.training - INFO - Total gradient norm: 0.0000
2025-05-24 21:06:37,671 - utils.training - INFO - Total gradient norm: 0.0000
2025-05-24 21:06:38,369 - utils.training - INFO - Total gradient norm: 0.0000
2025-05-24 21:06:39,078 - utils.training - INFO - Total gradient norm: 0.0000
2025-05-24 21:06:39,751 - utils.training - INFO - Batch 950: Raw fg ratio: 0.6084, Adaptive fg ratio: 0.1200
2025-05-24 21:06:39,751 - utils.training - INFO - Batch 950: GT fg ratio: 0.1533
2025-05-24 21:06:39,752 - utils.training - INFO - Foreground ratio balanced! Pred/GT ratio: 0.78x
2025-05-24 21:06:39,752 - utils.training - INFO - Total gradient norm: 0.0000
2025-05-24 21:06:40,416 - utils.training - INFO - Total gradient norm: 0.0000
2025-05-24 21:06:41,071 - utils.training - INFO - Total gradient norm: 0.0000
2025-05-24 21:06:41,735 - utils.training - INFO - Total gradient norm: 0.0000
2025-05-24 21:06:42,442 - utils.training - INFO - Total gradient norm: 0.0000
2025-05-24 21:06:43,131 - utils.training - INFO - Batch 1000: Raw fg ratio: 0.6464, Adaptive fg ratio: 0.1200
2025-05-24 21:06:43,132 - utils.training - INFO - Batch 1000: GT fg ratio: 0.0310
2025-05-24 21:06:43,132 - utils.training - WARNING - Overpredicting foreground! Ratio: 3.87x
2025-05-24 21:06:43,133 - utils.training - INFO - Total gradient norm: 0.0000
2025-05-24 21:06:43,802 - utils.training - INFO - Total gradient norm: 0.0000
2025-05-24 21:06:44,453 - utils.training - INFO - Total gradient norm: 0.0000
2025-05-24 21:06:45,127 - utils.training - INFO - Total gradient norm: 0.0000
2025-05-24 21:06:45,788 - utils.training - INFO - Total gradient norm: 0.0000
2025-05-24 21:06:46,449 - utils.training - INFO - Batch 1050: Raw fg ratio: 0.7549, Adaptive fg ratio: 0.1200
2025-05-24 21:06:46,450 - utils.training - INFO - Batch 1050: GT fg ratio: 0.0134
2025-05-24 21:06:46,450 - utils.training - WARNING - Overpredicting foreground! Ratio: 8.93x
2025-05-24 21:06:46,451 - utils.training - INFO - Total gradient norm: 0.0000
2025-05-24 21:06:47,134 - utils.training - INFO - Total gradient norm: 0.0000
2025-05-24 21:06:47,800 - utils.training - INFO - Total gradient norm: 0.0000
2025-05-24 21:06:48,468 - utils.training - INFO - Total gradient norm: 0.0000
2025-05-24 21:06:49,147 - utils.training - INFO - Total gradient norm: 0.0000
2025-05-24 21:06:49,816 - utils.training - INFO - Batch 1100: Raw fg ratio: 0.8885, Adaptive fg ratio: 0.1805
2025-05-24 21:06:49,817 - utils.training - INFO - Batch 1100: GT fg ratio: 0.1209
2025-05-24 21:06:49,817 - utils.training - INFO - Foreground ratio balanced! Pred/GT ratio: 1.49x
2025-05-24 21:06:49,818 - utils.training - INFO - Total gradient norm: 0.0000
2025-05-24 21:06:50,489 - utils.training - INFO - Total gradient norm: 0.0000
2025-05-24 21:06:51,211 - utils.training - INFO - Total gradient norm: 0.0000
2025-05-24 21:06:51,892 - utils.training - INFO - Total gradient norm: 0.0000
2025-05-24 21:06:52,587 - utils.training - INFO - Total gradient norm: 0.0000
2025-05-24 21:06:53,285 - utils.training - INFO - Batch 1150: Raw fg ratio: 0.8267, Adaptive fg ratio: 0.1459
2025-05-24 21:06:53,286 - utils.training - INFO - Batch 1150: GT fg ratio: 0.1870
2025-05-24 21:06:53,287 - utils.training - INFO - Foreground ratio balanced! Pred/GT ratio: 0.78x
2025-05-24 21:06:53,287 - utils.training - INFO - Total gradient norm: 0.0000
2025-05-24 21:06:53,941 - utils.training - INFO - Total gradient norm: 0.0000
2025-05-24 21:06:54,623 - utils.training - INFO - Total gradient norm: 0.0000
2025-05-24 21:06:55,299 - utils.training - INFO - Total gradient norm: 0.0000
2025-05-24 21:06:55,954 - utils.training - INFO - Total gradient norm: 0.0000
2025-05-24 21:06:56,641 - utils.training - INFO - Batch 1200: Raw fg ratio: 0.7615, Adaptive fg ratio: 0.1412
2025-05-24 21:06:56,641 - utils.training - INFO - Batch 1200: GT fg ratio: 0.1485
2025-05-24 21:06:56,642 - utils.training - INFO - Foreground ratio balanced! Pred/GT ratio: 0.95x
2025-05-24 21:06:56,642 - utils.training - INFO - Total gradient norm: 0.0000
2025-05-24 21:06:57,334 - utils.training - INFO - Total gradient norm: 0.0000
2025-05-24 21:06:58,001 - utils.training - INFO - Total gradient norm: 0.0000
2025-05-24 21:06:58,695 - utils.training - INFO - Total gradient norm: 0.0000
2025-05-24 21:06:59,393 - utils.training - INFO - Total gradient norm: 0.0000
2025-05-24 21:07:00,093 - utils.training - INFO - Batch 1250: Raw fg ratio: 0.7851, Adaptive fg ratio: 0.1905
2025-05-24 21:07:00,094 - utils.training - INFO - Batch 1250: GT fg ratio: 0.0385
2025-05-24 21:07:00,094 - utils.training - WARNING - Overpredicting foreground! Ratio: 4.95x
2025-05-24 21:07:00,094 - utils.training - INFO - Total gradient norm: 0.0000
2025-05-24 21:07:00,796 - utils.training - INFO - Total gradient norm: 0.0000
2025-05-24 21:07:01,481 - utils.training - INFO - Total gradient norm: 0.0000
2025-05-24 21:07:02,166 - utils.training - INFO - Total gradient norm: 0.0000
2025-05-24 21:07:02,836 - utils.training - INFO - Total gradient norm: 0.0000
2025-05-24 21:07:03,525 - utils.training - INFO - Batch 1300: Raw fg ratio: 0.7186, Adaptive fg ratio: 0.1525
2025-05-24 21:07:03,526 - utils.training - INFO - Batch 1300: GT fg ratio: 0.0165
2025-05-24 21:07:03,526 - utils.training - WARNING - Overpredicting foreground! Ratio: 9.24x
2025-05-24 21:07:03,526 - utils.training - INFO - Total gradient norm: 0.0000
2025-05-24 21:07:04,218 - utils.training - INFO - Total gradient norm: 0.0000
2025-05-24 21:07:04,928 - utils.training - INFO - Total gradient norm: 0.0000
2025-05-24 21:07:05,643 - utils.training - INFO - Total gradient norm: 0.0000
2025-05-24 21:07:06,322 - utils.training - INFO - Total gradient norm: 0.0000
2025-05-24 21:07:07,032 - utils.training - INFO - Batch 1350: Raw fg ratio: 0.8661, Adaptive fg ratio: 0.1823
2025-05-24 21:07:07,033 - utils.training - INFO - Batch 1350: GT fg ratio: 0.1697
2025-05-24 21:07:07,033 - utils.training - INFO - Foreground ratio balanced! Pred/GT ratio: 1.07x
2025-05-24 21:07:07,033 - utils.training - INFO - Total gradient norm: 0.0000
2025-05-24 21:07:07,636 - utils.training - INFO - Total gradient norm: 0.0000
2025-05-24 21:07:08,246 - utils.training - INFO - Total gradient norm: 0.0000
2025-05-24 21:07:08,863 - utils.training - INFO - Total gradient norm: 0.0000
2025-05-24 21:07:09,462 - utils.training - INFO - Total gradient norm: 0.0000
2025-05-24 21:07:10,134 - utils.training - INFO - Batch 1400: Raw fg ratio: 0.8782, Adaptive fg ratio: 0.2137
2025-05-24 21:07:10,134 - utils.training - INFO - Batch 1400: GT fg ratio: 0.5258
2025-05-24 21:07:10,134 - utils.training - INFO - Foreground ratio balanced! Pred/GT ratio: 0.41x
2025-05-24 21:07:10,135 - utils.training - INFO - Total gradient norm: 0.0000
2025-05-24 21:07:10,786 - utils.training - INFO - Total gradient norm: 0.0000
2025-05-24 21:07:11,391 - utils.training - INFO - Total gradient norm: 0.0000
2025-05-24 21:07:12,045 - utils.training - INFO - Total gradient norm: 0.0000
2025-05-24 21:07:12,713 - utils.training - INFO - Total gradient norm: 0.0000
2025-05-24 21:07:13,369 - utils.training - INFO - Batch 1450: Raw fg ratio: 0.5576, Adaptive fg ratio: 0.1200
2025-05-24 21:07:13,370 - utils.training - INFO - Batch 1450: GT fg ratio: 0.0531
2025-05-24 21:07:13,370 - utils.training - INFO - Foreground ratio balanced! Pred/GT ratio: 2.26x
2025-05-24 21:07:13,370 - utils.training - INFO - Total gradient norm: 0.0000
2025-05-24 21:07:14,044 - utils.training - INFO - Total gradient norm: 0.0000
2025-05-24 21:07:14,686 - utils.training - INFO - Total gradient norm: 0.0000
2025-05-24 21:07:15,352 - utils.training - INFO - Total gradient norm: 0.0000
2025-05-24 21:07:16,000 - utils.training - INFO - Total gradient norm: 0.0000
2025-05-24 21:07:16,707 - utils.training - INFO - Batch 1500: Raw fg ratio: 0.9328, Adaptive fg ratio: 0.1471
2025-05-24 21:07:16,708 - utils.training - INFO - Batch 1500: GT fg ratio: 0.0493
2025-05-24 21:07:16,708 - utils.training - INFO - Foreground ratio balanced! Pred/GT ratio: 2.98x
2025-05-24 21:07:16,708 - utils.training - INFO - Total gradient norm: 0.0000
2025-05-24 21:07:17,405 - utils.training - INFO - Total gradient norm: 0.0000
2025-05-24 21:07:18,079 - utils.training - INFO - Total gradient norm: 0.0000
2025-05-24 21:07:18,803 - utils.training - INFO - Total gradient norm: 0.0000
2025-05-24 21:07:19,507 - utils.training - INFO - Total gradient norm: 0.0000
2025-05-24 21:07:20,183 - utils.training - INFO - Batch 1550: Raw fg ratio: 0.6496, Adaptive fg ratio: 0.1200
2025-05-24 21:07:20,184 - utils.training - INFO - Batch 1550: GT fg ratio: 0.5375
2025-05-24 21:07:20,184 - utils.training - WARNING - Underpredicting foreground! Ratio: 0.22x
2025-05-24 21:07:20,184 - utils.training - INFO - Total gradient norm: 0.0000
2025-05-24 21:07:20,858 - utils.training - INFO - Total gradient norm: 0.0000
2025-05-24 21:07:21,535 - utils.training - INFO - Total gradient norm: 0.0000
2025-05-24 21:07:22,222 - utils.training - INFO - Total gradient norm: 0.0000
2025-05-24 21:07:22,907 - utils.training - INFO - Total gradient norm: 0.0000
2025-05-24 21:07:23,587 - utils.training - INFO - Batch 1600: Raw fg ratio: 0.7510, Adaptive fg ratio: 0.1200
2025-05-24 21:07:23,588 - utils.training - INFO - Batch 1600: GT fg ratio: 0.2471
2025-05-24 21:07:23,589 - utils.training - INFO - Foreground ratio balanced! Pred/GT ratio: 0.49x
2025-05-24 21:07:23,589 - utils.training - INFO - Total gradient norm: 0.0000
2025-05-24 21:07:24,249 - utils.training - INFO - Total gradient norm: 0.0000
2025-05-24 21:07:24,938 - utils.training - INFO - Total gradient norm: 0.0000
2025-05-24 21:07:25,627 - utils.training - INFO - Total gradient norm: 0.0000
2025-05-24 21:07:26,320 - utils.training - INFO - Total gradient norm: 0.0000
2025-05-24 21:07:26,984 - utils.training - INFO - Batch 1650: Raw fg ratio: 0.8629, Adaptive fg ratio: 0.1830
2025-05-24 21:07:26,985 - utils.training - INFO - Batch 1650: GT fg ratio: 0.0587
2025-05-24 21:07:26,986 - utils.training - WARNING - Overpredicting foreground! Ratio: 3.12x
2025-05-24 21:07:26,986 - utils.training - INFO - Total gradient norm: 0.0000
2025-05-24 21:07:27,671 - utils.training - INFO - Total gradient norm: 0.0000
2025-05-24 21:07:28,364 - utils.training - INFO - Total gradient norm: 0.0000
2025-05-24 21:07:29,042 - utils.training - INFO - Total gradient norm: 0.0000
2025-05-24 21:07:29,711 - utils.training - INFO - Total gradient norm: 0.0000
2025-05-24 21:07:30,395 - utils.training - INFO - Batch 1700: Raw fg ratio: 0.8023, Adaptive fg ratio: 0.1566
2025-05-24 21:07:30,395 - utils.training - INFO - Batch 1700: GT fg ratio: 0.1296
2025-05-24 21:07:30,395 - utils.training - INFO - Foreground ratio balanced! Pred/GT ratio: 1.21x
2025-05-24 21:07:30,396 - utils.training - INFO - Total gradient norm: 0.0000
2025-05-24 21:07:31,061 - utils.training - INFO - Total gradient norm: 0.0000
2025-05-24 21:07:31,719 - utils.training - INFO - Total gradient norm: 0.0000
2025-05-24 21:07:32,387 - utils.training - INFO - Total gradient norm: 0.0000
2025-05-24 21:07:33,070 - utils.training - INFO - Total gradient norm: 0.0000
2025-05-24 21:07:33,747 - utils.training - INFO - Batch 1750: Raw fg ratio: 0.6572, Adaptive fg ratio: 0.1200
2025-05-24 21:07:33,748 - utils.training - INFO - Batch 1750: GT fg ratio: 0.0857
2025-05-24 21:07:33,748 - utils.training - INFO - Foreground ratio balanced! Pred/GT ratio: 1.40x
2025-05-24 21:07:33,748 - utils.training - INFO - Total gradient norm: 0.0000
2025-05-24 21:07:34,418 - utils.training - INFO - Total gradient norm: 0.0000
2025-05-24 21:07:35,070 - utils.training - INFO - Total gradient norm: 0.0000
2025-05-24 21:07:35,761 - utils.training - INFO - Total gradient norm: 0.0000
2025-05-24 21:07:36,433 - utils.training - INFO - Total gradient norm: 0.0000
2025-05-24 21:07:37,089 - utils.training - INFO - Batch 1800: Raw fg ratio: 0.7276, Adaptive fg ratio: 0.1201
2025-05-24 21:07:37,090 - utils.training - INFO - Batch 1800: GT fg ratio: 0.0162
2025-05-24 21:07:37,090 - utils.training - WARNING - Overpredicting foreground! Ratio: 7.43x
2025-05-24 21:07:37,090 - utils.training - INFO - Total gradient norm: 0.0000
2025-05-24 21:07:37,783 - utils.training - INFO - Total gradient norm: 0.0000
2025-05-24 21:07:38,466 - utils.training - INFO - Total gradient norm: 0.0000
2025-05-24 21:07:39,139 - utils.training - INFO - Total gradient norm: 0.0000
2025-05-24 21:07:39,833 - utils.training - INFO - Total gradient norm: 0.0000
2025-05-24 21:07:40,526 - utils.training - INFO - Batch 1850: Raw fg ratio: 0.7958, Adaptive fg ratio: 0.1693
2025-05-24 21:07:40,528 - utils.training - INFO - Batch 1850: GT fg ratio: 0.1874
2025-05-24 21:07:40,528 - utils.training - INFO - Foreground ratio balanced! Pred/GT ratio: 0.90x
2025-05-24 21:07:40,529 - utils.training - INFO - Total gradient norm: 0.0000
2025-05-24 21:07:41,221 - utils.training - INFO - Total gradient norm: 0.0000
2025-05-24 21:07:41,910 - utils.training - INFO - Total gradient norm: 0.0000
2025-05-24 21:07:42,569 - utils.training - INFO - Total gradient norm: 0.0000
2025-05-24 21:07:43,225 - utils.training - INFO - Total gradient norm: 0.0000
2025-05-24 21:07:43,917 - utils.training - INFO - Batch 1900: Raw fg ratio: 0.6703, Adaptive fg ratio: 0.1200
2025-05-24 21:07:43,917 - utils.training - INFO - Batch 1900: GT fg ratio: 0.6677
2025-05-24 21:07:43,917 - utils.training - WARNING - Underpredicting foreground! Ratio: 0.18x
2025-05-24 21:07:43,918 - utils.training - INFO - Total gradient norm: 0.0000
2025-05-24 21:07:44,593 - utils.training - INFO - Total gradient norm: 0.0000
2025-05-24 21:07:45,264 - utils.training - INFO - Total gradient norm: 0.0000
2025-05-24 21:07:45,943 - utils.training - INFO - Total gradient norm: 0.0000
2025-05-24 21:07:46,614 - utils.training - INFO - Total gradient norm: 0.0000
2025-05-24 21:07:47,289 - utils.training - INFO - Batch 1950: Raw fg ratio: 0.7220, Adaptive fg ratio: 0.1450
2025-05-24 21:07:47,290 - utils.training - INFO - Batch 1950: GT fg ratio: 0.0925
2025-05-24 21:07:47,290 - utils.training - INFO - Foreground ratio balanced! Pred/GT ratio: 1.57x
2025-05-24 21:07:47,290 - utils.training - INFO - Total gradient norm: 0.0000
2025-05-24 21:07:47,958 - utils.training - INFO - Total gradient norm: 0.0000
2025-05-24 21:07:48,653 - utils.training - INFO - Total gradient norm: 0.0000
2025-05-24 21:07:49,339 - utils.training - INFO - Total gradient norm: 0.0000
2025-05-24 21:07:50,037 - utils.training - INFO - Total gradient norm: 0.0000
2025-05-24 21:07:50,697 - utils.training - INFO - Batch 2000: Raw fg ratio: 0.6382, Adaptive fg ratio: 0.1200
2025-05-24 21:07:50,697 - utils.training - INFO - Batch 2000: GT fg ratio: 0.2655
2025-05-24 21:07:50,697 - utils.training - INFO - Foreground ratio balanced! Pred/GT ratio: 0.45x
2025-05-24 21:07:50,698 - utils.training - INFO - Total gradient norm: 0.0000
2025-05-24 21:07:51,381 - utils.training - INFO - Total gradient norm: 0.0000
2025-05-24 21:07:52,076 - utils.training - INFO - Total gradient norm: 0.0000
2025-05-24 21:07:52,786 - utils.training - INFO - Total gradient norm: 0.0000
2025-05-24 21:07:53,472 - utils.training - INFO - Total gradient norm: 0.0000
2025-05-24 21:07:54,168 - utils.training - INFO - Batch 2050: Raw fg ratio: 0.7839, Adaptive fg ratio: 0.1805
2025-05-24 21:07:54,169 - utils.training - INFO - Batch 2050: GT fg ratio: 0.1748
2025-05-24 21:07:54,169 - utils.training - INFO - Foreground ratio balanced! Pred/GT ratio: 1.03x
2025-05-24 21:07:54,170 - utils.training - INFO - Total gradient norm: 0.0000
2025-05-24 21:07:54,868 - utils.training - INFO - Total gradient norm: 0.0000
2025-05-24 21:07:55,561 - utils.training - INFO - Total gradient norm: 0.0000
2025-05-24 21:07:56,239 - utils.training - INFO - Total gradient norm: 0.0000
2025-05-24 21:07:56,930 - utils.training - INFO - Total gradient norm: 0.0000
2025-05-24 21:07:57,168 - utils.training - INFO - Epoch 3 training - Loss: 1.9818
2025-05-24 21:07:57,302 - utils.training - INFO - ============================================================
2025-05-24 21:07:57,302 - utils.training - INFO - VALIDATION DEBUG - ADAPTIVE THRESHOLDING
2025-05-24 21:07:57,302 - utils.training - INFO - ============================================================
2025-05-24 21:07:57,303 - utils.training - INFO - 🎯 OVERALL BATCH STATS:
2025-05-24 21:07:57,303 - utils.training - INFO -    Raw FG ratio: 0.8185
2025-05-24 21:07:57,304 - utils.training - INFO -    Adaptive FG ratio: 0.1200
2025-05-24 21:07:57,304 - utils.training - INFO -    GT FG ratio: 0.1682
2025-05-24 21:07:57,304 - utils.training - INFO -    Raw error: 3.87x GT
2025-05-24 21:07:57,304 - utils.training - INFO -    Adaptive error: 0.29x GT
2025-05-24 21:07:57,304 - utils.training - INFO -    ✅ Adaptive thresholding is helping!
2025-05-24 21:07:57,305 - utils.training - INFO - 📋 FRAME-BY-FRAME BREAKDOWN:
2025-05-24 21:07:57,306 - utils.training - INFO -    Frame 0: Raw=0.7083, Adaptive=0.1200, GT=0.1692
2025-05-24 21:07:57,306 - utils.training - INFO -              ✅ Frame 0: Adaptive closer to GT
2025-05-24 21:07:57,307 - utils.training - INFO -    Frame 1: Raw=0.9287, Adaptive=0.1200, GT=0.1672
2025-05-24 21:07:57,307 - utils.training - INFO -              ✅ Frame 1: Adaptive closer to GT
2025-05-24 21:07:57,307 - utils.training - INFO - 📐 SHAPE CHECK:
2025-05-24 21:07:57,307 - utils.training - INFO -    Pred masks shape: torch.Size([1, 2, 1, 120, 160])
2025-05-24 21:07:57,308 - utils.training - INFO -    Adaptive masks shape: torch.Size([1, 2, 1, 120, 160])
2025-05-24 21:07:57,308 - utils.training - INFO -    GT masks shape: torch.Size([1, 2, 120, 160])
2025-05-24 21:07:57,308 - utils.training - INFO - ============================================================
2025-05-24 21:07:57,379 - matplotlib.image - WARNING - Clipping input data to the valid range for imshow with RGB data ([0..1] for floats or [0..255] for integers). Got range [-2.0494049..2.64].
2025-05-24 21:07:57,381 - matplotlib.image - WARNING - Clipping input data to the valid range for imshow with RGB data ([0..1] for floats or [0..255] for integers). Got range [-2.0494049..109.056].
2025-05-24 21:07:57,383 - matplotlib.image - WARNING - Clipping input data to the valid range for imshow with RGB data ([0..1] for floats or [0..255] for integers). Got range [-2.0494049..140.19325].
2025-05-24 21:07:57,553 - matplotlib.image - WARNING - Clipping input data to the valid range for imshow with RGB data ([0..1] for floats or [0..255] for integers). Got range [-2.0322802..2.64].
2025-05-24 21:07:57,554 - matplotlib.image - WARNING - Clipping input data to the valid range for imshow with RGB data ([0..1] for floats or [0..255] for integers). Got range [-2.0322802..109.056].
2025-05-24 21:07:57,556 - matplotlib.image - WARNING - Clipping input data to the valid range for imshow with RGB data ([0..1] for floats or [0..255] for integers). Got range [-2.0322802..140.13748].
2025-05-24 21:07:57,927 - matplotlib.image - WARNING - Clipping input data to the valid range for imshow with RGB data ([0..1] for floats or [0..255] for integers). Got range [-2.0151556..2.64].
2025-05-24 21:07:57,928 - matplotlib.image - WARNING - Clipping input data to the valid range for imshow with RGB data ([0..1] for floats or [0..255] for integers). Got range [-2.0151556..109.056].
2025-05-24 21:07:57,930 - matplotlib.image - WARNING - Clipping input data to the valid range for imshow with RGB data ([0..1] for floats or [0..255] for integers). Got range [-2.0151556..140.23509].
2025-05-24 21:07:58,080 - matplotlib.image - WARNING - Clipping input data to the valid range for imshow with RGB data ([0..1] for floats or [0..255] for integers). Got range [-2.0151556..2.64].
2025-05-24 21:07:58,081 - matplotlib.image - WARNING - Clipping input data to the valid range for imshow with RGB data ([0..1] for floats or [0..255] for integers). Got range [-2.0151556..109.056].
2025-05-24 21:07:58,083 - matplotlib.image - WARNING - Clipping input data to the valid range for imshow with RGB data ([0..1] for floats or [0..255] for integers). Got range [-2.0151556..140.18628].
2025-05-24 21:07:58,441 - matplotlib.image - WARNING - Clipping input data to the valid range for imshow with RGB data ([0..1] for floats or [0..255] for integers). Got range [-2.0151556..2.64].
2025-05-24 21:07:58,443 - matplotlib.image - WARNING - Clipping input data to the valid range for imshow with RGB data ([0..1] for floats or [0..255] for integers). Got range [-2.0151556..109.056].
2025-05-24 21:07:58,445 - matplotlib.image - WARNING - Clipping input data to the valid range for imshow with RGB data ([0..1] for floats or [0..255] for integers). Got range [-2.0151556..140.1793].
2025-05-24 21:07:58,580 - matplotlib.image - WARNING - Clipping input data to the valid range for imshow with RGB data ([0..1] for floats or [0..255] for integers). Got range [-2.0494049..2.64].
2025-05-24 21:07:58,581 - matplotlib.image - WARNING - Clipping input data to the valid range for imshow with RGB data ([0..1] for floats or [0..255] for integers). Got range [-2.0494049..109.056].
2025-05-24 21:07:58,583 - matplotlib.image - WARNING - Clipping input data to the valid range for imshow with RGB data ([0..1] for floats or [0..255] for integers). Got range [-2.0494049..140.22115].
2025-05-24 21:07:58,958 - matplotlib.image - WARNING - Clipping input data to the valid range for imshow with RGB data ([0..1] for floats or [0..255] for integers). Got range [-2.0322802..2.64].
2025-05-24 21:07:58,959 - matplotlib.image - WARNING - Clipping input data to the valid range for imshow with RGB data ([0..1] for floats or [0..255] for integers). Got range [-2.0322802..109.056].
2025-05-24 21:07:58,961 - matplotlib.image - WARNING - Clipping input data to the valid range for imshow with RGB data ([0..1] for floats or [0..255] for integers). Got range [-2.0322802..140.13051].
2025-05-24 21:07:59,097 - matplotlib.image - WARNING - Clipping input data to the valid range for imshow with RGB data ([0..1] for floats or [0..255] for integers). Got range [-2.0151556..2.64].
2025-05-24 21:07:59,098 - matplotlib.image - WARNING - Clipping input data to the valid range for imshow with RGB data ([0..1] for floats or [0..255] for integers). Got range [-2.0151556..109.056].
2025-05-24 21:07:59,100 - matplotlib.image - WARNING - Clipping input data to the valid range for imshow with RGB data ([0..1] for floats or [0..255] for integers). Got range [-2.0151556..140.13748].
2025-05-24 21:07:59,505 - matplotlib.image - WARNING - Clipping input data to the valid range for imshow with RGB data ([0..1] for floats or [0..255] for integers). Got range [-2.0322802..2.64].
2025-05-24 21:07:59,506 - matplotlib.image - WARNING - Clipping input data to the valid range for imshow with RGB data ([0..1] for floats or [0..255] for integers). Got range [-2.0322802..109.056].
2025-05-24 21:07:59,508 - matplotlib.image - WARNING - Clipping input data to the valid range for imshow with RGB data ([0..1] for floats or [0..255] for integers). Got range [-2.0322802..140.14445].
2025-05-24 21:07:59,644 - matplotlib.image - WARNING - Clipping input data to the valid range for imshow with RGB data ([0..1] for floats or [0..255] for integers). Got range [-2.0151556..2.64].
2025-05-24 21:07:59,645 - matplotlib.image - WARNING - Clipping input data to the valid range for imshow with RGB data ([0..1] for floats or [0..255] for integers). Got range [-2.0151556..109.056].
2025-05-24 21:07:59,648 - matplotlib.image - WARNING - Clipping input data to the valid range for imshow with RGB data ([0..1] for floats or [0..255] for integers). Got range [-2.0151556..140.13051].
2025-05-24 21:08:00,271 - matplotlib.image - WARNING - Clipping input data to the valid range for imshow with RGB data ([0..1] for floats or [0..255] for integers). Got range [-2.0322802..2.64].
2025-05-24 21:08:00,272 - matplotlib.image - WARNING - Clipping input data to the valid range for imshow with RGB data ([0..1] for floats or [0..255] for integers). Got range [-2.0151556..109.056].
2025-05-24 21:08:00,274 - matplotlib.image - WARNING - Clipping input data to the valid range for imshow with RGB data ([0..1] for floats or [0..255] for integers). Got range [-2.0322802..140.21417].
2025-05-24 21:08:00,415 - matplotlib.image - WARNING - Clipping input data to the valid range for imshow with RGB data ([0..1] for floats or [0..255] for integers). Got range [-2.0322802..2.64].
2025-05-24 21:08:00,417 - matplotlib.image - WARNING - Clipping input data to the valid range for imshow with RGB data ([0..1] for floats or [0..255] for integers). Got range [-2.0151556..109.056].
2025-05-24 21:08:00,418 - matplotlib.image - WARNING - Clipping input data to the valid range for imshow with RGB data ([0..1] for floats or [0..255] for integers). Got range [-2.0322802..140.17233].
2025-05-24 21:08:00,834 - matplotlib.image - WARNING - Clipping input data to the valid range for imshow with RGB data ([0..1] for floats or [0..255] for integers). Got range [-2.0151556..2.64].
2025-05-24 21:08:00,835 - matplotlib.image - WARNING - Clipping input data to the valid range for imshow with RGB data ([0..1] for floats or [0..255] for integers). Got range [-2.0151556..109.056].
2025-05-24 21:08:00,837 - matplotlib.image - WARNING - Clipping input data to the valid range for imshow with RGB data ([0..1] for floats or [0..255] for integers). Got range [-2.0151556..140.19325].
2025-05-24 21:08:00,973 - matplotlib.image - WARNING - Clipping input data to the valid range for imshow with RGB data ([0..1] for floats or [0..255] for integers). Got range [-2.0322802..2.64].
2025-05-24 21:08:00,974 - matplotlib.image - WARNING - Clipping input data to the valid range for imshow with RGB data ([0..1] for floats or [0..255] for integers). Got range [-2.0322802..109.056].
2025-05-24 21:08:00,976 - matplotlib.image - WARNING - Clipping input data to the valid range for imshow with RGB data ([0..1] for floats or [0..255] for integers). Got range [-2.0322802..140.16537].
2025-05-24 21:08:01,386 - matplotlib.image - WARNING - Clipping input data to the valid range for imshow with RGB data ([0..1] for floats or [0..255] for integers). Got range [-2.0494049..2.64].
2025-05-24 21:08:01,387 - matplotlib.image - WARNING - Clipping input data to the valid range for imshow with RGB data ([0..1] for floats or [0..255] for integers). Got range [-2.0494049..109.056].
2025-05-24 21:08:01,389 - matplotlib.image - WARNING - Clipping input data to the valid range for imshow with RGB data ([0..1] for floats or [0..255] for integers). Got range [-1.9637812..109.056].
2025-05-24 21:08:01,529 - matplotlib.image - WARNING - Clipping input data to the valid range for imshow with RGB data ([0..1] for floats or [0..255] for integers). Got range [-2.0665298..2.64].
2025-05-24 21:08:01,531 - matplotlib.image - WARNING - Clipping input data to the valid range for imshow with RGB data ([0..1] for floats or [0..255] for integers). Got range [-2.0665298..109.056].
2025-05-24 21:08:01,532 - matplotlib.image - WARNING - Clipping input data to the valid range for imshow with RGB data ([0..1] for floats or [0..255] for integers). Got range [-1.9980307..109.056].
2025-05-24 21:08:01,938 - matplotlib.image - WARNING - Clipping input data to the valid range for imshow with RGB data ([0..1] for floats or [0..255] for integers). Got range [-2.0494049..2.64].
2025-05-24 21:08:01,939 - matplotlib.image - WARNING - Clipping input data to the valid range for imshow with RGB data ([0..1] for floats or [0..255] for integers). Got range [-2.0494049..109.056].
2025-05-24 21:08:01,942 - matplotlib.image - WARNING - Clipping input data to the valid range for imshow with RGB data ([0..1] for floats or [0..255] for integers). Got range [-2.0322802..109.056].
2025-05-24 21:08:02,082 - matplotlib.image - WARNING - Clipping input data to the valid range for imshow with RGB data ([0..1] for floats or [0..255] for integers). Got range [-2.0665298..2.64].
2025-05-24 21:08:02,084 - matplotlib.image - WARNING - Clipping input data to the valid range for imshow with RGB data ([0..1] for floats or [0..255] for integers). Got range [-2.0494049..109.056].
2025-05-24 21:08:02,085 - matplotlib.image - WARNING - Clipping input data to the valid range for imshow with RGB data ([0..1] for floats or [0..255] for integers). Got range [-1.980906..109.056].
2025-05-24 21:08:02,487 - matplotlib.image - WARNING - Clipping input data to the valid range for imshow with RGB data ([0..1] for floats or [0..255] for integers). Got range [-2.0665298..2.64].
2025-05-24 21:08:02,488 - matplotlib.image - WARNING - Clipping input data to the valid range for imshow with RGB data ([0..1] for floats or [0..255] for integers). Got range [-2.0665298..109.056].
2025-05-24 21:08:02,490 - matplotlib.image - WARNING - Clipping input data to the valid range for imshow with RGB data ([0..1] for floats or [0..255] for integers). Got range [-2.0322802..109.056].
2025-05-24 21:08:02,636 - matplotlib.image - WARNING - Clipping input data to the valid range for imshow with RGB data ([0..1] for floats or [0..255] for integers). Got range [-2.0836544..2.64].
2025-05-24 21:08:02,637 - matplotlib.image - WARNING - Clipping input data to the valid range for imshow with RGB data ([0..1] for floats or [0..255] for integers). Got range [-2.0836544..109.056].
2025-05-24 21:08:02,638 - matplotlib.image - WARNING - Clipping input data to the valid range for imshow with RGB data ([0..1] for floats or [0..255] for integers). Got range [-2.0151556..109.04205].
2025-05-24 21:08:03,035 - matplotlib.image - WARNING - Clipping input data to the valid range for imshow with RGB data ([0..1] for floats or [0..255] for integers). Got range [-2.0665298..2.64].
2025-05-24 21:08:03,036 - matplotlib.image - WARNING - Clipping input data to the valid range for imshow with RGB data ([0..1] for floats or [0..255] for integers). Got range [-2.0494049..109.056].
2025-05-24 21:08:03,038 - matplotlib.image - WARNING - Clipping input data to the valid range for imshow with RGB data ([0..1] for floats or [0..255] for integers). Got range [-2.0322802..109.056].
2025-05-24 21:08:03,179 - matplotlib.image - WARNING - Clipping input data to the valid range for imshow with RGB data ([0..1] for floats or [0..255] for integers). Got range [-2.1007793..2.64].
2025-05-24 21:08:03,181 - matplotlib.image - WARNING - Clipping input data to the valid range for imshow with RGB data ([0..1] for floats or [0..255] for integers). Got range [-2.0836544..109.04903].
2025-05-24 21:08:03,302 - matplotlib.image - WARNING - Clipping input data to the valid range for imshow with RGB data ([0..1] for floats or [0..255] for integers). Got range [-2.0494049..109.056].
2025-05-24 21:08:03,702 - matplotlib.image - WARNING - Clipping input data to the valid range for imshow with RGB data ([0..1] for floats or [0..255] for integers). Got range [-2.1007793..2.64].
2025-05-24 21:08:03,704 - matplotlib.image - WARNING - Clipping input data to the valid range for imshow with RGB data ([0..1] for floats or [0..255] for integers). Got range [-2.0494049..109.056].
2025-05-24 21:08:03,705 - matplotlib.image - WARNING - Clipping input data to the valid range for imshow with RGB data ([0..1] for floats or [0..255] for integers). Got range [-2.0322802..109.056].
2025-05-24 21:08:03,848 - matplotlib.image - WARNING - Clipping input data to the valid range for imshow with RGB data ([0..1] for floats or [0..255] for integers). Got range [-2.0836544..2.64].
2025-05-24 21:08:03,849 - matplotlib.image - WARNING - Clipping input data to the valid range for imshow with RGB data ([0..1] for floats or [0..255] for integers). Got range [-2.0836544..109.056].
2025-05-24 21:08:03,851 - matplotlib.image - WARNING - Clipping input data to the valid range for imshow with RGB data ([0..1] for floats or [0..255] for integers). Got range [-2.0836544..109.056].
2025-05-24 21:08:04,294 - matplotlib.image - WARNING - Clipping input data to the valid range for imshow with RGB data ([0..1] for floats or [0..255] for integers). Got range [-1.9124069..2.64].
2025-05-24 21:08:04,296 - matplotlib.image - WARNING - Clipping input data to the valid range for imshow with RGB data ([0..1] for floats or [0..255] for integers). Got range [-1.9124069..109.056].
2025-05-24 21:08:04,298 - matplotlib.image - WARNING - Clipping input data to the valid range for imshow with RGB data ([0..1] for floats or [0..255] for integers). Got range [-1.9124069..140.256].
2025-05-24 21:08:04,460 - matplotlib.image - WARNING - Clipping input data to the valid range for imshow with RGB data ([0..1] for floats or [0..255] for integers). Got range [-1.9637812..2.64].
2025-05-24 21:08:04,461 - matplotlib.image - WARNING - Clipping input data to the valid range for imshow with RGB data ([0..1] for floats or [0..255] for integers). Got range [-1.9637812..109.056].
2025-05-24 21:08:04,464 - matplotlib.image - WARNING - Clipping input data to the valid range for imshow with RGB data ([0..1] for floats or [0..255] for integers). Got range [-1.9637812..140.256].
2025-05-24 21:08:04,898 - matplotlib.image - WARNING - Clipping input data to the valid range for imshow with RGB data ([0..1] for floats or [0..255] for integers). Got range [-1.9656862..2.64].
2025-05-24 21:08:04,899 - matplotlib.image - WARNING - Clipping input data to the valid range for imshow with RGB data ([0..1] for floats or [0..255] for integers). Got range [-1.9656862..109.056].
2025-05-24 21:08:04,901 - matplotlib.image - WARNING - Clipping input data to the valid range for imshow with RGB data ([0..1] for floats or [0..255] for integers). Got range [-1.8267832..140.256].
2025-05-24 21:08:05,052 - matplotlib.image - WARNING - Clipping input data to the valid range for imshow with RGB data ([0..1] for floats or [0..255] for integers). Got range [-1.8781574..2.64].
2025-05-24 21:08:05,053 - matplotlib.image - WARNING - Clipping input data to the valid range for imshow with RGB data ([0..1] for floats or [0..255] for integers). Got range [-1.8781574..109.056].
2025-05-24 21:08:05,054 - matplotlib.image - WARNING - Clipping input data to the valid range for imshow with RGB data ([0..1] for floats or [0..255] for integers). Got range [-1.8781574..140.256].
2025-05-24 21:08:05,484 - matplotlib.image - WARNING - Clipping input data to the valid range for imshow with RGB data ([0..1] for floats or [0..255] for integers). Got range [-1.8610327..2.64].
2025-05-24 21:08:05,486 - matplotlib.image - WARNING - Clipping input data to the valid range for imshow with RGB data ([0..1] for floats or [0..255] for integers). Got range [-1.8610327..109.056].
2025-05-24 21:08:05,488 - matplotlib.image - WARNING - Clipping input data to the valid range for imshow with RGB data ([0..1] for floats or [0..255] for integers). Got range [-1.8610327..140.256].
2025-05-24 21:08:05,644 - matplotlib.image - WARNING - Clipping input data to the valid range for imshow with RGB data ([0..1] for floats or [0..255] for integers). Got range [-1.8096584..2.64].
2025-05-24 21:08:05,645 - matplotlib.image - WARNING - Clipping input data to the valid range for imshow with RGB data ([0..1] for floats or [0..255] for integers). Got range [-1.8096584..109.056].
2025-05-24 21:08:05,648 - matplotlib.image - WARNING - Clipping input data to the valid range for imshow with RGB data ([0..1] for floats or [0..255] for integers). Got range [-1.8096584..140.256].
2025-05-24 21:08:06,088 - matplotlib.image - WARNING - Clipping input data to the valid range for imshow with RGB data ([0..1] for floats or [0..255] for integers). Got range [-2.117904..2.64].
2025-05-24 21:08:06,090 - matplotlib.image - WARNING - Clipping input data to the valid range for imshow with RGB data ([0..1] for floats or [0..255] for integers). Got range [-2.117904..109.056].
2025-05-24 21:08:06,092 - matplotlib.image - WARNING - Clipping input data to the valid range for imshow with RGB data ([0..1] for floats or [0..255] for integers). Got range [-2.117904..140.256].
2025-05-24 21:08:06,245 - matplotlib.image - WARNING - Clipping input data to the valid range for imshow with RGB data ([0..1] for floats or [0..255] for integers). Got range [-2.117904..2.64].
2025-05-24 21:08:06,247 - matplotlib.image - WARNING - Clipping input data to the valid range for imshow with RGB data ([0..1] for floats or [0..255] for integers). Got range [-2.117904..109.056].
2025-05-24 21:08:06,248 - matplotlib.image - WARNING - Clipping input data to the valid range for imshow with RGB data ([0..1] for floats or [0..255] for integers). Got range [-2.117904..140.256].
2025-05-24 21:08:06,709 - matplotlib.image - WARNING - Clipping input data to the valid range for imshow with RGB data ([0..1] for floats or [0..255] for integers). Got range [-2.117904..2.64].
2025-05-24 21:08:06,711 - matplotlib.image - WARNING - Clipping input data to the valid range for imshow with RGB data ([0..1] for floats or [0..255] for integers). Got range [-2.117904..109.056].
2025-05-24 21:08:06,712 - matplotlib.image - WARNING - Clipping input data to the valid range for imshow with RGB data ([0..1] for floats or [0..255] for integers). Got range [-2.117904..140.256].
2025-05-24 21:08:07,035 - matplotlib.image - WARNING - Clipping input data to the valid range for imshow with RGB data ([0..1] for floats or [0..255] for integers). Got range [-2.117904..2.64].
2025-05-24 21:08:07,036 - matplotlib.image - WARNING - Clipping input data to the valid range for imshow with RGB data ([0..1] for floats or [0..255] for integers). Got range [-2.117904..109.056].
2025-05-24 21:08:07,038 - matplotlib.image - WARNING - Clipping input data to the valid range for imshow with RGB data ([0..1] for floats or [0..255] for integers). Got range [-2.117904..140.256].
2025-05-24 21:08:07,454 - matplotlib.image - WARNING - Clipping input data to the valid range for imshow with RGB data ([0..1] for floats or [0..255] for integers). Got range [-2.117904..2.64].
2025-05-24 21:08:07,455 - matplotlib.image - WARNING - Clipping input data to the valid range for imshow with RGB data ([0..1] for floats or [0..255] for integers). Got range [-2.117904..109.056].
2025-05-24 21:08:07,458 - matplotlib.image - WARNING - Clipping input data to the valid range for imshow with RGB data ([0..1] for floats or [0..255] for integers). Got range [-2.117904..140.256].
2025-05-24 21:08:07,602 - matplotlib.image - WARNING - Clipping input data to the valid range for imshow with RGB data ([0..1] for floats or [0..255] for integers). Got range [-2.117904..2.64].
2025-05-24 21:08:07,603 - matplotlib.image - WARNING - Clipping input data to the valid range for imshow with RGB data ([0..1] for floats or [0..255] for integers). Got range [-2.117904..109.056].
2025-05-24 21:08:07,604 - matplotlib.image - WARNING - Clipping input data to the valid range for imshow with RGB data ([0..1] for floats or [0..255] for integers). Got range [-2.117904..140.256].
2025-05-24 21:08:08,020 - matplotlib.image - WARNING - Clipping input data to the valid range for imshow with RGB data ([0..1] for floats or [0..255] for integers). Got range [-2.117904..2.64].
2025-05-24 21:08:08,021 - matplotlib.image - WARNING - Clipping input data to the valid range for imshow with RGB data ([0..1] for floats or [0..255] for integers). Got range [-2.117904..109.056].
2025-05-24 21:08:08,022 - matplotlib.image - WARNING - Clipping input data to the valid range for imshow with RGB data ([0..1] for floats or [0..255] for integers). Got range [-2.117904..140.256].
2025-05-24 21:08:08,165 - matplotlib.image - WARNING - Clipping input data to the valid range for imshow with RGB data ([0..1] for floats or [0..255] for integers). Got range [-2.117904..2.64].
2025-05-24 21:08:08,166 - matplotlib.image - WARNING - Clipping input data to the valid range for imshow with RGB data ([0..1] for floats or [0..255] for integers). Got range [-2.117904..109.056].
2025-05-24 21:08:08,168 - matplotlib.image - WARNING - Clipping input data to the valid range for imshow with RGB data ([0..1] for floats or [0..255] for integers). Got range [-2.117904..140.256].
2025-05-24 21:08:08,583 - matplotlib.image - WARNING - Clipping input data to the valid range for imshow with RGB data ([0..1] for floats or [0..255] for integers). Got range [-2.117904..2.64].
2025-05-24 21:08:08,584 - matplotlib.image - WARNING - Clipping input data to the valid range for imshow with RGB data ([0..1] for floats or [0..255] for integers). Got range [-2.117904..109.056].
2025-05-24 21:08:08,586 - matplotlib.image - WARNING - Clipping input data to the valid range for imshow with RGB data ([0..1] for floats or [0..255] for integers). Got range [-2.117904..140.256].
2025-05-24 21:08:08,726 - matplotlib.image - WARNING - Clipping input data to the valid range for imshow with RGB data ([0..1] for floats or [0..255] for integers). Got range [-2.117904..2.64].
2025-05-24 21:08:08,727 - matplotlib.image - WARNING - Clipping input data to the valid range for imshow with RGB data ([0..1] for floats or [0..255] for integers). Got range [-2.117904..109.056].
2025-05-24 21:08:08,728 - matplotlib.image - WARNING - Clipping input data to the valid range for imshow with RGB data ([0..1] for floats or [0..255] for integers). Got range [-2.117904..140.256].
2025-05-24 21:08:09,140 - matplotlib.image - WARNING - Clipping input data to the valid range for imshow with RGB data ([0..1] for floats or [0..255] for integers). Got range [-2.117904..2.6051416].
2025-05-24 21:08:09,141 - matplotlib.image - WARNING - Clipping input data to the valid range for imshow with RGB data ([0..1] for floats or [0..255] for integers). Got range [-2.117904..109.04205].
2025-05-24 21:08:09,144 - matplotlib.image - WARNING - Clipping input data to the valid range for imshow with RGB data ([0..1] for floats or [0..255] for integers). Got range [-2.117904..108.93051].
2025-05-24 21:08:09,292 - matplotlib.image - WARNING - Clipping input data to the valid range for imshow with RGB data ([0..1] for floats or [0..255] for integers). Got range [-2.117904..2.5877128].
2025-05-24 21:08:09,293 - matplotlib.image - WARNING - Clipping input data to the valid range for imshow with RGB data ([0..1] for floats or [0..255] for integers). Got range [-2.117904..109.03509].
2025-05-24 21:08:09,295 - matplotlib.image - WARNING - Clipping input data to the valid range for imshow with RGB data ([0..1] for floats or [0..255] for integers). Got range [-2.117904..108.93051].
2025-05-24 21:08:09,703 - matplotlib.image - WARNING - Clipping input data to the valid range for imshow with RGB data ([0..1] for floats or [0..255] for integers). Got range [-2.117904..2.5528543].
2025-05-24 21:08:09,704 - matplotlib.image - WARNING - Clipping input data to the valid range for imshow with RGB data ([0..1] for floats or [0..255] for integers). Got range [-2.117904..109.02114].
2025-05-24 21:08:09,707 - matplotlib.image - WARNING - Clipping input data to the valid range for imshow with RGB data ([0..1] for floats or [0..255] for integers). Got range [-2.117904..109.0072].
2025-05-24 21:08:09,844 - matplotlib.image - WARNING - Clipping input data to the valid range for imshow with RGB data ([0..1] for floats or [0..255] for integers). Got range [-2.117904..2.6051416].
2025-05-24 21:08:09,846 - matplotlib.image - WARNING - Clipping input data to the valid range for imshow with RGB data ([0..1] for floats or [0..255] for integers). Got range [-2.117904..109.02114].
2025-05-24 21:08:09,847 - matplotlib.image - WARNING - Clipping input data to the valid range for imshow with RGB data ([0..1] for floats or [0..255] for integers). Got range [-2.117904..109.02114].
2025-05-24 21:08:10,399 - matplotlib.image - WARNING - Clipping input data to the valid range for imshow with RGB data ([0..1] for floats or [0..255] for integers). Got range [-2.117904..2.5877128].
2025-05-24 21:08:10,400 - matplotlib.image - WARNING - Clipping input data to the valid range for imshow with RGB data ([0..1] for floats or [0..255] for integers). Got range [-2.117904..109.03509].
2025-05-24 21:08:10,402 - matplotlib.image - WARNING - Clipping input data to the valid range for imshow with RGB data ([0..1] for floats or [0..255] for integers). Got range [-2.117904..108.84685].
2025-05-24 21:08:10,540 - matplotlib.image - WARNING - Clipping input data to the valid range for imshow with RGB data ([0..1] for floats or [0..255] for integers). Got range [-2.117904..2.5702832].
2025-05-24 21:08:10,541 - matplotlib.image - WARNING - Clipping input data to the valid range for imshow with RGB data ([0..1] for floats or [0..255] for integers). Got range [-2.117904..109.01417].
2025-05-24 21:08:10,542 - matplotlib.image - WARNING - Clipping input data to the valid range for imshow with RGB data ([0..1] for floats or [0..255] for integers). Got range [-2.117904..108.87473].
2025-05-24 21:08:10,944 - matplotlib.image - WARNING - Clipping input data to the valid range for imshow with RGB data ([0..1] for floats or [0..255] for integers). Got range [-2.117904..2.622571].
2025-05-24 21:08:10,945 - matplotlib.image - WARNING - Clipping input data to the valid range for imshow with RGB data ([0..1] for floats or [0..255] for integers). Got range [-2.117904..109.04903].
2025-05-24 21:08:10,947 - matplotlib.image - WARNING - Clipping input data to the valid range for imshow with RGB data ([0..1] for floats or [0..255] for integers). Got range [-2.117904..108.88171].
2025-05-24 21:08:11,085 - matplotlib.image - WARNING - Clipping input data to the valid range for imshow with RGB data ([0..1] for floats or [0..255] for integers). Got range [-2.117904..2.5702832].
2025-05-24 21:08:11,087 - matplotlib.image - WARNING - Clipping input data to the valid range for imshow with RGB data ([0..1] for floats or [0..255] for integers). Got range [-2.117904..109.028114].
2025-05-24 21:08:11,088 - matplotlib.image - WARNING - Clipping input data to the valid range for imshow with RGB data ([0..1] for floats or [0..255] for integers). Got range [-2.117904..108.839874].
2025-05-24 21:08:11,460 - matplotlib.image - WARNING - Clipping input data to the valid range for imshow with RGB data ([0..1] for floats or [0..255] for integers). Got range [-2.117904..2.6051416].
2025-05-24 21:08:11,461 - matplotlib.image - WARNING - Clipping input data to the valid range for imshow with RGB data ([0..1] for floats or [0..255] for integers). Got range [-2.117904..109.01417].
2025-05-24 21:08:11,463 - matplotlib.image - WARNING - Clipping input data to the valid range for imshow with RGB data ([0..1] for floats or [0..255] for integers). Got range [-2.117904..108.88171].
2025-05-24 21:08:11,608 - matplotlib.image - WARNING - Clipping input data to the valid range for imshow with RGB data ([0..1] for floats or [0..255] for integers). Got range [-2.117904..2.5702832].
2025-05-24 21:08:11,609 - matplotlib.image - WARNING - Clipping input data to the valid range for imshow with RGB data ([0..1] for floats or [0..255] for integers). Got range [-2.117904..109.0072].
2025-05-24 21:08:11,611 - matplotlib.image - WARNING - Clipping input data to the valid range for imshow with RGB data ([0..1] for floats or [0..255] for integers). Got range [-2.117904..108.87473].
2025-05-24 21:08:11,991 - matplotlib.image - WARNING - Clipping input data to the valid range for imshow with RGB data ([0..1] for floats or [0..255] for integers). Got range [-2.117904..2.6051416].
2025-05-24 21:08:11,993 - matplotlib.image - WARNING - Clipping input data to the valid range for imshow with RGB data ([0..1] for floats or [0..255] for integers). Got range [-2.117904..109.02114].
2025-05-24 21:08:11,995 - matplotlib.image - WARNING - Clipping input data to the valid range for imshow with RGB data ([0..1] for floats or [0..255] for integers). Got range [-2.117904..108.97931].
2025-05-24 21:08:12,133 - matplotlib.image - WARNING - Clipping input data to the valid range for imshow with RGB data ([0..1] for floats or [0..255] for integers). Got range [-2.117904..2.5528543].
2025-05-24 21:08:12,134 - matplotlib.image - WARNING - Clipping input data to the valid range for imshow with RGB data ([0..1] for floats or [0..255] for integers). Got range [-2.117904..109.01417].
2025-05-24 21:08:12,136 - matplotlib.image - WARNING - Clipping input data to the valid range for imshow with RGB data ([0..1] for floats or [0..255] for integers). Got range [-2.117904..108.96537].
2025-05-24 21:08:12,501 - matplotlib.image - WARNING - Clipping input data to the valid range for imshow with RGB data ([0..1] for floats or [0..255] for integers). Got range [-2.117904..2.6051416].
2025-05-24 21:08:12,503 - matplotlib.image - WARNING - Clipping input data to the valid range for imshow with RGB data ([0..1] for floats or [0..255] for integers). Got range [-2.117904..109.01417].
2025-05-24 21:08:12,505 - matplotlib.image - WARNING - Clipping input data to the valid range for imshow with RGB data ([0..1] for floats or [0..255] for integers). Got range [-2.117904..108.88171].
2025-05-24 21:08:12,648 - matplotlib.image - WARNING - Clipping input data to the valid range for imshow with RGB data ([0..1] for floats or [0..255] for integers). Got range [-2.117904..2.6051416].
2025-05-24 21:08:12,649 - matplotlib.image - WARNING - Clipping input data to the valid range for imshow with RGB data ([0..1] for floats or [0..255] for integers). Got range [-2.117904..109.0072].
2025-05-24 21:08:12,651 - matplotlib.image - WARNING - Clipping input data to the valid range for imshow with RGB data ([0..1] for floats or [0..255] for integers). Got range [-2.117904..108.993256].
2025-05-24 21:08:13,076 - matplotlib.image - WARNING - Clipping input data to the valid range for imshow with RGB data ([0..1] for floats or [0..255] for integers). Got range [-2.117904..2.64].
2025-05-24 21:08:13,077 - matplotlib.image - WARNING - Clipping input data to the valid range for imshow with RGB data ([0..1] for floats or [0..255] for integers). Got range [-2.117904..109.03509].
2025-05-24 21:08:13,079 - matplotlib.image - WARNING - Clipping input data to the valid range for imshow with RGB data ([0..1] for floats or [0..255] for integers). Got range [-2.117904..108.85382].
2025-05-24 21:08:13,224 - matplotlib.image - WARNING - Clipping input data to the valid range for imshow with RGB data ([0..1] for floats or [0..255] for integers). Got range [-2.117904..2.64].
2025-05-24 21:08:13,225 - matplotlib.image - WARNING - Clipping input data to the valid range for imshow with RGB data ([0..1] for floats or [0..255] for integers). Got range [-2.117904..109.03509].
2025-05-24 21:08:13,227 - matplotlib.image - WARNING - Clipping input data to the valid range for imshow with RGB data ([0..1] for floats or [0..255] for integers). Got range [-2.117904..108.83291].
2025-05-24 21:08:13,799 - matplotlib.image - WARNING - Clipping input data to the valid range for imshow with RGB data ([0..1] for floats or [0..255] for integers). Got range [-2.117904..2.622571].
2025-05-24 21:08:13,800 - matplotlib.image - WARNING - Clipping input data to the valid range for imshow with RGB data ([0..1] for floats or [0..255] for integers). Got range [-2.117904..109.04903].
2025-05-24 21:08:13,802 - matplotlib.image - WARNING - Clipping input data to the valid range for imshow with RGB data ([0..1] for floats or [0..255] for integers). Got range [-2.117904..108.92354].
2025-05-24 21:08:13,946 - matplotlib.image - WARNING - Clipping input data to the valid range for imshow with RGB data ([0..1] for floats or [0..255] for integers). Got range [-2.117904..2.5877128].
2025-05-24 21:08:13,947 - matplotlib.image - WARNING - Clipping input data to the valid range for imshow with RGB data ([0..1] for floats or [0..255] for integers). Got range [-2.117904..109.02114].
2025-05-24 21:08:13,949 - matplotlib.image - WARNING - Clipping input data to the valid range for imshow with RGB data ([0..1] for floats or [0..255] for integers). Got range [-2.117904..108.902626].
2025-05-24 21:08:14,350 - matplotlib.image - WARNING - Clipping input data to the valid range for imshow with RGB data ([0..1] for floats or [0..255] for integers). Got range [-2.0836544..2.4831376].
2025-05-24 21:08:14,352 - matplotlib.image - WARNING - Clipping input data to the valid range for imshow with RGB data ([0..1] for floats or [0..255] for integers). Got range [-2.0836544..108.993256].
2025-05-24 21:08:14,353 - matplotlib.image - WARNING - Clipping input data to the valid range for imshow with RGB data ([0..1] for floats or [0..255] for integers). Got range [-2.0836544..108.89565].
2025-05-24 21:08:14,495 - matplotlib.image - WARNING - Clipping input data to the valid range for imshow with RGB data ([0..1] for floats or [0..255] for integers). Got range [-2.1007793..2.4831376].
2025-05-24 21:08:14,496 - matplotlib.image - WARNING - Clipping input data to the valid range for imshow with RGB data ([0..1] for floats or [0..255] for integers). Got range [-2.1007793..108.97931].
2025-05-24 21:08:14,498 - matplotlib.image - WARNING - Clipping input data to the valid range for imshow with RGB data ([0..1] for floats or [0..255] for integers). Got range [-2.1007793..108.89565].
2025-05-24 21:08:14,903 - matplotlib.image - WARNING - Clipping input data to the valid range for imshow with RGB data ([0..1] for floats or [0..255] for integers). Got range [-2.1007793..2.3088455].
2025-05-24 21:08:14,905 - matplotlib.image - WARNING - Clipping input data to the valid range for imshow with RGB data ([0..1] for floats or [0..255] for integers). Got range [-2.1007793..108.902626].
2025-05-24 21:08:14,907 - matplotlib.image - WARNING - Clipping input data to the valid range for imshow with RGB data ([0..1] for floats or [0..255] for integers). Got range [-2.1007793..108.902626].
2025-05-24 21:08:15,052 - matplotlib.image - WARNING - Clipping input data to the valid range for imshow with RGB data ([0..1] for floats or [0..255] for integers). Got range [-2.1007793..2.3088455].
2025-05-24 21:08:15,053 - matplotlib.image - WARNING - Clipping input data to the valid range for imshow with RGB data ([0..1] for floats or [0..255] for integers). Got range [-2.1007793..108.89565].
2025-05-24 21:08:15,054 - matplotlib.image - WARNING - Clipping input data to the valid range for imshow with RGB data ([0..1] for floats or [0..255] for integers). Got range [-2.1007793..108.88868].
2025-05-24 21:08:15,479 - matplotlib.image - WARNING - Clipping input data to the valid range for imshow with RGB data ([0..1] for floats or [0..255] for integers). Got range [-2.1007793..2.5005665].
2025-05-24 21:08:15,480 - matplotlib.image - WARNING - Clipping input data to the valid range for imshow with RGB data ([0..1] for floats or [0..255] for integers). Got range [-2.1007793..108.937485].
2025-05-24 21:08:15,482 - matplotlib.image - WARNING - Clipping input data to the valid range for imshow with RGB data ([0..1] for floats or [0..255] for integers). Got range [-2.1007793..108.86777].
2025-05-24 21:08:15,619 - matplotlib.image - WARNING - Clipping input data to the valid range for imshow with RGB data ([0..1] for floats or [0..255] for integers). Got range [-2.1007793..2.4482791].
2025-05-24 21:08:15,620 - matplotlib.image - WARNING - Clipping input data to the valid range for imshow with RGB data ([0..1] for floats or [0..255] for integers). Got range [-2.1007793..108.93051].
2025-05-24 21:08:15,622 - matplotlib.image - WARNING - Clipping input data to the valid range for imshow with RGB data ([0..1] for floats or [0..255] for integers). Got range [-2.1007793..108.88171].
2025-05-24 21:08:16,023 - matplotlib.image - WARNING - Clipping input data to the valid range for imshow with RGB data ([0..1] for floats or [0..255] for integers). Got range [-2.1007793..2.5702832].
2025-05-24 21:08:16,024 - matplotlib.image - WARNING - Clipping input data to the valid range for imshow with RGB data ([0..1] for floats or [0..255] for integers). Got range [-2.1007793..109.028114].
2025-05-24 21:08:16,026 - matplotlib.image - WARNING - Clipping input data to the valid range for imshow with RGB data ([0..1] for floats or [0..255] for integers). Got range [-2.1007793..108.902626].
2025-05-24 21:08:16,173 - matplotlib.image - WARNING - Clipping input data to the valid range for imshow with RGB data ([0..1] for floats or [0..255] for integers). Got range [-2.1007793..2.6051416].
2025-05-24 21:08:16,175 - matplotlib.image - WARNING - Clipping input data to the valid range for imshow with RGB data ([0..1] for floats or [0..255] for integers). Got range [-2.1007793..109.04205].
2025-05-24 21:08:16,177 - matplotlib.image - WARNING - Clipping input data to the valid range for imshow with RGB data ([0..1] for floats or [0..255] for integers). Got range [-2.1007793..108.89565].
2025-05-24 21:08:16,601 - matplotlib.image - WARNING - Clipping input data to the valid range for imshow with RGB data ([0..1] for floats or [0..255] for integers). Got range [-2.0836544..2.5702832].
2025-05-24 21:08:16,602 - matplotlib.image - WARNING - Clipping input data to the valid range for imshow with RGB data ([0..1] for floats or [0..255] for integers). Got range [-2.0836544..109.028114].
2025-05-24 21:08:16,604 - matplotlib.image - WARNING - Clipping input data to the valid range for imshow with RGB data ([0..1] for floats or [0..255] for integers). Got range [-2.0836544..108.90959].
2025-05-24 21:08:16,871 - matplotlib.image - WARNING - Clipping input data to the valid range for imshow with RGB data ([0..1] for floats or [0..255] for integers). Got range [-2.0836544..2.5702832].
2025-05-24 21:08:16,872 - matplotlib.image - WARNING - Clipping input data to the valid range for imshow with RGB data ([0..1] for floats or [0..255] for integers). Got range [-2.0836544..109.028114].
2025-05-24 21:08:16,874 - matplotlib.image - WARNING - Clipping input data to the valid range for imshow with RGB data ([0..1] for floats or [0..255] for integers). Got range [-2.0836544..108.916565].
2025-05-24 21:08:17,285 - matplotlib.image - WARNING - Clipping input data to the valid range for imshow with RGB data ([0..1] for floats or [0..255] for integers). Got range [-2.0665298..2.5702832].
2025-05-24 21:08:17,286 - matplotlib.image - WARNING - Clipping input data to the valid range for imshow with RGB data ([0..1] for floats or [0..255] for integers). Got range [-2.0665298..108.90959].
2025-05-24 21:08:17,288 - matplotlib.image - WARNING - Clipping input data to the valid range for imshow with RGB data ([0..1] for floats or [0..255] for integers). Got range [-2.0665298..108.937485].
2025-05-24 21:08:17,429 - matplotlib.image - WARNING - Clipping input data to the valid range for imshow with RGB data ([0..1] for floats or [0..255] for integers). Got range [-2.0494049..2.5702832].
2025-05-24 21:08:17,430 - matplotlib.image - WARNING - Clipping input data to the valid range for imshow with RGB data ([0..1] for floats or [0..255] for integers). Got range [-2.0494049..108.90959].
2025-05-24 21:08:17,432 - matplotlib.image - WARNING - Clipping input data to the valid range for imshow with RGB data ([0..1] for floats or [0..255] for integers). Got range [-2.0494049..108.95142].
2025-05-24 21:08:17,843 - matplotlib.image - WARNING - Clipping input data to the valid range for imshow with RGB data ([0..1] for floats or [0..255] for integers). Got range [-2.0665298..2.535425].
2025-05-24 21:08:17,844 - matplotlib.image - WARNING - Clipping input data to the valid range for imshow with RGB data ([0..1] for floats or [0..255] for integers). Got range [-2.0665298..109.0072].
2025-05-24 21:08:17,846 - matplotlib.image - WARNING - Clipping input data to the valid range for imshow with RGB data ([0..1] for floats or [0..255] for integers). Got range [-2.0665298..108.9584].
2025-05-24 21:08:17,982 - matplotlib.image - WARNING - Clipping input data to the valid range for imshow with RGB data ([0..1] for floats or [0..255] for integers). Got range [-2.0494049..2.535425].
2025-05-24 21:08:17,983 - matplotlib.image - WARNING - Clipping input data to the valid range for imshow with RGB data ([0..1] for floats or [0..255] for integers). Got range [-2.0494049..109.01417].
2025-05-24 21:08:17,985 - matplotlib.image - WARNING - Clipping input data to the valid range for imshow with RGB data ([0..1] for floats or [0..255] for integers). Got range [-2.0494049..108.9584].
2025-05-24 21:08:18,384 - matplotlib.image - WARNING - Clipping input data to the valid range for imshow with RGB data ([0..1] for floats or [0..255] for integers). Got range [-2.0494049..2.5877128].
2025-05-24 21:08:18,385 - matplotlib.image - WARNING - Clipping input data to the valid range for imshow with RGB data ([0..1] for floats or [0..255] for integers). Got range [-2.0494049..109.01417].
2025-05-24 21:08:18,387 - matplotlib.image - WARNING - Clipping input data to the valid range for imshow with RGB data ([0..1] for floats or [0..255] for integers). Got range [-2.0494049..108.95142].
2025-05-24 21:08:18,533 - matplotlib.image - WARNING - Clipping input data to the valid range for imshow with RGB data ([0..1] for floats or [0..255] for integers). Got range [-2.0322802..2.535425].
2025-05-24 21:08:18,535 - matplotlib.image - WARNING - Clipping input data to the valid range for imshow with RGB data ([0..1] for floats or [0..255] for integers). Got range [-2.0322802..108.98628].
2025-05-24 21:08:18,537 - matplotlib.image - WARNING - Clipping input data to the valid range for imshow with RGB data ([0..1] for floats or [0..255] for integers). Got range [-2.0322802..108.95142].
2025-05-24 21:08:18,936 - matplotlib.image - WARNING - Clipping input data to the valid range for imshow with RGB data ([0..1] for floats or [0..255] for integers). Got range [-2.0665298..2.535425].
2025-05-24 21:08:18,937 - matplotlib.image - WARNING - Clipping input data to the valid range for imshow with RGB data ([0..1] for floats or [0..255] for integers). Got range [-2.0665298..109.01417].
2025-05-24 21:08:18,939 - matplotlib.image - WARNING - Clipping input data to the valid range for imshow with RGB data ([0..1] for floats or [0..255] for integers). Got range [-2.0665298..108.95142].
2025-05-24 21:08:19,079 - matplotlib.image - WARNING - Clipping input data to the valid range for imshow with RGB data ([0..1] for floats or [0..255] for integers). Got range [-2.0494049..2.5179958].
2025-05-24 21:08:19,081 - matplotlib.image - WARNING - Clipping input data to the valid range for imshow with RGB data ([0..1] for floats or [0..255] for integers). Got range [-2.0494049..109.0072].
2025-05-24 21:08:19,082 - matplotlib.image - WARNING - Clipping input data to the valid range for imshow with RGB data ([0..1] for floats or [0..255] for integers). Got range [-2.0494049..108.94445].
2025-05-24 21:08:19,478 - matplotlib.image - WARNING - Clipping input data to the valid range for imshow with RGB data ([0..1] for floats or [0..255] for integers). Got range [-2.117904..2.64].
2025-05-24 21:08:19,479 - matplotlib.image - WARNING - Clipping input data to the valid range for imshow with RGB data ([0..1] for floats or [0..255] for integers). Got range [-2.117904..109.056].
2025-05-24 21:08:19,481 - matplotlib.image - WARNING - Clipping input data to the valid range for imshow with RGB data ([0..1] for floats or [0..255] for integers). Got range [-2.117904..109.056].
2025-05-24 21:08:19,632 - matplotlib.image - WARNING - Clipping input data to the valid range for imshow with RGB data ([0..1] for floats or [0..255] for integers). Got range [-2.117904..2.64].
2025-05-24 21:08:19,633 - matplotlib.image - WARNING - Clipping input data to the valid range for imshow with RGB data ([0..1] for floats or [0..255] for integers). Got range [-2.117904..109.056].
2025-05-24 21:08:19,634 - matplotlib.image - WARNING - Clipping input data to the valid range for imshow with RGB data ([0..1] for floats or [0..255] for integers). Got range [-2.117904..109.056].
2025-05-24 21:08:20,043 - matplotlib.image - WARNING - Clipping input data to the valid range for imshow with RGB data ([0..1] for floats or [0..255] for integers). Got range [-2.117904..2.64].
2025-05-24 21:08:20,044 - matplotlib.image - WARNING - Clipping input data to the valid range for imshow with RGB data ([0..1] for floats or [0..255] for integers). Got range [-2.117904..109.056].
2025-05-24 21:08:20,172 - matplotlib.image - WARNING - Clipping input data to the valid range for imshow with RGB data ([0..1] for floats or [0..255] for integers). Got range [-2.117904..109.056].
2025-05-24 21:08:20,324 - matplotlib.image - WARNING - Clipping input data to the valid range for imshow with RGB data ([0..1] for floats or [0..255] for integers). Got range [-2.117904..2.64].
2025-05-24 21:08:20,325 - matplotlib.image - WARNING - Clipping input data to the valid range for imshow with RGB data ([0..1] for floats or [0..255] for integers). Got range [-2.117904..109.056].
2025-05-24 21:08:20,327 - matplotlib.image - WARNING - Clipping input data to the valid range for imshow with RGB data ([0..1] for floats or [0..255] for integers). Got range [-2.117904..109.056].
2025-05-24 21:08:20,737 - matplotlib.image - WARNING - Clipping input data to the valid range for imshow with RGB data ([0..1] for floats or [0..255] for integers). Got range [-2.117904..2.64].
2025-05-24 21:08:20,738 - matplotlib.image - WARNING - Clipping input data to the valid range for imshow with RGB data ([0..1] for floats or [0..255] for integers). Got range [-2.117904..109.056].
2025-05-24 21:08:20,740 - matplotlib.image - WARNING - Clipping input data to the valid range for imshow with RGB data ([0..1] for floats or [0..255] for integers). Got range [-2.117904..109.056].
2025-05-24 21:08:20,889 - matplotlib.image - WARNING - Clipping input data to the valid range for imshow with RGB data ([0..1] for floats or [0..255] for integers). Got range [-2.117904..2.64].
2025-05-24 21:08:20,890 - matplotlib.image - WARNING - Clipping input data to the valid range for imshow with RGB data ([0..1] for floats or [0..255] for integers). Got range [-2.1007793..109.056].
2025-05-24 21:08:20,892 - matplotlib.image - WARNING - Clipping input data to the valid range for imshow with RGB data ([0..1] for floats or [0..255] for integers). Got range [-2.117904..109.04903].
2025-05-24 21:08:21,287 - matplotlib.image - WARNING - Clipping input data to the valid range for imshow with RGB data ([0..1] for floats or [0..255] for integers). Got range [-2.117904..2.64].
2025-05-24 21:08:21,288 - matplotlib.image - WARNING - Clipping input data to the valid range for imshow with RGB data ([0..1] for floats or [0..255] for integers). Got range [-2.1007793..109.056].
2025-05-24 21:08:21,290 - matplotlib.image - WARNING - Clipping input data to the valid range for imshow with RGB data ([0..1] for floats or [0..255] for integers). Got range [-2.117904..109.04903].
2025-05-24 21:08:21,436 - matplotlib.image - WARNING - Clipping input data to the valid range for imshow with RGB data ([0..1] for floats or [0..255] for integers). Got range [-2.117904..2.64].
2025-05-24 21:08:21,437 - matplotlib.image - WARNING - Clipping input data to the valid range for imshow with RGB data ([0..1] for floats or [0..255] for integers). Got range [-2.117904..109.056].
2025-05-24 21:08:21,439 - matplotlib.image - WARNING - Clipping input data to the valid range for imshow with RGB data ([0..1] for floats or [0..255] for integers). Got range [-2.117904..109.056].
2025-05-24 21:08:21,877 - matplotlib.image - WARNING - Clipping input data to the valid range for imshow with RGB data ([0..1] for floats or [0..255] for integers). Got range [-2.117904..2.64].
2025-05-24 21:08:21,878 - matplotlib.image - WARNING - Clipping input data to the valid range for imshow with RGB data ([0..1] for floats or [0..255] for integers). Got range [-2.117904..109.04205].
2025-05-24 21:08:21,880 - matplotlib.image - WARNING - Clipping input data to the valid range for imshow with RGB data ([0..1] for floats or [0..255] for integers). Got range [-2.117904..109.056].
2025-05-24 21:08:22,038 - matplotlib.image - WARNING - Clipping input data to the valid range for imshow with RGB data ([0..1] for floats or [0..255] for integers). Got range [-2.117904..2.64].
2025-05-24 21:08:22,040 - matplotlib.image - WARNING - Clipping input data to the valid range for imshow with RGB data ([0..1] for floats or [0..255] for integers). Got range [-2.117904..109.056].
2025-05-24 21:08:22,041 - matplotlib.image - WARNING - Clipping input data to the valid range for imshow with RGB data ([0..1] for floats or [0..255] for integers). Got range [-2.117904..109.056].
2025-05-24 21:08:22,452 - matplotlib.image - WARNING - Clipping input data to the valid range for imshow with RGB data ([0..1] for floats or [0..255] for integers). Got range [-2.117904..2.64].
2025-05-24 21:08:22,453 - matplotlib.image - WARNING - Clipping input data to the valid range for imshow with RGB data ([0..1] for floats or [0..255] for integers). Got range [-2.117904..109.00023].
2025-05-24 21:08:22,456 - matplotlib.image - WARNING - Clipping input data to the valid range for imshow with RGB data ([0..1] for floats or [0..255] for integers). Got range [-2.117904..109.04903].
2025-05-24 21:08:22,616 - matplotlib.image - WARNING - Clipping input data to the valid range for imshow with RGB data ([0..1] for floats or [0..255] for integers). Got range [-2.117904..2.64].
2025-05-24 21:08:22,617 - matplotlib.image - WARNING - Clipping input data to the valid range for imshow with RGB data ([0..1] for floats or [0..255] for integers). Got range [-2.117904..109.04205].
2025-05-24 21:08:22,619 - matplotlib.image - WARNING - Clipping input data to the valid range for imshow with RGB data ([0..1] for floats or [0..255] for integers). Got range [-2.117904..109.04205].
2025-05-24 21:08:23,071 - matplotlib.image - WARNING - Clipping input data to the valid range for imshow with RGB data ([0..1] for floats or [0..255] for integers). Got range [-2.117904..2.64].
2025-05-24 21:08:23,072 - matplotlib.image - WARNING - Clipping input data to the valid range for imshow with RGB data ([0..1] for floats or [0..255] for integers). Got range [-2.117904..109.056].
2025-05-24 21:08:23,074 - matplotlib.image - WARNING - Clipping input data to the valid range for imshow with RGB data ([0..1] for floats or [0..255] for integers). Got range [-2.117904..109.04903].
2025-05-24 21:08:23,228 - matplotlib.image - WARNING - Clipping input data to the valid range for imshow with RGB data ([0..1] for floats or [0..255] for integers). Got range [-2.117904..2.64].
2025-05-24 21:08:23,230 - matplotlib.image - WARNING - Clipping input data to the valid range for imshow with RGB data ([0..1] for floats or [0..255] for integers). Got range [-2.117904..109.056].
2025-05-24 21:08:23,231 - matplotlib.image - WARNING - Clipping input data to the valid range for imshow with RGB data ([0..1] for floats or [0..255] for integers). Got range [-2.117904..109.056].
2025-05-24 21:08:23,802 - matplotlib.image - WARNING - Clipping input data to the valid range for imshow with RGB data ([0..1] for floats or [0..255] for integers). Got range [-2.0322802..2.64].
2025-05-24 21:08:23,804 - matplotlib.image - WARNING - Clipping input data to the valid range for imshow with RGB data ([0..1] for floats or [0..255] for integers). Got range [-2.0322802..109.056].
2025-05-24 21:08:23,806 - matplotlib.image - WARNING - Clipping input data to the valid range for imshow with RGB data ([0..1] for floats or [0..255] for integers). Got range [-1.9980307..109.056].
2025-05-24 21:08:23,937 - matplotlib.image - WARNING - Clipping input data to the valid range for imshow with RGB data ([0..1] for floats or [0..255] for integers). Got range [-2.0836544..2.64].
2025-05-24 21:08:23,938 - matplotlib.image - WARNING - Clipping input data to the valid range for imshow with RGB data ([0..1] for floats or [0..255] for integers). Got range [-2.0836544..109.04903].
2025-05-24 21:08:23,940 - matplotlib.image - WARNING - Clipping input data to the valid range for imshow with RGB data ([0..1] for floats or [0..255] for integers). Got range [-2.0836544..109.056].
2025-05-24 21:08:24,343 - matplotlib.image - WARNING - Clipping input data to the valid range for imshow with RGB data ([0..1] for floats or [0..255] for integers). Got range [-2.0322802..2.64].
2025-05-24 21:08:24,344 - matplotlib.image - WARNING - Clipping input data to the valid range for imshow with RGB data ([0..1] for floats or [0..255] for integers). Got range [-2.0322802..109.04205].
2025-05-24 21:08:24,346 - matplotlib.image - WARNING - Clipping input data to the valid range for imshow with RGB data ([0..1] for floats or [0..255] for integers). Got range [-1.980906..109.04903].
2025-05-24 21:08:24,487 - matplotlib.image - WARNING - Clipping input data to the valid range for imshow with RGB data ([0..1] for floats or [0..255] for integers). Got range [-2.0665298..2.64].
2025-05-24 21:08:24,488 - matplotlib.image - WARNING - Clipping input data to the valid range for imshow with RGB data ([0..1] for floats or [0..255] for integers). Got range [-2.0665298..109.04903].
2025-05-24 21:08:24,489 - matplotlib.image - WARNING - Clipping input data to the valid range for imshow with RGB data ([0..1] for floats or [0..255] for integers). Got range [-2.0494049..109.04205].
2025-05-24 21:08:24,877 - matplotlib.image - WARNING - Clipping input data to the valid range for imshow with RGB data ([0..1] for floats or [0..255] for integers). Got range [-2.0665298..2.64].
2025-05-24 21:08:24,878 - matplotlib.image - WARNING - Clipping input data to the valid range for imshow with RGB data ([0..1] for floats or [0..255] for integers). Got range [-2.0494049..109.056].
2025-05-24 21:08:24,880 - matplotlib.image - WARNING - Clipping input data to the valid range for imshow with RGB data ([0..1] for floats or [0..255] for integers). Got range [-1.9481792..109.056].
2025-05-24 21:08:25,013 - matplotlib.image - WARNING - Clipping input data to the valid range for imshow with RGB data ([0..1] for floats or [0..255] for integers). Got range [-2.0322802..2.64].
2025-05-24 21:08:25,014 - matplotlib.image - WARNING - Clipping input data to the valid range for imshow with RGB data ([0..1] for floats or [0..255] for integers). Got range [-1.9980307..109.056].
2025-05-24 21:08:25,016 - matplotlib.image - WARNING - Clipping input data to the valid range for imshow with RGB data ([0..1] for floats or [0..255] for integers). Got range [-1.9637812..109.056].
2025-05-24 21:08:25,404 - matplotlib.image - WARNING - Clipping input data to the valid range for imshow with RGB data ([0..1] for floats or [0..255] for integers). Got range [-1.980906..2.64].
2025-05-24 21:08:25,405 - matplotlib.image - WARNING - Clipping input data to the valid range for imshow with RGB data ([0..1] for floats or [0..255] for integers). Got range [-1.9637812..109.056].
2025-05-24 21:08:25,406 - matplotlib.image - WARNING - Clipping input data to the valid range for imshow with RGB data ([0..1] for floats or [0..255] for integers). Got range [-1.9466565..109.056].
2025-05-24 21:08:25,542 - matplotlib.image - WARNING - Clipping input data to the valid range for imshow with RGB data ([0..1] for floats or [0..255] for integers). Got range [-1.980906..2.64].
2025-05-24 21:08:25,543 - matplotlib.image - WARNING - Clipping input data to the valid range for imshow with RGB data ([0..1] for floats or [0..255] for integers). Got range [-1.9637812..109.056].
2025-05-24 21:08:25,545 - matplotlib.image - WARNING - Clipping input data to the valid range for imshow with RGB data ([0..1] for floats or [0..255] for integers). Got range [-1.9295317..109.056].
2025-05-24 21:08:25,940 - matplotlib.image - WARNING - Clipping input data to the valid range for imshow with RGB data ([0..1] for floats or [0..255] for integers). Got range [-1.9466565..2.5877128].
2025-05-24 21:08:25,941 - matplotlib.image - WARNING - Clipping input data to the valid range for imshow with RGB data ([0..1] for floats or [0..255] for integers). Got range [-1.9466565..109.03509].
2025-05-24 21:08:25,943 - matplotlib.image - WARNING - Clipping input data to the valid range for imshow with RGB data ([0..1] for floats or [0..255] for integers). Got range [-1.9466565..109.028114].
2025-05-24 21:08:26,104 - matplotlib.image - WARNING - Clipping input data to the valid range for imshow with RGB data ([0..1] for floats or [0..255] for integers). Got range [-1.9980307..2.5702832].
2025-05-24 21:08:26,105 - matplotlib.image - WARNING - Clipping input data to the valid range for imshow with RGB data ([0..1] for floats or [0..255] for integers). Got range [-1.9637812..109.028114].
2025-05-24 21:08:26,107 - matplotlib.image - WARNING - Clipping input data to the valid range for imshow with RGB data ([0..1] for floats or [0..255] for integers). Got range [-1.9980307..109.028114].
2025-05-24 21:08:26,535 - matplotlib.image - WARNING - Clipping input data to the valid range for imshow with RGB data ([0..1] for floats or [0..255] for integers). Got range [-1.980906..2.5528543].
2025-05-24 21:08:26,537 - matplotlib.image - WARNING - Clipping input data to the valid range for imshow with RGB data ([0..1] for floats or [0..255] for integers). Got range [-1.9295317..109.01417].
2025-05-24 21:08:26,539 - matplotlib.image - WARNING - Clipping input data to the valid range for imshow with RGB data ([0..1] for floats or [0..255] for integers). Got range [-1.980906..109.02114].
2025-05-24 21:08:26,827 - matplotlib.image - WARNING - Clipping input data to the valid range for imshow with RGB data ([0..1] for floats or [0..255] for integers). Got range [-1.980906..2.5877128].
2025-05-24 21:08:26,829 - matplotlib.image - WARNING - Clipping input data to the valid range for imshow with RGB data ([0..1] for floats or [0..255] for integers). Got range [-1.9295317..109.028114].
2025-05-24 21:08:26,830 - matplotlib.image - WARNING - Clipping input data to the valid range for imshow with RGB data ([0..1] for floats or [0..255] for integers). Got range [-1.980906..109.03509].
2025-05-24 21:08:27,260 - matplotlib.image - WARNING - Clipping input data to the valid range for imshow with RGB data ([0..1] for floats or [0..255] for integers). Got range [-1.9980307..2.5877128].
2025-05-24 21:08:27,261 - matplotlib.image - WARNING - Clipping input data to the valid range for imshow with RGB data ([0..1] for floats or [0..255] for integers). Got range [-1.9295317..109.03509].
2025-05-24 21:08:27,262 - matplotlib.image - WARNING - Clipping input data to the valid range for imshow with RGB data ([0..1] for floats or [0..255] for integers). Got range [-1.9980307..109.02114].
2025-05-24 21:08:27,417 - matplotlib.image - WARNING - Clipping input data to the valid range for imshow with RGB data ([0..1] for floats or [0..255] for integers). Got range [-1.980906..2.622571].
2025-05-24 21:08:27,418 - matplotlib.image - WARNING - Clipping input data to the valid range for imshow with RGB data ([0..1] for floats or [0..255] for integers). Got range [-1.980906..109.04903].
2025-05-24 21:08:27,420 - matplotlib.image - WARNING - Clipping input data to the valid range for imshow with RGB data ([0..1] for floats or [0..255] for integers). Got range [-1.9637812..109.028114].
2025-05-24 21:08:27,837 - matplotlib.image - WARNING - Clipping input data to the valid range for imshow with RGB data ([0..1] for floats or [0..255] for integers). Got range [-1.980906..2.5877128].
2025-05-24 21:08:27,838 - matplotlib.image - WARNING - Clipping input data to the valid range for imshow with RGB data ([0..1] for floats or [0..255] for integers). Got range [-1.980906..108.98628].
2025-05-24 21:08:27,840 - matplotlib.image - WARNING - Clipping input data to the valid range for imshow with RGB data ([0..1] for floats or [0..255] for integers). Got range [-1.980906..109.03509].
2025-05-24 21:08:27,999 - matplotlib.image - WARNING - Clipping input data to the valid range for imshow with RGB data ([0..1] for floats or [0..255] for integers). Got range [-1.9980307..2.6051416].
2025-05-24 21:08:28,000 - matplotlib.image - WARNING - Clipping input data to the valid range for imshow with RGB data ([0..1] for floats or [0..255] for integers). Got range [-1.9980307..109.0072].
2025-05-24 21:08:28,002 - matplotlib.image - WARNING - Clipping input data to the valid range for imshow with RGB data ([0..1] for floats or [0..255] for integers). Got range [-1.9980307..109.03509].
2025-05-24 21:08:28,415 - matplotlib.image - WARNING - Clipping input data to the valid range for imshow with RGB data ([0..1] for floats or [0..255] for integers). Got range [-1.9980307..2.5877128].
2025-05-24 21:08:28,416 - matplotlib.image - WARNING - Clipping input data to the valid range for imshow with RGB data ([0..1] for floats or [0..255] for integers). Got range [-1.9980307..108.97234].
2025-05-24 21:08:28,418 - matplotlib.image - WARNING - Clipping input data to the valid range for imshow with RGB data ([0..1] for floats or [0..255] for integers). Got range [-1.9980307..109.03509].
2025-05-24 21:08:28,578 - matplotlib.image - WARNING - Clipping input data to the valid range for imshow with RGB data ([0..1] for floats or [0..255] for integers). Got range [-1.9980307..2.6051416].
2025-05-24 21:08:28,579 - matplotlib.image - WARNING - Clipping input data to the valid range for imshow with RGB data ([0..1] for floats or [0..255] for integers). Got range [-1.980906..109.03509].
2025-05-24 21:08:28,581 - matplotlib.image - WARNING - Clipping input data to the valid range for imshow with RGB data ([0..1] for floats or [0..255] for integers). Got range [-1.9980307..109.028114].
2025-05-24 21:08:29,015 - matplotlib.image - WARNING - Clipping input data to the valid range for imshow with RGB data ([0..1] for floats or [0..255] for integers). Got range [-2.0151556..2.622571].
2025-05-24 21:08:29,016 - matplotlib.image - WARNING - Clipping input data to the valid range for imshow with RGB data ([0..1] for floats or [0..255] for integers). Got range [-1.980906..109.0072].
2025-05-24 21:08:29,018 - matplotlib.image - WARNING - Clipping input data to the valid range for imshow with RGB data ([0..1] for floats or [0..255] for integers). Got range [-2.0151556..109.02114].
2025-05-24 21:08:29,176 - matplotlib.image - WARNING - Clipping input data to the valid range for imshow with RGB data ([0..1] for floats or [0..255] for integers). Got range [-1.9980307..2.6051416].
2025-05-24 21:08:29,177 - matplotlib.image - WARNING - Clipping input data to the valid range for imshow with RGB data ([0..1] for floats or [0..255] for integers). Got range [-1.9980307..109.00023].
2025-05-24 21:08:29,179 - matplotlib.image - WARNING - Clipping input data to the valid range for imshow with RGB data ([0..1] for floats or [0..255] for integers). Got range [-1.9980307..109.0072].
2025-05-24 21:08:29,610 - matplotlib.image - WARNING - Clipping input data to the valid range for imshow with RGB data ([0..1] for floats or [0..255] for integers). Got range [-1.9637812..2.5877128].
2025-05-24 21:08:29,611 - matplotlib.image - WARNING - Clipping input data to the valid range for imshow with RGB data ([0..1] for floats or [0..255] for integers). Got range [-1.9295317..109.028114].
2025-05-24 21:08:29,613 - matplotlib.image - WARNING - Clipping input data to the valid range for imshow with RGB data ([0..1] for floats or [0..255] for integers). Got range [-1.9637812..109.03509].
2025-05-24 21:08:29,769 - matplotlib.image - WARNING - Clipping input data to the valid range for imshow with RGB data ([0..1] for floats or [0..255] for integers). Got range [-1.9637812..2.6051416].
2025-05-24 21:08:29,770 - matplotlib.image - WARNING - Clipping input data to the valid range for imshow with RGB data ([0..1] for floats or [0..255] for integers). Got range [-1.9466565..109.03509].
2025-05-24 21:08:29,771 - matplotlib.image - WARNING - Clipping input data to the valid range for imshow with RGB data ([0..1] for floats or [0..255] for integers). Got range [-1.9637812..109.02114].
2025-05-24 21:08:30,192 - matplotlib.image - WARNING - Clipping input data to the valid range for imshow with RGB data ([0..1] for floats or [0..255] for integers). Got range [-1.9637812..2.5702832].
2025-05-24 21:08:30,193 - matplotlib.image - WARNING - Clipping input data to the valid range for imshow with RGB data ([0..1] for floats or [0..255] for integers). Got range [-1.9637812..109.02114].
2025-05-24 21:08:30,195 - matplotlib.image - WARNING - Clipping input data to the valid range for imshow with RGB data ([0..1] for floats or [0..255] for integers). Got range [-1.9637812..109.028114].
2025-05-24 21:08:30,498 - matplotlib.image - WARNING - Clipping input data to the valid range for imshow with RGB data ([0..1] for floats or [0..255] for integers). Got range [-1.9980307..2.622571].
2025-05-24 21:08:30,500 - matplotlib.image - WARNING - Clipping input data to the valid range for imshow with RGB data ([0..1] for floats or [0..255] for integers). Got range [-1.9124069..109.01417].
2025-05-24 21:08:30,502 - matplotlib.image - WARNING - Clipping input data to the valid range for imshow with RGB data ([0..1] for floats or [0..255] for integers). Got range [-1.9980307..109.04205].
2025-05-24 21:08:30,916 - matplotlib.image - WARNING - Clipping input data to the valid range for imshow with RGB data ([0..1] for floats or [0..255] for integers). Got range [-1.9637812..2.6051416].
2025-05-24 21:08:30,917 - matplotlib.image - WARNING - Clipping input data to the valid range for imshow with RGB data ([0..1] for floats or [0..255] for integers). Got range [-1.9637812..109.028114].
2025-05-24 21:08:30,918 - matplotlib.image - WARNING - Clipping input data to the valid range for imshow with RGB data ([0..1] for floats or [0..255] for integers). Got range [-1.9637812..109.04205].
2025-05-24 21:08:31,072 - matplotlib.image - WARNING - Clipping input data to the valid range for imshow with RGB data ([0..1] for floats or [0..255] for integers). Got range [-1.980906..2.5702832].
2025-05-24 21:08:31,073 - matplotlib.image - WARNING - Clipping input data to the valid range for imshow with RGB data ([0..1] for floats or [0..255] for integers). Got range [-1.9637812..109.028114].
2025-05-24 21:08:31,074 - matplotlib.image - WARNING - Clipping input data to the valid range for imshow with RGB data ([0..1] for floats or [0..255] for integers). Got range [-1.980906..109.02114].
2025-05-24 21:08:31,494 - matplotlib.image - WARNING - Clipping input data to the valid range for imshow with RGB data ([0..1] for floats or [0..255] for integers). Got range [-1.980906..2.5179958].
2025-05-24 21:08:31,495 - matplotlib.image - WARNING - Clipping input data to the valid range for imshow with RGB data ([0..1] for floats or [0..255] for integers). Got range [-1.9466565..109.0072].
2025-05-24 21:08:31,498 - matplotlib.image - WARNING - Clipping input data to the valid range for imshow with RGB data ([0..1] for floats or [0..255] for integers). Got range [-1.980906..109.0072].
2025-05-24 21:08:31,660 - matplotlib.image - WARNING - Clipping input data to the valid range for imshow with RGB data ([0..1] for floats or [0..255] for integers). Got range [-1.9980307..2.6051416].
2025-05-24 21:08:31,661 - matplotlib.image - WARNING - Clipping input data to the valid range for imshow with RGB data ([0..1] for floats or [0..255] for integers). Got range [-1.8781574..109.01417].
2025-05-24 21:08:31,663 - matplotlib.image - WARNING - Clipping input data to the valid range for imshow with RGB data ([0..1] for floats or [0..255] for integers). Got range [-1.9980307..109.04205].
2025-05-24 21:08:32,082 - matplotlib.image - WARNING - Clipping input data to the valid range for imshow with RGB data ([0..1] for floats or [0..255] for integers). Got range [-2.117904..2.5702832].
2025-05-24 21:08:32,083 - matplotlib.image - WARNING - Clipping input data to the valid range for imshow with RGB data ([0..1] for floats or [0..255] for integers). Got range [-2.117904..109.0072].
2025-05-24 21:08:32,085 - matplotlib.image - WARNING - Clipping input data to the valid range for imshow with RGB data ([0..1] for floats or [0..255] for integers). Got range [-2.117904..108.75622].
2025-05-24 21:08:32,243 - matplotlib.image - WARNING - Clipping input data to the valid range for imshow with RGB data ([0..1] for floats or [0..255] for integers). Got range [-2.117904..2.64].
2025-05-24 21:08:32,245 - matplotlib.image - WARNING - Clipping input data to the valid range for imshow with RGB data ([0..1] for floats or [0..255] for integers). Got range [-2.117904..109.01417].
2025-05-24 21:08:32,246 - matplotlib.image - WARNING - Clipping input data to the valid range for imshow with RGB data ([0..1] for floats or [0..255] for integers). Got range [-2.117904..108.89565].
2025-05-24 21:08:32,688 - matplotlib.image - WARNING - Clipping input data to the valid range for imshow with RGB data ([0..1] for floats or [0..255] for integers). Got range [-2.117904..2.622571].
2025-05-24 21:08:32,689 - matplotlib.image - WARNING - Clipping input data to the valid range for imshow with RGB data ([0..1] for floats or [0..255] for integers). Got range [-2.117904..108.97931].
2025-05-24 21:08:32,691 - matplotlib.image - WARNING - Clipping input data to the valid range for imshow with RGB data ([0..1] for floats or [0..255] for integers). Got range [-2.117904..108.76319].
2025-05-24 21:08:32,853 - matplotlib.image - WARNING - Clipping input data to the valid range for imshow with RGB data ([0..1] for floats or [0..255] for integers). Got range [-2.117904..2.622571].
2025-05-24 21:08:32,854 - matplotlib.image - WARNING - Clipping input data to the valid range for imshow with RGB data ([0..1] for floats or [0..255] for integers). Got range [-2.117904..109.0072].
2025-05-24 21:08:32,856 - matplotlib.image - WARNING - Clipping input data to the valid range for imshow with RGB data ([0..1] for floats or [0..255] for integers). Got range [-2.117904..108.76319].
2025-05-24 21:08:33,286 - matplotlib.image - WARNING - Clipping input data to the valid range for imshow with RGB data ([0..1] for floats or [0..255] for integers). Got range [-2.117904..2.6051416].
2025-05-24 21:08:33,287 - matplotlib.image - WARNING - Clipping input data to the valid range for imshow with RGB data ([0..1] for floats or [0..255] for integers). Got range [-2.117904..108.97234].
2025-05-24 21:08:33,288 - matplotlib.image - WARNING - Clipping input data to the valid range for imshow with RGB data ([0..1] for floats or [0..255] for integers). Got range [-2.117904..108.770164].
2025-05-24 21:08:33,442 - matplotlib.image - WARNING - Clipping input data to the valid range for imshow with RGB data ([0..1] for floats or [0..255] for integers). Got range [-2.117904..2.64].
2025-05-24 21:08:33,443 - matplotlib.image - WARNING - Clipping input data to the valid range for imshow with RGB data ([0..1] for floats or [0..255] for integers). Got range [-2.117904..109.03509].
2025-05-24 21:08:33,445 - matplotlib.image - WARNING - Clipping input data to the valid range for imshow with RGB data ([0..1] for floats or [0..255] for integers). Got range [-2.117904..108.77713].
2025-05-24 21:08:34,002 - matplotlib.image - WARNING - Clipping input data to the valid range for imshow with RGB data ([0..1] for floats or [0..255] for integers). Got range [-2.117904..2.64].
2025-05-24 21:08:34,003 - matplotlib.image - WARNING - Clipping input data to the valid range for imshow with RGB data ([0..1] for floats or [0..255] for integers). Got range [-2.117904..109.056].
2025-05-24 21:08:34,005 - matplotlib.image - WARNING - Clipping input data to the valid range for imshow with RGB data ([0..1] for floats or [0..255] for integers). Got range [-2.117904..109.04205].
2025-05-24 21:08:34,162 - matplotlib.image - WARNING - Clipping input data to the valid range for imshow with RGB data ([0..1] for floats or [0..255] for integers). Got range [-2.117904..2.622571].
2025-05-24 21:08:34,164 - matplotlib.image - WARNING - Clipping input data to the valid range for imshow with RGB data ([0..1] for floats or [0..255] for integers). Got range [-2.117904..109.04205].
2025-05-24 21:08:34,165 - matplotlib.image - WARNING - Clipping input data to the valid range for imshow with RGB data ([0..1] for floats or [0..255] for integers). Got range [-2.117904..109.04205].
2025-05-24 21:08:34,595 - matplotlib.image - WARNING - Clipping input data to the valid range for imshow with RGB data ([0..1] for floats or [0..255] for integers). Got range [-2.117904..2.64].
2025-05-24 21:08:34,596 - matplotlib.image - WARNING - Clipping input data to the valid range for imshow with RGB data ([0..1] for floats or [0..255] for integers). Got range [-2.117904..109.056].
2025-05-24 21:08:34,597 - matplotlib.image - WARNING - Clipping input data to the valid range for imshow with RGB data ([0..1] for floats or [0..255] for integers). Got range [-2.117904..108.97931].
2025-05-24 21:08:34,746 - matplotlib.image - WARNING - Clipping input data to the valid range for imshow with RGB data ([0..1] for floats or [0..255] for integers). Got range [-2.117904..2.64].
2025-05-24 21:08:34,747 - matplotlib.image - WARNING - Clipping input data to the valid range for imshow with RGB data ([0..1] for floats or [0..255] for integers). Got range [-2.117904..109.04903].
2025-05-24 21:08:34,749 - matplotlib.image - WARNING - Clipping input data to the valid range for imshow with RGB data ([0..1] for floats or [0..255] for integers). Got range [-2.117904..109.028114].
2025-05-24 21:08:35,164 - matplotlib.image - WARNING - Clipping input data to the valid range for imshow with RGB data ([0..1] for floats or [0..255] for integers). Got range [-2.117904..2.6051416].
2025-05-24 21:08:35,166 - matplotlib.image - WARNING - Clipping input data to the valid range for imshow with RGB data ([0..1] for floats or [0..255] for integers). Got range [-2.117904..109.00023].
2025-05-24 21:08:35,167 - matplotlib.image - WARNING - Clipping input data to the valid range for imshow with RGB data ([0..1] for floats or [0..255] for integers). Got range [-2.117904..108.86777].
2025-05-24 21:08:35,318 - matplotlib.image - WARNING - Clipping input data to the valid range for imshow with RGB data ([0..1] for floats or [0..255] for integers). Got range [-2.117904..2.622571].
2025-05-24 21:08:35,319 - matplotlib.image - WARNING - Clipping input data to the valid range for imshow with RGB data ([0..1] for floats or [0..255] for integers). Got range [-2.117904..109.04903].
2025-05-24 21:08:35,321 - matplotlib.image - WARNING - Clipping input data to the valid range for imshow with RGB data ([0..1] for floats or [0..255] for integers). Got range [-2.117904..108.84685].
2025-05-24 21:08:35,726 - matplotlib.image - WARNING - Clipping input data to the valid range for imshow with RGB data ([0..1] for floats or [0..255] for integers). Got range [-2.117904..2.622571].
2025-05-24 21:08:35,728 - matplotlib.image - WARNING - Clipping input data to the valid range for imshow with RGB data ([0..1] for floats or [0..255] for integers). Got range [-2.117904..109.04903].
2025-05-24 21:08:35,729 - matplotlib.image - WARNING - Clipping input data to the valid range for imshow with RGB data ([0..1] for floats or [0..255] for integers). Got range [-2.117904..108.9584].
2025-05-24 21:08:35,877 - matplotlib.image - WARNING - Clipping input data to the valid range for imshow with RGB data ([0..1] for floats or [0..255] for integers). Got range [-2.117904..2.64].
2025-05-24 21:08:35,878 - matplotlib.image - WARNING - Clipping input data to the valid range for imshow with RGB data ([0..1] for floats or [0..255] for integers). Got range [-2.117904..109.056].
2025-05-24 21:08:35,880 - matplotlib.image - WARNING - Clipping input data to the valid range for imshow with RGB data ([0..1] for floats or [0..255] for integers). Got range [-2.117904..108.993256].
2025-05-24 21:08:36,289 - matplotlib.image - WARNING - Clipping input data to the valid range for imshow with RGB data ([0..1] for floats or [0..255] for integers). Got range [-2.117904..2.6051416].
2025-05-24 21:08:36,290 - matplotlib.image - WARNING - Clipping input data to the valid range for imshow with RGB data ([0..1] for floats or [0..255] for integers). Got range [-2.117904..109.028114].
2025-05-24 21:08:36,292 - matplotlib.image - WARNING - Clipping input data to the valid range for imshow with RGB data ([0..1] for floats or [0..255] for integers). Got range [-2.117904..108.98628].
2025-05-24 21:08:36,441 - matplotlib.image - WARNING - Clipping input data to the valid range for imshow with RGB data ([0..1] for floats or [0..255] for integers). Got range [-2.117904..2.64].
2025-05-24 21:08:36,442 - matplotlib.image - WARNING - Clipping input data to the valid range for imshow with RGB data ([0..1] for floats or [0..255] for integers). Got range [-2.117904..109.056].
2025-05-24 21:08:36,444 - matplotlib.image - WARNING - Clipping input data to the valid range for imshow with RGB data ([0..1] for floats or [0..255] for integers). Got range [-2.117904..109.056].
2025-05-24 21:08:36,849 - matplotlib.image - WARNING - Clipping input data to the valid range for imshow with RGB data ([0..1] for floats or [0..255] for integers). Got range [-2.117904..2.6051416].
2025-05-24 21:08:36,851 - matplotlib.image - WARNING - Clipping input data to the valid range for imshow with RGB data ([0..1] for floats or [0..255] for integers). Got range [-2.117904..109.02114].
2025-05-24 21:08:36,852 - matplotlib.image - WARNING - Clipping input data to the valid range for imshow with RGB data ([0..1] for floats or [0..255] for integers). Got range [-2.117904..109.01417].
2025-05-24 21:08:37,004 - matplotlib.image - WARNING - Clipping input data to the valid range for imshow with RGB data ([0..1] for floats or [0..255] for integers). Got range [-2.117904..2.622571].
2025-05-24 21:08:37,006 - matplotlib.image - WARNING - Clipping input data to the valid range for imshow with RGB data ([0..1] for floats or [0..255] for integers). Got range [-2.117904..109.0072].
2025-05-24 21:08:37,008 - matplotlib.image - WARNING - Clipping input data to the valid range for imshow with RGB data ([0..1] for floats or [0..255] for integers). Got range [-2.117904..109.04903].
2025-05-24 21:08:37,546 - matplotlib.image - WARNING - Clipping input data to the valid range for imshow with RGB data ([0..1] for floats or [0..255] for integers). Got range [-1.9124069..2.186841].
2025-05-24 21:08:37,547 - matplotlib.image - WARNING - Clipping input data to the valid range for imshow with RGB data ([0..1] for floats or [0..255] for integers). Got range [-1.9124069..108.86777].
2025-05-24 21:08:37,548 - matplotlib.image - WARNING - Clipping input data to the valid range for imshow with RGB data ([0..1] for floats or [0..255] for integers). Got range [-1.9124069..108.87473].
2025-05-24 21:08:37,705 - matplotlib.image - WARNING - Clipping input data to the valid range for imshow with RGB data ([0..1] for floats or [0..255] for integers). Got range [-1.9295317..2.2391288].
2025-05-24 21:08:37,706 - matplotlib.image - WARNING - Clipping input data to the valid range for imshow with RGB data ([0..1] for floats or [0..255] for integers). Got range [-1.8781574..108.89565].
2025-05-24 21:08:37,707 - matplotlib.image - WARNING - Clipping input data to the valid range for imshow with RGB data ([0..1] for floats or [0..255] for integers). Got range [-1.9295317..108.89565].
2025-05-24 21:08:38,121 - matplotlib.image - WARNING - Clipping input data to the valid range for imshow with RGB data ([0..1] for floats or [0..255] for integers). Got range [-2.0151556..2.3262744].
2025-05-24 21:08:38,123 - matplotlib.image - WARNING - Clipping input data to the valid range for imshow with RGB data ([0..1] for floats or [0..255] for integers). Got range [-2.0151556..108.93051].
2025-05-24 21:08:38,124 - matplotlib.image - WARNING - Clipping input data to the valid range for imshow with RGB data ([0..1] for floats or [0..255] for integers). Got range [-2.0151556..108.93051].
2025-05-24 21:08:38,267 - matplotlib.image - WARNING - Clipping input data to the valid range for imshow with RGB data ([0..1] for floats or [0..255] for integers). Got range [-2.0151556..2.3785625].
2025-05-24 21:08:38,268 - matplotlib.image - WARNING - Clipping input data to the valid range for imshow with RGB data ([0..1] for floats or [0..255] for integers). Got range [-2.0151556..108.90959].
2025-05-24 21:08:38,270 - matplotlib.image - WARNING - Clipping input data to the valid range for imshow with RGB data ([0..1] for floats or [0..255] for integers). Got range [-2.0151556..108.95142].
2025-05-24 21:08:38,675 - matplotlib.image - WARNING - Clipping input data to the valid range for imshow with RGB data ([0..1] for floats or [0..255] for integers). Got range [-1.9466565..2.343704].
2025-05-24 21:08:38,676 - matplotlib.image - WARNING - Clipping input data to the valid range for imshow with RGB data ([0..1] for floats or [0..255] for integers). Got range [-1.9466565..108.937485].
2025-05-24 21:08:38,677 - matplotlib.image - WARNING - Clipping input data to the valid range for imshow with RGB data ([0..1] for floats or [0..255] for integers). Got range [-1.9466565..108.937485].
2025-05-24 21:08:38,836 - matplotlib.image - WARNING - Clipping input data to the valid range for imshow with RGB data ([0..1] for floats or [0..255] for integers). Got range [-1.9637812..2.3611329].
2025-05-24 21:08:38,837 - matplotlib.image - WARNING - Clipping input data to the valid range for imshow with RGB data ([0..1] for floats or [0..255] for integers). Got range [-1.9637812..108.937485].
2025-05-24 21:08:38,839 - matplotlib.image - WARNING - Clipping input data to the valid range for imshow with RGB data ([0..1] for floats or [0..255] for integers). Got range [-1.9637812..108.94445].
2025-05-24 21:08:39,245 - matplotlib.image - WARNING - Clipping input data to the valid range for imshow with RGB data ([0..1] for floats or [0..255] for integers). Got range [-1.9637812..2.3088455].
2025-05-24 21:08:39,246 - matplotlib.image - WARNING - Clipping input data to the valid range for imshow with RGB data ([0..1] for floats or [0..255] for integers). Got range [-1.9466565..108.916565].
2025-05-24 21:08:39,248 - matplotlib.image - WARNING - Clipping input data to the valid range for imshow with RGB data ([0..1] for floats or [0..255] for integers). Got range [-1.9637812..108.92354].
2025-05-24 21:08:39,404 - matplotlib.image - WARNING - Clipping input data to the valid range for imshow with RGB data ([0..1] for floats or [0..255] for integers). Got range [-1.980906..2.3262744].
2025-05-24 21:08:39,405 - matplotlib.image - WARNING - Clipping input data to the valid range for imshow with RGB data ([0..1] for floats or [0..255] for integers). Got range [-1.980906..108.88868].
2025-05-24 21:08:39,407 - matplotlib.image - WARNING - Clipping input data to the valid range for imshow with RGB data ([0..1] for floats or [0..255] for integers). Got range [-1.980906..108.93051].
2025-05-24 21:08:39,840 - matplotlib.image - WARNING - Clipping input data to the valid range for imshow with RGB data ([0..1] for floats or [0..255] for integers). Got range [-1.843908..2.3262744].
2025-05-24 21:08:39,842 - matplotlib.image - WARNING - Clipping input data to the valid range for imshow with RGB data ([0..1] for floats or [0..255] for integers). Got range [-1.843908..108.93051].
2025-05-24 21:08:39,843 - matplotlib.image - WARNING - Clipping input data to the valid range for imshow with RGB data ([0..1] for floats or [0..255] for integers). Got range [-1.843908..108.93051].
2025-05-24 21:08:40,005 - matplotlib.image - WARNING - Clipping input data to the valid range for imshow with RGB data ([0..1] for floats or [0..255] for integers). Got range [-1.8096584..2.2914162].
2025-05-24 21:08:40,006 - matplotlib.image - WARNING - Clipping input data to the valid range for imshow with RGB data ([0..1] for floats or [0..255] for integers). Got range [-1.8096584..108.89565].
2025-05-24 21:08:40,008 - matplotlib.image - WARNING - Clipping input data to the valid range for imshow with RGB data ([0..1] for floats or [0..255] for integers). Got range [-1.8096584..108.916565].
2025-05-24 21:08:40,440 - matplotlib.image - WARNING - Clipping input data to the valid range for imshow with RGB data ([0..1] for floats or [0..255] for integers). Got range [-1.7030813..2.186841].
2025-05-24 21:08:40,441 - matplotlib.image - WARNING - Clipping input data to the valid range for imshow with RGB data ([0..1] for floats or [0..255] for integers). Got range [-1.7030813..108.87473].
2025-05-24 21:08:40,443 - matplotlib.image - WARNING - Clipping input data to the valid range for imshow with RGB data ([0..1] for floats or [0..255] for integers). Got range [-1.4929972..108.87473].
2025-05-24 21:08:40,742 - matplotlib.image - WARNING - Clipping input data to the valid range for imshow with RGB data ([0..1] for floats or [0..255] for integers). Got range [-1.6855742..2.186841].
2025-05-24 21:08:40,743 - matplotlib.image - WARNING - Clipping input data to the valid range for imshow with RGB data ([0..1] for floats or [0..255] for integers). Got range [-1.6855742..108.860794].
2025-05-24 21:08:40,745 - matplotlib.image - WARNING - Clipping input data to the valid range for imshow with RGB data ([0..1] for floats or [0..255] for integers). Got range [-1.5105042..108.87473].
2025-05-24 21:08:41,178 - matplotlib.image - WARNING - Clipping input data to the valid range for imshow with RGB data ([0..1] for floats or [0..255] for integers). Got range [-2.1007793..2.64].
2025-05-24 21:08:41,179 - matplotlib.image - WARNING - Clipping input data to the valid range for imshow with RGB data ([0..1] for floats or [0..255] for integers). Got range [-2.1007793..109.04205].
2025-05-24 21:08:41,181 - matplotlib.image - WARNING - Clipping input data to the valid range for imshow with RGB data ([0..1] for floats or [0..255] for integers). Got range [-2.1007793..153.69406].
2025-05-24 21:08:41,334 - matplotlib.image - WARNING - Clipping input data to the valid range for imshow with RGB data ([0..1] for floats or [0..255] for integers). Got range [-2.117904..2.64].
2025-05-24 21:08:41,335 - matplotlib.image - WARNING - Clipping input data to the valid range for imshow with RGB data ([0..1] for floats or [0..255] for integers). Got range [-2.117904..109.04205].
2025-05-24 21:08:41,337 - matplotlib.image - WARNING - Clipping input data to the valid range for imshow with RGB data ([0..1] for floats or [0..255] for integers). Got range [-2.0836544..153.63927].
2025-05-24 21:08:41,757 - matplotlib.image - WARNING - Clipping input data to the valid range for imshow with RGB data ([0..1] for floats or [0..255] for integers). Got range [-2.0836544..2.5702832].
2025-05-24 21:08:41,758 - matplotlib.image - WARNING - Clipping input data to the valid range for imshow with RGB data ([0..1] for floats or [0..255] for integers). Got range [-2.0836544..109.01417].
2025-05-24 21:08:41,759 - matplotlib.image - WARNING - Clipping input data to the valid range for imshow with RGB data ([0..1] for floats or [0..255] for integers). Got range [-2.0836544..153.44746].
2025-05-24 21:08:41,905 - matplotlib.image - WARNING - Clipping input data to the valid range for imshow with RGB data ([0..1] for floats or [0..255] for integers). Got range [-2.117904..2.5702832].
2025-05-24 21:08:41,907 - matplotlib.image - WARNING - Clipping input data to the valid range for imshow with RGB data ([0..1] for floats or [0..255] for integers). Got range [-2.0836544..109.028114].
2025-05-24 21:08:41,908 - matplotlib.image - WARNING - Clipping input data to the valid range for imshow with RGB data ([0..1] for floats or [0..255] for integers). Got range [-2.1007793..153.46802].
2025-05-24 21:08:42,328 - matplotlib.image - WARNING - Clipping input data to the valid range for imshow with RGB data ([0..1] for floats or [0..255] for integers). Got range [-2.117904..2.622571].
2025-05-24 21:08:42,329 - matplotlib.image - WARNING - Clipping input data to the valid range for imshow with RGB data ([0..1] for floats or [0..255] for integers). Got range [-2.117904..109.00023].
2025-05-24 21:08:42,331 - matplotlib.image - WARNING - Clipping input data to the valid range for imshow with RGB data ([0..1] for floats or [0..255] for integers). Got range [-2.0836544..153.35841].
2025-05-24 21:08:42,489 - matplotlib.image - WARNING - Clipping input data to the valid range for imshow with RGB data ([0..1] for floats or [0..255] for integers). Got range [-2.117904..2.5877128].
2025-05-24 21:08:42,490 - matplotlib.image - WARNING - Clipping input data to the valid range for imshow with RGB data ([0..1] for floats or [0..255] for integers). Got range [-2.117904..109.00023].
2025-05-24 21:08:42,492 - matplotlib.image - WARNING - Clipping input data to the valid range for imshow with RGB data ([0..1] for floats or [0..255] for integers). Got range [-2.1007793..153.37212].
2025-05-24 21:08:42,896 - matplotlib.image - WARNING - Clipping input data to the valid range for imshow with RGB data ([0..1] for floats or [0..255] for integers). Got range [-2.117904..2.5702832].
2025-05-24 21:08:42,897 - matplotlib.image - WARNING - Clipping input data to the valid range for imshow with RGB data ([0..1] for floats or [0..255] for integers). Got range [-2.0836544..108.97234].
2025-05-24 21:08:42,899 - matplotlib.image - WARNING - Clipping input data to the valid range for imshow with RGB data ([0..1] for floats or [0..255] for integers). Got range [-2.0836544..153.48172].
2025-05-24 21:08:43,058 - matplotlib.image - WARNING - Clipping input data to the valid range for imshow with RGB data ([0..1] for floats or [0..255] for integers). Got range [-2.117904..2.5528543].
2025-05-24 21:08:43,059 - matplotlib.image - WARNING - Clipping input data to the valid range for imshow with RGB data ([0..1] for floats or [0..255] for integers). Got range [-2.1007793..108.97234].
2025-05-24 21:08:43,061 - matplotlib.image - WARNING - Clipping input data to the valid range for imshow with RGB data ([0..1] for floats or [0..255] for integers). Got range [-2.117904..153.46117].
2025-05-24 21:08:43,481 - matplotlib.image - WARNING - Clipping input data to the valid range for imshow with RGB data ([0..1] for floats or [0..255] for integers). Got range [-2.117904..2.5528543].
2025-05-24 21:08:43,483 - matplotlib.image - WARNING - Clipping input data to the valid range for imshow with RGB data ([0..1] for floats or [0..255] for integers). Got range [-2.117904..108.97234].
2025-05-24 21:08:43,484 - matplotlib.image - WARNING - Clipping input data to the valid range for imshow with RGB data ([0..1] for floats or [0..255] for integers). Got range [-2.0836544..153.44746].
2025-05-24 21:08:43,648 - matplotlib.image - WARNING - Clipping input data to the valid range for imshow with RGB data ([0..1] for floats or [0..255] for integers). Got range [-2.117904..2.5179958].
2025-05-24 21:08:43,649 - matplotlib.image - WARNING - Clipping input data to the valid range for imshow with RGB data ([0..1] for floats or [0..255] for integers). Got range [-2.117904..108.96537].
2025-05-24 21:08:43,651 - matplotlib.image - WARNING - Clipping input data to the valid range for imshow with RGB data ([0..1] for floats or [0..255] for integers). Got range [-2.0836544..153.50227].
2025-05-24 21:08:44,201 - matplotlib.image - WARNING - Clipping input data to the valid range for imshow with RGB data ([0..1] for floats or [0..255] for integers). Got range [-2.117904..2.5005665].
2025-05-24 21:08:44,202 - matplotlib.image - WARNING - Clipping input data to the valid range for imshow with RGB data ([0..1] for floats or [0..255] for integers). Got range [-2.117904..108.9584].
2025-05-24 21:08:44,204 - matplotlib.image - WARNING - Clipping input data to the valid range for imshow with RGB data ([0..1] for floats or [0..255] for integers). Got range [-2.1007793..153.43378].
2025-05-24 21:08:44,356 - matplotlib.image - WARNING - Clipping input data to the valid range for imshow with RGB data ([0..1] for floats or [0..255] for integers). Got range [-2.117904..2.4482791].
2025-05-24 21:08:44,358 - matplotlib.image - WARNING - Clipping input data to the valid range for imshow with RGB data ([0..1] for floats or [0..255] for integers). Got range [-2.117904..108.95142].
2025-05-24 21:08:44,360 - matplotlib.image - WARNING - Clipping input data to the valid range for imshow with RGB data ([0..1] for floats or [0..255] for integers). Got range [-2.1007793..153.44061].
2025-05-24 21:08:44,801 - matplotlib.image - WARNING - Clipping input data to the valid range for imshow with RGB data ([0..1] for floats or [0..255] for integers). Got range [-2.117904..2.535425].
2025-05-24 21:08:44,802 - matplotlib.image - WARNING - Clipping input data to the valid range for imshow with RGB data ([0..1] for floats or [0..255] for integers). Got range [-2.117904..108.9584].
2025-05-24 21:08:44,804 - matplotlib.image - WARNING - Clipping input data to the valid range for imshow with RGB data ([0..1] for floats or [0..255] for integers). Got range [-2.0836544..153.44746].
2025-05-24 21:08:44,960 - matplotlib.image - WARNING - Clipping input data to the valid range for imshow with RGB data ([0..1] for floats or [0..255] for integers). Got range [-2.117904..2.5005665].
2025-05-24 21:08:44,961 - matplotlib.image - WARNING - Clipping input data to the valid range for imshow with RGB data ([0..1] for floats or [0..255] for integers). Got range [-2.117904..108.96537].
2025-05-24 21:08:44,963 - matplotlib.image - WARNING - Clipping input data to the valid range for imshow with RGB data ([0..1] for floats or [0..255] for integers). Got range [-2.0836544..153.33788].
2025-05-24 21:08:45,371 - matplotlib.image - WARNING - Clipping input data to the valid range for imshow with RGB data ([0..1] for floats or [0..255] for integers). Got range [-1.4329139..2.6051416].
2025-05-24 21:08:45,372 - matplotlib.image - WARNING - Clipping input data to the valid range for imshow with RGB data ([0..1] for floats or [0..255] for integers). Got range [-1.4329139..109.04205].
2025-05-24 21:08:45,373 - matplotlib.image - WARNING - Clipping input data to the valid range for imshow with RGB data ([0..1] for floats or [0..255] for integers). Got range [-1.4329139..108.902626].
2025-05-24 21:08:45,532 - matplotlib.image - WARNING - Clipping input data to the valid range for imshow with RGB data ([0..1] for floats or [0..255] for integers). Got range [-1.5699118..2.6051416].
2025-05-24 21:08:45,533 - matplotlib.image - WARNING - Clipping input data to the valid range for imshow with RGB data ([0..1] for floats or [0..255] for integers). Got range [-1.5699118..109.04205].
2025-05-24 21:08:45,535 - matplotlib.image - WARNING - Clipping input data to the valid range for imshow with RGB data ([0..1] for floats or [0..255] for integers). Got range [-1.5699118..108.902626].
2025-05-24 21:08:45,944 - matplotlib.image - WARNING - Clipping input data to the valid range for imshow with RGB data ([0..1] for floats or [0..255] for integers). Got range [-1.5014129..2.6051416].
2025-05-24 21:08:45,945 - matplotlib.image - WARNING - Clipping input data to the valid range for imshow with RGB data ([0..1] for floats or [0..255] for integers). Got range [-1.5014129..109.04205].
2025-05-24 21:08:45,947 - matplotlib.image - WARNING - Clipping input data to the valid range for imshow with RGB data ([0..1] for floats or [0..255] for integers). Got range [-1.5014129..108.93051].
2025-05-24 21:08:46,107 - matplotlib.image - WARNING - Clipping input data to the valid range for imshow with RGB data ([0..1] for floats or [0..255] for integers). Got range [-1.5356624..2.6051416].
2025-05-24 21:08:46,108 - matplotlib.image - WARNING - Clipping input data to the valid range for imshow with RGB data ([0..1] for floats or [0..255] for integers). Got range [-1.5356624..109.04205].
2025-05-24 21:08:46,110 - matplotlib.image - WARNING - Clipping input data to the valid range for imshow with RGB data ([0..1] for floats or [0..255] for integers). Got range [-1.5356624..108.95142].
2025-05-24 21:08:46,532 - matplotlib.image - WARNING - Clipping input data to the valid range for imshow with RGB data ([0..1] for floats or [0..255] for integers). Got range [-1.1760426..2.6051416].
2025-05-24 21:08:46,533 - matplotlib.image - WARNING - Clipping input data to the valid range for imshow with RGB data ([0..1] for floats or [0..255] for integers). Got range [-1.1760426..109.04205].
2025-05-24 21:08:46,535 - matplotlib.image - WARNING - Clipping input data to the valid range for imshow with RGB data ([0..1] for floats or [0..255] for integers). Got range [-1.1760426..108.97234].
2025-05-24 21:08:46,692 - matplotlib.image - WARNING - Clipping input data to the valid range for imshow with RGB data ([0..1] for floats or [0..255] for integers). Got range [-1.1931673..2.6051416].
2025-05-24 21:08:46,693 - matplotlib.image - WARNING - Clipping input data to the valid range for imshow with RGB data ([0..1] for floats or [0..255] for integers). Got range [-1.1931673..109.04205].
2025-05-24 21:08:46,694 - matplotlib.image - WARNING - Clipping input data to the valid range for imshow with RGB data ([0..1] for floats or [0..255] for integers). Got range [-1.1931673..108.97234].
2025-05-24 21:08:47,115 - matplotlib.image - WARNING - Clipping input data to the valid range for imshow with RGB data ([0..1] for floats or [0..255] for integers). Got range [-1.6555357..2.5877128].
2025-05-24 21:08:47,117 - matplotlib.image - WARNING - Clipping input data to the valid range for imshow with RGB data ([0..1] for floats or [0..255] for integers). Got range [-1.6555357..109.03509].
2025-05-24 21:08:47,118 - matplotlib.image - WARNING - Clipping input data to the valid range for imshow with RGB data ([0..1] for floats or [0..255] for integers). Got range [-1.6555357..108.97931].
2025-05-24 21:08:47,392 - matplotlib.image - WARNING - Clipping input data to the valid range for imshow with RGB data ([0..1] for floats or [0..255] for integers). Got range [-1.4329139..2.6051416].
2025-05-24 21:08:47,393 - matplotlib.image - WARNING - Clipping input data to the valid range for imshow with RGB data ([0..1] for floats or [0..255] for integers). Got range [-1.4329139..109.04205].
2025-05-24 21:08:47,395 - matplotlib.image - WARNING - Clipping input data to the valid range for imshow with RGB data ([0..1] for floats or [0..255] for integers). Got range [-1.4329139..108.90959].
2025-05-24 21:08:47,800 - matplotlib.image - WARNING - Clipping input data to the valid range for imshow with RGB data ([0..1] for floats or [0..255] for integers). Got range [-1.1931673..2.6051416].
2025-05-24 21:08:47,801 - matplotlib.image - WARNING - Clipping input data to the valid range for imshow with RGB data ([0..1] for floats or [0..255] for integers). Got range [-1.1931673..109.04205].
2025-05-24 21:08:47,803 - matplotlib.image - WARNING - Clipping input data to the valid range for imshow with RGB data ([0..1] for floats or [0..255] for integers). Got range [-1.1931673..109.0072].
2025-05-24 21:08:47,953 - matplotlib.image - WARNING - Clipping input data to the valid range for imshow with RGB data ([0..1] for floats or [0..255] for integers). Got range [-1.2274169..2.6051416].
2025-05-24 21:08:47,954 - matplotlib.image - WARNING - Clipping input data to the valid range for imshow with RGB data ([0..1] for floats or [0..255] for integers). Got range [-1.2274169..109.04205].
2025-05-24 21:08:47,956 - matplotlib.image - WARNING - Clipping input data to the valid range for imshow with RGB data ([0..1] for floats or [0..255] for integers). Got range [-1.2274169..108.993256].
2025-05-24 21:08:48,358 - matplotlib.image - WARNING - Clipping input data to the valid range for imshow with RGB data ([0..1] for floats or [0..255] for integers). Got range [-1.8952821..2.64].
2025-05-24 21:08:48,359 - matplotlib.image - WARNING - Clipping input data to the valid range for imshow with RGB data ([0..1] for floats or [0..255] for integers). Got range [-1.8952821..109.056].
2025-05-24 21:08:48,361 - matplotlib.image - WARNING - Clipping input data to the valid range for imshow with RGB data ([0..1] for floats or [0..255] for integers). Got range [-1.8952821..109.02114].
2025-05-24 21:08:48,512 - matplotlib.image - WARNING - Clipping input data to the valid range for imshow with RGB data ([0..1] for floats or [0..255] for integers). Got range [-1.9124069..2.64].
2025-05-24 21:08:48,513 - matplotlib.image - WARNING - Clipping input data to the valid range for imshow with RGB data ([0..1] for floats or [0..255] for integers). Got range [-1.9124069..109.056].
2025-05-24 21:08:48,515 - matplotlib.image - WARNING - Clipping input data to the valid range for imshow with RGB data ([0..1] for floats or [0..255] for integers). Got range [-1.9124069..109.04205].
2025-05-24 21:08:48,921 - matplotlib.image - WARNING - Clipping input data to the valid range for imshow with RGB data ([0..1] for floats or [0..255] for integers). Got range [-2.1007793..2.64].
2025-05-24 21:08:48,923 - matplotlib.image - WARNING - Clipping input data to the valid range for imshow with RGB data ([0..1] for floats or [0..255] for integers). Got range [-2.1007793..109.056].
2025-05-24 21:08:48,924 - matplotlib.image - WARNING - Clipping input data to the valid range for imshow with RGB data ([0..1] for floats or [0..255] for integers). Got range [-2.1007793..109.056].
2025-05-24 21:08:49,062 - matplotlib.image - WARNING - Clipping input data to the valid range for imshow with RGB data ([0..1] for floats or [0..255] for integers). Got range [-2.0836544..2.64].
2025-05-24 21:08:49,063 - matplotlib.image - WARNING - Clipping input data to the valid range for imshow with RGB data ([0..1] for floats or [0..255] for integers). Got range [-2.0836544..109.056].
2025-05-24 21:08:49,065 - matplotlib.image - WARNING - Clipping input data to the valid range for imshow with RGB data ([0..1] for floats or [0..255] for integers). Got range [-2.0836544..109.04903].
2025-05-24 21:08:49,489 - matplotlib.image - WARNING - Clipping input data to the valid range for imshow with RGB data ([0..1] for floats or [0..255] for integers). Got range [-2.0322802..2.64].
2025-05-24 21:08:49,490 - matplotlib.image - WARNING - Clipping input data to the valid range for imshow with RGB data ([0..1] for floats or [0..255] for integers). Got range [-2.0322802..109.056].
2025-05-24 21:08:49,491 - matplotlib.image - WARNING - Clipping input data to the valid range for imshow with RGB data ([0..1] for floats or [0..255] for integers). Got range [-2.0322802..109.056].
2025-05-24 21:08:49,642 - matplotlib.image - WARNING - Clipping input data to the valid range for imshow with RGB data ([0..1] for floats or [0..255] for integers). Got range [-1.9980307..2.64].
2025-05-24 21:08:49,644 - matplotlib.image - WARNING - Clipping input data to the valid range for imshow with RGB data ([0..1] for floats or [0..255] for integers). Got range [-1.9980307..109.056].
2025-05-24 21:08:49,646 - matplotlib.image - WARNING - Clipping input data to the valid range for imshow with RGB data ([0..1] for floats or [0..255] for integers). Got range [-1.9980307..109.056].
2025-05-24 21:08:50,057 - matplotlib.image - WARNING - Clipping input data to the valid range for imshow with RGB data ([0..1] for floats or [0..255] for integers). Got range [-2.0836544..2.64].
2025-05-24 21:08:50,059 - matplotlib.image - WARNING - Clipping input data to the valid range for imshow with RGB data ([0..1] for floats or [0..255] for integers). Got range [-2.0836544..109.056].
2025-05-24 21:08:50,060 - matplotlib.image - WARNING - Clipping input data to the valid range for imshow with RGB data ([0..1] for floats or [0..255] for integers). Got range [-1.980906..109.056].
2025-05-24 21:08:50,208 - matplotlib.image - WARNING - Clipping input data to the valid range for imshow with RGB data ([0..1] for floats or [0..255] for integers). Got range [-2.0322802..2.64].
2025-05-24 21:08:50,209 - matplotlib.image - WARNING - Clipping input data to the valid range for imshow with RGB data ([0..1] for floats or [0..255] for integers). Got range [-2.0322802..109.056].
2025-05-24 21:08:50,211 - matplotlib.image - WARNING - Clipping input data to the valid range for imshow with RGB data ([0..1] for floats or [0..255] for integers). Got range [-1.9637812..109.056].
2025-05-24 21:08:50,765 - matplotlib.image - WARNING - Clipping input data to the valid range for imshow with RGB data ([0..1] for floats or [0..255] for integers). Got range [-1.9637812..2.64].
2025-05-24 21:08:50,766 - matplotlib.image - WARNING - Clipping input data to the valid range for imshow with RGB data ([0..1] for floats or [0..255] for integers). Got range [-1.9637812..109.056].
2025-05-24 21:08:50,768 - matplotlib.image - WARNING - Clipping input data to the valid range for imshow with RGB data ([0..1] for floats or [0..255] for integers). Got range [-1.9637812..109.00023].
2025-05-24 21:08:50,915 - matplotlib.image - WARNING - Clipping input data to the valid range for imshow with RGB data ([0..1] for floats or [0..255] for integers). Got range [-1.980906..2.64].
2025-05-24 21:08:50,916 - matplotlib.image - WARNING - Clipping input data to the valid range for imshow with RGB data ([0..1] for floats or [0..255] for integers). Got range [-1.980906..109.056].
2025-05-24 21:08:50,918 - matplotlib.image - WARNING - Clipping input data to the valid range for imshow with RGB data ([0..1] for floats or [0..255] for integers). Got range [-1.980906..108.993256].
2025-05-24 21:08:51,332 - matplotlib.image - WARNING - Clipping input data to the valid range for imshow with RGB data ([0..1] for floats or [0..255] for integers). Got range [-1.8431373..2.3088455].
2025-05-24 21:08:51,333 - matplotlib.image - WARNING - Clipping input data to the valid range for imshow with RGB data ([0..1] for floats or [0..255] for integers). Got range [-1.8431373..108.839874].
2025-05-24 21:08:51,335 - matplotlib.image - WARNING - Clipping input data to the valid range for imshow with RGB data ([0..1] for floats or [0..255] for integers). Got range [-1.7556022..108.72833].
2025-05-24 21:08:51,488 - matplotlib.image - WARNING - Clipping input data to the valid range for imshow with RGB data ([0..1] for floats or [0..255] for integers). Got range [-1.8781512..2.3785625].
2025-05-24 21:08:51,489 - matplotlib.image - WARNING - Clipping input data to the valid range for imshow with RGB data ([0..1] for floats or [0..255] for integers). Got range [-1.8256302..108.83291].
2025-05-24 21:08:51,491 - matplotlib.image - WARNING - Clipping input data to the valid range for imshow with RGB data ([0..1] for floats or [0..255] for integers). Got range [-1.8781512..108.6865].
2025-05-24 21:08:51,914 - matplotlib.image - WARNING - Clipping input data to the valid range for imshow with RGB data ([0..1] for floats or [0..255] for integers). Got range [-1.8081232..2.3959913].
2025-05-24 21:08:51,915 - matplotlib.image - WARNING - Clipping input data to the valid range for imshow with RGB data ([0..1] for floats or [0..255] for integers). Got range [-1.8081232..108.88868].
2025-05-24 21:08:51,917 - matplotlib.image - WARNING - Clipping input data to the valid range for imshow with RGB data ([0..1] for floats or [0..255] for integers). Got range [-1.7731092..108.72833].
2025-05-24 21:08:52,099 - matplotlib.image - WARNING - Clipping input data to the valid range for imshow with RGB data ([0..1] for floats or [0..255] for integers). Got range [-1.8431373..2.4308496].
2025-05-24 21:08:52,100 - matplotlib.image - WARNING - Clipping input data to the valid range for imshow with RGB data ([0..1] for floats or [0..255] for integers). Got range [-1.7906162..108.79805].
2025-05-24 21:08:52,102 - matplotlib.image - WARNING - Clipping input data to the valid range for imshow with RGB data ([0..1] for floats or [0..255] for integers). Got range [-1.7906162..108.70741].
2025-05-24 21:08:52,552 - matplotlib.image - WARNING - Clipping input data to the valid range for imshow with RGB data ([0..1] for floats or [0..255] for integers). Got range [-1.843908..2.2391288].
2025-05-24 21:08:52,553 - matplotlib.image - WARNING - Clipping input data to the valid range for imshow with RGB data ([0..1] for floats or [0..255] for integers). Got range [-1.7906162..108.89565].
2025-05-24 21:08:52,555 - matplotlib.image - WARNING - Clipping input data to the valid range for imshow with RGB data ([0..1] for floats or [0..255] for integers). Got range [-1.6505601..108.67953].
2025-05-24 21:08:52,715 - matplotlib.image - WARNING - Clipping input data to the valid range for imshow with RGB data ([0..1] for floats or [0..255] for integers). Got range [-1.8431373..2.2739873].
2025-05-24 21:08:52,716 - matplotlib.image - WARNING - Clipping input data to the valid range for imshow with RGB data ([0..1] for floats or [0..255] for integers). Got range [-1.8431373..108.90959].
2025-05-24 21:08:52,718 - matplotlib.image - WARNING - Clipping input data to the valid range for imshow with RGB data ([0..1] for floats or [0..255] for integers). Got range [-1.8431373..108.72833].
2025-05-24 21:08:53,143 - matplotlib.image - WARNING - Clipping input data to the valid range for imshow with RGB data ([0..1] for floats or [0..255] for integers). Got range [-1.8431373..2.2391288].
2025-05-24 21:08:53,144 - matplotlib.image - WARNING - Clipping input data to the valid range for imshow with RGB data ([0..1] for floats or [0..255] for integers). Got range [-1.8431373..108.89565].
2025-05-24 21:08:53,146 - matplotlib.image - WARNING - Clipping input data to the valid range for imshow with RGB data ([0..1] for floats or [0..255] for integers). Got range [-1.8256302..108.6377].
2025-05-24 21:08:53,305 - matplotlib.image - WARNING - Clipping input data to the valid range for imshow with RGB data ([0..1] for floats or [0..255] for integers). Got range [-1.9124069..2.4831376].
2025-05-24 21:08:53,306 - matplotlib.image - WARNING - Clipping input data to the valid range for imshow with RGB data ([0..1] for floats or [0..255] for integers). Got range [-1.9124069..108.88868].
2025-05-24 21:08:53,308 - matplotlib.image - WARNING - Clipping input data to the valid range for imshow with RGB data ([0..1] for floats or [0..255] for integers). Got range [-1.7906162..108.672554].
2025-05-24 21:08:53,740 - matplotlib.image - WARNING - Clipping input data to the valid range for imshow with RGB data ([0..1] for floats or [0..255] for integers). Got range [-1.8256302..2.3611329].
2025-05-24 21:08:53,742 - matplotlib.image - WARNING - Clipping input data to the valid range for imshow with RGB data ([0..1] for floats or [0..255] for integers). Got range [-1.7731092..108.84685].
2025-05-24 21:08:53,743 - matplotlib.image - WARNING - Clipping input data to the valid range for imshow with RGB data ([0..1] for floats or [0..255] for integers). Got range [-1.8256302..108.67953].
2025-05-24 21:08:53,910 - matplotlib.image - WARNING - Clipping input data to the valid range for imshow with RGB data ([0..1] for floats or [0..255] for integers). Got range [-1.8781512..2.2739873].
2025-05-24 21:08:53,911 - matplotlib.image - WARNING - Clipping input data to the valid range for imshow with RGB data ([0..1] for floats or [0..255] for integers). Got range [-1.8781512..108.83291].
2025-05-24 21:08:53,913 - matplotlib.image - WARNING - Clipping input data to the valid range for imshow with RGB data ([0..1] for floats or [0..255] for integers). Got range [-1.8781512..108.693474].
2025-05-24 21:08:54,474 - matplotlib.image - WARNING - Clipping input data to the valid range for imshow with RGB data ([0..1] for floats or [0..255] for integers). Got range [-1.9306722..2.3262744].
2025-05-24 21:08:54,475 - matplotlib.image - WARNING - Clipping input data to the valid range for imshow with RGB data ([0..1] for floats or [0..255] for integers). Got range [-1.9306722..108.93051].
2025-05-24 21:08:54,477 - matplotlib.image - WARNING - Clipping input data to the valid range for imshow with RGB data ([0..1] for floats or [0..255] for integers). Got range [-1.9306722..108.74227].
2025-05-24 21:08:54,631 - matplotlib.image - WARNING - Clipping input data to the valid range for imshow with RGB data ([0..1] for floats or [0..255] for integers). Got range [-1.8781512..2.3785625].
2025-05-24 21:08:54,632 - matplotlib.image - WARNING - Clipping input data to the valid range for imshow with RGB data ([0..1] for floats or [0..255] for integers). Got range [-1.8781512..108.95142].
2025-05-24 21:08:54,634 - matplotlib.image - WARNING - Clipping input data to the valid range for imshow with RGB data ([0..1] for floats or [0..255] for integers). Got range [-1.8781512..108.75622].
2025-05-24 21:08:55,060 - matplotlib.image - WARNING - Clipping input data to the valid range for imshow with RGB data ([0..1] for floats or [0..255] for integers). Got range [-1.8431373..2.4134207].
2025-05-24 21:08:55,061 - matplotlib.image - WARNING - Clipping input data to the valid range for imshow with RGB data ([0..1] for floats or [0..255] for integers). Got range [-1.8431373..108.93051].
2025-05-24 21:08:55,063 - matplotlib.image - WARNING - Clipping input data to the valid range for imshow with RGB data ([0..1] for floats or [0..255] for integers). Got range [-1.8431373..108.70045].
2025-05-24 21:08:55,229 - matplotlib.image - WARNING - Clipping input data to the valid range for imshow with RGB data ([0..1] for floats or [0..255] for integers). Got range [-1.9481792..2.4134207].
2025-05-24 21:08:55,230 - matplotlib.image - WARNING - Clipping input data to the valid range for imshow with RGB data ([0..1] for floats or [0..255] for integers). Got range [-1.9481792..108.95142].
2025-05-24 21:08:55,231 - matplotlib.image - WARNING - Clipping input data to the valid range for imshow with RGB data ([0..1] for floats or [0..255] for integers). Got range [-1.9481792..108.693474].
2025-05-24 21:08:55,645 - matplotlib.image - WARNING - Clipping input data to the valid range for imshow with RGB data ([0..1] for floats or [0..255] for integers). Got range [-1.8956583..2.3785625].
2025-05-24 21:08:55,647 - matplotlib.image - WARNING - Clipping input data to the valid range for imshow with RGB data ([0..1] for floats or [0..255] for integers). Got range [-1.8956583..108.92354].
2025-05-24 21:08:55,648 - matplotlib.image - WARNING - Clipping input data to the valid range for imshow with RGB data ([0..1] for floats or [0..255] for integers). Got range [-1.8956583..108.6865].
2025-05-24 21:08:55,801 - matplotlib.image - WARNING - Clipping input data to the valid range for imshow with RGB data ([0..1] for floats or [0..255] for integers). Got range [-1.9656862..2.3262744].
2025-05-24 21:08:55,802 - matplotlib.image - WARNING - Clipping input data to the valid range for imshow with RGB data ([0..1] for floats or [0..255] for integers). Got range [-1.9656862..108.88171].
2025-05-24 21:08:55,804 - matplotlib.image - WARNING - Clipping input data to the valid range for imshow with RGB data ([0..1] for floats or [0..255] for integers). Got range [-1.9656862..108.66559].
2025-05-24 21:08:56,233 - matplotlib.image - WARNING - Clipping input data to the valid range for imshow with RGB data ([0..1] for floats or [0..255] for integers). Got range [-1.9656862..2.3088455].
2025-05-24 21:08:56,234 - matplotlib.image - WARNING - Clipping input data to the valid range for imshow with RGB data ([0..1] for floats or [0..255] for integers). Got range [-1.8431373..108.92354].
2025-05-24 21:08:56,236 - matplotlib.image - WARNING - Clipping input data to the valid range for imshow with RGB data ([0..1] for floats or [0..255] for integers). Got range [-1.9656862..108.72833].
2025-05-24 21:08:56,396 - matplotlib.image - WARNING - Clipping input data to the valid range for imshow with RGB data ([0..1] for floats or [0..255] for integers). Got range [-1.9306722..2.3088455].
2025-05-24 21:08:56,397 - matplotlib.image - WARNING - Clipping input data to the valid range for imshow with RGB data ([0..1] for floats or [0..255] for integers). Got range [-1.9306722..108.90959].
2025-05-24 21:08:56,399 - matplotlib.image - WARNING - Clipping input data to the valid range for imshow with RGB data ([0..1] for floats or [0..255] for integers). Got range [-1.9306722..108.74227].
2025-05-24 21:08:56,832 - matplotlib.image - WARNING - Clipping input data to the valid range for imshow with RGB data ([0..1] for floats or [0..255] for integers). Got range [-2.117904..2.64].
2025-05-24 21:08:56,833 - matplotlib.image - WARNING - Clipping input data to the valid range for imshow with RGB data ([0..1] for floats or [0..255] for integers). Got range [-2.117904..109.056].
2025-05-24 21:08:56,835 - matplotlib.image - WARNING - Clipping input data to the valid range for imshow with RGB data ([0..1] for floats or [0..255] for integers). Got range [-2.117904..153.87216].
2025-05-24 21:08:56,982 - matplotlib.image - WARNING - Clipping input data to the valid range for imshow with RGB data ([0..1] for floats or [0..255] for integers). Got range [-2.117904..2.64].
2025-05-24 21:08:56,983 - matplotlib.image - WARNING - Clipping input data to the valid range for imshow with RGB data ([0..1] for floats or [0..255] for integers). Got range [-2.117904..109.056].
2025-05-24 21:08:56,986 - matplotlib.image - WARNING - Clipping input data to the valid range for imshow with RGB data ([0..1] for floats or [0..255] for integers). Got range [-2.117904..153.86531].
2025-05-24 21:08:57,421 - matplotlib.image - WARNING - Clipping input data to the valid range for imshow with RGB data ([0..1] for floats or [0..255] for integers). Got range [-2.117904..2.64].
2025-05-24 21:08:57,422 - matplotlib.image - WARNING - Clipping input data to the valid range for imshow with RGB data ([0..1] for floats or [0..255] for integers). Got range [-2.117904..109.056].
2025-05-24 21:08:57,424 - matplotlib.image - WARNING - Clipping input data to the valid range for imshow with RGB data ([0..1] for floats or [0..255] for integers). Got range [-2.117904..153.86531].
2025-05-24 21:08:57,710 - matplotlib.image - WARNING - Clipping input data to the valid range for imshow with RGB data ([0..1] for floats or [0..255] for integers). Got range [-2.117904..2.64].
2025-05-24 21:08:57,711 - matplotlib.image - WARNING - Clipping input data to the valid range for imshow with RGB data ([0..1] for floats or [0..255] for integers). Got range [-2.117904..109.056].
2025-05-24 21:08:57,713 - matplotlib.image - WARNING - Clipping input data to the valid range for imshow with RGB data ([0..1] for floats or [0..255] for integers). Got range [-2.117904..153.85161].
2025-05-24 21:08:58,141 - matplotlib.image - WARNING - Clipping input data to the valid range for imshow with RGB data ([0..1] for floats or [0..255] for integers). Got range [-2.117904..2.64].
2025-05-24 21:08:58,143 - matplotlib.image - WARNING - Clipping input data to the valid range for imshow with RGB data ([0..1] for floats or [0..255] for integers). Got range [-2.117904..109.056].
2025-05-24 21:08:58,144 - matplotlib.image - WARNING - Clipping input data to the valid range for imshow with RGB data ([0..1] for floats or [0..255] for integers). Got range [-2.117904..153.85846].
2025-05-24 21:08:58,298 - matplotlib.image - WARNING - Clipping input data to the valid range for imshow with RGB data ([0..1] for floats or [0..255] for integers). Got range [-2.117904..2.64].
2025-05-24 21:08:58,299 - matplotlib.image - WARNING - Clipping input data to the valid range for imshow with RGB data ([0..1] for floats or [0..255] for integers). Got range [-2.117904..109.056].
2025-05-24 21:08:58,301 - matplotlib.image - WARNING - Clipping input data to the valid range for imshow with RGB data ([0..1] for floats or [0..255] for integers). Got range [-2.117904..153.85846].
2025-05-24 21:08:58,706 - matplotlib.image - WARNING - Clipping input data to the valid range for imshow with RGB data ([0..1] for floats or [0..255] for integers). Got range [-2.117904..2.64].
2025-05-24 21:08:58,708 - matplotlib.image - WARNING - Clipping input data to the valid range for imshow with RGB data ([0..1] for floats or [0..255] for integers). Got range [-2.117904..109.056].
2025-05-24 21:08:58,710 - matplotlib.image - WARNING - Clipping input data to the valid range for imshow with RGB data ([0..1] for floats or [0..255] for integers). Got range [-2.117904..153.59818].
2025-05-24 21:08:58,866 - matplotlib.image - WARNING - Clipping input data to the valid range for imshow with RGB data ([0..1] for floats or [0..255] for integers). Got range [-2.117904..2.64].
2025-05-24 21:08:58,868 - matplotlib.image - WARNING - Clipping input data to the valid range for imshow with RGB data ([0..1] for floats or [0..255] for integers). Got range [-2.117904..109.056].
2025-05-24 21:08:58,870 - matplotlib.image - WARNING - Clipping input data to the valid range for imshow with RGB data ([0..1] for floats or [0..255] for integers). Got range [-2.117904..153.56392].
2025-05-24 21:08:59,269 - matplotlib.image - WARNING - Clipping input data to the valid range for imshow with RGB data ([0..1] for floats or [0..255] for integers). Got range [-2.117904..2.64].
2025-05-24 21:08:59,270 - matplotlib.image - WARNING - Clipping input data to the valid range for imshow with RGB data ([0..1] for floats or [0..255] for integers). Got range [-2.117904..109.056].
2025-05-24 21:08:59,272 - matplotlib.image - WARNING - Clipping input data to the valid range for imshow with RGB data ([0..1] for floats or [0..255] for integers). Got range [-2.117904..153.69406].
2025-05-24 21:08:59,419 - matplotlib.image - WARNING - Clipping input data to the valid range for imshow with RGB data ([0..1] for floats or [0..255] for integers). Got range [-2.117904..2.64].
2025-05-24 21:08:59,421 - matplotlib.image - WARNING - Clipping input data to the valid range for imshow with RGB data ([0..1] for floats or [0..255] for integers). Got range [-2.117904..109.056].
2025-05-24 21:08:59,423 - matplotlib.image - WARNING - Clipping input data to the valid range for imshow with RGB data ([0..1] for floats or [0..255] for integers). Got range [-2.117904..153.73517].
2025-05-24 21:08:59,826 - matplotlib.image - WARNING - Clipping input data to the valid range for imshow with RGB data ([0..1] for floats or [0..255] for integers). Got range [-2.117904..2.64].
2025-05-24 21:08:59,827 - matplotlib.image - WARNING - Clipping input data to the valid range for imshow with RGB data ([0..1] for floats or [0..255] for integers). Got range [-2.117904..109.056].
2025-05-24 21:08:59,829 - matplotlib.image - WARNING - Clipping input data to the valid range for imshow with RGB data ([0..1] for floats or [0..255] for integers). Got range [-2.117904..153.87216].
2025-05-24 21:08:59,978 - matplotlib.image - WARNING - Clipping input data to the valid range for imshow with RGB data ([0..1] for floats or [0..255] for integers). Got range [-2.117904..2.64].
2025-05-24 21:08:59,979 - matplotlib.image - WARNING - Clipping input data to the valid range for imshow with RGB data ([0..1] for floats or [0..255] for integers). Got range [-2.117904..109.056].
2025-05-24 21:08:59,981 - matplotlib.image - WARNING - Clipping input data to the valid range for imshow with RGB data ([0..1] for floats or [0..255] for integers). Got range [-2.117904..153.85161].
2025-05-24 21:09:00,419 - matplotlib.image - WARNING - Clipping input data to the valid range for imshow with RGB data ([0..1] for floats or [0..255] for integers). Got range [-2.117904..2.64].
2025-05-24 21:09:00,421 - matplotlib.image - WARNING - Clipping input data to the valid range for imshow with RGB data ([0..1] for floats or [0..255] for integers). Got range [-2.117904..109.056].
2025-05-24 21:09:00,423 - matplotlib.image - WARNING - Clipping input data to the valid range for imshow with RGB data ([0..1] for floats or [0..255] for integers). Got range [-2.117904..153.79681].
2025-05-24 21:09:00,577 - matplotlib.image - WARNING - Clipping input data to the valid range for imshow with RGB data ([0..1] for floats or [0..255] for integers). Got range [-2.117904..2.64].
2025-05-24 21:09:00,578 - matplotlib.image - WARNING - Clipping input data to the valid range for imshow with RGB data ([0..1] for floats or [0..255] for integers). Got range [-2.117904..109.056].
2025-05-24 21:09:00,580 - matplotlib.image - WARNING - Clipping input data to the valid range for imshow with RGB data ([0..1] for floats or [0..255] for integers). Got range [-2.117904..153.81737].
2025-05-24 21:09:01,132 - matplotlib.image - WARNING - Clipping input data to the valid range for imshow with RGB data ([0..1] for floats or [0..255] for integers). Got range [-2.117904..2.64].
2025-05-24 21:09:01,133 - matplotlib.image - WARNING - Clipping input data to the valid range for imshow with RGB data ([0..1] for floats or [0..255] for integers). Got range [-2.117904..109.056].
2025-05-24 21:09:01,135 - matplotlib.image - WARNING - Clipping input data to the valid range for imshow with RGB data ([0..1] for floats or [0..255] for integers). Got range [-2.117904..153.71461].
2025-05-24 21:09:01,284 - matplotlib.image - WARNING - Clipping input data to the valid range for imshow with RGB data ([0..1] for floats or [0..255] for integers). Got range [-2.117904..2.64].
2025-05-24 21:09:01,286 - matplotlib.image - WARNING - Clipping input data to the valid range for imshow with RGB data ([0..1] for floats or [0..255] for integers). Got range [-2.117904..109.056].
2025-05-24 21:09:01,288 - matplotlib.image - WARNING - Clipping input data to the valid range for imshow with RGB data ([0..1] for floats or [0..255] for integers). Got range [-2.117904..153.70091].
2025-05-24 21:09:01,722 - matplotlib.image - WARNING - Clipping input data to the valid range for imshow with RGB data ([0..1] for floats or [0..255] for integers). Got range [-2.0151556..2.6051416].
2025-05-24 21:09:01,723 - matplotlib.image - WARNING - Clipping input data to the valid range for imshow with RGB data ([0..1] for floats or [0..255] for integers). Got range [-2.0151556..109.04205].
2025-05-24 21:09:01,725 - matplotlib.image - WARNING - Clipping input data to the valid range for imshow with RGB data ([0..1] for floats or [0..255] for integers). Got range [-2.0151556..140.24205].
2025-05-24 21:09:01,868 - matplotlib.image - WARNING - Clipping input data to the valid range for imshow with RGB data ([0..1] for floats or [0..255] for integers). Got range [-2.0665298..2.64].
2025-05-24 21:09:01,869 - matplotlib.image - WARNING - Clipping input data to the valid range for imshow with RGB data ([0..1] for floats or [0..255] for integers). Got range [-1.9980307..109.056].
2025-05-24 21:09:01,871 - matplotlib.image - WARNING - Clipping input data to the valid range for imshow with RGB data ([0..1] for floats or [0..255] for integers). Got range [-2.0665298..140.256].
2025-05-24 21:09:02,281 - matplotlib.image - WARNING - Clipping input data to the valid range for imshow with RGB data ([0..1] for floats or [0..255] for integers). Got range [-2.0322802..2.622571].
2025-05-24 21:09:02,282 - matplotlib.image - WARNING - Clipping input data to the valid range for imshow with RGB data ([0..1] for floats or [0..255] for integers). Got range [-2.0322802..109.04903].
2025-05-24 21:09:02,284 - matplotlib.image - WARNING - Clipping input data to the valid range for imshow with RGB data ([0..1] for floats or [0..255] for integers). Got range [-2.0322802..140.24902].
2025-05-24 21:09:02,435 - matplotlib.image - WARNING - Clipping input data to the valid range for imshow with RGB data ([0..1] for floats or [0..255] for integers). Got range [-2.0836544..2.622571].
2025-05-24 21:09:02,436 - matplotlib.image - WARNING - Clipping input data to the valid range for imshow with RGB data ([0..1] for floats or [0..255] for integers). Got range [-2.0836544..109.04903].
2025-05-24 21:09:02,438 - matplotlib.image - WARNING - Clipping input data to the valid range for imshow with RGB data ([0..1] for floats or [0..255] for integers). Got range [-2.0836544..140.24902].
2025-05-24 21:09:02,852 - matplotlib.image - WARNING - Clipping input data to the valid range for imshow with RGB data ([0..1] for floats or [0..255] for integers). Got range [-2.0322802..2.6051416].
2025-05-24 21:09:02,853 - matplotlib.image - WARNING - Clipping input data to the valid range for imshow with RGB data ([0..1] for floats or [0..255] for integers). Got range [-2.0322802..109.04205].
2025-05-24 21:09:02,854 - matplotlib.image - WARNING - Clipping input data to the valid range for imshow with RGB data ([0..1] for floats or [0..255] for integers). Got range [-2.0322802..140.24205].
2025-05-24 21:09:02,992 - matplotlib.image - WARNING - Clipping input data to the valid range for imshow with RGB data ([0..1] for floats or [0..255] for integers). Got range [-2.0836544..2.622571].
2025-05-24 21:09:02,993 - matplotlib.image - WARNING - Clipping input data to the valid range for imshow with RGB data ([0..1] for floats or [0..255] for integers). Got range [-2.0836544..109.03509].
2025-05-24 21:09:02,994 - matplotlib.image - WARNING - Clipping input data to the valid range for imshow with RGB data ([0..1] for floats or [0..255] for integers). Got range [-2.0836544..140.24902].
2025-05-24 21:09:03,390 - matplotlib.image - WARNING - Clipping input data to the valid range for imshow with RGB data ([0..1] for floats or [0..255] for integers). Got range [-2.0322802..2.5702832].
2025-05-24 21:09:03,391 - matplotlib.image - WARNING - Clipping input data to the valid range for imshow with RGB data ([0..1] for floats or [0..255] for integers). Got range [-2.0322802..109.02114].
2025-05-24 21:09:03,393 - matplotlib.image - WARNING - Clipping input data to the valid range for imshow with RGB data ([0..1] for floats or [0..255] for integers). Got range [-2.0322802..140.22812].
2025-05-24 21:09:03,543 - matplotlib.image - WARNING - Clipping input data to the valid range for imshow with RGB data ([0..1] for floats or [0..255] for integers). Got range [-2.0322802..2.622571].
2025-05-24 21:09:03,545 - matplotlib.image - WARNING - Clipping input data to the valid range for imshow with RGB data ([0..1] for floats or [0..255] for integers). Got range [-2.0322802..109.0072].
2025-05-24 21:09:03,547 - matplotlib.image - WARNING - Clipping input data to the valid range for imshow with RGB data ([0..1] for floats or [0..255] for integers). Got range [-2.0322802..140.24902].
2025-05-24 21:09:03,963 - matplotlib.image - WARNING - Clipping input data to the valid range for imshow with RGB data ([0..1] for floats or [0..255] for integers). Got range [-2.0151556..2.5702832].
2025-05-24 21:09:03,964 - matplotlib.image - WARNING - Clipping input data to the valid range for imshow with RGB data ([0..1] for floats or [0..255] for integers). Got range [-2.0151556..108.993256].
2025-05-24 21:09:03,966 - matplotlib.image - WARNING - Clipping input data to the valid range for imshow with RGB data ([0..1] for floats or [0..255] for integers). Got range [-2.0151556..140.22812].
2025-05-24 21:09:04,221 - matplotlib.image - WARNING - Clipping input data to the valid range for imshow with RGB data ([0..1] for floats or [0..255] for integers). Got range [-2.0151556..2.5179958].
2025-05-24 21:09:04,222 - matplotlib.image - WARNING - Clipping input data to the valid range for imshow with RGB data ([0..1] for floats or [0..255] for integers). Got range [-2.0151556..108.97234].
2025-05-24 21:09:04,224 - matplotlib.image - WARNING - Clipping input data to the valid range for imshow with RGB data ([0..1] for floats or [0..255] for integers). Got range [-2.0151556..140.2072].
2025-05-24 21:09:04,641 - matplotlib.image - WARNING - Clipping input data to the valid range for imshow with RGB data ([0..1] for floats or [0..255] for integers). Got range [-1.8781574..2.5005665].
2025-05-24 21:09:04,642 - matplotlib.image - WARNING - Clipping input data to the valid range for imshow with RGB data ([0..1] for floats or [0..255] for integers). Got range [-1.8781574..109.00023].
2025-05-24 21:09:04,644 - matplotlib.image - WARNING - Clipping input data to the valid range for imshow with RGB data ([0..1] for floats or [0..255] for integers). Got range [-1.8781574..153.88586].
2025-05-24 21:09:04,795 - matplotlib.image - WARNING - Clipping input data to the valid range for imshow with RGB data ([0..1] for floats or [0..255] for integers). Got range [-1.8781574..2.535425].
2025-05-24 21:09:04,796 - matplotlib.image - WARNING - Clipping input data to the valid range for imshow with RGB data ([0..1] for floats or [0..255] for integers). Got range [-1.8781574..109.01417].
2025-05-24 21:09:04,798 - matplotlib.image - WARNING - Clipping input data to the valid range for imshow with RGB data ([0..1] for floats or [0..255] for integers). Got range [-1.8781574..153.89957].
2025-05-24 21:09:05,212 - matplotlib.image - WARNING - Clipping input data to the valid range for imshow with RGB data ([0..1] for floats or [0..255] for integers). Got range [-1.8781574..2.6051416].
2025-05-24 21:09:05,213 - matplotlib.image - WARNING - Clipping input data to the valid range for imshow with RGB data ([0..1] for floats or [0..255] for integers). Got range [-1.8781574..109.04205].
2025-05-24 21:09:05,215 - matplotlib.image - WARNING - Clipping input data to the valid range for imshow with RGB data ([0..1] for floats or [0..255] for integers). Got range [-1.8781574..153.89957].
2025-05-24 21:09:05,360 - matplotlib.image - WARNING - Clipping input data to the valid range for imshow with RGB data ([0..1] for floats or [0..255] for integers). Got range [-1.8781574..2.622571].
2025-05-24 21:09:05,361 - matplotlib.image - WARNING - Clipping input data to the valid range for imshow with RGB data ([0..1] for floats or [0..255] for integers). Got range [-1.8610327..109.04903].
2025-05-24 21:09:05,364 - matplotlib.image - WARNING - Clipping input data to the valid range for imshow with RGB data ([0..1] for floats or [0..255] for integers). Got range [-1.8781574..153.89957].
2025-05-24 21:09:05,763 - matplotlib.image - WARNING - Clipping input data to the valid range for imshow with RGB data ([0..1] for floats or [0..255] for integers). Got range [-1.8096584..2.64].
2025-05-24 21:09:05,764 - matplotlib.image - WARNING - Clipping input data to the valid range for imshow with RGB data ([0..1] for floats or [0..255] for integers). Got range [-1.8096584..109.056].
2025-05-24 21:09:05,766 - matplotlib.image - WARNING - Clipping input data to the valid range for imshow with RGB data ([0..1] for floats or [0..255] for integers). Got range [-1.8096584..153.89272].
2025-05-24 21:09:05,899 - matplotlib.image - WARNING - Clipping input data to the valid range for imshow with RGB data ([0..1] for floats or [0..255] for integers). Got range [-1.7925336..2.64].
2025-05-24 21:09:05,901 - matplotlib.image - WARNING - Clipping input data to the valid range for imshow with RGB data ([0..1] for floats or [0..255] for integers). Got range [-1.7925336..109.056].
2025-05-24 21:09:05,902 - matplotlib.image - WARNING - Clipping input data to the valid range for imshow with RGB data ([0..1] for floats or [0..255] for integers). Got range [-1.7925336..153.89957].
2025-05-24 21:09:06,287 - matplotlib.image - WARNING - Clipping input data to the valid range for imshow with RGB data ([0..1] for floats or [0..255] for integers). Got range [-1.8267832..2.3760502].
2025-05-24 21:09:06,289 - matplotlib.image - WARNING - Clipping input data to the valid range for imshow with RGB data ([0..1] for floats or [0..255] for integers). Got range [-1.8267832..108.88868].
2025-05-24 21:09:06,290 - matplotlib.image - WARNING - Clipping input data to the valid range for imshow with RGB data ([0..1] for floats or [0..255] for integers). Got range [-1.8267832..153.26253].
2025-05-24 21:09:06,437 - matplotlib.image - WARNING - Clipping input data to the valid range for imshow with RGB data ([0..1] for floats or [0..255] for integers). Got range [-1.8431373..2.2710083].
2025-05-24 21:09:06,438 - matplotlib.image - WARNING - Clipping input data to the valid range for imshow with RGB data ([0..1] for floats or [0..255] for integers). Got range [-1.8431373..108.87473].
2025-05-24 21:09:06,440 - matplotlib.image - WARNING - Clipping input data to the valid range for imshow with RGB data ([0..1] for floats or [0..255] for integers). Got range [-1.8431373..139.7122].
2025-05-24 21:09:06,840 - matplotlib.image - WARNING - Clipping input data to the valid range for imshow with RGB data ([0..1] for floats or [0..255] for integers). Got range [-1.8431373..2.64].
2025-05-24 21:09:06,841 - matplotlib.image - WARNING - Clipping input data to the valid range for imshow with RGB data ([0..1] for floats or [0..255] for integers). Got range [-1.7870152..109.056].
2025-05-24 21:09:06,843 - matplotlib.image - WARNING - Clipping input data to the valid range for imshow with RGB data ([0..1] for floats or [0..255] for integers). Got range [-1.8431373..153.72832].
2025-05-24 21:09:06,991 - matplotlib.image - WARNING - Clipping input data to the valid range for imshow with RGB data ([0..1] for floats or [0..255] for integers). Got range [-1.8256302..2.64].
2025-05-24 21:09:06,993 - matplotlib.image - WARNING - Clipping input data to the valid range for imshow with RGB data ([0..1] for floats or [0..255] for integers). Got range [-1.7521569..109.056].
2025-05-24 21:09:06,994 - matplotlib.image - WARNING - Clipping input data to the valid range for imshow with RGB data ([0..1] for floats or [0..255] for integers). Got range [-1.8256302..153.87216].
2025-05-24 21:09:07,420 - matplotlib.image - WARNING - Clipping input data to the valid range for imshow with RGB data ([0..1] for floats or [0..255] for integers). Got range [-1.7870152..2.64].
2025-05-24 21:09:07,421 - matplotlib.image - WARNING - Clipping input data to the valid range for imshow with RGB data ([0..1] for floats or [0..255] for integers). Got range [-1.7870152..109.056].
2025-05-24 21:09:07,551 - matplotlib.image - WARNING - Clipping input data to the valid range for imshow with RGB data ([0..1] for floats or [0..255] for integers). Got range [-1.7870152..108.74227].
2025-05-24 21:09:07,708 - matplotlib.image - WARNING - Clipping input data to the valid range for imshow with RGB data ([0..1] for floats or [0..255] for integers). Got range [-1.8044444..2.64].
2025-05-24 21:09:07,709 - matplotlib.image - WARNING - Clipping input data to the valid range for imshow with RGB data ([0..1] for floats or [0..255] for integers). Got range [-1.8044444..109.056].
2025-05-24 21:09:07,711 - matplotlib.image - WARNING - Clipping input data to the valid range for imshow with RGB data ([0..1] for floats or [0..255] for integers). Got range [-1.8044444..139.57277].
2025-05-24 21:09:08,132 - matplotlib.image - WARNING - Clipping input data to the valid range for imshow with RGB data ([0..1] for floats or [0..255] for integers). Got range [-1.8267832..2.64].
2025-05-24 21:09:08,133 - matplotlib.image - WARNING - Clipping input data to the valid range for imshow with RGB data ([0..1] for floats or [0..255] for integers). Got range [-1.8267832..109.056].
2025-05-24 21:09:08,135 - matplotlib.image - WARNING - Clipping input data to the valid range for imshow with RGB data ([0..1] for floats or [0..255] for integers). Got range [-1.8267832..108.916565].
2025-05-24 21:09:08,279 - matplotlib.image - WARNING - Clipping input data to the valid range for imshow with RGB data ([0..1] for floats or [0..255] for integers). Got range [-1.843908..2.64].
2025-05-24 21:09:08,280 - matplotlib.image - WARNING - Clipping input data to the valid range for imshow with RGB data ([0..1] for floats or [0..255] for integers). Got range [-1.843908..109.056].
2025-05-24 21:09:08,282 - matplotlib.image - WARNING - Clipping input data to the valid range for imshow with RGB data ([0..1] for floats or [0..255] for integers). Got range [-1.843908..108.937485].
2025-05-24 21:09:08,683 - matplotlib.image - WARNING - Clipping input data to the valid range for imshow with RGB data ([0..1] for floats or [0..255] for integers). Got range [-1.843908..2.64].
2025-05-24 21:09:08,684 - matplotlib.image - WARNING - Clipping input data to the valid range for imshow with RGB data ([0..1] for floats or [0..255] for integers). Got range [-1.843908..109.056].
2025-05-24 21:09:08,687 - matplotlib.image - WARNING - Clipping input data to the valid range for imshow with RGB data ([0..1] for floats or [0..255] for integers). Got range [-1.843908..140.20023].
2025-05-24 21:09:08,836 - matplotlib.image - WARNING - Clipping input data to the valid range for imshow with RGB data ([0..1] for floats or [0..255] for integers). Got range [-1.843908..2.64].
2025-05-24 21:09:08,838 - matplotlib.image - WARNING - Clipping input data to the valid range for imshow with RGB data ([0..1] for floats or [0..255] for integers). Got range [-1.843908..109.056].
2025-05-24 21:09:08,839 - matplotlib.image - WARNING - Clipping input data to the valid range for imshow with RGB data ([0..1] for floats or [0..255] for integers). Got range [-1.843908..140.2072].
2025-05-24 21:09:09,242 - matplotlib.image - WARNING - Clipping input data to the valid range for imshow with RGB data ([0..1] for floats or [0..255] for integers). Got range [-2.0151556..2.64].
2025-05-24 21:09:09,243 - matplotlib.image - WARNING - Clipping input data to the valid range for imshow with RGB data ([0..1] for floats or [0..255] for integers). Got range [-2.0151556..109.056].
2025-05-24 21:09:09,245 - matplotlib.image - WARNING - Clipping input data to the valid range for imshow with RGB data ([0..1] for floats or [0..255] for integers). Got range [-2.0151556..139.99805].
2025-05-24 21:09:09,398 - matplotlib.image - WARNING - Clipping input data to the valid range for imshow with RGB data ([0..1] for floats or [0..255] for integers). Got range [-2.0322802..2.64].
2025-05-24 21:09:09,399 - matplotlib.image - WARNING - Clipping input data to the valid range for imshow with RGB data ([0..1] for floats or [0..255] for integers). Got range [-2.0151556..109.056].
2025-05-24 21:09:09,401 - matplotlib.image - WARNING - Clipping input data to the valid range for imshow with RGB data ([0..1] for floats or [0..255] for integers). Got range [-2.0322802..140.00502].
2025-05-24 21:09:09,816 - matplotlib.image - WARNING - Clipping input data to the valid range for imshow with RGB data ([0..1] for floats or [0..255] for integers). Got range [-2.0182073..2.64].
2025-05-24 21:09:09,817 - matplotlib.image - WARNING - Clipping input data to the valid range for imshow with RGB data ([0..1] for floats or [0..255] for integers). Got range [-2.0182073..109.056].
2025-05-24 21:09:09,818 - matplotlib.image - WARNING - Clipping input data to the valid range for imshow with RGB data ([0..1] for floats or [0..255] for integers). Got range [-2.0182073..139.9841].
2025-05-24 21:09:09,972 - matplotlib.image - WARNING - Clipping input data to the valid range for imshow with RGB data ([0..1] for floats or [0..255] for integers). Got range [-2.0182073..2.64].
2025-05-24 21:09:09,973 - matplotlib.image - WARNING - Clipping input data to the valid range for imshow with RGB data ([0..1] for floats or [0..255] for integers). Got range [-2.0182073..109.056].
2025-05-24 21:09:09,975 - matplotlib.image - WARNING - Clipping input data to the valid range for imshow with RGB data ([0..1] for floats or [0..255] for integers). Got range [-2.0182073..139.72615].
2025-05-24 21:09:10,405 - matplotlib.image - WARNING - Clipping input data to the valid range for imshow with RGB data ([0..1] for floats or [0..255] for integers). Got range [-2.0322802..2.64].
2025-05-24 21:09:10,406 - matplotlib.image - WARNING - Clipping input data to the valid range for imshow with RGB data ([0..1] for floats or [0..255] for integers). Got range [-2.0151556..109.056].
2025-05-24 21:09:10,407 - matplotlib.image - WARNING - Clipping input data to the valid range for imshow with RGB data ([0..1] for floats or [0..255] for integers). Got range [-2.0322802..140.06079].
2025-05-24 21:09:10,562 - matplotlib.image - WARNING - Clipping input data to the valid range for imshow with RGB data ([0..1] for floats or [0..255] for integers). Got range [-2.0182073..2.64].
2025-05-24 21:09:10,563 - matplotlib.image - WARNING - Clipping input data to the valid range for imshow with RGB data ([0..1] for floats or [0..255] for integers). Got range [-2.0182073..109.056].
2025-05-24 21:09:10,565 - matplotlib.image - WARNING - Clipping input data to the valid range for imshow with RGB data ([0..1] for floats or [0..255] for integers). Got range [-2.0182073..140.1584].
2025-05-24 21:09:11,104 - matplotlib.image - WARNING - Clipping input data to the valid range for imshow with RGB data ([0..1] for floats or [0..255] for integers). Got range [-2.117904..2.5179958].
2025-05-24 21:09:11,105 - matplotlib.image - WARNING - Clipping input data to the valid range for imshow with RGB data ([0..1] for floats or [0..255] for integers). Got range [-2.117904..109.00023].
2025-05-24 21:09:11,106 - matplotlib.image - WARNING - Clipping input data to the valid range for imshow with RGB data ([0..1] for floats or [0..255] for integers). Got range [-2.117904..153.84476].
2025-05-24 21:09:11,274 - matplotlib.image - WARNING - Clipping input data to the valid range for imshow with RGB data ([0..1] for floats or [0..255] for integers). Got range [-2.117904..2.5877128].
2025-05-24 21:09:11,276 - matplotlib.image - WARNING - Clipping input data to the valid range for imshow with RGB data ([0..1] for floats or [0..255] for integers). Got range [-2.117904..108.993256].
2025-05-24 21:09:11,277 - matplotlib.image - WARNING - Clipping input data to the valid range for imshow with RGB data ([0..1] for floats or [0..255] for integers). Got range [-2.117904..153.89272].
2025-05-24 21:09:11,684 - matplotlib.image - WARNING - Clipping input data to the valid range for imshow with RGB data ([0..1] for floats or [0..255] for integers). Got range [-2.117904..2.5005665].
2025-05-24 21:09:11,685 - matplotlib.image - WARNING - Clipping input data to the valid range for imshow with RGB data ([0..1] for floats or [0..255] for integers). Got range [-2.117904..108.98628].
2025-05-24 21:09:11,687 - matplotlib.image - WARNING - Clipping input data to the valid range for imshow with RGB data ([0..1] for floats or [0..255] for integers). Got range [-2.117904..153.89957].
2025-05-24 21:09:11,856 - matplotlib.image - WARNING - Clipping input data to the valid range for imshow with RGB data ([0..1] for floats or [0..255] for integers). Got range [-2.117904..2.535425].
2025-05-24 21:09:11,857 - matplotlib.image - WARNING - Clipping input data to the valid range for imshow with RGB data ([0..1] for floats or [0..255] for integers). Got range [-2.117904..108.993256].
2025-05-24 21:09:11,859 - matplotlib.image - WARNING - Clipping input data to the valid range for imshow with RGB data ([0..1] for floats or [0..255] for integers). Got range [-2.117904..153.87216].
2025-05-24 21:09:12,267 - matplotlib.image - WARNING - Clipping input data to the valid range for imshow with RGB data ([0..1] for floats or [0..255] for integers). Got range [-2.117904..2.535425].
2025-05-24 21:09:12,269 - matplotlib.image - WARNING - Clipping input data to the valid range for imshow with RGB data ([0..1] for floats or [0..255] for integers). Got range [-2.117904..109.00023].
2025-05-24 21:09:12,270 - matplotlib.image - WARNING - Clipping input data to the valid range for imshow with RGB data ([0..1] for floats or [0..255] for integers). Got range [-2.117904..140.05382].
2025-05-24 21:09:12,437 - matplotlib.image - WARNING - Clipping input data to the valid range for imshow with RGB data ([0..1] for floats or [0..255] for integers). Got range [-2.117904..2.5179958].
2025-05-24 21:09:12,439 - matplotlib.image - WARNING - Clipping input data to the valid range for imshow with RGB data ([0..1] for floats or [0..255] for integers). Got range [-2.117904..109.0072].
2025-05-24 21:09:12,441 - matplotlib.image - WARNING - Clipping input data to the valid range for imshow with RGB data ([0..1] for floats or [0..255] for integers). Got range [-2.117904..153.85846].
2025-05-24 21:09:12,853 - matplotlib.image - WARNING - Clipping input data to the valid range for imshow with RGB data ([0..1] for floats or [0..255] for integers). Got range [-2.117904..2.535425].
2025-05-24 21:09:12,854 - matplotlib.image - WARNING - Clipping input data to the valid range for imshow with RGB data ([0..1] for floats or [0..255] for integers). Got range [-2.117904..109.00023].
2025-05-24 21:09:12,856 - matplotlib.image - WARNING - Clipping input data to the valid range for imshow with RGB data ([0..1] for floats or [0..255] for integers). Got range [-2.117904..140.17233].
2025-05-24 21:09:13,025 - matplotlib.image - WARNING - Clipping input data to the valid range for imshow with RGB data ([0..1] for floats or [0..255] for integers). Got range [-2.117904..2.535425].
2025-05-24 21:09:13,026 - matplotlib.image - WARNING - Clipping input data to the valid range for imshow with RGB data ([0..1] for floats or [0..255] for integers). Got range [-2.117904..108.993256].
2025-05-24 21:09:13,027 - matplotlib.image - WARNING - Clipping input data to the valid range for imshow with RGB data ([0..1] for floats or [0..255] for integers). Got range [-2.117904..140.012].
2025-05-24 21:09:13,450 - matplotlib.image - WARNING - Clipping input data to the valid range for imshow with RGB data ([0..1] for floats or [0..255] for integers). Got range [-2.117904..2.5005665].
2025-05-24 21:09:13,451 - matplotlib.image - WARNING - Clipping input data to the valid range for imshow with RGB data ([0..1] for floats or [0..255] for integers). Got range [-2.117904..108.98628].
2025-05-24 21:09:13,453 - matplotlib.image - WARNING - Clipping input data to the valid range for imshow with RGB data ([0..1] for floats or [0..255] for integers). Got range [-2.117904..153.76256].
2025-05-24 21:09:13,621 - matplotlib.image - WARNING - Clipping input data to the valid range for imshow with RGB data ([0..1] for floats or [0..255] for integers). Got range [-2.117904..2.5528543].
2025-05-24 21:09:13,623 - matplotlib.image - WARNING - Clipping input data to the valid range for imshow with RGB data ([0..1] for floats or [0..255] for integers). Got range [-2.117904..108.96537].
2025-05-24 21:09:13,625 - matplotlib.image - WARNING - Clipping input data to the valid range for imshow with RGB data ([0..1] for floats or [0..255] for integers). Got range [-2.117904..153.81737].
2025-05-24 21:09:14,093 - matplotlib.image - WARNING - Clipping input data to the valid range for imshow with RGB data ([0..1] for floats or [0..255] for integers). Got range [-1.3986644..2.64].
2025-05-24 21:09:14,094 - matplotlib.image - WARNING - Clipping input data to the valid range for imshow with RGB data ([0..1] for floats or [0..255] for integers). Got range [-1.3986644..109.056].
2025-05-24 21:09:14,096 - matplotlib.image - WARNING - Clipping input data to the valid range for imshow with RGB data ([0..1] for floats or [0..255] for integers). Got range [-1.3986644..153.89272].
2025-05-24 21:09:14,433 - matplotlib.image - WARNING - Clipping input data to the valid range for imshow with RGB data ([0..1] for floats or [0..255] for integers). Got range [-1.4157891..2.64].
2025-05-24 21:09:14,434 - matplotlib.image - WARNING - Clipping input data to the valid range for imshow with RGB data ([0..1] for floats or [0..255] for integers). Got range [-1.4157891..109.056].
2025-05-24 21:09:14,436 - matplotlib.image - WARNING - Clipping input data to the valid range for imshow with RGB data ([0..1] for floats or [0..255] for integers). Got range [-1.4157891..153.89272].
2025-05-24 21:09:14,852 - matplotlib.image - WARNING - Clipping input data to the valid range for imshow with RGB data ([0..1] for floats or [0..255] for integers). Got range [-1.5455182..2.64].
2025-05-24 21:09:14,853 - matplotlib.image - WARNING - Clipping input data to the valid range for imshow with RGB data ([0..1] for floats or [0..255] for integers). Got range [-1.5185376..109.056].
2025-05-24 21:09:14,855 - matplotlib.image - WARNING - Clipping input data to the valid range for imshow with RGB data ([0..1] for floats or [0..255] for integers). Got range [-1.5185376..153.89272].
2025-05-24 21:09:15,015 - matplotlib.image - WARNING - Clipping input data to the valid range for imshow with RGB data ([0..1] for floats or [0..255] for integers). Got range [-1.5455182..2.64].
2025-05-24 21:09:15,017 - matplotlib.image - WARNING - Clipping input data to the valid range for imshow with RGB data ([0..1] for floats or [0..255] for integers). Got range [-1.5455182..109.056].
2025-05-24 21:09:15,019 - matplotlib.image - WARNING - Clipping input data to the valid range for imshow with RGB data ([0..1] for floats or [0..255] for integers). Got range [-1.5185376..153.89957].
2025-05-24 21:09:15,430 - matplotlib.image - WARNING - Clipping input data to the valid range for imshow with RGB data ([0..1] for floats or [0..255] for integers). Got range [-1.7240347..2.64].
2025-05-24 21:09:15,431 - matplotlib.image - WARNING - Clipping input data to the valid range for imshow with RGB data ([0..1] for floats or [0..255] for integers). Got range [-1.7240347..109.056].
2025-05-24 21:09:15,433 - matplotlib.image - WARNING - Clipping input data to the valid range for imshow with RGB data ([0..1] for floats or [0..255] for integers). Got range [-1.6897851..153.89957].
2025-05-24 21:09:15,581 - matplotlib.image - WARNING - Clipping input data to the valid range for imshow with RGB data ([0..1] for floats or [0..255] for integers). Got range [-1.5980392..2.64].
2025-05-24 21:09:15,582 - matplotlib.image - WARNING - Clipping input data to the valid range for imshow with RGB data ([0..1] for floats or [0..255] for integers). Got range [-1.5980392..109.056].
2025-05-24 21:09:15,584 - matplotlib.image - WARNING - Clipping input data to the valid range for imshow with RGB data ([0..1] for floats or [0..255] for integers). Got range [-1.4842881..153.89957].
2025-05-24 21:09:15,988 - matplotlib.image - WARNING - Clipping input data to the valid range for imshow with RGB data ([0..1] for floats or [0..255] for integers). Got range [-1.7069099..2.64].
2025-05-24 21:09:15,989 - matplotlib.image - WARNING - Clipping input data to the valid range for imshow with RGB data ([0..1] for floats or [0..255] for integers). Got range [-1.7069099..109.056].
2025-05-24 21:09:15,991 - matplotlib.image - WARNING - Clipping input data to the valid range for imshow with RGB data ([0..1] for floats or [0..255] for integers). Got range [-1.7069099..153.89957].
2025-05-24 21:09:16,135 - matplotlib.image - WARNING - Clipping input data to the valid range for imshow with RGB data ([0..1] for floats or [0..255] for integers). Got range [-1.6384109..2.64].
2025-05-24 21:09:16,136 - matplotlib.image - WARNING - Clipping input data to the valid range for imshow with RGB data ([0..1] for floats or [0..255] for integers). Got range [-1.6384109..109.056].
2025-05-24 21:09:16,138 - matplotlib.image - WARNING - Clipping input data to the valid range for imshow with RGB data ([0..1] for floats or [0..255] for integers). Got range [-1.6384109..153.89957].
2025-05-24 21:09:16,539 - matplotlib.image - WARNING - Clipping input data to the valid range for imshow with RGB data ([0..1] for floats or [0..255] for integers). Got range [-1.7754089..2.64].
2025-05-24 21:09:16,540 - matplotlib.image - WARNING - Clipping input data to the valid range for imshow with RGB data ([0..1] for floats or [0..255] for integers). Got range [-1.7754089..109.056].
2025-05-24 21:09:16,542 - matplotlib.image - WARNING - Clipping input data to the valid range for imshow with RGB data ([0..1] for floats or [0..255] for integers). Got range [-1.7754089..153.89957].
2025-05-24 21:09:16,685 - matplotlib.image - WARNING - Clipping input data to the valid range for imshow with RGB data ([0..1] for floats or [0..255] for integers). Got range [-1.7380952..2.64].
2025-05-24 21:09:16,686 - matplotlib.image - WARNING - Clipping input data to the valid range for imshow with RGB data ([0..1] for floats or [0..255] for integers). Got range [-1.7380952..109.056].
2025-05-24 21:09:16,688 - matplotlib.image - WARNING - Clipping input data to the valid range for imshow with RGB data ([0..1] for floats or [0..255] for integers). Got range [-1.6726604..153.89957].
2025-05-24 21:09:17,096 - matplotlib.image - WARNING - Clipping input data to the valid range for imshow with RGB data ([0..1] for floats or [0..255] for integers). Got range [-2.0836544..2.2216995].
2025-05-24 21:09:17,097 - matplotlib.image - WARNING - Clipping input data to the valid range for imshow with RGB data ([0..1] for floats or [0..255] for integers). Got range [-2.0836544..108.88868].
2025-05-24 21:09:17,099 - matplotlib.image - WARNING - Clipping input data to the valid range for imshow with RGB data ([0..1] for floats or [0..255] for integers). Got range [-2.0836544..108.714386].
2025-05-24 21:09:17,228 - matplotlib.image - WARNING - Clipping input data to the valid range for imshow with RGB data ([0..1] for floats or [0..255] for integers). Got range [-2.0494049..2.3088455].
2025-05-24 21:09:17,229 - matplotlib.image - WARNING - Clipping input data to the valid range for imshow with RGB data ([0..1] for floats or [0..255] for integers). Got range [-2.0494049..108.87473].
2025-05-24 21:09:17,230 - matplotlib.image - WARNING - Clipping input data to the valid range for imshow with RGB data ([0..1] for floats or [0..255] for integers). Got range [-2.0494049..108.602844].
2025-05-24 21:09:17,768 - matplotlib.image - WARNING - Clipping input data to the valid range for imshow with RGB data ([0..1] for floats or [0..255] for integers). Got range [-2.0665298..2.2739873].
2025-05-24 21:09:17,770 - matplotlib.image - WARNING - Clipping input data to the valid range for imshow with RGB data ([0..1] for floats or [0..255] for integers). Got range [-2.0665298..108.90959].
2025-05-24 21:09:17,771 - matplotlib.image - WARNING - Clipping input data to the valid range for imshow with RGB data ([0..1] for floats or [0..255] for integers). Got range [-2.0665298..108.6377].
2025-05-24 21:09:17,889 - matplotlib.image - WARNING - Clipping input data to the valid range for imshow with RGB data ([0..1] for floats or [0..255] for integers). Got range [-2.0151556..2.169412].
2025-05-24 21:09:17,890 - matplotlib.image - WARNING - Clipping input data to the valid range for imshow with RGB data ([0..1] for floats or [0..255] for integers). Got range [-2.0151556..108.86777].
2025-05-24 21:09:17,891 - matplotlib.image - WARNING - Clipping input data to the valid range for imshow with RGB data ([0..1] for floats or [0..255] for integers). Got range [-2.0151556..108.658615].
2025-05-24 21:09:18,278 - matplotlib.image - WARNING - Clipping input data to the valid range for imshow with RGB data ([0..1] for floats or [0..255] for integers). Got range [-2.0665298..2.0474076].
2025-05-24 21:09:18,279 - matplotlib.image - WARNING - Clipping input data to the valid range for imshow with RGB data ([0..1] for floats or [0..255] for integers). Got range [-2.0665298..108.749245].
2025-05-24 21:09:18,280 - matplotlib.image - WARNING - Clipping input data to the valid range for imshow with RGB data ([0..1] for floats or [0..255] for integers). Got range [-2.0665298..108.6865].
2025-05-24 21:09:18,401 - matplotlib.image - WARNING - Clipping input data to the valid range for imshow with RGB data ([0..1] for floats or [0..255] for integers). Got range [-2.117904..1.9254032].
2025-05-24 21:09:18,402 - matplotlib.image - WARNING - Clipping input data to the valid range for imshow with RGB data ([0..1] for floats or [0..255] for integers). Got range [-2.0494049..108.6377].
2025-05-24 21:09:18,404 - matplotlib.image - WARNING - Clipping input data to the valid range for imshow with RGB data ([0..1] for floats or [0..255] for integers). Got range [-2.117904..108.63073].
2025-05-24 21:09:18,793 - matplotlib.image - WARNING - Clipping input data to the valid range for imshow with RGB data ([0..1] for floats or [0..255] for integers). Got range [-2.117904..2.1309524].
2025-05-24 21:09:18,794 - matplotlib.image - WARNING - Clipping input data to the valid range for imshow with RGB data ([0..1] for floats or [0..255] for integers). Got range [-2.117904..108.59587].
2025-05-24 21:09:18,796 - matplotlib.image - WARNING - Clipping input data to the valid range for imshow with RGB data ([0..1] for floats or [0..255] for integers). Got range [-2.117904..108.57495].
2025-05-24 21:09:18,918 - matplotlib.image - WARNING - Clipping input data to the valid range for imshow with RGB data ([0..1] for floats or [0..255] for integers). Got range [-2.117904..2.1659663].
2025-05-24 21:09:18,919 - matplotlib.image - WARNING - Clipping input data to the valid range for imshow with RGB data ([0..1] for floats or [0..255] for integers). Got range [-2.117904..108.61678].
2025-05-24 21:09:18,921 - matplotlib.image - WARNING - Clipping input data to the valid range for imshow with RGB data ([0..1] for floats or [0..255] for integers). Got range [-2.117904..108.61678].
2025-05-24 21:09:19,307 - matplotlib.image - WARNING - Clipping input data to the valid range for imshow with RGB data ([0..1] for floats or [0..255] for integers). Got range [-2.117904..2.2914162].
2025-05-24 21:09:19,308 - matplotlib.image - WARNING - Clipping input data to the valid range for imshow with RGB data ([0..1] for floats or [0..255] for integers). Got range [-2.1007793..108.916565].
2025-05-24 21:09:19,309 - matplotlib.image - WARNING - Clipping input data to the valid range for imshow with RGB data ([0..1] for floats or [0..255] for integers). Got range [-2.117904..108.547066].
2025-05-24 21:09:19,428 - matplotlib.image - WARNING - Clipping input data to the valid range for imshow with RGB data ([0..1] for floats or [0..255] for integers). Got range [-2.117904..2.3959913].
2025-05-24 21:09:19,429 - matplotlib.image - WARNING - Clipping input data to the valid range for imshow with RGB data ([0..1] for floats or [0..255] for integers). Got range [-2.117904..108.90959].
2025-05-24 21:09:19,430 - matplotlib.image - WARNING - Clipping input data to the valid range for imshow with RGB data ([0..1] for floats or [0..255] for integers). Got range [-2.117904..108.54009].
2025-05-24 21:09:19,834 - matplotlib.image - WARNING - Clipping input data to the valid range for imshow with RGB data ([0..1] for floats or [0..255] for integers). Got range [-2.0151556..2.64].
2025-05-24 21:09:19,835 - matplotlib.image - WARNING - Clipping input data to the valid range for imshow with RGB data ([0..1] for floats or [0..255] for integers). Got range [-2.0151556..109.056].
2025-05-24 21:09:19,837 - matplotlib.image - WARNING - Clipping input data to the valid range for imshow with RGB data ([0..1] for floats or [0..255] for integers). Got range [-2.0151556..153.87901].
2025-05-24 21:09:19,984 - matplotlib.image - WARNING - Clipping input data to the valid range for imshow with RGB data ([0..1] for floats or [0..255] for integers). Got range [-2.0322802..2.64].
2025-05-24 21:09:19,986 - matplotlib.image - WARNING - Clipping input data to the valid range for imshow with RGB data ([0..1] for floats or [0..255] for integers). Got range [-2.0322802..109.056].
2025-05-24 21:09:19,987 - matplotlib.image - WARNING - Clipping input data to the valid range for imshow with RGB data ([0..1] for floats or [0..255] for integers). Got range [-2.0322802..153.83792].
2025-05-24 21:09:20,398 - matplotlib.image - WARNING - Clipping input data to the valid range for imshow with RGB data ([0..1] for floats or [0..255] for integers). Got range [-2.0322802..2.64].
2025-05-24 21:09:20,399 - matplotlib.image - WARNING - Clipping input data to the valid range for imshow with RGB data ([0..1] for floats or [0..255] for integers). Got range [-2.0322802..109.056].
2025-05-24 21:09:20,401 - matplotlib.image - WARNING - Clipping input data to the valid range for imshow with RGB data ([0..1] for floats or [0..255] for integers). Got range [-2.0322802..153.86531].
2025-05-24 21:09:20,557 - matplotlib.image - WARNING - Clipping input data to the valid range for imshow with RGB data ([0..1] for floats or [0..255] for integers). Got range [-2.0151556..2.64].
2025-05-24 21:09:20,558 - matplotlib.image - WARNING - Clipping input data to the valid range for imshow with RGB data ([0..1] for floats or [0..255] for integers). Got range [-2.0151556..109.056].
2025-05-24 21:09:20,677 - matplotlib.image - WARNING - Clipping input data to the valid range for imshow with RGB data ([0..1] for floats or [0..255] for integers). Got range [-2.0151556..153.87216].
2025-05-24 21:09:21,100 - matplotlib.image - WARNING - Clipping input data to the valid range for imshow with RGB data ([0..1] for floats or [0..255] for integers). Got range [-2.0665298..2.64].
2025-05-24 21:09:21,101 - matplotlib.image - WARNING - Clipping input data to the valid range for imshow with RGB data ([0..1] for floats or [0..255] for integers). Got range [-2.0665298..109.056].
2025-05-24 21:09:21,103 - matplotlib.image - WARNING - Clipping input data to the valid range for imshow with RGB data ([0..1] for floats or [0..255] for integers). Got range [-2.0665298..153.70776].
2025-05-24 21:09:21,239 - matplotlib.image - WARNING - Clipping input data to the valid range for imshow with RGB data ([0..1] for floats or [0..255] for integers). Got range [-2.0322802..2.64].
2025-05-24 21:09:21,240 - matplotlib.image - WARNING - Clipping input data to the valid range for imshow with RGB data ([0..1] for floats or [0..255] for integers). Got range [-2.0151556..109.056].
2025-05-24 21:09:21,242 - matplotlib.image - WARNING - Clipping input data to the valid range for imshow with RGB data ([0..1] for floats or [0..255] for integers). Got range [-2.0151556..153.61186].
2025-05-24 21:09:21,651 - matplotlib.image - WARNING - Clipping input data to the valid range for imshow with RGB data ([0..1] for floats or [0..255] for integers). Got range [-2.117904..2.64].
2025-05-24 21:09:21,652 - matplotlib.image - WARNING - Clipping input data to the valid range for imshow with RGB data ([0..1] for floats or [0..255] for integers). Got range [-2.117904..109.056].
2025-05-24 21:09:21,654 - matplotlib.image - WARNING - Clipping input data to the valid range for imshow with RGB data ([0..1] for floats or [0..255] for integers). Got range [-2.117904..153.84476].
2025-05-24 21:09:21,797 - matplotlib.image - WARNING - Clipping input data to the valid range for imshow with RGB data ([0..1] for floats or [0..255] for integers). Got range [-2.0322802..2.64].
2025-05-24 21:09:21,799 - matplotlib.image - WARNING - Clipping input data to the valid range for imshow with RGB data ([0..1] for floats or [0..255] for integers). Got range [-2.0322802..109.056].
2025-05-24 21:09:21,800 - matplotlib.image - WARNING - Clipping input data to the valid range for imshow with RGB data ([0..1] for floats or [0..255] for integers). Got range [-2.0322802..153.85161].
2025-05-24 21:09:22,223 - matplotlib.image - WARNING - Clipping input data to the valid range for imshow with RGB data ([0..1] for floats or [0..255] for integers). Got range [-2.0836544..2.64].
2025-05-24 21:09:22,224 - matplotlib.image - WARNING - Clipping input data to the valid range for imshow with RGB data ([0..1] for floats or [0..255] for integers). Got range [-2.0836544..109.056].
2025-05-24 21:09:22,226 - matplotlib.image - WARNING - Clipping input data to the valid range for imshow with RGB data ([0..1] for floats or [0..255] for integers). Got range [-2.0836544..153.64612].
2025-05-24 21:09:22,366 - matplotlib.image - WARNING - Clipping input data to the valid range for imshow with RGB data ([0..1] for floats or [0..255] for integers). Got range [-2.0665298..2.64].
2025-05-24 21:09:22,367 - matplotlib.image - WARNING - Clipping input data to the valid range for imshow with RGB data ([0..1] for floats or [0..255] for integers). Got range [-2.0665298..109.056].
2025-05-24 21:09:22,369 - matplotlib.image - WARNING - Clipping input data to the valid range for imshow with RGB data ([0..1] for floats or [0..255] for integers). Got range [-2.0665298..153.59132].
2025-05-24 21:09:22,797 - matplotlib.image - WARNING - Clipping input data to the valid range for imshow with RGB data ([0..1] for floats or [0..255] for integers). Got range [-2.0322802..2.5702832].
2025-05-24 21:09:22,798 - matplotlib.image - WARNING - Clipping input data to the valid range for imshow with RGB data ([0..1] for floats or [0..255] for integers). Got range [-2.0322802..109.028114].
2025-05-24 21:09:22,799 - matplotlib.image - WARNING - Clipping input data to the valid range for imshow with RGB data ([0..1] for floats or [0..255] for integers). Got range [-2.0322802..140.22812].
2025-05-24 21:09:22,926 - matplotlib.image - WARNING - Clipping input data to the valid range for imshow with RGB data ([0..1] for floats or [0..255] for integers). Got range [-2.0494049..2.465708].
2025-05-24 21:09:22,927 - matplotlib.image - WARNING - Clipping input data to the valid range for imshow with RGB data ([0..1] for floats or [0..255] for integers). Got range [-2.0322802..108.98628].
2025-05-24 21:09:22,930 - matplotlib.image - WARNING - Clipping input data to the valid range for imshow with RGB data ([0..1] for floats or [0..255] for integers). Got range [-2.0494049..140.18628].
2025-05-24 21:09:23,324 - matplotlib.image - WARNING - Clipping input data to the valid range for imshow with RGB data ([0..1] for floats or [0..255] for integers). Got range [-2.0494049..2.465708].
2025-05-24 21:09:23,326 - matplotlib.image - WARNING - Clipping input data to the valid range for imshow with RGB data ([0..1] for floats or [0..255] for integers). Got range [-2.0322802..108.98628].
2025-05-24 21:09:23,327 - matplotlib.image - WARNING - Clipping input data to the valid range for imshow with RGB data ([0..1] for floats or [0..255] for integers). Got range [-2.0494049..140.18628].
2025-05-24 21:09:23,470 - matplotlib.image - WARNING - Clipping input data to the valid range for imshow with RGB data ([0..1] for floats or [0..255] for integers). Got range [-2.0494049..2.4482791].
2025-05-24 21:09:23,471 - matplotlib.image - WARNING - Clipping input data to the valid range for imshow with RGB data ([0..1] for floats or [0..255] for integers). Got range [-2.0322802..108.97234].
2025-05-24 21:09:23,473 - matplotlib.image - WARNING - Clipping input data to the valid range for imshow with RGB data ([0..1] for floats or [0..255] for integers). Got range [-2.0494049..140.1793].
2025-05-24 21:09:23,869 - matplotlib.image - WARNING - Clipping input data to the valid range for imshow with RGB data ([0..1] for floats or [0..255] for integers). Got range [-2.0494049..2.3959913].
2025-05-24 21:09:23,871 - matplotlib.image - WARNING - Clipping input data to the valid range for imshow with RGB data ([0..1] for floats or [0..255] for integers). Got range [-2.0322802..108.902626].
2025-05-24 21:09:23,872 - matplotlib.image - WARNING - Clipping input data to the valid range for imshow with RGB data ([0..1] for floats or [0..255] for integers). Got range [-2.0494049..140.09566].
2025-05-24 21:09:24,136 - matplotlib.image - WARNING - Clipping input data to the valid range for imshow with RGB data ([0..1] for floats or [0..255] for integers). Got range [-2.0322802..2.3088455].
2025-05-24 21:09:24,137 - matplotlib.image - WARNING - Clipping input data to the valid range for imshow with RGB data ([0..1] for floats or [0..255] for integers). Got range [-2.0151556..108.902626].
2025-05-24 21:09:24,139 - matplotlib.image - WARNING - Clipping input data to the valid range for imshow with RGB data ([0..1] for floats or [0..255] for integers). Got range [-2.0322802..140.08171].
2025-05-24 21:09:24,544 - matplotlib.image - WARNING - Clipping input data to the valid range for imshow with RGB data ([0..1] for floats or [0..255] for integers). Got range [-2.0494049..2.343704].
2025-05-24 21:09:24,546 - matplotlib.image - WARNING - Clipping input data to the valid range for imshow with RGB data ([0..1] for floats or [0..255] for integers). Got range [-2.0322802..108.88868].
2025-05-24 21:09:24,547 - matplotlib.image - WARNING - Clipping input data to the valid range for imshow with RGB data ([0..1] for floats or [0..255] for integers). Got range [-2.0494049..139.99805].
2025-05-24 21:09:24,678 - matplotlib.image - WARNING - Clipping input data to the valid range for imshow with RGB data ([0..1] for floats or [0..255] for integers). Got range [-2.0494049..2.343704].
2025-05-24 21:09:24,679 - matplotlib.image - WARNING - Clipping input data to the valid range for imshow with RGB data ([0..1] for floats or [0..255] for integers). Got range [-2.0322802..108.88868].
2025-05-24 21:09:24,681 - matplotlib.image - WARNING - Clipping input data to the valid range for imshow with RGB data ([0..1] for floats or [0..255] for integers). Got range [-2.0494049..140.03291].
2025-05-24 21:09:25,065 - matplotlib.image - WARNING - Clipping input data to the valid range for imshow with RGB data ([0..1] for floats or [0..255] for integers). Got range [-2.0494049..2.343704].
2025-05-24 21:09:25,066 - matplotlib.image - WARNING - Clipping input data to the valid range for imshow with RGB data ([0..1] for floats or [0..255] for integers). Got range [-2.0322802..108.85382].
2025-05-24 21:09:25,067 - matplotlib.image - WARNING - Clipping input data to the valid range for imshow with RGB data ([0..1] for floats or [0..255] for integers). Got range [-2.0494049..140.08171].
2025-05-24 21:09:25,197 - matplotlib.image - WARNING - Clipping input data to the valid range for imshow with RGB data ([0..1] for floats or [0..255] for integers). Got range [-2.0322802..2.2914162].
2025-05-24 21:09:25,198 - matplotlib.image - WARNING - Clipping input data to the valid range for imshow with RGB data ([0..1] for floats or [0..255] for integers). Got range [-2.0322802..108.90959].
2025-05-24 21:09:25,200 - matplotlib.image - WARNING - Clipping input data to the valid range for imshow with RGB data ([0..1] for floats or [0..255] for integers). Got range [-2.0322802..140.012].
2025-05-24 21:09:25,590 - matplotlib.image - WARNING - Clipping input data to the valid range for imshow with RGB data ([0..1] for floats or [0..255] for integers). Got range [-2.0494049..2.5005665].
2025-05-24 21:09:25,591 - matplotlib.image - WARNING - Clipping input data to the valid range for imshow with RGB data ([0..1] for floats or [0..255] for integers). Got range [-2.0494049..108.85382].
2025-05-24 21:09:25,593 - matplotlib.image - WARNING - Clipping input data to the valid range for imshow with RGB data ([0..1] for floats or [0..255] for integers). Got range [-2.0494049..140.20023].
2025-05-24 21:09:25,727 - matplotlib.image - WARNING - Clipping input data to the valid range for imshow with RGB data ([0..1] for floats or [0..255] for integers). Got range [-2.0494049..2.2914162].
2025-05-24 21:09:25,728 - matplotlib.image - WARNING - Clipping input data to the valid range for imshow with RGB data ([0..1] for floats or [0..255] for integers). Got range [-2.0494049..108.916565].
2025-05-24 21:09:25,729 - matplotlib.image - WARNING - Clipping input data to the valid range for imshow with RGB data ([0..1] for floats or [0..255] for integers). Got range [-2.0494049..140.06776].
2025-05-24 21:09:26,128 - matplotlib.image - WARNING - Clipping input data to the valid range for imshow with RGB data ([0..1] for floats or [0..255] for integers). Got range [-2.0322802..2.3785625].
2025-05-24 21:09:26,129 - matplotlib.image - WARNING - Clipping input data to the valid range for imshow with RGB data ([0..1] for floats or [0..255] for integers). Got range [-2.0151556..108.95142].
2025-05-24 21:09:26,131 - matplotlib.image - WARNING - Clipping input data to the valid range for imshow with RGB data ([0..1] for floats or [0..255] for integers). Got range [-2.0322802..140.15143].
2025-05-24 21:09:26,264 - matplotlib.image - WARNING - Clipping input data to the valid range for imshow with RGB data ([0..1] for floats or [0..255] for integers). Got range [-2.0494049..2.465708].
2025-05-24 21:09:26,265 - matplotlib.image - WARNING - Clipping input data to the valid range for imshow with RGB data ([0..1] for floats or [0..255] for integers). Got range [-2.0494049..108.98628].
2025-05-24 21:09:26,267 - matplotlib.image - WARNING - Clipping input data to the valid range for imshow with RGB data ([0..1] for floats or [0..255] for integers). Got range [-2.0494049..140.18628].
2025-05-24 21:09:26,676 - matplotlib.image - WARNING - Clipping input data to the valid range for imshow with RGB data ([0..1] for floats or [0..255] for integers). Got range [-2.0836544..2.343704].
2025-05-24 21:09:26,677 - matplotlib.image - WARNING - Clipping input data to the valid range for imshow with RGB data ([0..1] for floats or [0..255] for integers). Got range [-2.0836544..108.92354].
2025-05-24 21:09:26,679 - matplotlib.image - WARNING - Clipping input data to the valid range for imshow with RGB data ([0..1] for floats or [0..255] for integers). Got range [-2.0665298..140.13748].
2025-05-24 21:09:26,833 - matplotlib.image - WARNING - Clipping input data to the valid range for imshow with RGB data ([0..1] for floats or [0..255] for integers). Got range [-2.117904..2.4482791].
2025-05-24 21:09:26,834 - matplotlib.image - WARNING - Clipping input data to the valid range for imshow with RGB data ([0..1] for floats or [0..255] for integers). Got range [-2.117904..108.97931].
2025-05-24 21:09:26,836 - matplotlib.image - WARNING - Clipping input data to the valid range for imshow with RGB data ([0..1] for floats or [0..255] for integers). Got range [-2.117904..140.1793].
2025-05-24 21:09:27,398 - matplotlib.image - WARNING - Clipping input data to the valid range for imshow with RGB data ([0..1] for floats or [0..255] for integers). Got range [-1.9980307..2.3088455].
2025-05-24 21:09:27,399 - matplotlib.image - WARNING - Clipping input data to the valid range for imshow with RGB data ([0..1] for floats or [0..255] for integers). Got range [-1.9980307..108.92354].
2025-05-24 21:09:27,401 - matplotlib.image - WARNING - Clipping input data to the valid range for imshow with RGB data ([0..1] for floats or [0..255] for integers). Got range [-1.843908..139.9632].
2025-05-24 21:09:27,539 - matplotlib.image - WARNING - Clipping input data to the valid range for imshow with RGB data ([0..1] for floats or [0..255] for integers). Got range [-2.0494049..2.3262744].
2025-05-24 21:09:27,540 - matplotlib.image - WARNING - Clipping input data to the valid range for imshow with RGB data ([0..1] for floats or [0..255] for integers). Got range [-2.0322802..108.93051].
2025-05-24 21:09:27,542 - matplotlib.image - WARNING - Clipping input data to the valid range for imshow with RGB data ([0..1] for floats or [0..255] for integers). Got range [-1.7582842..139.95622].
2025-05-24 21:09:27,948 - matplotlib.image - WARNING - Clipping input data to the valid range for imshow with RGB data ([0..1] for floats or [0..255] for integers). Got range [-2.117904..2.5877128].
2025-05-24 21:09:27,949 - matplotlib.image - WARNING - Clipping input data to the valid range for imshow with RGB data ([0..1] for floats or [0..255] for integers). Got range [-2.117904..108.97931].
2025-05-24 21:09:27,952 - matplotlib.image - WARNING - Clipping input data to the valid range for imshow with RGB data ([0..1] for floats or [0..255] for integers). Got range [-2.0151556..140.06776].
2025-05-24 21:09:28,096 - matplotlib.image - WARNING - Clipping input data to the valid range for imshow with RGB data ([0..1] for floats or [0..255] for integers). Got range [-2.0836544..2.6051416].
2025-05-24 21:09:28,097 - matplotlib.image - WARNING - Clipping input data to the valid range for imshow with RGB data ([0..1] for floats or [0..255] for integers). Got range [-2.0836544..109.04205].
2025-05-24 21:09:28,099 - matplotlib.image - WARNING - Clipping input data to the valid range for imshow with RGB data ([0..1] for floats or [0..255] for integers). Got range [-1.7754089..140.24205].
2025-05-24 21:09:28,475 - matplotlib.image - WARNING - Clipping input data to the valid range for imshow with RGB data ([0..1] for floats or [0..255] for integers). Got range [-1.9980307..2.64].
2025-05-24 21:09:28,476 - matplotlib.image - WARNING - Clipping input data to the valid range for imshow with RGB data ([0..1] for floats or [0..255] for integers). Got range [-1.980906..109.056].
2025-05-24 21:09:28,478 - matplotlib.image - WARNING - Clipping input data to the valid range for imshow with RGB data ([0..1] for floats or [0..255] for integers). Got range [-1.6555357..140.11656].
2025-05-24 21:09:28,603 - matplotlib.image - WARNING - Clipping input data to the valid range for imshow with RGB data ([0..1] for floats or [0..255] for integers). Got range [-2.0665298..2.64].
2025-05-24 21:09:28,605 - matplotlib.image - WARNING - Clipping input data to the valid range for imshow with RGB data ([0..1] for floats or [0..255] for integers). Got range [-1.8952821..109.056].
2025-05-24 21:09:28,606 - matplotlib.image - WARNING - Clipping input data to the valid range for imshow with RGB data ([0..1] for floats or [0..255] for integers). Got range [-1.370448..140.06776].
2025-05-24 21:09:28,984 - matplotlib.image - WARNING - Clipping input data to the valid range for imshow with RGB data ([0..1] for floats or [0..255] for integers). Got range [-1.9124069..2.4134207].
2025-05-24 21:09:28,985 - matplotlib.image - WARNING - Clipping input data to the valid range for imshow with RGB data ([0..1] for floats or [0..255] for integers). Got range [-1.8781574..108.94445].
2025-05-24 21:09:28,987 - matplotlib.image - WARNING - Clipping input data to the valid range for imshow with RGB data ([0..1] for floats or [0..255] for integers). Got range [-1.6155462..139.47517].
2025-05-24 21:09:29,129 - matplotlib.image - WARNING - Clipping input data to the valid range for imshow with RGB data ([0..1] for floats or [0..255] for integers). Got range [-1.8781574..2.4134207].
2025-05-24 21:09:29,131 - matplotlib.image - WARNING - Clipping input data to the valid range for imshow with RGB data ([0..1] for floats or [0..255] for integers). Got range [-1.7731092..108.95142].
2025-05-24 21:09:29,133 - matplotlib.image - WARNING - Clipping input data to the valid range for imshow with RGB data ([0..1] for floats or [0..255] for integers). Got range [-1.5356624..139.46123].
2025-05-24 21:09:29,520 - matplotlib.image - WARNING - Clipping input data to the valid range for imshow with RGB data ([0..1] for floats or [0..255] for integers). Got range [-1.9295317..2.5877128].
2025-05-24 21:09:29,521 - matplotlib.image - WARNING - Clipping input data to the valid range for imshow with RGB data ([0..1] for floats or [0..255] for integers). Got range [-1.7754089..109.03509].
2025-05-24 21:09:29,523 - matplotlib.image - WARNING - Clipping input data to the valid range for imshow with RGB data ([0..1] for floats or [0..255] for integers). Got range [-1.7925336..153.78311].
2025-05-24 21:09:29,698 - matplotlib.image - WARNING - Clipping input data to the valid range for imshow with RGB data ([0..1] for floats or [0..255] for integers). Got range [-1.8781574..2.622571].
2025-05-24 21:09:29,700 - matplotlib.image - WARNING - Clipping input data to the valid range for imshow with RGB data ([0..1] for floats or [0..255] for integers). Got range [-1.843908..109.00023].
2025-05-24 21:09:29,701 - matplotlib.image - WARNING - Clipping input data to the valid range for imshow with RGB data ([0..1] for floats or [0..255] for integers). Got range [-1.5527872..153.63242].
2025-05-24 21:09:30,158 - matplotlib.image - WARNING - Clipping input data to the valid range for imshow with RGB data ([0..1] for floats or [0..255] for integers). Got range [-1.9124069..2.5877128].
2025-05-24 21:09:30,159 - matplotlib.image - WARNING - Clipping input data to the valid range for imshow with RGB data ([0..1] for floats or [0..255] for integers). Got range [-1.9124069..109.03509].
2025-05-24 21:09:30,161 - matplotlib.image - WARNING - Clipping input data to the valid range for imshow with RGB data ([0..1] for floats or [0..255] for integers). Got range [-1.7754089..153.83792].
2025-05-24 21:09:30,481 - matplotlib.image - WARNING - Clipping input data to the valid range for imshow with RGB data ([0..1] for floats or [0..255] for integers). Got range [-1.9466565..2.5702832].
2025-05-24 21:09:30,482 - matplotlib.image - WARNING - Clipping input data to the valid range for imshow with RGB data ([0..1] for floats or [0..255] for integers). Got range [-1.7925336..108.993256].
2025-05-24 21:09:30,484 - matplotlib.image - WARNING - Clipping input data to the valid range for imshow with RGB data ([0..1] for floats or [0..255] for integers). Got range [-1.7240347..153.75572].
2025-05-24 21:09:30,889 - matplotlib.image - WARNING - Clipping input data to the valid range for imshow with RGB data ([0..1] for floats or [0..255] for integers). Got range [-1.9831933..2.5005665].
2025-05-24 21:09:30,890 - matplotlib.image - WARNING - Clipping input data to the valid range for imshow with RGB data ([0..1] for floats or [0..255] for integers). Got range [-1.6897851..108.96537].
2025-05-24 21:09:30,892 - matplotlib.image - WARNING - Clipping input data to the valid range for imshow with RGB data ([0..1] for floats or [0..255] for integers). Got range [-1.980906..153.66667].
2025-05-24 21:09:31,072 - matplotlib.image - WARNING - Clipping input data to the valid range for imshow with RGB data ([0..1] for floats or [0..255] for integers). Got range [-1.8781574..2.5179958].
2025-05-24 21:09:31,074 - matplotlib.image - WARNING - Clipping input data to the valid range for imshow with RGB data ([0..1] for floats or [0..255] for integers). Got range [-1.7556022..108.9584].
2025-05-24 21:09:31,075 - matplotlib.image - WARNING - Clipping input data to the valid range for imshow with RGB data ([0..1] for floats or [0..255] for integers). Got range [-1.5699118..153.63242].
2025-05-24 21:09:31,483 - matplotlib.image - WARNING - Clipping input data to the valid range for imshow with RGB data ([0..1] for floats or [0..255] for integers). Got range [-1.8952821..2.6051416].
2025-05-24 21:09:31,485 - matplotlib.image - WARNING - Clipping input data to the valid range for imshow with RGB data ([0..1] for floats or [0..255] for integers). Got range [-1.8096584..109.04205].
2025-05-24 21:09:31,486 - matplotlib.image - WARNING - Clipping input data to the valid range for imshow with RGB data ([0..1] for floats or [0..255] for integers). Got range [-1.7411594..153.70091].
2025-05-24 21:09:31,669 - matplotlib.image - WARNING - Clipping input data to the valid range for imshow with RGB data ([0..1] for floats or [0..255] for integers). Got range [-1.9295317..2.5877128].
2025-05-24 21:09:31,670 - matplotlib.image - WARNING - Clipping input data to the valid range for imshow with RGB data ([0..1] for floats or [0..255] for integers). Got range [-1.7240347..109.01417].
2025-05-24 21:09:31,672 - matplotlib.image - WARNING - Clipping input data to the valid range for imshow with RGB data ([0..1] for floats or [0..255] for integers). Got range [-1.7240347..153.65297].
2025-05-24 21:09:32,103 - matplotlib.image - WARNING - Clipping input data to the valid range for imshow with RGB data ([0..1] for floats or [0..255] for integers). Got range [-1.9295317..2.622571].
2025-05-24 21:09:32,105 - matplotlib.image - WARNING - Clipping input data to the valid range for imshow with RGB data ([0..1] for floats or [0..255] for integers). Got range [-1.7069099..109.04903].
2025-05-24 21:09:32,106 - matplotlib.image - WARNING - Clipping input data to the valid range for imshow with RGB data ([0..1] for floats or [0..255] for integers). Got range [-1.7582842..153.81052].
2025-05-24 21:09:32,279 - matplotlib.image - WARNING - Clipping input data to the valid range for imshow with RGB data ([0..1] for floats or [0..255] for integers). Got range [-1.8952821..2.622571].
2025-05-24 21:09:32,280 - matplotlib.image - WARNING - Clipping input data to the valid range for imshow with RGB data ([0..1] for floats or [0..255] for integers). Got range [-1.7240347..109.04903].
2025-05-24 21:09:32,282 - matplotlib.image - WARNING - Clipping input data to the valid range for imshow with RGB data ([0..1] for floats or [0..255] for integers). Got range [-1.5870366..153.57077].
2025-05-24 21:09:32,722 - matplotlib.image - WARNING - Clipping input data to the valid range for imshow with RGB data ([0..1] for floats or [0..255] for integers). Got range [-1.9295317..2.6051416].
2025-05-24 21:09:32,723 - matplotlib.image - WARNING - Clipping input data to the valid range for imshow with RGB data ([0..1] for floats or [0..255] for integers). Got range [-1.7582842..109.04205].
2025-05-24 21:09:32,725 - matplotlib.image - WARNING - Clipping input data to the valid range for imshow with RGB data ([0..1] for floats or [0..255] for integers). Got range [-1.5455182..153.87901].
2025-05-24 21:09:32,910 - matplotlib.image - WARNING - Clipping input data to the valid range for imshow with RGB data ([0..1] for floats or [0..255] for integers). Got range [-1.8952821..2.64].
2025-05-24 21:09:32,912 - matplotlib.image - WARNING - Clipping input data to the valid range for imshow with RGB data ([0..1] for floats or [0..255] for integers). Got range [-1.8781574..109.056].
2025-05-24 21:09:32,914 - matplotlib.image - WARNING - Clipping input data to the valid range for imshow with RGB data ([0..1] for floats or [0..255] for integers). Got range [-1.8952821..153.87216].
2025-05-24 21:09:33,318 - matplotlib.image - WARNING - Clipping input data to the valid range for imshow with RGB data ([0..1] for floats or [0..255] for integers). Got range [-1.8781574..2.5702832].
2025-05-24 21:09:33,319 - matplotlib.image - WARNING - Clipping input data to the valid range for imshow with RGB data ([0..1] for floats or [0..255] for integers). Got range [-1.7069099..109.028114].
2025-05-24 21:09:33,321 - matplotlib.image - WARNING - Clipping input data to the valid range for imshow with RGB data ([0..1] for floats or [0..255] for integers). Got range [-1.7069099..153.69406].
2025-05-24 21:09:33,503 - matplotlib.image - WARNING - Clipping input data to the valid range for imshow with RGB data ([0..1] for floats or [0..255] for integers). Got range [-1.8781574..2.6051416].
2025-05-24 21:09:33,504 - matplotlib.image - WARNING - Clipping input data to the valid range for imshow with RGB data ([0..1] for floats or [0..255] for integers). Got range [-1.7582842..109.028114].
2025-05-24 21:09:33,506 - matplotlib.image - WARNING - Clipping input data to the valid range for imshow with RGB data ([0..1] for floats or [0..255] for integers). Got range [-1.7582842..153.63927].
2025-05-24 21:09:33,929 - matplotlib.image - WARNING - Clipping input data to the valid range for imshow with RGB data ([0..1] for floats or [0..255] for integers). Got range [-1.8610327..2.3611329].
2025-05-24 21:09:33,931 - matplotlib.image - WARNING - Clipping input data to the valid range for imshow with RGB data ([0..1] for floats or [0..255] for integers). Got range [-1.5527872..108.94445].
2025-05-24 21:09:33,933 - matplotlib.image - WARNING - Clipping input data to the valid range for imshow with RGB data ([0..1] for floats or [0..255] for integers). Got range [-1.5356624..153.61186].
2025-05-24 21:09:34,242 - matplotlib.image - WARNING - Clipping input data to the valid range for imshow with RGB data ([0..1] for floats or [0..255] for integers). Got range [-1.8610327..2.5877128].
2025-05-24 21:09:34,243 - matplotlib.image - WARNING - Clipping input data to the valid range for imshow with RGB data ([0..1] for floats or [0..255] for integers). Got range [-1.5105042..108.9584].
2025-05-24 21:09:34,245 - matplotlib.image - WARNING - Clipping input data to the valid range for imshow with RGB data ([0..1] for floats or [0..255] for integers). Got range [-1.6897851..153.58447].
2025-05-24 21:09:34,675 - matplotlib.image - WARNING - Clipping input data to the valid range for imshow with RGB data ([0..1] for floats or [0..255] for integers). Got range [-1.843908..2.64].
2025-05-24 21:09:34,676 - matplotlib.image - WARNING - Clipping input data to the valid range for imshow with RGB data ([0..1] for floats or [0..255] for integers). Got range [-1.843908..108.97234].
2025-05-24 21:09:34,678 - matplotlib.image - WARNING - Clipping input data to the valid range for imshow with RGB data ([0..1] for floats or [0..255] for integers). Got range [-1.7754089..108.735306].
2025-05-24 21:09:34,829 - matplotlib.image - WARNING - Clipping input data to the valid range for imshow with RGB data ([0..1] for floats or [0..255] for integers). Got range [-1.8610327..2.622571].
2025-05-24 21:09:34,830 - matplotlib.image - WARNING - Clipping input data to the valid range for imshow with RGB data ([0..1] for floats or [0..255] for integers). Got range [-1.8610327..109.00023].
2025-05-24 21:09:34,832 - matplotlib.image - WARNING - Clipping input data to the valid range for imshow with RGB data ([0..1] for floats or [0..255] for integers). Got range [-1.7582842..108.72833].
2025-05-24 21:09:35,258 - matplotlib.image - WARNING - Clipping input data to the valid range for imshow with RGB data ([0..1] for floats or [0..255] for integers). Got range [-1.9124069..2.64].
2025-05-24 21:09:35,260 - matplotlib.image - WARNING - Clipping input data to the valid range for imshow with RGB data ([0..1] for floats or [0..255] for integers). Got range [-1.8610327..108.9584].
2025-05-24 21:09:35,261 - matplotlib.image - WARNING - Clipping input data to the valid range for imshow with RGB data ([0..1] for floats or [0..255] for integers). Got range [-1.8610327..108.76319].
2025-05-24 21:09:35,411 - matplotlib.image - WARNING - Clipping input data to the valid range for imshow with RGB data ([0..1] for floats or [0..255] for integers). Got range [-1.9124069..2.64].
2025-05-24 21:09:35,412 - matplotlib.image - WARNING - Clipping input data to the valid range for imshow with RGB data ([0..1] for floats or [0..255] for integers). Got range [-1.8610327..108.9584].
2025-05-24 21:09:35,414 - matplotlib.image - WARNING - Clipping input data to the valid range for imshow with RGB data ([0..1] for floats or [0..255] for integers). Got range [-1.9124069..108.76319].
2025-05-24 21:09:35,800 - matplotlib.image - WARNING - Clipping input data to the valid range for imshow with RGB data ([0..1] for floats or [0..255] for integers). Got range [-1.8096584..2.64].
2025-05-24 21:09:35,802 - matplotlib.image - WARNING - Clipping input data to the valid range for imshow with RGB data ([0..1] for floats or [0..255] for integers). Got range [-1.8096584..109.056].
2025-05-24 21:09:35,803 - matplotlib.image - WARNING - Clipping input data to the valid range for imshow with RGB data ([0..1] for floats or [0..255] for integers). Got range [-1.8096584..108.74227].
2025-05-24 21:09:35,948 - matplotlib.image - WARNING - Clipping input data to the valid range for imshow with RGB data ([0..1] for floats or [0..255] for integers). Got range [-1.7925336..2.64].
2025-05-24 21:09:35,949 - matplotlib.image - WARNING - Clipping input data to the valid range for imshow with RGB data ([0..1] for floats or [0..255] for integers). Got range [-1.7925336..109.056].
2025-05-24 21:09:35,950 - matplotlib.image - WARNING - Clipping input data to the valid range for imshow with RGB data ([0..1] for floats or [0..255] for integers). Got range [-1.7925336..108.749245].
2025-05-24 21:09:36,351 - matplotlib.image - WARNING - Clipping input data to the valid range for imshow with RGB data ([0..1] for floats or [0..255] for integers). Got range [-1.8610327..2.64].
2025-05-24 21:09:36,352 - matplotlib.image - WARNING - Clipping input data to the valid range for imshow with RGB data ([0..1] for floats or [0..255] for integers). Got range [-1.7925336..108.79108].
2025-05-24 21:09:36,353 - matplotlib.image - WARNING - Clipping input data to the valid range for imshow with RGB data ([0..1] for floats or [0..255] for integers). Got range [-1.7925336..108.79805].
2025-05-24 21:09:36,508 - matplotlib.image - WARNING - Clipping input data to the valid range for imshow with RGB data ([0..1] for floats or [0..255] for integers). Got range [-1.8952821..2.622571].
2025-05-24 21:09:36,509 - matplotlib.image - WARNING - Clipping input data to the valid range for imshow with RGB data ([0..1] for floats or [0..255] for integers). Got range [-1.8096584..109.01417].
2025-05-24 21:09:36,511 - matplotlib.image - WARNING - Clipping input data to the valid range for imshow with RGB data ([0..1] for floats or [0..255] for integers). Got range [-1.8096584..108.79108].
2025-05-24 21:09:36,918 - matplotlib.image - WARNING - Clipping input data to the valid range for imshow with RGB data ([0..1] for floats or [0..255] for integers). Got range [-1.9295317..2.5877128].
2025-05-24 21:09:36,919 - matplotlib.image - WARNING - Clipping input data to the valid range for imshow with RGB data ([0..1] for floats or [0..255] for integers). Got range [-1.8781574..108.9584].
2025-05-24 21:09:36,921 - matplotlib.image - WARNING - Clipping input data to the valid range for imshow with RGB data ([0..1] for floats or [0..255] for integers). Got range [-1.8781574..108.76319].
2025-05-24 21:09:37,083 - matplotlib.image - WARNING - Clipping input data to the valid range for imshow with RGB data ([0..1] for floats or [0..255] for integers). Got range [-1.9124069..2.3785625].
2025-05-24 21:09:37,085 - matplotlib.image - WARNING - Clipping input data to the valid range for imshow with RGB data ([0..1] for floats or [0..255] for integers). Got range [-1.8610327..108.95142].
2025-05-24 21:09:37,086 - matplotlib.image - WARNING - Clipping input data to the valid range for imshow with RGB data ([0..1] for floats or [0..255] for integers). Got range [-1.8610327..108.76319].
2025-05-24 21:09:37,649 - matplotlib.image - WARNING - Clipping input data to the valid range for imshow with RGB data ([0..1] for floats or [0..255] for integers). Got range [-1.8781574..2.3088455].
2025-05-24 21:09:37,650 - matplotlib.image - WARNING - Clipping input data to the valid range for imshow with RGB data ([0..1] for floats or [0..255] for integers). Got range [-1.8781574..108.76319].
2025-05-24 21:09:37,651 - matplotlib.image - WARNING - Clipping input data to the valid range for imshow with RGB data ([0..1] for floats or [0..255] for integers). Got range [-1.8781574..108.79805].
2025-05-24 21:09:37,804 - matplotlib.image - WARNING - Clipping input data to the valid range for imshow with RGB data ([0..1] for floats or [0..255] for integers). Got range [-1.8952821..2.4308496].
2025-05-24 21:09:37,805 - matplotlib.image - WARNING - Clipping input data to the valid range for imshow with RGB data ([0..1] for floats or [0..255] for integers). Got range [-1.8952821..108.7841].
2025-05-24 21:09:37,806 - matplotlib.image - WARNING - Clipping input data to the valid range for imshow with RGB data ([0..1] for floats or [0..255] for integers). Got range [-1.8952821..108.6865].
2025-05-24 21:09:38,253 - matplotlib.image - WARNING - Clipping input data to the valid range for imshow with RGB data ([0..1] for floats or [0..255] for integers). Got range [-2.0151556..2.64].
2025-05-24 21:09:38,254 - matplotlib.image - WARNING - Clipping input data to the valid range for imshow with RGB data ([0..1] for floats or [0..255] for integers). Got range [-2.0151556..109.04903].
2025-05-24 21:09:38,256 - matplotlib.image - WARNING - Clipping input data to the valid range for imshow with RGB data ([0..1] for floats or [0..255] for integers). Got range [-1.9466565..108.902626].
2025-05-24 21:09:38,425 - matplotlib.image - WARNING - Clipping input data to the valid range for imshow with RGB data ([0..1] for floats or [0..255] for integers). Got range [-1.9980307..2.64].
2025-05-24 21:09:38,426 - matplotlib.image - WARNING - Clipping input data to the valid range for imshow with RGB data ([0..1] for floats or [0..255] for integers). Got range [-1.9637812..109.04903].
2025-05-24 21:09:38,428 - matplotlib.image - WARNING - Clipping input data to the valid range for imshow with RGB data ([0..1] for floats or [0..255] for integers). Got range [-1.9637812..108.86777].
2025-05-24 21:09:38,852 - matplotlib.image - WARNING - Clipping input data to the valid range for imshow with RGB data ([0..1] for floats or [0..255] for integers). Got range [-1.980906..2.64].
2025-05-24 21:09:38,853 - matplotlib.image - WARNING - Clipping input data to the valid range for imshow with RGB data ([0..1] for floats or [0..255] for integers). Got range [-1.9637812..109.056].
2025-05-24 21:09:38,855 - matplotlib.image - WARNING - Clipping input data to the valid range for imshow with RGB data ([0..1] for floats or [0..255] for integers). Got range [-1.980906..108.88171].
2025-05-24 21:09:39,007 - matplotlib.image - WARNING - Clipping input data to the valid range for imshow with RGB data ([0..1] for floats or [0..255] for integers). Got range [-1.9980307..2.64].
2025-05-24 21:09:39,008 - matplotlib.image - WARNING - Clipping input data to the valid range for imshow with RGB data ([0..1] for floats or [0..255] for integers). Got range [-1.980906..109.056].
2025-05-24 21:09:39,009 - matplotlib.image - WARNING - Clipping input data to the valid range for imshow with RGB data ([0..1] for floats or [0..255] for integers). Got range [-1.980906..108.825935].
2025-05-24 21:09:39,393 - matplotlib.image - WARNING - Clipping input data to the valid range for imshow with RGB data ([0..1] for floats or [0..255] for integers). Got range [-2.0665298..2.64].
2025-05-24 21:09:39,394 - matplotlib.image - WARNING - Clipping input data to the valid range for imshow with RGB data ([0..1] for floats or [0..255] for integers). Got range [-2.0665298..109.04903].
2025-05-24 21:09:39,396 - matplotlib.image - WARNING - Clipping input data to the valid range for imshow with RGB data ([0..1] for floats or [0..255] for integers). Got range [-2.0665298..108.75622].
2025-05-24 21:09:39,551 - matplotlib.image - WARNING - Clipping input data to the valid range for imshow with RGB data ([0..1] for floats or [0..255] for integers). Got range [-2.0151556..2.64].
2025-05-24 21:09:39,553 - matplotlib.image - WARNING - Clipping input data to the valid range for imshow with RGB data ([0..1] for floats or [0..255] for integers). Got range [-2.0151556..109.056].
2025-05-24 21:09:39,554 - matplotlib.image - WARNING - Clipping input data to the valid range for imshow with RGB data ([0..1] for floats or [0..255] for integers). Got range [-1.9980307..108.75622].
2025-05-24 21:09:39,951 - matplotlib.image - WARNING - Clipping input data to the valid range for imshow with RGB data ([0..1] for floats or [0..255] for integers). Got range [-2.1007793..1.9428324].
2025-05-24 21:09:39,952 - matplotlib.image - WARNING - Clipping input data to the valid range for imshow with RGB data ([0..1] for floats or [0..255] for integers). Got range [-2.1007793..108.658615].
2025-05-24 21:09:39,953 - matplotlib.image - WARNING - Clipping input data to the valid range for imshow with RGB data ([0..1] for floats or [0..255] for integers). Got range [-2.1007793..108.77713].
2025-05-24 21:09:40,102 - matplotlib.image - WARNING - Clipping input data to the valid range for imshow with RGB data ([0..1] for floats or [0..255] for integers). Got range [-2.0665298..1.9776908].
2025-05-24 21:09:40,103 - matplotlib.image - WARNING - Clipping input data to the valid range for imshow with RGB data ([0..1] for floats or [0..255] for integers). Got range [-2.0494049..108.735306].
2025-05-24 21:09:40,105 - matplotlib.image - WARNING - Clipping input data to the valid range for imshow with RGB data ([0..1] for floats or [0..255] for integers). Got range [-2.0665298..108.79108].
2025-05-24 21:09:40,489 - matplotlib.image - WARNING - Clipping input data to the valid range for imshow with RGB data ([0..1] for floats or [0..255] for integers). Got range [-1.7582842..1.7685405].
2025-05-24 21:09:40,490 - matplotlib.image - WARNING - Clipping input data to the valid range for imshow with RGB data ([0..1] for floats or [0..255] for integers). Got range [-1.6897851..108.66559].
2025-05-24 21:09:40,492 - matplotlib.image - WARNING - Clipping input data to the valid range for imshow with RGB data ([0..1] for floats or [0..255] for integers). Got range [-1.7582842..153.53651].
2025-05-24 21:09:40,776 - matplotlib.image - WARNING - Clipping input data to the valid range for imshow with RGB data ([0..1] for floats or [0..255] for integers). Got range [-1.7411594..1.733682].
2025-05-24 21:09:40,777 - matplotlib.image - WARNING - Clipping input data to the valid range for imshow with RGB data ([0..1] for floats or [0..255] for integers). Got range [-1.6726604..108.6865].
2025-05-24 21:09:40,778 - matplotlib.image - WARNING - Clipping input data to the valid range for imshow with RGB data ([0..1] for floats or [0..255] for integers). Got range [-1.6726604..153.56392].
2025-05-24 21:09:41,180 - matplotlib.image - WARNING - Clipping input data to the valid range for imshow with RGB data ([0..1] for floats or [0..255] for integers). Got range [-1.7411594..1.7162529].
2025-05-24 21:09:41,181 - matplotlib.image - WARNING - Clipping input data to the valid range for imshow with RGB data ([0..1] for floats or [0..255] for integers). Got range [-1.6897851..108.67953].
2025-05-24 21:09:41,183 - matplotlib.image - WARNING - Clipping input data to the valid range for imshow with RGB data ([0..1] for floats or [0..255] for integers). Got range [-1.7411594..153.56392].
2025-05-24 21:09:41,343 - matplotlib.image - WARNING - Clipping input data to the valid range for imshow with RGB data ([0..1] for floats or [0..255] for integers). Got range [-1.7411594..1.7162529].
2025-05-24 21:09:41,344 - matplotlib.image - WARNING - Clipping input data to the valid range for imshow with RGB data ([0..1] for floats or [0..255] for integers). Got range [-1.7411594..108.66559].
2025-05-24 21:09:41,346 - matplotlib.image - WARNING - Clipping input data to the valid range for imshow with RGB data ([0..1] for floats or [0..255] for integers). Got range [-1.6897851..153.55022].
2025-05-24 21:09:41,759 - matplotlib.image - WARNING - Clipping input data to the valid range for imshow with RGB data ([0..1] for floats or [0..255] for integers). Got range [-1.7411594..1.8033988].
2025-05-24 21:09:41,760 - matplotlib.image - WARNING - Clipping input data to the valid range for imshow with RGB data ([0..1] for floats or [0..255] for integers). Got range [-1.7411594..108.72136].
2025-05-24 21:09:41,762 - matplotlib.image - WARNING - Clipping input data to the valid range for imshow with RGB data ([0..1] for floats or [0..255] for integers). Got range [-1.7069099..153.53651].
2025-05-24 21:09:41,919 - matplotlib.image - WARNING - Clipping input data to the valid range for imshow with RGB data ([0..1] for floats or [0..255] for integers). Got range [-1.7380952..1.8208281].
2025-05-24 21:09:41,920 - matplotlib.image - WARNING - Clipping input data to the valid range for imshow with RGB data ([0..1] for floats or [0..255] for integers). Got range [-1.6726604..108.72833].
2025-05-24 21:09:41,922 - matplotlib.image - WARNING - Clipping input data to the valid range for imshow with RGB data ([0..1] for floats or [0..255] for integers). Got range [-1.7380952..153.57762].
2025-05-24 21:09:42,354 - matplotlib.image - WARNING - Clipping input data to the valid range for imshow with RGB data ([0..1] for floats or [0..255] for integers). Got range [-1.7556022..1.8033988].
2025-05-24 21:09:42,356 - matplotlib.image - WARNING - Clipping input data to the valid range for imshow with RGB data ([0..1] for floats or [0..255] for integers). Got range [-1.7556022..108.49827].
2025-05-24 21:09:42,358 - matplotlib.image - WARNING - Clipping input data to the valid range for imshow with RGB data ([0..1] for floats or [0..255] for integers). Got range [-1.6726604..153.57077].
2025-05-24 21:09:42,514 - matplotlib.image - WARNING - Clipping input data to the valid range for imshow with RGB data ([0..1] for floats or [0..255] for integers). Got range [-1.7411594..1.8208281].
2025-05-24 21:09:42,515 - matplotlib.image - WARNING - Clipping input data to the valid range for imshow with RGB data ([0..1] for floats or [0..255] for integers). Got range [-1.6726604..108.56101].
2025-05-24 21:09:42,517 - matplotlib.image - WARNING - Clipping input data to the valid range for imshow with RGB data ([0..1] for floats or [0..255] for integers). Got range [-1.6041614..153.54337].
2025-05-24 21:09:42,927 - matplotlib.image - WARNING - Clipping input data to the valid range for imshow with RGB data ([0..1] for floats or [0..255] for integers). Got range [-1.6680672..1.6988237].
2025-05-24 21:09:42,928 - matplotlib.image - WARNING - Clipping input data to the valid range for imshow with RGB data ([0..1] for floats or [0..255] for integers). Got range [-1.6555357..108.57495].
2025-05-24 21:09:42,930 - matplotlib.image - WARNING - Clipping input data to the valid range for imshow with RGB data ([0..1] for floats or [0..255] for integers). Got range [-1.6330532..153.50227].
2025-05-24 21:09:43,093 - matplotlib.image - WARNING - Clipping input data to the valid range for imshow with RGB data ([0..1] for floats or [0..255] for integers). Got range [-1.7240347..1.6988237].
2025-05-24 21:09:43,094 - matplotlib.image - WARNING - Clipping input data to the valid range for imshow with RGB data ([0..1] for floats or [0..255] for integers). Got range [-1.6212862..108.67953].
2025-05-24 21:09:43,096 - matplotlib.image - WARNING - Clipping input data to the valid range for imshow with RGB data ([0..1] for floats or [0..255] for integers). Got range [-1.6330532..153.49542].
2025-05-24 21:09:43,505 - matplotlib.image - WARNING - Clipping input data to the valid range for imshow with RGB data ([0..1] for floats or [0..255] for integers). Got range [-1.7240347..1.5810429].
2025-05-24 21:09:43,506 - matplotlib.image - WARNING - Clipping input data to the valid range for imshow with RGB data ([0..1] for floats or [0..255] for integers). Got range [-1.6855742..108.581924].
2025-05-24 21:09:43,508 - matplotlib.image - WARNING - Clipping input data to the valid range for imshow with RGB data ([0..1] for floats or [0..255] for integers). Got range [-1.6330532..153.50227].
2025-05-24 21:09:43,674 - matplotlib.image - WARNING - Clipping input data to the valid range for imshow with RGB data ([0..1] for floats or [0..255] for integers). Got range [-1.7582842..1.5768193].
2025-05-24 21:09:43,676 - matplotlib.image - WARNING - Clipping input data to the valid range for imshow with RGB data ([0..1] for floats or [0..255] for integers). Got range [-1.7380952..108.63073].
2025-05-24 21:09:43,677 - matplotlib.image - WARNING - Clipping input data to the valid range for imshow with RGB data ([0..1] for floats or [0..255] for integers). Got range [-1.7380952..153.50227].
2025-05-24 21:09:44,224 - matplotlib.image - WARNING - Clipping input data to the valid range for imshow with RGB data ([0..1] for floats or [0..255] for integers). Got range [-1.7240347..1.5810429].
2025-05-24 21:09:44,226 - matplotlib.image - WARNING - Clipping input data to the valid range for imshow with RGB data ([0..1] for floats or [0..255] for integers). Got range [-1.7240347..108.62376].
2025-05-24 21:09:44,227 - matplotlib.image - WARNING - Clipping input data to the valid range for imshow with RGB data ([0..1] for floats or [0..255] for integers). Got range [-1.7030813..153.46117].
2025-05-24 21:09:44,387 - matplotlib.image - WARNING - Clipping input data to the valid range for imshow with RGB data ([0..1] for floats or [0..255] for integers). Got range [-1.7240347..1.5768193].
2025-05-24 21:09:44,388 - matplotlib.image - WARNING - Clipping input data to the valid range for imshow with RGB data ([0..1] for floats or [0..255] for integers). Got range [-1.7240347..108.63073].
2025-05-24 21:09:44,390 - matplotlib.image - WARNING - Clipping input data to the valid range for imshow with RGB data ([0..1] for floats or [0..255] for integers). Got range [-1.6897851..153.48857].
2025-05-24 21:09:44,834 - matplotlib.image - WARNING - Clipping input data to the valid range for imshow with RGB data ([0..1] for floats or [0..255] for integers). Got range [-2.0494049..2.64].
2025-05-24 21:09:44,835 - matplotlib.image - WARNING - Clipping input data to the valid range for imshow with RGB data ([0..1] for floats or [0..255] for integers). Got range [-2.0494049..109.056].
2025-05-24 21:09:44,837 - matplotlib.image - WARNING - Clipping input data to the valid range for imshow with RGB data ([0..1] for floats or [0..255] for integers). Got range [-2.0494049..140.24902].
2025-05-24 21:09:44,986 - matplotlib.image - WARNING - Clipping input data to the valid range for imshow with RGB data ([0..1] for floats or [0..255] for integers). Got range [-2.0665298..2.64].
2025-05-24 21:09:44,988 - matplotlib.image - WARNING - Clipping input data to the valid range for imshow with RGB data ([0..1] for floats or [0..255] for integers). Got range [-2.0665298..109.056].
2025-05-24 21:09:44,989 - matplotlib.image - WARNING - Clipping input data to the valid range for imshow with RGB data ([0..1] for floats or [0..255] for integers). Got range [-2.0665298..140.256].
2025-05-24 21:09:45,405 - matplotlib.image - WARNING - Clipping input data to the valid range for imshow with RGB data ([0..1] for floats or [0..255] for integers). Got range [-2.0836544..2.64].
2025-05-24 21:09:45,406 - matplotlib.image - WARNING - Clipping input data to the valid range for imshow with RGB data ([0..1] for floats or [0..255] for integers). Got range [-2.0836544..109.056].
2025-05-24 21:09:45,408 - matplotlib.image - WARNING - Clipping input data to the valid range for imshow with RGB data ([0..1] for floats or [0..255] for integers). Got range [-2.0357141..140.22812].
2025-05-24 21:09:45,554 - matplotlib.image - WARNING - Clipping input data to the valid range for imshow with RGB data ([0..1] for floats or [0..255] for integers). Got range [-2.0836544..2.64].
2025-05-24 21:09:45,556 - matplotlib.image - WARNING - Clipping input data to the valid range for imshow with RGB data ([0..1] for floats or [0..255] for integers). Got range [-2.0836544..109.056].
2025-05-24 21:09:45,558 - matplotlib.image - WARNING - Clipping input data to the valid range for imshow with RGB data ([0..1] for floats or [0..255] for integers). Got range [-2.0494049..140.22812].
2025-05-24 21:09:45,974 - matplotlib.image - WARNING - Clipping input data to the valid range for imshow with RGB data ([0..1] for floats or [0..255] for integers). Got range [-2.117904..2.64].
2025-05-24 21:09:45,975 - matplotlib.image - WARNING - Clipping input data to the valid range for imshow with RGB data ([0..1] for floats or [0..255] for integers). Got range [-2.117904..109.056].
2025-05-24 21:09:45,977 - matplotlib.image - WARNING - Clipping input data to the valid range for imshow with RGB data ([0..1] for floats or [0..255] for integers). Got range [-2.1007793..140.256].
2025-05-24 21:09:46,125 - matplotlib.image - WARNING - Clipping input data to the valid range for imshow with RGB data ([0..1] for floats or [0..255] for integers). Got range [-2.117904..2.64].
2025-05-24 21:09:46,127 - matplotlib.image - WARNING - Clipping input data to the valid range for imshow with RGB data ([0..1] for floats or [0..255] for integers). Got range [-2.1007793..109.056].
2025-05-24 21:09:46,128 - matplotlib.image - WARNING - Clipping input data to the valid range for imshow with RGB data ([0..1] for floats or [0..255] for integers). Got range [-2.0836544..140.24902].
2025-05-24 21:09:46,551 - matplotlib.image - WARNING - Clipping input data to the valid range for imshow with RGB data ([0..1] for floats or [0..255] for integers). Got range [-2.117904..2.64].
2025-05-24 21:09:46,552 - matplotlib.image - WARNING - Clipping input data to the valid range for imshow with RGB data ([0..1] for floats or [0..255] for integers). Got range [-2.117904..109.056].
2025-05-24 21:09:46,554 - matplotlib.image - WARNING - Clipping input data to the valid range for imshow with RGB data ([0..1] for floats or [0..255] for integers). Got range [-2.117904..140.256].
2025-05-24 21:09:46,701 - matplotlib.image - WARNING - Clipping input data to the valid range for imshow with RGB data ([0..1] for floats or [0..255] for integers). Got range [-2.117904..2.64].
2025-05-24 21:09:46,702 - matplotlib.image - WARNING - Clipping input data to the valid range for imshow with RGB data ([0..1] for floats or [0..255] for integers). Got range [-2.117904..109.056].
2025-05-24 21:09:46,704 - matplotlib.image - WARNING - Clipping input data to the valid range for imshow with RGB data ([0..1] for floats or [0..255] for integers). Got range [-2.1007793..140.256].
2025-05-24 21:09:47,126 - matplotlib.image - WARNING - Clipping input data to the valid range for imshow with RGB data ([0..1] for floats or [0..255] for integers). Got range [-2.117904..2.64].
2025-05-24 21:09:47,127 - matplotlib.image - WARNING - Clipping input data to the valid range for imshow with RGB data ([0..1] for floats or [0..255] for integers). Got range [-2.117904..109.056].
2025-05-24 21:09:47,129 - matplotlib.image - WARNING - Clipping input data to the valid range for imshow with RGB data ([0..1] for floats or [0..255] for integers). Got range [-2.117904..140.256].
2025-05-24 21:09:47,400 - matplotlib.image - WARNING - Clipping input data to the valid range for imshow with RGB data ([0..1] for floats or [0..255] for integers). Got range [-2.0836544..2.64].
2025-05-24 21:09:47,401 - matplotlib.image - WARNING - Clipping input data to the valid range for imshow with RGB data ([0..1] for floats or [0..255] for integers). Got range [-2.0836544..109.056].
2025-05-24 21:09:47,403 - matplotlib.image - WARNING - Clipping input data to the valid range for imshow with RGB data ([0..1] for floats or [0..255] for integers). Got range [-2.0836544..140.256].
2025-05-24 21:09:47,778 - matplotlib.image - WARNING - Clipping input data to the valid range for imshow with RGB data ([0..1] for floats or [0..255] for integers). Got range [-2.117904..2.2146587].
2025-05-24 21:09:47,779 - matplotlib.image - WARNING - Clipping input data to the valid range for imshow with RGB data ([0..1] for floats or [0..255] for integers). Got range [-2.117904..108.66559].
2025-05-24 21:09:47,781 - matplotlib.image - WARNING - Clipping input data to the valid range for imshow with RGB data ([0..1] for floats or [0..255] for integers). Got range [-2.117904..153.80367].
2025-05-24 21:09:47,906 - matplotlib.image - WARNING - Clipping input data to the valid range for imshow with RGB data ([0..1] for floats or [0..255] for integers). Got range [-2.117904..2.1461596].
2025-05-24 21:09:47,907 - matplotlib.image - WARNING - Clipping input data to the valid range for imshow with RGB data ([0..1] for floats or [0..255] for integers). Got range [-2.117904..108.693474].
2025-05-24 21:09:47,909 - matplotlib.image - WARNING - Clipping input data to the valid range for imshow with RGB data ([0..1] for floats or [0..255] for integers). Got range [-2.117904..153.78996].
2025-05-24 21:09:48,291 - matplotlib.image - WARNING - Clipping input data to the valid range for imshow with RGB data ([0..1] for floats or [0..255] for integers). Got range [-2.117904..2.129035].
2025-05-24 21:09:48,293 - matplotlib.image - WARNING - Clipping input data to the valid range for imshow with RGB data ([0..1] for floats or [0..255] for integers). Got range [-2.117904..108.49827].
2025-05-24 21:09:48,294 - matplotlib.image - WARNING - Clipping input data to the valid range for imshow with RGB data ([0..1] for floats or [0..255] for integers). Got range [-2.117904..153.76941].
2025-05-24 21:09:48,435 - matplotlib.image - WARNING - Clipping input data to the valid range for imshow with RGB data ([0..1] for floats or [0..255] for integers). Got range [-2.117904..2.2317834].
2025-05-24 21:09:48,437 - matplotlib.image - WARNING - Clipping input data to the valid range for imshow with RGB data ([0..1] for floats or [0..255] for integers). Got range [-2.117904..108.49827].
2025-05-24 21:09:48,439 - matplotlib.image - WARNING - Clipping input data to the valid range for imshow with RGB data ([0..1] for floats or [0..255] for integers). Got range [-2.117904..153.76256].
2025-05-24 21:09:48,823 - matplotlib.image - WARNING - Clipping input data to the valid range for imshow with RGB data ([0..1] for floats or [0..255] for integers). Got range [-2.117904..2.2317834].
2025-05-24 21:09:48,824 - matplotlib.image - WARNING - Clipping input data to the valid range for imshow with RGB data ([0..1] for floats or [0..255] for integers). Got range [-2.117904..108.85382].
2025-05-24 21:09:48,826 - matplotlib.image - WARNING - Clipping input data to the valid range for imshow with RGB data ([0..1] for floats or [0..255] for integers). Got range [-2.0494049..153.60501].
2025-05-24 21:09:48,970 - matplotlib.image - WARNING - Clipping input data to the valid range for imshow with RGB data ([0..1] for floats or [0..255] for integers). Got range [-2.117904..2.1804092].
2025-05-24 21:09:48,971 - matplotlib.image - WARNING - Clipping input data to the valid range for imshow with RGB data ([0..1] for floats or [0..255] for integers). Got range [-2.117904..108.86777].
2025-05-24 21:09:48,973 - matplotlib.image - WARNING - Clipping input data to the valid range for imshow with RGB data ([0..1] for floats or [0..255] for integers). Got range [-1.7205882..153.75572].
2025-05-24 21:09:49,394 - matplotlib.image - WARNING - Clipping input data to the valid range for imshow with RGB data ([0..1] for floats or [0..255] for integers). Got range [-2.117904..2.186841].
2025-05-24 21:09:49,395 - matplotlib.image - WARNING - Clipping input data to the valid range for imshow with RGB data ([0..1] for floats or [0..255] for integers). Got range [-2.1007793..108.86777].
2025-05-24 21:09:49,397 - matplotlib.image - WARNING - Clipping input data to the valid range for imshow with RGB data ([0..1] for floats or [0..255] for integers). Got range [-1.9124069..153.59818].
2025-05-24 21:09:49,553 - matplotlib.image - WARNING - Clipping input data to the valid range for imshow with RGB data ([0..1] for floats or [0..255] for integers). Got range [-2.117904..2.3785625].
2025-05-24 21:09:49,554 - matplotlib.image - WARNING - Clipping input data to the valid range for imshow with RGB data ([0..1] for floats or [0..255] for integers). Got range [-2.117904..108.95142].
2025-05-24 21:09:49,556 - matplotlib.image - WARNING - Clipping input data to the valid range for imshow with RGB data ([0..1] for floats or [0..255] for integers). Got range [-1.980906..153.45432].
2025-05-24 21:09:49,949 - matplotlib.image - WARNING - Clipping input data to the valid range for imshow with RGB data ([0..1] for floats or [0..255] for integers). Got range [-2.0836544..2.5528543].
2025-05-24 21:09:49,950 - matplotlib.image - WARNING - Clipping input data to the valid range for imshow with RGB data ([0..1] for floats or [0..255] for integers). Got range [-2.0836544..108.98628].
2025-05-24 21:09:49,952 - matplotlib.image - WARNING - Clipping input data to the valid range for imshow with RGB data ([0..1] for floats or [0..255] for integers). Got range [-2.0836544..153.66667].
2025-05-24 21:09:50,102 - matplotlib.image - WARNING - Clipping input data to the valid range for imshow with RGB data ([0..1] for floats or [0..255] for integers). Got range [-2.117904..2.6051416].
2025-05-24 21:09:50,103 - matplotlib.image - WARNING - Clipping input data to the valid range for imshow with RGB data ([0..1] for floats or [0..255] for integers). Got range [-2.0836544..109.03509].
2025-05-24 21:09:50,105 - matplotlib.image - WARNING - Clipping input data to the valid range for imshow with RGB data ([0..1] for floats or [0..255] for integers). Got range [-2.117904..153.73517].
2025-05-24 21:09:50,509 - matplotlib.image - WARNING - Clipping input data to the valid range for imshow with RGB data ([0..1] for floats or [0..255] for integers). Got range [-2.117904..2.5702832].
2025-05-24 21:09:50,510 - matplotlib.image - WARNING - Clipping input data to the valid range for imshow with RGB data ([0..1] for floats or [0..255] for integers). Got range [-2.117904..108.9584].
2025-05-24 21:09:50,677 - matplotlib.image - WARNING - Clipping input data to the valid range for imshow with RGB data ([0..1] for floats or [0..255] for integers). Got range [-2.117904..153.56392].
2025-05-24 21:09:50,827 - matplotlib.image - WARNING - Clipping input data to the valid range for imshow with RGB data ([0..1] for floats or [0..255] for integers). Got range [-2.117904..2.535425].
2025-05-24 21:09:50,829 - matplotlib.image - WARNING - Clipping input data to the valid range for imshow with RGB data ([0..1] for floats or [0..255] for integers). Got range [-2.1007793..108.98628].
2025-05-24 21:09:50,831 - matplotlib.image - WARNING - Clipping input data to the valid range for imshow with RGB data ([0..1] for floats or [0..255] for integers). Got range [-2.117904..153.63242].
2025-05-24 21:09:51,244 - matplotlib.image - WARNING - Clipping input data to the valid range for imshow with RGB data ([0..1] for floats or [0..255] for integers). Got range [-2.1007793..2.64].
2025-05-24 21:09:51,245 - matplotlib.image - WARNING - Clipping input data to the valid range for imshow with RGB data ([0..1] for floats or [0..255] for integers). Got range [-2.1007793..109.01417].
2025-05-24 21:09:51,247 - matplotlib.image - WARNING - Clipping input data to the valid range for imshow with RGB data ([0..1] for floats or [0..255] for integers). Got range [-2.1007793..153.51598].
2025-05-24 21:09:51,405 - matplotlib.image - WARNING - Clipping input data to the valid range for imshow with RGB data ([0..1] for floats or [0..255] for integers). Got range [-2.117904..2.622571].
2025-05-24 21:09:51,406 - matplotlib.image - WARNING - Clipping input data to the valid range for imshow with RGB data ([0..1] for floats or [0..255] for integers). Got range [-2.117904..108.93051].
2025-05-24 21:09:51,408 - matplotlib.image - WARNING - Clipping input data to the valid range for imshow with RGB data ([0..1] for floats or [0..255] for integers). Got range [-2.117904..153.65297].
2025-05-24 21:09:51,859 - matplotlib.image - WARNING - Clipping input data to the valid range for imshow with RGB data ([0..1] for floats or [0..255] for integers). Got range [-2.117904..2.64].
2025-05-24 21:09:51,860 - matplotlib.image - WARNING - Clipping input data to the valid range for imshow with RGB data ([0..1] for floats or [0..255] for integers). Got range [-2.117904..109.056].
2025-05-24 21:09:51,862 - matplotlib.image - WARNING - Clipping input data to the valid range for imshow with RGB data ([0..1] for floats or [0..255] for integers). Got range [-2.117904..153.66667].
2025-05-24 21:09:52,046 - matplotlib.image - WARNING - Clipping input data to the valid range for imshow with RGB data ([0..1] for floats or [0..255] for integers). Got range [-2.117904..2.64].
2025-05-24 21:09:52,047 - matplotlib.image - WARNING - Clipping input data to the valid range for imshow with RGB data ([0..1] for floats or [0..255] for integers). Got range [-2.117904..109.04903].
2025-05-24 21:09:52,049 - matplotlib.image - WARNING - Clipping input data to the valid range for imshow with RGB data ([0..1] for floats or [0..255] for integers). Got range [-2.117904..153.72832].
2025-05-24 21:09:52,452 - matplotlib.image - WARNING - Clipping input data to the valid range for imshow with RGB data ([0..1] for floats or [0..255] for integers). Got range [-2.117904..2.64].
2025-05-24 21:09:52,454 - matplotlib.image - WARNING - Clipping input data to the valid range for imshow with RGB data ([0..1] for floats or [0..255] for integers). Got range [-2.117904..109.056].
2025-05-24 21:09:52,455 - matplotlib.image - WARNING - Clipping input data to the valid range for imshow with RGB data ([0..1] for floats or [0..255] for integers). Got range [-2.1007793..153.85161].
2025-05-24 21:09:52,605 - matplotlib.image - WARNING - Clipping input data to the valid range for imshow with RGB data ([0..1] for floats or [0..255] for integers). Got range [-2.117904..2.64].
2025-05-24 21:09:52,607 - matplotlib.image - WARNING - Clipping input data to the valid range for imshow with RGB data ([0..1] for floats or [0..255] for integers). Got range [-2.1007793..109.056].
2025-05-24 21:09:52,609 - matplotlib.image - WARNING - Clipping input data to the valid range for imshow with RGB data ([0..1] for floats or [0..255] for integers). Got range [-2.1007793..153.77626].
2025-05-24 21:09:52,984 - matplotlib.image - WARNING - Clipping input data to the valid range for imshow with RGB data ([0..1] for floats or [0..255] for integers). Got range [-2.117904..2.64].
2025-05-24 21:09:52,985 - matplotlib.image - WARNING - Clipping input data to the valid range for imshow with RGB data ([0..1] for floats or [0..255] for integers). Got range [-2.117904..109.056].
2025-05-24 21:09:52,988 - matplotlib.image - WARNING - Clipping input data to the valid range for imshow with RGB data ([0..1] for floats or [0..255] for integers). Got range [-2.117904..153.81737].
2025-05-24 21:09:53,141 - matplotlib.image - WARNING - Clipping input data to the valid range for imshow with RGB data ([0..1] for floats or [0..255] for integers). Got range [-2.117904..2.64].
2025-05-24 21:09:53,142 - matplotlib.image - WARNING - Clipping input data to the valid range for imshow with RGB data ([0..1] for floats or [0..255] for integers). Got range [-2.117904..109.056].
2025-05-24 21:09:53,144 - matplotlib.image - WARNING - Clipping input data to the valid range for imshow with RGB data ([0..1] for floats or [0..255] for integers). Got range [-2.117904..153.83107].
2025-05-24 21:09:53,539 - matplotlib.image - WARNING - Clipping input data to the valid range for imshow with RGB data ([0..1] for floats or [0..255] for integers). Got range [-2.117904..2.64].
2025-05-24 21:09:53,541 - matplotlib.image - WARNING - Clipping input data to the valid range for imshow with RGB data ([0..1] for floats or [0..255] for integers). Got range [-2.117904..109.056].
2025-05-24 21:09:53,542 - matplotlib.image - WARNING - Clipping input data to the valid range for imshow with RGB data ([0..1] for floats or [0..255] for integers). Got range [-2.117904..153.87901].
2025-05-24 21:09:53,693 - matplotlib.image - WARNING - Clipping input data to the valid range for imshow with RGB data ([0..1] for floats or [0..255] for integers). Got range [-2.117904..2.64].
2025-05-24 21:09:53,694 - matplotlib.image - WARNING - Clipping input data to the valid range for imshow with RGB data ([0..1] for floats or [0..255] for integers). Got range [-2.117904..109.056].
2025-05-24 21:09:53,696 - matplotlib.image - WARNING - Clipping input data to the valid range for imshow with RGB data ([0..1] for floats or [0..255] for integers). Got range [-2.117904..153.85846].
2025-05-24 21:09:54,167 - matplotlib.image - WARNING - Clipping input data to the valid range for imshow with RGB data ([0..1] for floats or [0..255] for integers). Got range [-2.117904..2.64].
2025-05-24 21:09:54,168 - matplotlib.image - WARNING - Clipping input data to the valid range for imshow with RGB data ([0..1] for floats or [0..255] for integers). Got range [-2.117904..109.056].
2025-05-24 21:09:54,170 - matplotlib.image - WARNING - Clipping input data to the valid range for imshow with RGB data ([0..1] for floats or [0..255] for integers). Got range [-2.117904..153.89272].
2025-05-24 21:09:54,323 - matplotlib.image - WARNING - Clipping input data to the valid range for imshow with RGB data ([0..1] for floats or [0..255] for integers). Got range [-2.117904..2.64].
2025-05-24 21:09:54,325 - matplotlib.image - WARNING - Clipping input data to the valid range for imshow with RGB data ([0..1] for floats or [0..255] for integers). Got range [-2.117904..109.056].
2025-05-24 21:09:54,326 - matplotlib.image - WARNING - Clipping input data to the valid range for imshow with RGB data ([0..1] for floats or [0..255] for integers). Got range [-2.0322802..153.87901].
2025-05-24 21:09:54,694 - matplotlib.image - WARNING - Clipping input data to the valid range for imshow with RGB data ([0..1] for floats or [0..255] for integers). Got range [-2.117904..2.64].
2025-05-24 21:09:54,695 - matplotlib.image - WARNING - Clipping input data to the valid range for imshow with RGB data ([0..1] for floats or [0..255] for integers). Got range [-2.117904..109.056].
2025-05-24 21:09:54,697 - matplotlib.image - WARNING - Clipping input data to the valid range for imshow with RGB data ([0..1] for floats or [0..255] for integers). Got range [-2.117904..153.89272].
2025-05-24 21:09:54,854 - matplotlib.image - WARNING - Clipping input data to the valid range for imshow with RGB data ([0..1] for floats or [0..255] for integers). Got range [-2.0665298..2.64].
2025-05-24 21:09:54,855 - matplotlib.image - WARNING - Clipping input data to the valid range for imshow with RGB data ([0..1] for floats or [0..255] for integers). Got range [-2.0665298..109.056].
2025-05-24 21:09:54,856 - matplotlib.image - WARNING - Clipping input data to the valid range for imshow with RGB data ([0..1] for floats or [0..255] for integers). Got range [-1.9466565..153.89272].
2025-05-24 21:09:57,530 - utils.training - INFO - Epoch 3 validation - Loss: 1.8349
2025-05-24 21:09:57,530 - utils.training - INFO -   J&F: 0.1424, IoU: 0.1435
2025-05-24 21:09:57,531 - utils.training - INFO - Validation loss improved by 0.585707. Saving model...
2025-05-24 21:09:57,602 - utils.training - INFO - Saved checkpoint and metrics to checkpoints/debug_binary
2025-05-24 21:09:57,610 - utils.training - INFO - Results saved to checkpoints/debug_binary/results
2025-05-24 21:09:57,827 - utils.training - INFO - Batch 0: Raw fg ratio: 0.5371, Adaptive fg ratio: 0.1274
2025-05-24 21:09:57,828 - utils.training - INFO - Batch 0: GT fg ratio: 0.0301
2025-05-24 21:09:57,828 - utils.training - WARNING - Overpredicting foreground! Ratio: 4.24x
2025-05-24 21:09:57,829 - utils.training - INFO - Total gradient norm: 0.0000
2025-05-24 21:09:58,573 - utils.training - INFO - Total gradient norm: 0.0000
2025-05-24 21:09:59,209 - utils.training - INFO - Total gradient norm: 0.0000
2025-05-24 21:09:59,848 - utils.training - INFO - Total gradient norm: 0.0000
2025-05-24 21:10:00,472 - utils.training - INFO - Total gradient norm: 0.0000
2025-05-24 21:10:01,102 - utils.training - INFO - Batch 50: Raw fg ratio: 0.8727, Adaptive fg ratio: 0.2249
2025-05-24 21:10:01,102 - utils.training - INFO - Batch 50: GT fg ratio: 0.0412
2025-05-24 21:10:01,103 - utils.training - WARNING - Overpredicting foreground! Ratio: 5.45x
2025-05-24 21:10:01,103 - utils.training - INFO - Total gradient norm: 0.0000
2025-05-24 21:10:01,729 - utils.training - INFO - Total gradient norm: 0.0000
2025-05-24 21:10:02,360 - utils.training - INFO - Total gradient norm: 0.0000
2025-05-24 21:10:02,994 - utils.training - INFO - Total gradient norm: 0.0000
2025-05-24 21:10:03,646 - utils.training - INFO - Total gradient norm: 0.0000
2025-05-24 21:10:04,289 - utils.training - INFO - Batch 100: Raw fg ratio: 0.5034, Adaptive fg ratio: 0.1200
2025-05-24 21:10:04,290 - utils.training - INFO - Batch 100: GT fg ratio: 0.0503
2025-05-24 21:10:04,290 - utils.training - INFO - Foreground ratio balanced! Pred/GT ratio: 2.39x
2025-05-24 21:10:04,290 - utils.training - INFO - Total gradient norm: 0.0000
2025-05-24 21:10:04,932 - utils.training - INFO - Total gradient norm: 0.0000
2025-05-24 21:10:05,586 - utils.training - INFO - Total gradient norm: 0.0000
2025-05-24 21:10:06,312 - utils.training - INFO - Total gradient norm: 0.0000
2025-05-24 21:10:06,977 - utils.training - INFO - Total gradient norm: 0.0000
2025-05-24 21:10:07,661 - utils.training - INFO - Batch 150: Raw fg ratio: 0.5457, Adaptive fg ratio: 0.1200
2025-05-24 21:10:07,662 - utils.training - INFO - Batch 150: GT fg ratio: 0.0913
2025-05-24 21:10:07,662 - utils.training - INFO - Foreground ratio balanced! Pred/GT ratio: 1.31x
2025-05-24 21:10:07,662 - utils.training - INFO - Total gradient norm: 0.0000
2025-05-24 21:10:08,346 - utils.training - INFO - Total gradient norm: 0.0000
2025-05-24 21:10:08,966 - utils.training - INFO - Total gradient norm: 0.0000
2025-05-24 21:10:09,594 - utils.training - INFO - Total gradient norm: 0.0000
