2025-05-24 11:45:59,800 - __main__ - INFO - Starting Mamba-based binary video segmentation training
2025-05-24 11:45:59,800 - __main__ - INFO - Using configuration from: configs/debug_binary.yaml
2025-05-24 11:45:59,806 - __main__ - INFO - Set random seed to 42
2025-05-24 11:46:00,029 - __main__ - INFO - Using device: cuda
2025-05-24 11:46:00,029 - __main__ - INFO - Building Mamba-based binary segmentation model...
2025-05-24 11:46:00,872 - __main__ - INFO - Model has 472,869 trainable parameters
2025-05-24 11:46:00,893 - __main__ - INFO - Creating data loaders...
2025-05-24 11:46:01,487 - __main__ - INFO - Created dataloaders - Train: 2094 batches, Val: 995 batches
2025-05-24 11:46:01,487 - __main__ - INFO - Creating optimizer: AdamW
2025-05-24 11:46:01,488 - __main__ - INFO - Created CosineAnnealingLR scheduler with 5 epochs of warmup
2025-05-24 11:46:01,515 - __main__ - INFO - Starting training loop...
2025-05-24 11:46:01,516 - utils.training - INFO - Starting training from epoch 0
2025-05-24 11:46:01,516 - utils.training - INFO - Results will be saved to: checkpoints/debug_binary/results
2025-05-24 11:46:01,897 - utils.training - INFO - Batch 0: Raw fg ratio: 0.9541, Adaptive fg ratio: 0.3453
2025-05-24 11:46:01,897 - utils.training - INFO - Batch 0: GT fg ratio: 0.1428
2025-05-24 11:46:01,898 - utils.training - INFO - Foreground ratio looks good! Pred/GT ratio: 2.42x
2025-05-24 11:46:01,931 - utils.training - INFO - Total gradient norm: 8.0196
2025-05-24 11:46:01,931 - utils.training - INFO - Gradient norm for temporal_smooth.weight: 7.2030
2025-05-24 11:46:01,931 - utils.training - INFO - Gradient norm for seg_head.1.bias: 2.2999
2025-05-24 11:46:01,932 - utils.training - INFO - Gradient norm for seg_head.1.weight: 1.8102
2025-05-24 11:46:01,932 - utils.training - INFO - Gradient norm for seg_head.3.weight: 1.4856
2025-05-24 11:46:01,932 - utils.training - INFO - Gradient norm for temporal_smooth.bias: 0.9636
2025-05-24 11:46:02,376 - utils.training - INFO - Total gradient norm: 0.0000
2025-05-24 11:46:02,667 - utils.training - INFO - Total gradient norm: 0.0000
2025-05-24 11:46:03,002 - utils.training - INFO - Total gradient norm: 0.0000
2025-05-24 11:46:03,326 - utils.training - INFO - Total gradient norm: 0.0000
2025-05-24 11:46:03,641 - utils.training - INFO - Batch 50: Raw fg ratio: 0.9455, Adaptive fg ratio: 0.3367
2025-05-24 11:46:03,642 - utils.training - INFO - Batch 50: GT fg ratio: 0.1414
2025-05-24 11:46:03,642 - utils.training - INFO - Foreground ratio looks good! Pred/GT ratio: 2.38x
2025-05-24 11:46:03,642 - utils.training - INFO - Total gradient norm: 0.0000
2025-05-24 11:46:03,971 - utils.training - INFO - Total gradient norm: 0.0000
2025-05-24 11:46:04,249 - utils.training - INFO - Total gradient norm: 0.0000
2025-05-24 11:46:04,534 - utils.training - INFO - Total gradient norm: 0.0000
2025-05-24 11:46:04,815 - utils.training - INFO - Total gradient norm: 0.0000
2025-05-24 11:46:05,102 - utils.training - INFO - Batch 100: Raw fg ratio: 0.9474, Adaptive fg ratio: 0.3692
2025-05-24 11:46:05,103 - utils.training - INFO - Batch 100: GT fg ratio: 0.1656
2025-05-24 11:46:05,103 - utils.training - INFO - Foreground ratio looks good! Pred/GT ratio: 2.23x
2025-05-24 11:46:05,103 - utils.training - INFO - Total gradient norm: 0.0000
2025-05-24 11:46:05,400 - utils.training - INFO - Total gradient norm: 0.0000
2025-05-24 11:46:05,679 - utils.training - INFO - Total gradient norm: 0.0000
2025-05-24 11:46:06,012 - utils.training - INFO - Total gradient norm: 0.0000
2025-05-24 11:46:06,306 - utils.training - INFO - Total gradient norm: 0.0000
2025-05-24 11:46:06,630 - utils.training - INFO - Batch 150: Raw fg ratio: 0.9116, Adaptive fg ratio: 0.1850
2025-05-24 11:46:06,631 - utils.training - INFO - Batch 150: GT fg ratio: 0.0266
2025-05-24 11:46:06,631 - utils.training - WARNING - Still predicting too much foreground! Ratio: 6.94x
2025-05-24 11:46:06,631 - utils.training - INFO - Total gradient norm: 0.0000
2025-05-24 11:46:06,899 - utils.training - INFO - Total gradient norm: 0.0000
2025-05-24 11:46:07,198 - utils.training - INFO - Total gradient norm: 0.0000
2025-05-24 11:46:07,496 - utils.training - INFO - Total gradient norm: 0.0000
2025-05-24 11:46:07,770 - utils.training - INFO - Total gradient norm: 0.0000
2025-05-24 11:46:08,064 - utils.training - INFO - Batch 200: Raw fg ratio: 0.7848, Adaptive fg ratio: 0.2216
2025-05-24 11:46:08,064 - utils.training - INFO - Batch 200: GT fg ratio: 0.1049
2025-05-24 11:46:08,064 - utils.training - INFO - Foreground ratio looks good! Pred/GT ratio: 2.11x
2025-05-24 11:46:08,065 - utils.training - INFO - Total gradient norm: 0.0000
2025-05-24 11:46:08,325 - utils.training - INFO - Total gradient norm: 0.0000
2025-05-24 11:46:08,672 - utils.training - INFO - Total gradient norm: 0.0000
2025-05-24 11:46:08,986 - utils.training - INFO - Total gradient norm: 0.0000
2025-05-24 11:46:09,300 - utils.training - INFO - Total gradient norm: 0.0000
2025-05-24 11:46:09,577 - utils.training - INFO - Batch 250: Raw fg ratio: 0.9492, Adaptive fg ratio: 0.3996
2025-05-24 11:46:09,577 - utils.training - INFO - Batch 250: GT fg ratio: 0.0435
2025-05-24 11:46:09,577 - utils.training - WARNING - Still predicting too much foreground! Ratio: 9.19x
2025-05-24 11:46:09,578 - utils.training - INFO - Total gradient norm: 0.0000
2025-05-24 11:46:09,900 - utils.training - INFO - Total gradient norm: 0.0000
2025-05-24 11:46:10,192 - utils.training - INFO - Total gradient norm: 0.0000
2025-05-24 11:46:10,515 - utils.training - INFO - Total gradient norm: 0.0000
2025-05-24 11:46:10,806 - utils.training - INFO - Total gradient norm: 0.0000
2025-05-24 11:46:11,102 - utils.training - INFO - Batch 300: Raw fg ratio: 0.9403, Adaptive fg ratio: 0.3843
2025-05-24 11:46:11,102 - utils.training - INFO - Batch 300: GT fg ratio: 0.0026
2025-05-24 11:46:11,103 - utils.training - WARNING - Still predicting too much foreground! Ratio: 149.06x
2025-05-24 11:46:11,103 - utils.training - INFO - Total gradient norm: 0.0000
2025-05-24 11:46:11,397 - utils.training - INFO - Total gradient norm: 0.0000
2025-05-24 11:46:11,721 - utils.training - INFO - Total gradient norm: 0.0000
2025-05-24 11:46:12,048 - utils.training - INFO - Total gradient norm: 0.0000
2025-05-24 11:46:12,335 - utils.training - INFO - Total gradient norm: 0.0000
2025-05-24 11:46:12,628 - utils.training - INFO - Batch 350: Raw fg ratio: 0.9459, Adaptive fg ratio: 0.3417
2025-05-24 11:46:12,629 - utils.training - INFO - Batch 350: GT fg ratio: 0.1743
2025-05-24 11:46:12,629 - utils.training - INFO - Foreground ratio looks good! Pred/GT ratio: 1.96x
2025-05-24 11:46:12,629 - utils.training - INFO - Total gradient norm: 0.0000
2025-05-24 11:46:12,936 - utils.training - INFO - Total gradient norm: 0.0000
2025-05-24 11:46:13,212 - utils.training - INFO - Total gradient norm: 0.0000
2025-05-24 11:46:13,495 - utils.training - INFO - Total gradient norm: 0.0000
2025-05-24 11:46:13,781 - utils.training - INFO - Total gradient norm: 0.0000
2025-05-24 11:46:14,076 - utils.training - INFO - Batch 400: Raw fg ratio: 0.9221, Adaptive fg ratio: 0.2936
2025-05-24 11:46:14,077 - utils.training - INFO - Batch 400: GT fg ratio: 0.0698
2025-05-24 11:46:14,077 - utils.training - WARNING - Still predicting too much foreground! Ratio: 4.21x
2025-05-24 11:46:14,077 - utils.training - INFO - Total gradient norm: 0.0000
2025-05-24 11:46:14,371 - utils.training - INFO - Total gradient norm: 0.0000
2025-05-24 11:46:14,644 - utils.training - INFO - Total gradient norm: 0.0000
2025-05-24 11:46:14,929 - utils.training - INFO - Total gradient norm: 0.0000
2025-05-24 11:46:15,230 - utils.training - INFO - Total gradient norm: 0.0000
2025-05-24 11:46:15,522 - utils.training - INFO - Batch 450: Raw fg ratio: 0.7926, Adaptive fg ratio: 0.1200
2025-05-24 11:46:15,522 - utils.training - INFO - Batch 450: GT fg ratio: 0.1378
2025-05-24 11:46:15,522 - utils.training - INFO - Foreground ratio looks good! Pred/GT ratio: 0.87x
2025-05-24 11:46:15,523 - utils.training - INFO - Total gradient norm: 0.0000
2025-05-24 11:46:15,813 - utils.training - INFO - Total gradient norm: 0.0000
2025-05-24 11:46:16,117 - utils.training - INFO - Total gradient norm: 0.0000
2025-05-24 11:46:16,405 - utils.training - INFO - Total gradient norm: 0.0000
2025-05-24 11:46:16,693 - utils.training - INFO - Total gradient norm: 0.0000
2025-05-24 11:46:16,968 - utils.training - INFO - Batch 500: Raw fg ratio: 0.9448, Adaptive fg ratio: 0.3404
2025-05-24 11:46:16,968 - utils.training - INFO - Batch 500: GT fg ratio: 0.0695
2025-05-24 11:46:16,968 - utils.training - WARNING - Still predicting too much foreground! Ratio: 4.90x
2025-05-24 11:46:16,969 - utils.training - INFO - Total gradient norm: 0.0000
2025-05-24 11:46:17,247 - utils.training - INFO - Total gradient norm: 0.0000
2025-05-24 11:46:17,521 - utils.training - INFO - Total gradient norm: 0.0000
2025-05-24 11:46:17,806 - utils.training - INFO - Total gradient norm: 0.0000
2025-05-24 11:46:18,045 - utils.training - INFO - Total gradient norm: 0.0000
2025-05-24 11:46:18,350 - utils.training - INFO - Batch 550: Raw fg ratio: 0.9478, Adaptive fg ratio: 0.3318
2025-05-24 11:46:18,350 - utils.training - INFO - Batch 550: GT fg ratio: 0.0589
2025-05-24 11:46:18,350 - utils.training - WARNING - Still predicting too much foreground! Ratio: 5.63x
2025-05-24 11:46:18,351 - utils.training - INFO - Total gradient norm: 0.0000
2025-05-24 11:46:18,618 - utils.training - INFO - Total gradient norm: 0.0000
2025-05-24 11:46:18,896 - utils.training - INFO - Total gradient norm: 0.0000
2025-05-24 11:46:19,204 - utils.training - INFO - Total gradient norm: 0.0000
2025-05-24 11:46:19,512 - utils.training - INFO - Total gradient norm: 0.0000
2025-05-24 11:46:19,808 - utils.training - INFO - Batch 600: Raw fg ratio: 0.8914, Adaptive fg ratio: 0.3057
2025-05-24 11:46:19,808 - utils.training - INFO - Batch 600: GT fg ratio: 0.1284
2025-05-24 11:46:19,809 - utils.training - INFO - Foreground ratio looks good! Pred/GT ratio: 2.38x
2025-05-24 11:46:19,809 - utils.training - INFO - Total gradient norm: 0.0000
2025-05-24 11:46:20,085 - utils.training - INFO - Total gradient norm: 0.0000
2025-05-24 11:46:20,402 - utils.training - INFO - Total gradient norm: 0.0000
2025-05-24 11:46:20,699 - utils.training - INFO - Total gradient norm: 0.0000
2025-05-24 11:46:21,009 - utils.training - INFO - Total gradient norm: 0.0000
2025-05-24 11:46:21,307 - utils.training - INFO - Batch 650: Raw fg ratio: 0.9571, Adaptive fg ratio: 0.3078
2025-05-24 11:46:21,307 - utils.training - INFO - Batch 650: GT fg ratio: 0.0225
2025-05-24 11:46:21,308 - utils.training - WARNING - Still predicting too much foreground! Ratio: 13.68x
2025-05-24 11:46:21,308 - utils.training - INFO - Total gradient norm: 0.0000
2025-05-24 11:46:21,575 - utils.training - INFO - Total gradient norm: 0.0000
2025-05-24 11:46:21,879 - utils.training - INFO - Total gradient norm: 0.0000
2025-05-24 11:46:22,172 - utils.training - INFO - Total gradient norm: 0.0000
2025-05-24 11:46:22,465 - utils.training - INFO - Total gradient norm: 0.0000
2025-05-24 11:46:22,742 - utils.training - INFO - Batch 700: Raw fg ratio: 0.9371, Adaptive fg ratio: 0.2910
2025-05-24 11:46:22,743 - utils.training - INFO - Batch 700: GT fg ratio: 0.2753
2025-05-24 11:46:22,743 - utils.training - INFO - Foreground ratio looks good! Pred/GT ratio: 1.06x
2025-05-24 11:46:22,743 - utils.training - INFO - Total gradient norm: 0.0000
2025-05-24 11:46:23,022 - utils.training - INFO - Total gradient norm: 0.0000
2025-05-24 11:46:23,293 - utils.training - INFO - Total gradient norm: 0.0000
2025-05-24 11:46:23,599 - utils.training - INFO - Total gradient norm: 0.0000
2025-05-24 11:46:23,884 - utils.training - INFO - Total gradient norm: 0.0000
2025-05-24 11:46:24,209 - utils.training - INFO - Batch 750: Raw fg ratio: 0.9343, Adaptive fg ratio: 0.2110
2025-05-24 11:46:24,210 - utils.training - INFO - Batch 750: GT fg ratio: 0.5207
2025-05-24 11:46:24,210 - utils.training - WARNING - Predicting too little foreground! Ratio: 0.41x
2025-05-24 11:46:24,210 - utils.training - INFO - Total gradient norm: 0.0000
2025-05-24 11:46:24,483 - utils.training - INFO - Total gradient norm: 0.0000
2025-05-24 11:46:24,799 - utils.training - INFO - Total gradient norm: 0.0000
2025-05-24 11:46:25,104 - utils.training - INFO - Total gradient norm: 0.0000
2025-05-24 11:46:25,364 - utils.training - INFO - Total gradient norm: 0.0000
2025-05-24 11:46:25,640 - utils.training - INFO - Batch 800: Raw fg ratio: 0.9504, Adaptive fg ratio: 0.3522
2025-05-24 11:46:25,640 - utils.training - INFO - Batch 800: GT fg ratio: 0.1614
2025-05-24 11:46:25,640 - utils.training - INFO - Foreground ratio looks good! Pred/GT ratio: 2.18x
2025-05-24 11:46:25,641 - utils.training - INFO - Total gradient norm: 0.0000
2025-05-24 11:46:25,913 - utils.training - INFO - Total gradient norm: 0.0000
2025-05-24 11:46:26,192 - utils.training - INFO - Total gradient norm: 0.0000
2025-05-24 11:46:26,479 - utils.training - INFO - Total gradient norm: 0.0000
2025-05-24 11:46:26,779 - utils.training - INFO - Total gradient norm: 0.0000
2025-05-24 11:46:27,055 - utils.training - INFO - Batch 850: Raw fg ratio: 0.9474, Adaptive fg ratio: 0.2612
2025-05-24 11:46:27,056 - utils.training - INFO - Batch 850: GT fg ratio: 0.6253
2025-05-24 11:46:27,056 - utils.training - WARNING - Predicting too little foreground! Ratio: 0.42x
2025-05-24 11:46:27,056 - utils.training - INFO - Total gradient norm: 0.0000
2025-05-24 11:46:27,360 - utils.training - INFO - Total gradient norm: 0.0000
2025-05-24 11:46:27,642 - utils.training - INFO - Total gradient norm: 0.0000
2025-05-24 11:46:27,942 - utils.training - INFO - Total gradient norm: 0.0000
2025-05-24 11:46:28,211 - utils.training - INFO - Total gradient norm: 0.0000
2025-05-24 11:46:28,495 - utils.training - INFO - Batch 900: Raw fg ratio: 0.9511, Adaptive fg ratio: 0.1956
2025-05-24 11:46:28,495 - utils.training - INFO - Batch 900: GT fg ratio: 0.7491
2025-05-24 11:46:28,495 - utils.training - WARNING - Predicting too little foreground! Ratio: 0.26x
2025-05-24 11:46:28,495 - utils.training - INFO - Total gradient norm: 0.0000
2025-05-24 11:46:28,736 - utils.training - INFO - Total gradient norm: 0.0000
2025-05-24 11:46:29,026 - utils.training - INFO - Total gradient norm: 0.0000
2025-05-24 11:46:29,276 - utils.training - INFO - Total gradient norm: 0.0000
2025-05-24 11:46:29,585 - utils.training - INFO - Total gradient norm: 0.0000
2025-05-24 11:46:29,869 - utils.training - INFO - Batch 950: Raw fg ratio: 0.9636, Adaptive fg ratio: 0.3805
2025-05-24 11:46:29,869 - utils.training - INFO - Batch 950: GT fg ratio: 0.0541
2025-05-24 11:46:29,869 - utils.training - WARNING - Still predicting too much foreground! Ratio: 7.04x
2025-05-24 11:46:29,870 - utils.training - INFO - Total gradient norm: 0.0000
2025-05-24 11:46:30,190 - utils.training - INFO - Total gradient norm: 0.0000
2025-05-24 11:46:30,486 - utils.training - INFO - Total gradient norm: 0.0000
2025-05-24 11:46:30,790 - utils.training - INFO - Total gradient norm: 0.0000
2025-05-24 11:46:31,065 - utils.training - INFO - Total gradient norm: 0.0000
2025-05-24 11:46:31,340 - utils.training - INFO - Batch 1000: Raw fg ratio: 0.9101, Adaptive fg ratio: 0.2108
2025-05-24 11:46:31,340 - utils.training - INFO - Batch 1000: GT fg ratio: 0.1527
2025-05-24 11:46:31,340 - utils.training - INFO - Foreground ratio looks good! Pred/GT ratio: 1.38x
2025-05-24 11:46:31,341 - utils.training - INFO - Total gradient norm: 0.0000
2025-05-24 11:46:31,649 - utils.training - INFO - Total gradient norm: 0.0000
2025-05-24 11:46:31,930 - utils.training - INFO - Total gradient norm: 0.0000
2025-05-24 11:46:32,205 - utils.training - INFO - Total gradient norm: 0.0000
2025-05-24 11:46:32,496 - utils.training - INFO - Total gradient norm: 0.0000
2025-05-24 11:46:32,788 - utils.training - INFO - Batch 1050: Raw fg ratio: 0.9387, Adaptive fg ratio: 0.1546
2025-05-24 11:46:32,788 - utils.training - INFO - Batch 1050: GT fg ratio: 0.0264
2025-05-24 11:46:32,789 - utils.training - WARNING - Still predicting too much foreground! Ratio: 5.85x
2025-05-24 11:46:32,789 - utils.training - INFO - Total gradient norm: 0.0000
2025-05-24 11:46:33,087 - utils.training - INFO - Total gradient norm: 0.0000
2025-05-24 11:46:33,375 - utils.training - INFO - Total gradient norm: 0.0000
2025-05-24 11:46:33,623 - utils.training - INFO - Total gradient norm: 0.0000
2025-05-24 11:46:33,951 - utils.training - INFO - Total gradient norm: 0.0000
2025-05-24 11:46:34,244 - utils.training - INFO - Batch 1100: Raw fg ratio: 0.9462, Adaptive fg ratio: 0.3580
2025-05-24 11:46:34,245 - utils.training - INFO - Batch 1100: GT fg ratio: 0.0660
2025-05-24 11:46:34,245 - utils.training - WARNING - Still predicting too much foreground! Ratio: 5.42x
2025-05-24 11:46:34,245 - utils.training - INFO - Total gradient norm: 0.0000
2025-05-24 11:46:34,554 - utils.training - INFO - Total gradient norm: 0.0000
2025-05-24 11:46:34,872 - utils.training - INFO - Total gradient norm: 0.0000
2025-05-24 11:46:35,193 - utils.training - INFO - Total gradient norm: 0.0000
2025-05-24 11:46:35,464 - utils.training - INFO - Total gradient norm: 0.0000
2025-05-24 11:46:35,760 - utils.training - INFO - Batch 1150: Raw fg ratio: 0.9748, Adaptive fg ratio: 0.3757
2025-05-24 11:46:35,760 - utils.training - INFO - Batch 1150: GT fg ratio: 0.0399
2025-05-24 11:46:35,760 - utils.training - WARNING - Still predicting too much foreground! Ratio: 9.42x
2025-05-24 11:46:35,761 - utils.training - INFO - Total gradient norm: 0.0000
2025-05-24 11:46:36,043 - utils.training - INFO - Total gradient norm: 0.0000
2025-05-24 11:46:36,344 - utils.training - INFO - Total gradient norm: 0.0000
2025-05-24 11:46:36,659 - utils.training - INFO - Total gradient norm: 0.0000
2025-05-24 11:46:36,933 - utils.training - INFO - Total gradient norm: 0.0000
2025-05-24 11:46:37,235 - utils.training - INFO - Batch 1200: Raw fg ratio: 0.8208, Adaptive fg ratio: 0.2010
2025-05-24 11:46:37,235 - utils.training - INFO - Batch 1200: GT fg ratio: 0.1007
2025-05-24 11:46:37,235 - utils.training - INFO - Foreground ratio looks good! Pred/GT ratio: 2.00x
2025-05-24 11:46:37,236 - utils.training - INFO - Total gradient norm: 0.0000
2025-05-24 11:46:37,528 - utils.training - INFO - Total gradient norm: 0.0000
2025-05-24 11:46:37,849 - utils.training - INFO - Total gradient norm: 0.0000
2025-05-24 11:46:38,159 - utils.training - INFO - Total gradient norm: 0.0000
2025-05-24 11:46:38,451 - utils.training - INFO - Total gradient norm: 0.0000
2025-05-24 11:46:38,736 - utils.training - INFO - Batch 1250: Raw fg ratio: 0.8530, Adaptive fg ratio: 0.1507
2025-05-24 11:46:38,736 - utils.training - INFO - Batch 1250: GT fg ratio: 0.0133
2025-05-24 11:46:38,736 - utils.training - WARNING - Still predicting too much foreground! Ratio: 11.35x
2025-05-24 11:46:38,737 - utils.training - INFO - Total gradient norm: 0.0000
2025-05-24 11:46:39,014 - utils.training - INFO - Total gradient norm: 0.0000
2025-05-24 11:46:39,316 - utils.training - INFO - Total gradient norm: 0.0000
2025-05-24 11:46:39,631 - utils.training - INFO - Total gradient norm: 0.0000
2025-05-24 11:46:39,914 - utils.training - INFO - Total gradient norm: 0.0000
2025-05-24 11:46:40,181 - utils.training - INFO - Batch 1300: Raw fg ratio: 0.8910, Adaptive fg ratio: 0.1430
2025-05-24 11:46:40,182 - utils.training - INFO - Batch 1300: GT fg ratio: 0.0211
2025-05-24 11:46:40,182 - utils.training - WARNING - Still predicting too much foreground! Ratio: 6.77x
2025-05-24 11:46:40,182 - utils.training - INFO - Total gradient norm: 0.0000
2025-05-24 11:46:40,480 - utils.training - INFO - Total gradient norm: 0.0000
2025-05-24 11:46:40,741 - utils.training - INFO - Total gradient norm: 0.0000
2025-05-24 11:46:41,017 - utils.training - INFO - Total gradient norm: 0.0000
2025-05-24 11:46:41,313 - utils.training - INFO - Total gradient norm: 0.0000
2025-05-24 11:46:41,629 - utils.training - INFO - Batch 1350: Raw fg ratio: 0.9593, Adaptive fg ratio: 0.3470
2025-05-24 11:46:41,630 - utils.training - INFO - Batch 1350: GT fg ratio: 0.0774
2025-05-24 11:46:41,630 - utils.training - WARNING - Still predicting too much foreground! Ratio: 4.48x
2025-05-24 11:46:41,630 - utils.training - INFO - Total gradient norm: 0.0000
2025-05-24 11:46:41,927 - utils.training - INFO - Total gradient norm: 0.0000
2025-05-24 11:46:42,190 - utils.training - INFO - Total gradient norm: 0.0000
2025-05-24 11:46:42,460 - utils.training - INFO - Total gradient norm: 0.0000
2025-05-24 11:46:42,728 - utils.training - INFO - Total gradient norm: 0.0000
2025-05-24 11:46:43,010 - utils.training - INFO - Batch 1400: Raw fg ratio: 0.9460, Adaptive fg ratio: 0.2478
2025-05-24 11:46:43,010 - utils.training - INFO - Batch 1400: GT fg ratio: 0.1739
2025-05-24 11:46:43,011 - utils.training - INFO - Foreground ratio looks good! Pred/GT ratio: 1.42x
2025-05-24 11:46:43,011 - utils.training - INFO - Total gradient norm: 0.0000
2025-05-24 11:46:43,290 - utils.training - INFO - Total gradient norm: 0.0000
2025-05-24 11:46:43,596 - utils.training - INFO - Total gradient norm: 0.0000
2025-05-24 11:46:43,901 - utils.training - INFO - Total gradient norm: 0.0000
2025-05-24 11:46:44,206 - utils.training - INFO - Total gradient norm: 0.0000
2025-05-24 11:46:44,493 - utils.training - INFO - Batch 1450: Raw fg ratio: 0.9627, Adaptive fg ratio: 0.3549
2025-05-24 11:46:44,494 - utils.training - INFO - Batch 1450: GT fg ratio: 0.4536
2025-05-24 11:46:44,494 - utils.training - INFO - Foreground ratio looks good! Pred/GT ratio: 0.78x
2025-05-24 11:46:44,494 - utils.training - INFO - Total gradient norm: 0.0000
2025-05-24 11:46:44,787 - utils.training - INFO - Total gradient norm: 0.0000
2025-05-24 11:46:45,059 - utils.training - INFO - Total gradient norm: 0.0000
2025-05-24 11:46:45,358 - utils.training - INFO - Total gradient norm: 0.0000
2025-05-24 11:46:45,677 - utils.training - INFO - Total gradient norm: 0.0000
2025-05-24 11:46:45,994 - utils.training - INFO - Batch 1500: Raw fg ratio: 0.9624, Adaptive fg ratio: 0.3490
2025-05-24 11:46:45,995 - utils.training - INFO - Batch 1500: GT fg ratio: 0.0539
2025-05-24 11:46:45,995 - utils.training - WARNING - Still predicting too much foreground! Ratio: 6.48x
2025-05-24 11:46:45,995 - utils.training - INFO - Total gradient norm: 0.0000
2025-05-24 11:46:46,307 - utils.training - INFO - Total gradient norm: 0.0000
2025-05-24 11:46:46,572 - utils.training - INFO - Total gradient norm: 0.0000
2025-05-24 11:46:46,894 - utils.training - INFO - Total gradient norm: 0.0000
2025-05-24 11:46:47,191 - utils.training - INFO - Total gradient norm: 0.0000
2025-05-24 11:46:47,460 - utils.training - INFO - Batch 1550: Raw fg ratio: 0.9543, Adaptive fg ratio: 0.2987
2025-05-24 11:46:47,460 - utils.training - INFO - Batch 1550: GT fg ratio: 0.0564
2025-05-24 11:46:47,460 - utils.training - WARNING - Still predicting too much foreground! Ratio: 5.30x
2025-05-24 11:46:47,460 - utils.training - INFO - Total gradient norm: 0.0000
2025-05-24 11:46:47,721 - utils.training - INFO - Total gradient norm: 0.0000
2025-05-24 11:46:48,007 - utils.training - INFO - Total gradient norm: 0.0000
2025-05-24 11:46:48,282 - utils.training - INFO - Total gradient norm: 0.0000
2025-05-24 11:46:48,547 - utils.training - INFO - Total gradient norm: 0.0000
2025-05-24 11:46:48,884 - utils.training - INFO - Batch 1600: Raw fg ratio: 0.9452, Adaptive fg ratio: 0.3033
2025-05-24 11:46:48,885 - utils.training - INFO - Batch 1600: GT fg ratio: 0.0542
2025-05-24 11:46:48,885 - utils.training - WARNING - Still predicting too much foreground! Ratio: 5.59x
2025-05-24 11:46:48,885 - utils.training - INFO - Total gradient norm: 0.0000
2025-05-24 11:46:49,138 - utils.training - INFO - Total gradient norm: 0.0000
2025-05-24 11:46:49,485 - utils.training - INFO - Total gradient norm: 0.0000
2025-05-24 11:46:49,757 - utils.training - INFO - Total gradient norm: 0.0000
2025-05-24 11:46:50,058 - utils.training - INFO - Total gradient norm: 0.0000
2025-05-24 11:46:50,385 - utils.training - INFO - Batch 1650: Raw fg ratio: 0.9637, Adaptive fg ratio: 0.3446
2025-05-24 11:46:50,386 - utils.training - INFO - Batch 1650: GT fg ratio: 0.0563
2025-05-24 11:46:50,386 - utils.training - WARNING - Still predicting too much foreground! Ratio: 6.12x
2025-05-24 11:46:50,386 - utils.training - INFO - Total gradient norm: 0.0000
2025-05-24 11:46:50,657 - utils.training - INFO - Total gradient norm: 0.0000
2025-05-24 11:46:50,933 - utils.training - INFO - Total gradient norm: 0.0000
2025-05-24 11:46:51,240 - utils.training - INFO - Total gradient norm: 0.0000
2025-05-24 11:46:51,514 - utils.training - INFO - Total gradient norm: 0.0000
2025-05-24 11:46:51,817 - utils.training - INFO - Batch 1700: Raw fg ratio: 0.9608, Adaptive fg ratio: 0.2549
2025-05-24 11:46:51,818 - utils.training - INFO - Batch 1700: GT fg ratio: 0.4942
2025-05-24 11:46:51,818 - utils.training - INFO - Foreground ratio looks good! Pred/GT ratio: 0.52x
2025-05-24 11:46:51,818 - utils.training - INFO - Total gradient norm: 0.0000
2025-05-24 11:46:52,107 - utils.training - INFO - Total gradient norm: 0.0000
2025-05-24 11:46:52,424 - utils.training - INFO - Total gradient norm: 0.0000
2025-05-24 11:46:52,718 - utils.training - INFO - Total gradient norm: 0.0000
2025-05-24 11:46:53,012 - utils.training - INFO - Total gradient norm: 0.0000
2025-05-24 11:46:53,282 - utils.training - INFO - Batch 1750: Raw fg ratio: 0.9475, Adaptive fg ratio: 0.2311
2025-05-24 11:46:53,283 - utils.training - INFO - Batch 1750: GT fg ratio: 0.0443
2025-05-24 11:46:53,283 - utils.training - WARNING - Still predicting too much foreground! Ratio: 5.21x
2025-05-24 11:46:53,283 - utils.training - INFO - Total gradient norm: 0.0000
2025-05-24 11:46:53,569 - utils.training - INFO - Total gradient norm: 0.0000
2025-05-24 11:46:53,831 - utils.training - INFO - Total gradient norm: 0.0000
2025-05-24 11:46:54,144 - utils.training - INFO - Total gradient norm: 0.0000
2025-05-24 11:46:54,408 - utils.training - INFO - Total gradient norm: 0.0000
2025-05-24 11:46:54,697 - utils.training - INFO - Batch 1800: Raw fg ratio: 0.9274, Adaptive fg ratio: 0.2420
2025-05-24 11:46:54,698 - utils.training - INFO - Batch 1800: GT fg ratio: 0.0448
2025-05-24 11:46:54,698 - utils.training - WARNING - Still predicting too much foreground! Ratio: 5.41x
2025-05-24 11:46:54,698 - utils.training - INFO - Total gradient norm: 0.0000
2025-05-24 11:46:54,959 - utils.training - INFO - Total gradient norm: 0.0000
2025-05-24 11:46:55,262 - utils.training - INFO - Total gradient norm: 0.0000
2025-05-24 11:46:55,548 - utils.training - INFO - Total gradient norm: 0.0000
2025-05-24 11:46:55,829 - utils.training - INFO - Total gradient norm: 0.0000
2025-05-24 11:46:56,101 - utils.training - INFO - Batch 1850: Raw fg ratio: 0.9431, Adaptive fg ratio: 0.2778
2025-05-24 11:46:56,102 - utils.training - INFO - Batch 1850: GT fg ratio: 0.1023
2025-05-24 11:46:56,102 - utils.training - INFO - Foreground ratio looks good! Pred/GT ratio: 2.72x
2025-05-24 11:46:56,102 - utils.training - INFO - Total gradient norm: 0.0000
2025-05-24 11:46:56,373 - utils.training - INFO - Total gradient norm: 0.0000
2025-05-24 11:46:56,642 - utils.training - INFO - Total gradient norm: 0.0000
2025-05-24 11:46:56,918 - utils.training - INFO - Total gradient norm: 0.0000
2025-05-24 11:46:57,192 - utils.training - INFO - Total gradient norm: 0.0000
2025-05-24 11:46:57,494 - utils.training - INFO - Batch 1900: Raw fg ratio: 0.9632, Adaptive fg ratio: 0.3122
2025-05-24 11:46:57,494 - utils.training - INFO - Batch 1900: GT fg ratio: 0.0603
2025-05-24 11:46:57,495 - utils.training - WARNING - Still predicting too much foreground! Ratio: 5.18x
2025-05-24 11:46:57,495 - utils.training - INFO - Total gradient norm: 0.0000
2025-05-24 11:46:57,786 - utils.training - INFO - Total gradient norm: 0.0000
2025-05-24 11:46:58,093 - utils.training - INFO - Total gradient norm: 0.0000
2025-05-24 11:46:58,371 - utils.training - INFO - Total gradient norm: 0.0000
2025-05-24 11:46:58,670 - utils.training - INFO - Total gradient norm: 0.0000
2025-05-24 11:46:58,947 - utils.training - INFO - Batch 1950: Raw fg ratio: 0.9599, Adaptive fg ratio: 0.3546
2025-05-24 11:46:58,947 - utils.training - INFO - Batch 1950: GT fg ratio: 0.1455
2025-05-24 11:46:58,948 - utils.training - INFO - Foreground ratio looks good! Pred/GT ratio: 2.44x
2025-05-24 11:46:58,948 - utils.training - INFO - Total gradient norm: 0.0000
2025-05-24 11:46:59,225 - utils.training - INFO - Total gradient norm: 0.0000
2025-05-24 11:46:59,500 - utils.training - INFO - Total gradient norm: 0.0000
2025-05-24 11:46:59,798 - utils.training - INFO - Total gradient norm: 0.0000
2025-05-24 11:47:00,078 - utils.training - INFO - Total gradient norm: 0.0000
2025-05-24 11:47:00,365 - utils.training - INFO - Batch 2000: Raw fg ratio: 0.9532, Adaptive fg ratio: 0.3235
2025-05-24 11:47:00,366 - utils.training - INFO - Batch 2000: GT fg ratio: 0.5812
2025-05-24 11:47:00,366 - utils.training - INFO - Foreground ratio looks good! Pred/GT ratio: 0.56x
2025-05-24 11:47:00,366 - utils.training - INFO - Total gradient norm: 0.0000
2025-05-24 11:47:00,643 - utils.training - INFO - Total gradient norm: 0.0000
2025-05-24 11:47:00,918 - utils.training - INFO - Total gradient norm: 0.0000
2025-05-24 11:47:01,229 - utils.training - INFO - Total gradient norm: 0.0000
2025-05-24 11:47:01,516 - utils.training - INFO - Total gradient norm: 0.0000
2025-05-24 11:47:01,826 - utils.training - INFO - Batch 2050: Raw fg ratio: 0.9108, Adaptive fg ratio: 0.1908
2025-05-24 11:47:01,827 - utils.training - INFO - Batch 2050: GT fg ratio: 0.5147
2025-05-24 11:47:01,827 - utils.training - WARNING - Predicting too little foreground! Ratio: 0.37x
2025-05-24 11:47:01,827 - utils.training - INFO - Total gradient norm: 0.0000
2025-05-24 11:47:02,111 - utils.training - INFO - Total gradient norm: 0.0000
2025-05-24 11:47:02,416 - utils.training - INFO - Total gradient norm: 0.0000
2025-05-24 11:47:02,694 - utils.training - INFO - Total gradient norm: 0.0000
2025-05-24 11:47:03,009 - utils.training - INFO - Total gradient norm: 0.0000
2025-05-24 11:47:03,136 - utils.training - INFO - Epoch 0 training - Loss: 1.7726
2025-05-24 11:47:03,141 - utils.training - INFO - Results saved to checkpoints/debug_binary/results
2025-05-24 11:47:03,230 - utils.training - INFO - Batch 0: Raw fg ratio: 0.9661, Adaptive fg ratio: 0.4025
2025-05-24 11:47:03,230 - utils.training - INFO - Batch 0: GT fg ratio: 0.0440
2025-05-24 11:47:03,230 - utils.training - WARNING - Still predicting too much foreground! Ratio: 9.15x
2025-05-24 11:47:03,231 - utils.training - INFO - Total gradient norm: 0.0000
2025-05-24 11:47:03,515 - utils.training - INFO - Total gradient norm: 0.0000
2025-05-24 11:47:03,789 - utils.training - INFO - Total gradient norm: 0.0000
2025-05-24 11:47:04,096 - utils.training - INFO - Total gradient norm: 0.0000
2025-05-24 11:47:04,394 - utils.training - INFO - Total gradient norm: 0.0000
2025-05-24 11:47:04,738 - utils.training - INFO - Batch 50: Raw fg ratio: 0.9593, Adaptive fg ratio: 0.2892
2025-05-24 11:47:04,738 - utils.training - INFO - Batch 50: GT fg ratio: 0.1179
2025-05-24 11:47:04,738 - utils.training - INFO - Foreground ratio looks good! Pred/GT ratio: 2.45x
2025-05-24 11:47:04,738 - utils.training - INFO - Total gradient norm: 0.0000
2025-05-24 11:47:05,041 - utils.training - INFO - Total gradient norm: 0.0000
2025-05-24 11:47:05,325 - utils.training - INFO - Total gradient norm: 0.0000
2025-05-24 11:47:05,614 - utils.training - INFO - Total gradient norm: 0.0000
2025-05-24 11:47:05,912 - utils.training - INFO - Total gradient norm: 0.0000
2025-05-24 11:47:06,196 - utils.training - INFO - Batch 100: Raw fg ratio: 0.9341, Adaptive fg ratio: 0.2521
2025-05-24 11:47:06,196 - utils.training - INFO - Batch 100: GT fg ratio: 0.0631
2025-05-24 11:47:06,197 - utils.training - WARNING - Still predicting too much foreground! Ratio: 4.00x
2025-05-24 11:47:06,197 - utils.training - INFO - Total gradient norm: 0.0000
2025-05-24 11:47:06,473 - utils.training - INFO - Total gradient norm: 0.0000
2025-05-24 11:47:06,767 - utils.training - INFO - Total gradient norm: 0.0000
2025-05-24 11:47:07,067 - utils.training - INFO - Total gradient norm: 0.0000
2025-05-24 11:47:07,346 - utils.training - INFO - Total gradient norm: 0.0000
2025-05-24 11:47:07,629 - utils.training - INFO - Batch 150: Raw fg ratio: 0.9696, Adaptive fg ratio: 0.3337
2025-05-24 11:47:07,630 - utils.training - INFO - Batch 150: GT fg ratio: 0.0540
2025-05-24 11:47:07,630 - utils.training - WARNING - Still predicting too much foreground! Ratio: 6.18x
2025-05-24 11:47:07,630 - utils.training - INFO - Total gradient norm: 0.0000
2025-05-24 11:47:07,942 - utils.training - INFO - Total gradient norm: 0.0000
2025-05-24 11:47:08,222 - utils.training - INFO - Total gradient norm: 0.0000
2025-05-24 11:47:08,502 - utils.training - INFO - Total gradient norm: 0.0000
2025-05-24 11:47:08,803 - utils.training - INFO - Total gradient norm: 0.0000
2025-05-24 11:47:09,073 - utils.training - INFO - Batch 200: Raw fg ratio: 0.9617, Adaptive fg ratio: 0.2480
2025-05-24 11:47:09,074 - utils.training - INFO - Batch 200: GT fg ratio: 0.0710
2025-05-24 11:47:09,074 - utils.training - WARNING - Still predicting too much foreground! Ratio: 3.49x
2025-05-24 11:47:09,074 - utils.training - INFO - Total gradient norm: 0.0000
2025-05-24 11:47:09,421 - utils.training - INFO - Total gradient norm: 0.0000
2025-05-24 11:47:09,705 - utils.training - INFO - Total gradient norm: 0.0000
2025-05-24 11:47:09,997 - utils.training - INFO - Total gradient norm: 0.0000
2025-05-24 11:47:10,272 - utils.training - INFO - Total gradient norm: 0.0000
2025-05-24 11:47:10,569 - utils.training - INFO - Batch 250: Raw fg ratio: 0.9340, Adaptive fg ratio: 0.1551
2025-05-24 11:47:10,570 - utils.training - INFO - Batch 250: GT fg ratio: 0.0205
2025-05-24 11:47:10,570 - utils.training - WARNING - Still predicting too much foreground! Ratio: 7.58x
2025-05-24 11:47:10,570 - utils.training - INFO - Total gradient norm: 0.0000
2025-05-24 11:47:10,876 - utils.training - INFO - Total gradient norm: 0.0000
2025-05-24 11:47:11,148 - utils.training - INFO - Total gradient norm: 0.0000
2025-05-24 11:47:11,479 - utils.training - INFO - Total gradient norm: 0.0000
2025-05-24 11:47:11,746 - utils.training - INFO - Total gradient norm: 0.0000
2025-05-24 11:47:12,075 - utils.training - INFO - Batch 300: Raw fg ratio: 0.9429, Adaptive fg ratio: 0.2397
2025-05-24 11:47:12,075 - utils.training - INFO - Batch 300: GT fg ratio: 0.2854
2025-05-24 11:47:12,076 - utils.training - INFO - Foreground ratio looks good! Pred/GT ratio: 0.84x
2025-05-24 11:47:12,076 - utils.training - INFO - Total gradient norm: 0.0000
2025-05-24 11:47:12,346 - utils.training - INFO - Total gradient norm: 0.0000
2025-05-24 11:47:12,609 - utils.training - INFO - Total gradient norm: 0.0000
2025-05-24 11:47:12,862 - utils.training - INFO - Total gradient norm: 0.0000
2025-05-24 11:47:13,151 - utils.training - INFO - Total gradient norm: 0.0000
2025-05-24 11:47:13,473 - utils.training - INFO - Batch 350: Raw fg ratio: 0.9368, Adaptive fg ratio: 0.2406
2025-05-24 11:47:13,474 - utils.training - INFO - Batch 350: GT fg ratio: 0.1191
2025-05-24 11:47:13,474 - utils.training - INFO - Foreground ratio looks good! Pred/GT ratio: 2.02x
2025-05-24 11:47:13,474 - utils.training - INFO - Total gradient norm: 0.0000
2025-05-24 11:47:13,736 - utils.training - INFO - Total gradient norm: 0.0000
2025-05-24 11:47:14,020 - utils.training - INFO - Total gradient norm: 0.0000
2025-05-24 11:47:14,330 - utils.training - INFO - Total gradient norm: 0.0000
2025-05-24 11:47:14,644 - utils.training - INFO - Total gradient norm: 0.0000
2025-05-24 11:47:14,932 - utils.training - INFO - Batch 400: Raw fg ratio: 0.9575, Adaptive fg ratio: 0.2029
2025-05-24 11:47:14,932 - utils.training - INFO - Batch 400: GT fg ratio: 0.0471
2025-05-24 11:47:14,933 - utils.training - WARNING - Still predicting too much foreground! Ratio: 4.31x
2025-05-24 11:47:14,933 - utils.training - INFO - Total gradient norm: 0.0000
2025-05-24 11:47:15,206 - utils.training - INFO - Total gradient norm: 0.0000
2025-05-24 11:47:15,496 - utils.training - INFO - Total gradient norm: 0.0000
2025-05-24 11:47:15,768 - utils.training - INFO - Total gradient norm: 0.0000
2025-05-24 11:47:16,053 - utils.training - INFO - Total gradient norm: 0.0000
2025-05-24 11:47:16,326 - utils.training - INFO - Batch 450: Raw fg ratio: 0.9692, Adaptive fg ratio: 0.2881
2025-05-24 11:47:16,326 - utils.training - INFO - Batch 450: GT fg ratio: 0.0073
2025-05-24 11:47:16,326 - utils.training - WARNING - Still predicting too much foreground! Ratio: 39.65x
2025-05-24 11:47:16,326 - utils.training - INFO - Total gradient norm: 0.0000
2025-05-24 11:47:16,595 - utils.training - INFO - Total gradient norm: 0.0000
2025-05-24 11:47:16,874 - utils.training - INFO - Total gradient norm: 0.0000
2025-05-24 11:47:17,168 - utils.training - INFO - Total gradient norm: 0.0000
2025-05-24 11:47:17,445 - utils.training - INFO - Total gradient norm: 0.0000
2025-05-24 11:47:17,722 - utils.training - INFO - Batch 500: Raw fg ratio: 0.9655, Adaptive fg ratio: 0.2938
2025-05-24 11:47:17,723 - utils.training - INFO - Batch 500: GT fg ratio: 0.4675
2025-05-24 11:47:17,723 - utils.training - INFO - Foreground ratio looks good! Pred/GT ratio: 0.63x
2025-05-24 11:47:17,723 - utils.training - INFO - Total gradient norm: 0.0000
2025-05-24 11:47:18,002 - utils.training - INFO - Total gradient norm: 0.0000
2025-05-24 11:47:18,281 - utils.training - INFO - Total gradient norm: 0.0000
2025-05-24 11:47:18,571 - utils.training - INFO - Total gradient norm: 0.0000
2025-05-24 11:47:18,857 - utils.training - INFO - Total gradient norm: 0.0000
2025-05-24 11:47:19,128 - utils.training - INFO - Batch 550: Raw fg ratio: 0.9253, Adaptive fg ratio: 0.2328
2025-05-24 11:47:19,129 - utils.training - INFO - Batch 550: GT fg ratio: 0.0604
2025-05-24 11:47:19,129 - utils.training - WARNING - Still predicting too much foreground! Ratio: 3.85x
2025-05-24 11:47:19,129 - utils.training - INFO - Total gradient norm: 0.0000
2025-05-24 11:47:19,454 - utils.training - INFO - Total gradient norm: 0.0000
2025-05-24 11:47:19,787 - utils.training - INFO - Total gradient norm: 0.0000
2025-05-24 11:47:20,082 - utils.training - INFO - Total gradient norm: 0.0000
2025-05-24 11:47:20,387 - utils.training - INFO - Total gradient norm: 0.0000
2025-05-24 11:47:20,697 - utils.training - INFO - Batch 600: Raw fg ratio: 0.9578, Adaptive fg ratio: 0.2275
2025-05-24 11:47:20,697 - utils.training - INFO - Batch 600: GT fg ratio: 0.6059
2025-05-24 11:47:20,698 - utils.training - WARNING - Predicting too little foreground! Ratio: 0.38x
2025-05-24 11:47:20,698 - utils.training - INFO - Total gradient norm: 0.0000
2025-05-24 11:47:21,009 - utils.training - INFO - Total gradient norm: 0.0000
2025-05-24 11:47:21,329 - utils.training - INFO - Total gradient norm: 0.0000
2025-05-24 11:47:21,609 - utils.training - INFO - Total gradient norm: 0.0000
2025-05-24 11:47:21,885 - utils.training - INFO - Total gradient norm: 0.0000
2025-05-24 11:47:22,160 - utils.training - INFO - Batch 650: Raw fg ratio: 0.7178, Adaptive fg ratio: 0.1276
2025-05-24 11:47:22,160 - utils.training - INFO - Batch 650: GT fg ratio: 0.0813
2025-05-24 11:47:22,161 - utils.training - INFO - Foreground ratio looks good! Pred/GT ratio: 1.57x
2025-05-24 11:47:22,161 - utils.training - INFO - Total gradient norm: 0.0000
2025-05-24 11:47:22,467 - utils.training - INFO - Total gradient norm: 0.0000
2025-05-24 11:47:22,733 - utils.training - INFO - Total gradient norm: 0.0000
2025-05-24 11:47:23,022 - utils.training - INFO - Total gradient norm: 0.0000
2025-05-24 11:47:23,306 - utils.training - INFO - Total gradient norm: 0.0000
2025-05-24 11:47:23,630 - utils.training - INFO - Batch 700: Raw fg ratio: 0.7927, Adaptive fg ratio: 0.1200
2025-05-24 11:47:23,631 - utils.training - INFO - Batch 700: GT fg ratio: 0.0313
2025-05-24 11:47:23,631 - utils.training - WARNING - Still predicting too much foreground! Ratio: 3.83x
2025-05-24 11:47:23,631 - utils.training - INFO - Total gradient norm: 0.0000
2025-05-24 11:47:23,932 - utils.training - INFO - Total gradient norm: 0.0000
2025-05-24 11:47:24,227 - utils.training - INFO - Total gradient norm: 0.0000
2025-05-24 11:47:24,524 - utils.training - INFO - Total gradient norm: 0.0000
2025-05-24 11:47:24,812 - utils.training - INFO - Total gradient norm: 0.0000
2025-05-24 11:47:25,130 - utils.training - INFO - Batch 750: Raw fg ratio: 0.7529, Adaptive fg ratio: 0.1200
2025-05-24 11:47:25,130 - utils.training - INFO - Batch 750: GT fg ratio: 0.0207
2025-05-24 11:47:25,130 - utils.training - WARNING - Still predicting too much foreground! Ratio: 5.80x
2025-05-24 11:47:25,131 - utils.training - INFO - Total gradient norm: 0.0000
2025-05-24 11:47:25,408 - utils.training - INFO - Total gradient norm: 0.0000
2025-05-24 11:47:25,667 - utils.training - INFO - Total gradient norm: 0.0000
2025-05-24 11:47:25,911 - utils.training - INFO - Total gradient norm: 0.0000
2025-05-24 11:47:26,173 - utils.training - INFO - Total gradient norm: 0.0000
2025-05-24 11:47:26,516 - utils.training - INFO - Batch 800: Raw fg ratio: 0.9674, Adaptive fg ratio: 0.3169
2025-05-24 11:47:26,516 - utils.training - INFO - Batch 800: GT fg ratio: 0.1576
2025-05-24 11:47:26,516 - utils.training - INFO - Foreground ratio looks good! Pred/GT ratio: 2.01x
2025-05-24 11:47:26,517 - utils.training - INFO - Total gradient norm: 0.0000
2025-05-24 11:47:26,819 - utils.training - INFO - Total gradient norm: 0.0000
2025-05-24 11:47:27,135 - utils.training - INFO - Total gradient norm: 0.0000
2025-05-24 11:47:27,411 - utils.training - INFO - Total gradient norm: 0.0000
2025-05-24 11:47:27,717 - utils.training - INFO - Total gradient norm: 0.0000
2025-05-24 11:47:28,010 - utils.training - INFO - Batch 850: Raw fg ratio: 0.9713, Adaptive fg ratio: 0.2238
2025-05-24 11:47:28,010 - utils.training - INFO - Batch 850: GT fg ratio: 0.1601
2025-05-24 11:47:28,011 - utils.training - INFO - Foreground ratio looks good! Pred/GT ratio: 1.40x
2025-05-24 11:47:28,011 - utils.training - INFO - Total gradient norm: 0.0000
2025-05-24 11:47:28,303 - utils.training - INFO - Total gradient norm: 0.0000
2025-05-24 11:47:28,619 - utils.training - INFO - Total gradient norm: 0.0000
2025-05-24 11:47:28,941 - utils.training - INFO - Total gradient norm: 0.0000
2025-05-24 11:47:29,258 - utils.training - INFO - Total gradient norm: 0.0000
2025-05-24 11:47:29,552 - utils.training - INFO - Batch 900: Raw fg ratio: 0.8578, Adaptive fg ratio: 0.1349
2025-05-24 11:47:29,552 - utils.training - INFO - Batch 900: GT fg ratio: 0.0530
2025-05-24 11:47:29,553 - utils.training - INFO - Foreground ratio looks good! Pred/GT ratio: 2.54x
2025-05-24 11:47:29,553 - utils.training - INFO - Total gradient norm: 0.0000
2025-05-24 11:47:29,838 - utils.training - INFO - Total gradient norm: 0.0000
2025-05-24 11:47:30,138 - utils.training - INFO - Total gradient norm: 0.0000
2025-05-24 11:47:30,463 - utils.training - INFO - Total gradient norm: 0.0000
2025-05-24 11:47:30,770 - utils.training - INFO - Total gradient norm: 0.0000
2025-05-24 11:47:31,067 - utils.training - INFO - Batch 950: Raw fg ratio: 0.9772, Adaptive fg ratio: 0.3438
2025-05-24 11:47:31,068 - utils.training - INFO - Batch 950: GT fg ratio: 0.2014
2025-05-24 11:47:31,068 - utils.training - INFO - Foreground ratio looks good! Pred/GT ratio: 1.71x
2025-05-24 11:47:31,068 - utils.training - INFO - Total gradient norm: 0.0000
2025-05-24 11:47:31,371 - utils.training - INFO - Total gradient norm: 0.0000
2025-05-24 11:47:31,667 - utils.training - INFO - Total gradient norm: 0.0000
2025-05-24 11:47:32,002 - utils.training - INFO - Total gradient norm: 0.0000
2025-05-24 11:47:32,290 - utils.training - INFO - Total gradient norm: 0.0000
2025-05-24 11:47:32,574 - utils.training - INFO - Batch 1000: Raw fg ratio: 0.9576, Adaptive fg ratio: 0.2767
2025-05-24 11:47:32,574 - utils.training - INFO - Batch 1000: GT fg ratio: 0.1813
2025-05-24 11:47:32,575 - utils.training - INFO - Foreground ratio looks good! Pred/GT ratio: 1.53x
2025-05-24 11:47:32,575 - utils.training - INFO - Total gradient norm: 0.0000
2025-05-24 11:47:32,843 - utils.training - INFO - Total gradient norm: 0.0000
2025-05-24 11:47:33,132 - utils.training - INFO - Total gradient norm: 0.0000
2025-05-24 11:47:33,435 - utils.training - INFO - Total gradient norm: 0.0000
2025-05-24 11:47:33,687 - utils.training - INFO - Total gradient norm: 0.0000
2025-05-24 11:47:34,024 - utils.training - INFO - Batch 1050: Raw fg ratio: 0.9668, Adaptive fg ratio: 0.1980
2025-05-24 11:47:34,025 - utils.training - INFO - Batch 1050: GT fg ratio: 0.0401
2025-05-24 11:47:34,025 - utils.training - WARNING - Still predicting too much foreground! Ratio: 4.94x
2025-05-24 11:47:34,025 - utils.training - INFO - Total gradient norm: 0.0000
2025-05-24 11:47:34,325 - utils.training - INFO - Total gradient norm: 0.0000
2025-05-24 11:47:34,632 - utils.training - INFO - Total gradient norm: 0.0000
2025-05-24 11:47:34,918 - utils.training - INFO - Total gradient norm: 0.0000
2025-05-24 11:47:35,185 - utils.training - INFO - Total gradient norm: 0.0000
2025-05-24 11:47:35,450 - utils.training - INFO - Batch 1100: Raw fg ratio: 0.9703, Adaptive fg ratio: 0.2077
2025-05-24 11:47:35,450 - utils.training - INFO - Batch 1100: GT fg ratio: 0.0680
2025-05-24 11:47:35,451 - utils.training - WARNING - Still predicting too much foreground! Ratio: 3.05x
2025-05-24 11:47:35,451 - utils.training - INFO - Total gradient norm: 0.0000
2025-05-24 11:47:35,748 - utils.training - INFO - Total gradient norm: 0.0000
2025-05-24 11:47:36,043 - utils.training - INFO - Total gradient norm: 0.0000
2025-05-24 11:47:36,346 - utils.training - INFO - Total gradient norm: 0.0000
2025-05-24 11:47:36,658 - utils.training - INFO - Total gradient norm: 0.0000
2025-05-24 11:47:36,956 - utils.training - INFO - Batch 1150: Raw fg ratio: 0.9183, Adaptive fg ratio: 0.1553
2025-05-24 11:47:36,957 - utils.training - INFO - Batch 1150: GT fg ratio: 0.4738
2025-05-24 11:47:36,957 - utils.training - WARNING - Predicting too little foreground! Ratio: 0.33x
2025-05-24 11:47:36,957 - utils.training - INFO - Total gradient norm: 0.0000
2025-05-24 11:47:37,276 - utils.training - INFO - Total gradient norm: 0.0000
2025-05-24 11:47:37,574 - utils.training - INFO - Total gradient norm: 0.0000
2025-05-24 11:47:37,909 - utils.training - INFO - Total gradient norm: 0.0000
2025-05-24 11:47:38,236 - utils.training - INFO - Total gradient norm: 0.0000
2025-05-24 11:47:38,574 - utils.training - INFO - Batch 1200: Raw fg ratio: 0.9616, Adaptive fg ratio: 0.2915
2025-05-24 11:47:38,575 - utils.training - INFO - Batch 1200: GT fg ratio: 0.0258
2025-05-24 11:47:38,575 - utils.training - WARNING - Still predicting too much foreground! Ratio: 11.29x
2025-05-24 11:47:38,575 - utils.training - INFO - Total gradient norm: 0.0000
2025-05-24 11:47:38,864 - utils.training - INFO - Total gradient norm: 0.0000
2025-05-24 11:47:39,142 - utils.training - INFO - Total gradient norm: 0.0000
2025-05-24 11:47:39,435 - utils.training - INFO - Total gradient norm: 0.0000
2025-05-24 11:47:39,735 - utils.training - INFO - Total gradient norm: 0.0000
2025-05-24 11:47:40,012 - utils.training - INFO - Batch 1250: Raw fg ratio: 0.9525, Adaptive fg ratio: 0.1835
2025-05-24 11:47:40,013 - utils.training - INFO - Batch 1250: GT fg ratio: 0.0534
2025-05-24 11:47:40,013 - utils.training - WARNING - Still predicting too much foreground! Ratio: 3.44x
2025-05-24 11:47:40,013 - utils.training - INFO - Total gradient norm: 0.0000
2025-05-24 11:47:40,327 - utils.training - INFO - Total gradient norm: 0.0000
2025-05-24 11:47:40,626 - utils.training - INFO - Total gradient norm: 0.0000
2025-05-24 11:47:40,951 - utils.training - INFO - Total gradient norm: 0.0000
2025-05-24 11:47:41,247 - utils.training - INFO - Total gradient norm: 0.0000
2025-05-24 11:47:41,580 - utils.training - INFO - Batch 1300: Raw fg ratio: 0.9673, Adaptive fg ratio: 0.1854
2025-05-24 11:47:41,580 - utils.training - INFO - Batch 1300: GT fg ratio: 0.1435
2025-05-24 11:47:41,580 - utils.training - INFO - Foreground ratio looks good! Pred/GT ratio: 1.29x
2025-05-24 11:47:41,581 - utils.training - INFO - Total gradient norm: 0.0000
2025-05-24 11:47:41,876 - utils.training - INFO - Total gradient norm: 0.0000
2025-05-24 11:47:42,178 - utils.training - INFO - Total gradient norm: 0.0000
2025-05-24 11:47:42,470 - utils.training - INFO - Total gradient norm: 0.0000
2025-05-24 11:47:42,757 - utils.training - INFO - Total gradient norm: 0.0000
2025-05-24 11:47:43,053 - utils.training - INFO - Batch 1350: Raw fg ratio: 0.9528, Adaptive fg ratio: 0.1581
2025-05-24 11:47:43,054 - utils.training - INFO - Batch 1350: GT fg ratio: 0.1216
2025-05-24 11:47:43,054 - utils.training - INFO - Foreground ratio looks good! Pred/GT ratio: 1.30x
2025-05-24 11:47:43,054 - utils.training - INFO - Total gradient norm: 0.0000
2025-05-24 11:47:43,349 - utils.training - INFO - Total gradient norm: 0.0000
2025-05-24 11:47:43,708 - utils.training - INFO - Total gradient norm: 0.0000
2025-05-24 11:47:44,005 - utils.training - INFO - Total gradient norm: 0.0000
2025-05-24 11:47:44,313 - utils.training - INFO - Total gradient norm: 0.0000
2025-05-24 11:47:44,616 - utils.training - INFO - Batch 1400: Raw fg ratio: 0.9724, Adaptive fg ratio: 0.2000
2025-05-24 11:47:44,617 - utils.training - INFO - Batch 1400: GT fg ratio: 0.0009
2025-05-24 11:47:44,618 - utils.training - WARNING - Still predicting too much foreground! Ratio: 232.76x
2025-05-24 11:47:44,618 - utils.training - INFO - Total gradient norm: 0.0000
2025-05-24 11:47:44,988 - utils.training - INFO - Total gradient norm: 0.0000
2025-05-24 11:47:45,288 - utils.training - INFO - Total gradient norm: 0.0000
2025-05-24 11:47:45,576 - utils.training - INFO - Total gradient norm: 0.0000
2025-05-24 11:47:45,937 - utils.training - INFO - Total gradient norm: 0.0000
2025-05-24 11:47:46,256 - utils.training - INFO - Batch 1450: Raw fg ratio: 0.9199, Adaptive fg ratio: 0.1751
2025-05-24 11:47:46,256 - utils.training - INFO - Batch 1450: GT fg ratio: 0.1153
2025-05-24 11:47:46,257 - utils.training - INFO - Foreground ratio looks good! Pred/GT ratio: 1.52x
2025-05-24 11:47:46,257 - utils.training - INFO - Total gradient norm: 0.0000
2025-05-24 11:47:46,547 - utils.training - INFO - Total gradient norm: 0.0000
2025-05-24 11:47:46,861 - utils.training - INFO - Total gradient norm: 0.0000
2025-05-24 11:47:47,161 - utils.training - INFO - Total gradient norm: 0.0000
2025-05-24 11:47:47,480 - utils.training - INFO - Total gradient norm: 0.0000
2025-05-24 11:47:47,774 - utils.training - INFO - Batch 1500: Raw fg ratio: 0.9507, Adaptive fg ratio: 0.1863
2025-05-24 11:47:47,774 - utils.training - INFO - Batch 1500: GT fg ratio: 0.2228
2025-05-24 11:47:47,774 - utils.training - INFO - Foreground ratio looks good! Pred/GT ratio: 0.84x
2025-05-24 11:47:47,775 - utils.training - INFO - Total gradient norm: 0.0000
2025-05-24 11:47:48,087 - utils.training - INFO - Total gradient norm: 0.0000
2025-05-24 11:47:48,360 - utils.training - INFO - Total gradient norm: 0.0000
2025-05-24 11:47:48,655 - utils.training - INFO - Total gradient norm: 0.0000
2025-05-24 11:47:48,962 - utils.training - INFO - Total gradient norm: 0.0000
2025-05-24 11:47:49,282 - utils.training - INFO - Batch 1550: Raw fg ratio: 0.9282, Adaptive fg ratio: 0.1953
2025-05-24 11:47:49,283 - utils.training - INFO - Batch 1550: GT fg ratio: 0.7214
2025-05-24 11:47:49,283 - utils.training - WARNING - Predicting too little foreground! Ratio: 0.27x
2025-05-24 11:47:49,283 - utils.training - INFO - Total gradient norm: 0.0000
2025-05-24 11:47:49,602 - utils.training - INFO - Total gradient norm: 0.0000
2025-05-24 11:47:49,910 - utils.training - INFO - Total gradient norm: 0.0000
2025-05-24 11:47:50,209 - utils.training - INFO - Total gradient norm: 0.0000
2025-05-24 11:47:50,490 - utils.training - INFO - Total gradient norm: 0.0000
2025-05-24 11:47:50,803 - utils.training - INFO - Batch 1600: Raw fg ratio: 0.8815, Adaptive fg ratio: 0.1200
2025-05-24 11:47:50,804 - utils.training - INFO - Batch 1600: GT fg ratio: 0.0202
2025-05-24 11:47:50,804 - utils.training - WARNING - Still predicting too much foreground! Ratio: 5.95x
2025-05-24 11:47:50,805 - utils.training - INFO - Total gradient norm: 0.0000
2025-05-24 11:47:51,107 - utils.training - INFO - Total gradient norm: 0.0000
2025-05-24 11:47:51,379 - utils.training - INFO - Total gradient norm: 0.0000
2025-05-24 11:47:51,642 - utils.training - INFO - Total gradient norm: 0.0000
2025-05-24 11:47:51,948 - utils.training - INFO - Total gradient norm: 0.0000
2025-05-24 11:47:52,200 - utils.training - INFO - Batch 1650: Raw fg ratio: 0.9517, Adaptive fg ratio: 0.1561
2025-05-24 11:47:52,201 - utils.training - INFO - Batch 1650: GT fg ratio: 0.0663
2025-05-24 11:47:52,201 - utils.training - INFO - Foreground ratio looks good! Pred/GT ratio: 2.35x
2025-05-24 11:47:52,201 - utils.training - INFO - Total gradient norm: 0.0000
2025-05-24 11:47:52,482 - utils.training - INFO - Total gradient norm: 0.0000
2025-05-24 11:47:52,775 - utils.training - INFO - Total gradient norm: 0.0000
2025-05-24 11:47:53,069 - utils.training - INFO - Total gradient norm: 0.0000
2025-05-24 11:47:53,359 - utils.training - INFO - Total gradient norm: 0.0000
2025-05-24 11:47:53,648 - utils.training - INFO - Batch 1700: Raw fg ratio: 0.9079, Adaptive fg ratio: 0.1283
2025-05-24 11:47:53,649 - utils.training - INFO - Batch 1700: GT fg ratio: 0.0567
2025-05-24 11:47:53,649 - utils.training - INFO - Foreground ratio looks good! Pred/GT ratio: 2.26x
2025-05-24 11:47:53,649 - utils.training - INFO - Total gradient norm: 0.0000
2025-05-24 11:47:53,915 - utils.training - INFO - Total gradient norm: 0.0000
2025-05-24 11:47:54,190 - utils.training - INFO - Total gradient norm: 0.0000
2025-05-24 11:47:54,503 - utils.training - INFO - Total gradient norm: 0.0000
2025-05-24 11:47:54,800 - utils.training - INFO - Total gradient norm: 0.0000
2025-05-24 11:47:55,095 - utils.training - INFO - Batch 1750: Raw fg ratio: 0.7944, Adaptive fg ratio: 0.1200
2025-05-24 11:47:55,095 - utils.training - INFO - Batch 1750: GT fg ratio: 0.3256
2025-05-24 11:47:55,095 - utils.training - WARNING - Predicting too little foreground! Ratio: 0.37x
2025-05-24 11:47:55,096 - utils.training - INFO - Total gradient norm: 0.0000
2025-05-24 11:47:55,372 - utils.training - INFO - Total gradient norm: 0.0000
2025-05-24 11:47:55,676 - utils.training - INFO - Total gradient norm: 0.0000
2025-05-24 11:47:55,975 - utils.training - INFO - Total gradient norm: 0.0000
2025-05-24 11:47:56,250 - utils.training - INFO - Total gradient norm: 0.0000
2025-05-24 11:47:56,552 - utils.training - INFO - Batch 1800: Raw fg ratio: 0.9628, Adaptive fg ratio: 0.2700
2025-05-24 11:47:56,552 - utils.training - INFO - Batch 1800: GT fg ratio: 0.1576
2025-05-24 11:47:56,553 - utils.training - INFO - Foreground ratio looks good! Pred/GT ratio: 1.71x
2025-05-24 11:47:56,553 - utils.training - INFO - Total gradient norm: 0.0000
2025-05-24 11:47:56,811 - utils.training - INFO - Total gradient norm: 0.0000
2025-05-24 11:47:57,099 - utils.training - INFO - Total gradient norm: 0.0000
2025-05-24 11:47:57,400 - utils.training - INFO - Total gradient norm: 0.0000
2025-05-24 11:47:57,739 - utils.training - INFO - Total gradient norm: 0.0000
2025-05-24 11:47:58,034 - utils.training - INFO - Batch 1850: Raw fg ratio: 0.9626, Adaptive fg ratio: 0.2553
2025-05-24 11:47:58,034 - utils.training - INFO - Batch 1850: GT fg ratio: 0.0222
2025-05-24 11:47:58,035 - utils.training - WARNING - Still predicting too much foreground! Ratio: 11.49x
2025-05-24 11:47:58,035 - utils.training - INFO - Total gradient norm: 0.0000
2025-05-24 11:47:58,327 - utils.training - INFO - Total gradient norm: 0.0000
2025-05-24 11:47:58,627 - utils.training - INFO - Total gradient norm: 0.0000
2025-05-24 11:47:58,931 - utils.training - INFO - Total gradient norm: 0.0000
2025-05-24 11:47:59,225 - utils.training - INFO - Total gradient norm: 0.0000
2025-05-24 11:47:59,542 - utils.training - INFO - Batch 1900: Raw fg ratio: 0.7227, Adaptive fg ratio: 0.1200
2025-05-24 11:47:59,543 - utils.training - INFO - Batch 1900: GT fg ratio: 0.0059
2025-05-24 11:47:59,543 - utils.training - WARNING - Still predicting too much foreground! Ratio: 20.21x
2025-05-24 11:47:59,543 - utils.training - INFO - Total gradient norm: 0.0000
2025-05-24 11:47:59,814 - utils.training - INFO - Total gradient norm: 0.0000
2025-05-24 11:48:00,111 - utils.training - INFO - Total gradient norm: 0.0000
2025-05-24 11:48:00,426 - utils.training - INFO - Total gradient norm: 0.0000
2025-05-24 11:48:00,713 - utils.training - INFO - Total gradient norm: 0.0000
2025-05-24 11:48:00,998 - utils.training - INFO - Batch 1950: Raw fg ratio: 0.9411, Adaptive fg ratio: 0.1953
2025-05-24 11:48:00,999 - utils.training - INFO - Batch 1950: GT fg ratio: 0.0670
2025-05-24 11:48:01,000 - utils.training - INFO - Foreground ratio looks good! Pred/GT ratio: 2.92x
2025-05-24 11:48:01,000 - utils.training - INFO - Total gradient norm: 0.0000
2025-05-24 11:48:01,301 - utils.training - INFO - Total gradient norm: 0.0000
2025-05-24 11:48:01,562 - utils.training - INFO - Total gradient norm: 0.0000
2025-05-24 11:48:01,888 - utils.training - INFO - Total gradient norm: 0.0000
2025-05-24 11:48:02,183 - utils.training - INFO - Total gradient norm: 0.0000
2025-05-24 11:48:02,497 - utils.training - INFO - Batch 2000: Raw fg ratio: 0.6860, Adaptive fg ratio: 0.1199
2025-05-24 11:48:02,497 - utils.training - INFO - Batch 2000: GT fg ratio: 0.6676
2025-05-24 11:48:02,497 - utils.training - WARNING - Predicting too little foreground! Ratio: 0.18x
2025-05-24 11:48:02,497 - utils.training - INFO - Total gradient norm: 0.0000
2025-05-24 11:48:02,783 - utils.training - INFO - Total gradient norm: 0.0000
2025-05-24 11:48:03,071 - utils.training - INFO - Total gradient norm: 0.0000
2025-05-24 11:48:03,344 - utils.training - INFO - Total gradient norm: 0.0000
2025-05-24 11:48:03,645 - utils.training - INFO - Total gradient norm: 0.0000
2025-05-24 11:48:03,897 - utils.training - INFO - Batch 2050: Raw fg ratio: 0.7812, Adaptive fg ratio: 0.1200
2025-05-24 11:48:03,897 - utils.training - INFO - Batch 2050: GT fg ratio: 0.3658
2025-05-24 11:48:03,898 - utils.training - WARNING - Predicting too little foreground! Ratio: 0.33x
2025-05-24 11:48:03,898 - utils.training - INFO - Total gradient norm: 0.0000
2025-05-24 11:48:04,188 - utils.training - INFO - Total gradient norm: 0.0000
2025-05-24 11:48:04,498 - utils.training - INFO - Total gradient norm: 0.0000
2025-05-24 11:48:04,767 - utils.training - INFO - Total gradient norm: 0.0000
2025-05-24 11:48:05,055 - utils.training - INFO - Total gradient norm: 0.0000
2025-05-24 11:48:05,154 - utils.training - INFO - Epoch 1 training - Loss: 1.5291
2025-05-24 11:48:05,368 - matplotlib.image - WARNING - Clipping input data to the valid range for imshow with RGB data ([0..1] for floats or [0..255] for integers). Got range [-2.0494049..2.64].
2025-05-24 11:48:05,369 - matplotlib.image - WARNING - Clipping input data to the valid range for imshow with RGB data ([0..1] for floats or [0..255] for integers). Got range [-2.0322802..109.056].
2025-05-24 11:48:05,372 - matplotlib.image - WARNING - Clipping input data to the valid range for imshow with RGB data ([0..1] for floats or [0..255] for integers). Got range [-2.0494049..140.19325].
2025-05-24 11:48:05,521 - matplotlib.image - WARNING - Clipping input data to the valid range for imshow with RGB data ([0..1] for floats or [0..255] for integers). Got range [-2.0322802..2.64].
2025-05-24 11:48:05,522 - matplotlib.image - WARNING - Clipping input data to the valid range for imshow with RGB data ([0..1] for floats or [0..255] for integers). Got range [-2.0151556..109.056].
2025-05-24 11:48:05,523 - matplotlib.image - WARNING - Clipping input data to the valid range for imshow with RGB data ([0..1] for floats or [0..255] for integers). Got range [-2.0322802..140.13748].
2025-05-24 11:48:05,704 - matplotlib.image - WARNING - Clipping input data to the valid range for imshow with RGB data ([0..1] for floats or [0..255] for integers). Got range [-2.0151556..2.64].
2025-05-24 11:48:05,706 - matplotlib.image - WARNING - Clipping input data to the valid range for imshow with RGB data ([0..1] for floats or [0..255] for integers). Got range [-2.0151556..109.056].
2025-05-24 11:48:05,708 - matplotlib.image - WARNING - Clipping input data to the valid range for imshow with RGB data ([0..1] for floats or [0..255] for integers). Got range [-2.0151556..140.23509].
2025-05-24 11:48:05,843 - matplotlib.image - WARNING - Clipping input data to the valid range for imshow with RGB data ([0..1] for floats or [0..255] for integers). Got range [-2.0151556..2.64].
2025-05-24 11:48:05,844 - matplotlib.image - WARNING - Clipping input data to the valid range for imshow with RGB data ([0..1] for floats or [0..255] for integers). Got range [-2.0151556..109.056].
2025-05-24 11:48:05,846 - matplotlib.image - WARNING - Clipping input data to the valid range for imshow with RGB data ([0..1] for floats or [0..255] for integers). Got range [-2.0151556..140.18628].
2025-05-24 11:48:06,019 - matplotlib.image - WARNING - Clipping input data to the valid range for imshow with RGB data ([0..1] for floats or [0..255] for integers). Got range [-2.0151556..2.64].
2025-05-24 11:48:06,021 - matplotlib.image - WARNING - Clipping input data to the valid range for imshow with RGB data ([0..1] for floats or [0..255] for integers). Got range [-2.0151556..109.056].
2025-05-24 11:48:06,024 - matplotlib.image - WARNING - Clipping input data to the valid range for imshow with RGB data ([0..1] for floats or [0..255] for integers). Got range [-2.0151556..140.1793].
2025-05-24 11:48:06,149 - matplotlib.image - WARNING - Clipping input data to the valid range for imshow with RGB data ([0..1] for floats or [0..255] for integers). Got range [-2.0494049..2.64].
2025-05-24 11:48:06,150 - matplotlib.image - WARNING - Clipping input data to the valid range for imshow with RGB data ([0..1] for floats or [0..255] for integers). Got range [-2.0494049..109.056].
2025-05-24 11:48:06,151 - matplotlib.image - WARNING - Clipping input data to the valid range for imshow with RGB data ([0..1] for floats or [0..255] for integers). Got range [-2.0494049..140.22115].
2025-05-24 11:48:06,315 - matplotlib.image - WARNING - Clipping input data to the valid range for imshow with RGB data ([0..1] for floats or [0..255] for integers). Got range [-2.0322802..2.64].
2025-05-24 11:48:06,317 - matplotlib.image - WARNING - Clipping input data to the valid range for imshow with RGB data ([0..1] for floats or [0..255] for integers). Got range [-2.0322802..109.056].
2025-05-24 11:48:06,319 - matplotlib.image - WARNING - Clipping input data to the valid range for imshow with RGB data ([0..1] for floats or [0..255] for integers). Got range [-2.0322802..140.13051].
2025-05-24 11:48:06,441 - matplotlib.image - WARNING - Clipping input data to the valid range for imshow with RGB data ([0..1] for floats or [0..255] for integers). Got range [-2.0151556..2.64].
2025-05-24 11:48:06,443 - matplotlib.image - WARNING - Clipping input data to the valid range for imshow with RGB data ([0..1] for floats or [0..255] for integers). Got range [-2.0151556..109.056].
2025-05-24 11:48:06,444 - matplotlib.image - WARNING - Clipping input data to the valid range for imshow with RGB data ([0..1] for floats or [0..255] for integers). Got range [-2.0151556..140.13748].
2025-05-24 11:48:06,608 - matplotlib.image - WARNING - Clipping input data to the valid range for imshow with RGB data ([0..1] for floats or [0..255] for integers). Got range [-2.0322802..2.64].
2025-05-24 11:48:06,610 - matplotlib.image - WARNING - Clipping input data to the valid range for imshow with RGB data ([0..1] for floats or [0..255] for integers). Got range [-2.0322802..109.056].
2025-05-24 11:48:06,612 - matplotlib.image - WARNING - Clipping input data to the valid range for imshow with RGB data ([0..1] for floats or [0..255] for integers). Got range [-2.0322802..140.14445].
2025-05-24 11:48:06,749 - matplotlib.image - WARNING - Clipping input data to the valid range for imshow with RGB data ([0..1] for floats or [0..255] for integers). Got range [-2.0151556..2.64].
2025-05-24 11:48:06,750 - matplotlib.image - WARNING - Clipping input data to the valid range for imshow with RGB data ([0..1] for floats or [0..255] for integers). Got range [-2.0151556..109.056].
2025-05-24 11:48:06,751 - matplotlib.image - WARNING - Clipping input data to the valid range for imshow with RGB data ([0..1] for floats or [0..255] for integers). Got range [-2.0151556..140.13051].
2025-05-24 11:48:07,091 - matplotlib.image - WARNING - Clipping input data to the valid range for imshow with RGB data ([0..1] for floats or [0..255] for integers). Got range [-2.0322802..2.64].
2025-05-24 11:48:07,092 - matplotlib.image - WARNING - Clipping input data to the valid range for imshow with RGB data ([0..1] for floats or [0..255] for integers). Got range [-2.0151556..109.056].
2025-05-24 11:48:07,094 - matplotlib.image - WARNING - Clipping input data to the valid range for imshow with RGB data ([0..1] for floats or [0..255] for integers). Got range [-2.0322802..140.21417].
2025-05-24 11:48:07,223 - matplotlib.image - WARNING - Clipping input data to the valid range for imshow with RGB data ([0..1] for floats or [0..255] for integers). Got range [-2.0322802..2.64].
2025-05-24 11:48:07,224 - matplotlib.image - WARNING - Clipping input data to the valid range for imshow with RGB data ([0..1] for floats or [0..255] for integers). Got range [-2.0322802..109.056].
2025-05-24 11:48:07,225 - matplotlib.image - WARNING - Clipping input data to the valid range for imshow with RGB data ([0..1] for floats or [0..255] for integers). Got range [-2.0322802..140.17233].
2025-05-24 11:48:07,410 - matplotlib.image - WARNING - Clipping input data to the valid range for imshow with RGB data ([0..1] for floats or [0..255] for integers). Got range [-2.0151556..2.64].
2025-05-24 11:48:07,412 - matplotlib.image - WARNING - Clipping input data to the valid range for imshow with RGB data ([0..1] for floats or [0..255] for integers). Got range [-2.0151556..109.056].
2025-05-24 11:48:07,414 - matplotlib.image - WARNING - Clipping input data to the valid range for imshow with RGB data ([0..1] for floats or [0..255] for integers). Got range [-2.0151556..140.19325].
2025-05-24 11:48:07,535 - matplotlib.image - WARNING - Clipping input data to the valid range for imshow with RGB data ([0..1] for floats or [0..255] for integers). Got range [-2.0322802..2.64].
2025-05-24 11:48:07,536 - matplotlib.image - WARNING - Clipping input data to the valid range for imshow with RGB data ([0..1] for floats or [0..255] for integers). Got range [-2.0322802..109.056].
2025-05-24 11:48:07,537 - matplotlib.image - WARNING - Clipping input data to the valid range for imshow with RGB data ([0..1] for floats or [0..255] for integers). Got range [-2.0322802..140.16537].
2025-05-24 11:48:07,712 - matplotlib.image - WARNING - Clipping input data to the valid range for imshow with RGB data ([0..1] for floats or [0..255] for integers). Got range [-2.0494049..2.64].
2025-05-24 11:48:07,714 - matplotlib.image - WARNING - Clipping input data to the valid range for imshow with RGB data ([0..1] for floats or [0..255] for integers). Got range [-2.0494049..109.056].
2025-05-24 11:48:07,717 - matplotlib.image - WARNING - Clipping input data to the valid range for imshow with RGB data ([0..1] for floats or [0..255] for integers). Got range [-1.9637812..109.056].
2025-05-24 11:48:07,844 - matplotlib.image - WARNING - Clipping input data to the valid range for imshow with RGB data ([0..1] for floats or [0..255] for integers). Got range [-2.0665298..2.64].
2025-05-24 11:48:07,845 - matplotlib.image - WARNING - Clipping input data to the valid range for imshow with RGB data ([0..1] for floats or [0..255] for integers). Got range [-2.0665298..109.056].
2025-05-24 11:48:07,846 - matplotlib.image - WARNING - Clipping input data to the valid range for imshow with RGB data ([0..1] for floats or [0..255] for integers). Got range [-1.9980307..109.056].
2025-05-24 11:48:08,017 - matplotlib.image - WARNING - Clipping input data to the valid range for imshow with RGB data ([0..1] for floats or [0..255] for integers). Got range [-2.0494049..2.64].
2025-05-24 11:48:08,018 - matplotlib.image - WARNING - Clipping input data to the valid range for imshow with RGB data ([0..1] for floats or [0..255] for integers). Got range [-2.0494049..109.028114].
2025-05-24 11:48:08,020 - matplotlib.image - WARNING - Clipping input data to the valid range for imshow with RGB data ([0..1] for floats or [0..255] for integers). Got range [-2.0322802..109.056].
2025-05-24 11:48:08,164 - matplotlib.image - WARNING - Clipping input data to the valid range for imshow with RGB data ([0..1] for floats or [0..255] for integers). Got range [-2.0665298..2.64].
2025-05-24 11:48:08,165 - matplotlib.image - WARNING - Clipping input data to the valid range for imshow with RGB data ([0..1] for floats or [0..255] for integers). Got range [-2.0665298..109.056].
2025-05-24 11:48:08,167 - matplotlib.image - WARNING - Clipping input data to the valid range for imshow with RGB data ([0..1] for floats or [0..255] for integers). Got range [-1.980906..109.056].
2025-05-24 11:48:08,346 - matplotlib.image - WARNING - Clipping input data to the valid range for imshow with RGB data ([0..1] for floats or [0..255] for integers). Got range [-2.0665298..2.64].
2025-05-24 11:48:08,348 - matplotlib.image - WARNING - Clipping input data to the valid range for imshow with RGB data ([0..1] for floats or [0..255] for integers). Got range [-2.0665298..109.056].
2025-05-24 11:48:08,350 - matplotlib.image - WARNING - Clipping input data to the valid range for imshow with RGB data ([0..1] for floats or [0..255] for integers). Got range [-2.0322802..109.056].
2025-05-24 11:48:08,479 - matplotlib.image - WARNING - Clipping input data to the valid range for imshow with RGB data ([0..1] for floats or [0..255] for integers). Got range [-2.0836544..2.64].
2025-05-24 11:48:08,480 - matplotlib.image - WARNING - Clipping input data to the valid range for imshow with RGB data ([0..1] for floats or [0..255] for integers). Got range [-2.0836544..109.056].
2025-05-24 11:48:08,482 - matplotlib.image - WARNING - Clipping input data to the valid range for imshow with RGB data ([0..1] for floats or [0..255] for integers). Got range [-2.0151556..109.04205].
2025-05-24 11:48:08,659 - matplotlib.image - WARNING - Clipping input data to the valid range for imshow with RGB data ([0..1] for floats or [0..255] for integers). Got range [-2.0665298..2.64].
2025-05-24 11:48:08,660 - matplotlib.image - WARNING - Clipping input data to the valid range for imshow with RGB data ([0..1] for floats or [0..255] for integers). Got range [-2.0494049..109.03509].
2025-05-24 11:48:08,662 - matplotlib.image - WARNING - Clipping input data to the valid range for imshow with RGB data ([0..1] for floats or [0..255] for integers). Got range [-2.0322802..109.056].
2025-05-24 11:48:08,908 - matplotlib.image - WARNING - Clipping input data to the valid range for imshow with RGB data ([0..1] for floats or [0..255] for integers). Got range [-2.1007793..2.64].
2025-05-24 11:48:08,909 - matplotlib.image - WARNING - Clipping input data to the valid range for imshow with RGB data ([0..1] for floats or [0..255] for integers). Got range [-2.0836544..109.04903].
2025-05-24 11:48:08,910 - matplotlib.image - WARNING - Clipping input data to the valid range for imshow with RGB data ([0..1] for floats or [0..255] for integers). Got range [-2.0494049..109.056].
2025-05-24 11:48:09,115 - matplotlib.image - WARNING - Clipping input data to the valid range for imshow with RGB data ([0..1] for floats or [0..255] for integers). Got range [-2.1007793..2.64].
2025-05-24 11:48:09,116 - matplotlib.image - WARNING - Clipping input data to the valid range for imshow with RGB data ([0..1] for floats or [0..255] for integers). Got range [-2.0494049..109.056].
2025-05-24 11:48:09,117 - matplotlib.image - WARNING - Clipping input data to the valid range for imshow with RGB data ([0..1] for floats or [0..255] for integers). Got range [-2.0322802..109.056].
2025-05-24 11:48:09,241 - matplotlib.image - WARNING - Clipping input data to the valid range for imshow with RGB data ([0..1] for floats or [0..255] for integers). Got range [-2.0836544..2.64].
2025-05-24 11:48:09,242 - matplotlib.image - WARNING - Clipping input data to the valid range for imshow with RGB data ([0..1] for floats or [0..255] for integers). Got range [-2.0836544..109.056].
2025-05-24 11:48:09,244 - matplotlib.image - WARNING - Clipping input data to the valid range for imshow with RGB data ([0..1] for floats or [0..255] for integers). Got range [-2.0836544..109.056].
2025-05-24 11:48:09,438 - matplotlib.image - WARNING - Clipping input data to the valid range for imshow with RGB data ([0..1] for floats or [0..255] for integers). Got range [-1.9124069..2.64].
2025-05-24 11:48:09,439 - matplotlib.image - WARNING - Clipping input data to the valid range for imshow with RGB data ([0..1] for floats or [0..255] for integers). Got range [-1.9124069..109.056].
2025-05-24 11:48:09,441 - matplotlib.image - WARNING - Clipping input data to the valid range for imshow with RGB data ([0..1] for floats or [0..255] for integers). Got range [-1.9124069..140.256].
2025-05-24 11:48:09,584 - matplotlib.image - WARNING - Clipping input data to the valid range for imshow with RGB data ([0..1] for floats or [0..255] for integers). Got range [-1.9637812..2.64].
2025-05-24 11:48:09,585 - matplotlib.image - WARNING - Clipping input data to the valid range for imshow with RGB data ([0..1] for floats or [0..255] for integers). Got range [-1.9637812..109.056].
2025-05-24 11:48:09,587 - matplotlib.image - WARNING - Clipping input data to the valid range for imshow with RGB data ([0..1] for floats or [0..255] for integers). Got range [-1.9637812..140.256].
2025-05-24 11:48:09,797 - matplotlib.image - WARNING - Clipping input data to the valid range for imshow with RGB data ([0..1] for floats or [0..255] for integers). Got range [-1.9656862..2.64].
2025-05-24 11:48:09,798 - matplotlib.image - WARNING - Clipping input data to the valid range for imshow with RGB data ([0..1] for floats or [0..255] for integers). Got range [-1.9656862..109.056].
2025-05-24 11:48:09,800 - matplotlib.image - WARNING - Clipping input data to the valid range for imshow with RGB data ([0..1] for floats or [0..255] for integers). Got range [-1.8267832..140.256].
2025-05-24 11:48:09,931 - matplotlib.image - WARNING - Clipping input data to the valid range for imshow with RGB data ([0..1] for floats or [0..255] for integers). Got range [-1.8781574..2.64].
2025-05-24 11:48:09,932 - matplotlib.image - WARNING - Clipping input data to the valid range for imshow with RGB data ([0..1] for floats or [0..255] for integers). Got range [-1.8781574..109.056].
2025-05-24 11:48:09,933 - matplotlib.image - WARNING - Clipping input data to the valid range for imshow with RGB data ([0..1] for floats or [0..255] for integers). Got range [-1.8781574..140.256].
2025-05-24 11:48:10,141 - matplotlib.image - WARNING - Clipping input data to the valid range for imshow with RGB data ([0..1] for floats or [0..255] for integers). Got range [-1.8610327..2.64].
2025-05-24 11:48:10,142 - matplotlib.image - WARNING - Clipping input data to the valid range for imshow with RGB data ([0..1] for floats or [0..255] for integers). Got range [-1.8610327..109.056].
2025-05-24 11:48:10,144 - matplotlib.image - WARNING - Clipping input data to the valid range for imshow with RGB data ([0..1] for floats or [0..255] for integers). Got range [-1.8610327..140.256].
2025-05-24 11:48:10,285 - matplotlib.image - WARNING - Clipping input data to the valid range for imshow with RGB data ([0..1] for floats or [0..255] for integers). Got range [-1.8096584..2.64].
2025-05-24 11:48:10,286 - matplotlib.image - WARNING - Clipping input data to the valid range for imshow with RGB data ([0..1] for floats or [0..255] for integers). Got range [-1.8096584..109.056].
2025-05-24 11:48:10,288 - matplotlib.image - WARNING - Clipping input data to the valid range for imshow with RGB data ([0..1] for floats or [0..255] for integers). Got range [-1.8096584..140.256].
2025-05-24 11:48:10,532 - matplotlib.image - WARNING - Clipping input data to the valid range for imshow with RGB data ([0..1] for floats or [0..255] for integers). Got range [-2.117904..2.64].
2025-05-24 11:48:10,533 - matplotlib.image - WARNING - Clipping input data to the valid range for imshow with RGB data ([0..1] for floats or [0..255] for integers). Got range [-2.117904..109.056].
2025-05-24 11:48:10,535 - matplotlib.image - WARNING - Clipping input data to the valid range for imshow with RGB data ([0..1] for floats or [0..255] for integers). Got range [-2.117904..140.256].
2025-05-24 11:48:10,682 - matplotlib.image - WARNING - Clipping input data to the valid range for imshow with RGB data ([0..1] for floats or [0..255] for integers). Got range [-2.117904..2.64].
2025-05-24 11:48:10,683 - matplotlib.image - WARNING - Clipping input data to the valid range for imshow with RGB data ([0..1] for floats or [0..255] for integers). Got range [-2.117904..109.04903].
2025-05-24 11:48:10,684 - matplotlib.image - WARNING - Clipping input data to the valid range for imshow with RGB data ([0..1] for floats or [0..255] for integers). Got range [-2.117904..140.256].
2025-05-24 11:48:11,025 - matplotlib.image - WARNING - Clipping input data to the valid range for imshow with RGB data ([0..1] for floats or [0..255] for integers). Got range [-2.117904..2.64].
2025-05-24 11:48:11,026 - matplotlib.image - WARNING - Clipping input data to the valid range for imshow with RGB data ([0..1] for floats or [0..255] for integers). Got range [-2.117904..109.056].
2025-05-24 11:48:11,028 - matplotlib.image - WARNING - Clipping input data to the valid range for imshow with RGB data ([0..1] for floats or [0..255] for integers). Got range [-2.117904..140.256].
2025-05-24 11:48:11,163 - matplotlib.image - WARNING - Clipping input data to the valid range for imshow with RGB data ([0..1] for floats or [0..255] for integers). Got range [-2.117904..2.64].
2025-05-24 11:48:11,164 - matplotlib.image - WARNING - Clipping input data to the valid range for imshow with RGB data ([0..1] for floats or [0..255] for integers). Got range [-2.117904..109.056].
2025-05-24 11:48:11,166 - matplotlib.image - WARNING - Clipping input data to the valid range for imshow with RGB data ([0..1] for floats or [0..255] for integers). Got range [-2.117904..140.256].
2025-05-24 11:48:11,409 - matplotlib.image - WARNING - Clipping input data to the valid range for imshow with RGB data ([0..1] for floats or [0..255] for integers). Got range [-2.117904..2.64].
2025-05-24 11:48:11,411 - matplotlib.image - WARNING - Clipping input data to the valid range for imshow with RGB data ([0..1] for floats or [0..255] for integers). Got range [-2.117904..109.056].
2025-05-24 11:48:11,413 - matplotlib.image - WARNING - Clipping input data to the valid range for imshow with RGB data ([0..1] for floats or [0..255] for integers). Got range [-2.117904..140.256].
2025-05-24 11:48:11,548 - matplotlib.image - WARNING - Clipping input data to the valid range for imshow with RGB data ([0..1] for floats or [0..255] for integers). Got range [-2.117904..2.64].
2025-05-24 11:48:11,549 - matplotlib.image - WARNING - Clipping input data to the valid range for imshow with RGB data ([0..1] for floats or [0..255] for integers). Got range [-2.117904..109.056].
2025-05-24 11:48:11,551 - matplotlib.image - WARNING - Clipping input data to the valid range for imshow with RGB data ([0..1] for floats or [0..255] for integers). Got range [-2.117904..140.256].
2025-05-24 11:48:11,778 - matplotlib.image - WARNING - Clipping input data to the valid range for imshow with RGB data ([0..1] for floats or [0..255] for integers). Got range [-2.117904..2.64].
2025-05-24 11:48:11,780 - matplotlib.image - WARNING - Clipping input data to the valid range for imshow with RGB data ([0..1] for floats or [0..255] for integers). Got range [-2.117904..109.056].
2025-05-24 11:48:11,783 - matplotlib.image - WARNING - Clipping input data to the valid range for imshow with RGB data ([0..1] for floats or [0..255] for integers). Got range [-2.117904..140.256].
2025-05-24 11:48:11,913 - matplotlib.image - WARNING - Clipping input data to the valid range for imshow with RGB data ([0..1] for floats or [0..255] for integers). Got range [-2.117904..2.64].
2025-05-24 11:48:11,913 - matplotlib.image - WARNING - Clipping input data to the valid range for imshow with RGB data ([0..1] for floats or [0..255] for integers). Got range [-2.117904..109.056].
2025-05-24 11:48:11,915 - matplotlib.image - WARNING - Clipping input data to the valid range for imshow with RGB data ([0..1] for floats or [0..255] for integers). Got range [-2.117904..140.256].
2025-05-24 11:48:12,144 - matplotlib.image - WARNING - Clipping input data to the valid range for imshow with RGB data ([0..1] for floats or [0..255] for integers). Got range [-2.117904..2.64].
2025-05-24 11:48:12,145 - matplotlib.image - WARNING - Clipping input data to the valid range for imshow with RGB data ([0..1] for floats or [0..255] for integers). Got range [-2.117904..109.04903].
2025-05-24 11:48:12,147 - matplotlib.image - WARNING - Clipping input data to the valid range for imshow with RGB data ([0..1] for floats or [0..255] for integers). Got range [-2.117904..140.256].
2025-05-24 11:48:12,291 - matplotlib.image - WARNING - Clipping input data to the valid range for imshow with RGB data ([0..1] for floats or [0..255] for integers). Got range [-2.117904..2.64].
2025-05-24 11:48:12,292 - matplotlib.image - WARNING - Clipping input data to the valid range for imshow with RGB data ([0..1] for floats or [0..255] for integers). Got range [-2.117904..109.056].
2025-05-24 11:48:12,293 - matplotlib.image - WARNING - Clipping input data to the valid range for imshow with RGB data ([0..1] for floats or [0..255] for integers). Got range [-2.117904..140.256].
2025-05-24 11:48:12,523 - matplotlib.image - WARNING - Clipping input data to the valid range for imshow with RGB data ([0..1] for floats or [0..255] for integers). Got range [-2.117904..2.6051416].
2025-05-24 11:48:12,524 - matplotlib.image - WARNING - Clipping input data to the valid range for imshow with RGB data ([0..1] for floats or [0..255] for integers). Got range [-2.117904..109.04205].
2025-05-24 11:48:12,526 - matplotlib.image - WARNING - Clipping input data to the valid range for imshow with RGB data ([0..1] for floats or [0..255] for integers). Got range [-2.117904..108.93051].
2025-05-24 11:48:12,657 - matplotlib.image - WARNING - Clipping input data to the valid range for imshow with RGB data ([0..1] for floats or [0..255] for integers). Got range [-2.117904..2.5877128].
2025-05-24 11:48:12,658 - matplotlib.image - WARNING - Clipping input data to the valid range for imshow with RGB data ([0..1] for floats or [0..255] for integers). Got range [-2.117904..109.028114].
2025-05-24 11:48:12,660 - matplotlib.image - WARNING - Clipping input data to the valid range for imshow with RGB data ([0..1] for floats or [0..255] for integers). Got range [-2.117904..108.93051].
2025-05-24 11:48:12,881 - matplotlib.image - WARNING - Clipping input data to the valid range for imshow with RGB data ([0..1] for floats or [0..255] for integers). Got range [-2.117904..2.5528543].
2025-05-24 11:48:12,882 - matplotlib.image - WARNING - Clipping input data to the valid range for imshow with RGB data ([0..1] for floats or [0..255] for integers). Got range [-2.117904..109.02114].
2025-05-24 11:48:12,884 - matplotlib.image - WARNING - Clipping input data to the valid range for imshow with RGB data ([0..1] for floats or [0..255] for integers). Got range [-2.117904..109.0072].
2025-05-24 11:48:13,118 - matplotlib.image - WARNING - Clipping input data to the valid range for imshow with RGB data ([0..1] for floats or [0..255] for integers). Got range [-2.117904..2.6051416].
2025-05-24 11:48:13,119 - matplotlib.image - WARNING - Clipping input data to the valid range for imshow with RGB data ([0..1] for floats or [0..255] for integers). Got range [-2.117904..109.02114].
2025-05-24 11:48:13,121 - matplotlib.image - WARNING - Clipping input data to the valid range for imshow with RGB data ([0..1] for floats or [0..255] for integers). Got range [-2.117904..109.02114].
2025-05-24 11:48:13,341 - matplotlib.image - WARNING - Clipping input data to the valid range for imshow with RGB data ([0..1] for floats or [0..255] for integers). Got range [-2.117904..2.5877128].
2025-05-24 11:48:13,342 - matplotlib.image - WARNING - Clipping input data to the valid range for imshow with RGB data ([0..1] for floats or [0..255] for integers). Got range [-2.117904..109.03509].
2025-05-24 11:48:13,345 - matplotlib.image - WARNING - Clipping input data to the valid range for imshow with RGB data ([0..1] for floats or [0..255] for integers). Got range [-2.117904..108.84685].
2025-05-24 11:48:13,479 - matplotlib.image - WARNING - Clipping input data to the valid range for imshow with RGB data ([0..1] for floats or [0..255] for integers). Got range [-2.117904..2.5702832].
2025-05-24 11:48:13,480 - matplotlib.image - WARNING - Clipping input data to the valid range for imshow with RGB data ([0..1] for floats or [0..255] for integers). Got range [-2.117904..109.01417].
2025-05-24 11:48:13,482 - matplotlib.image - WARNING - Clipping input data to the valid range for imshow with RGB data ([0..1] for floats or [0..255] for integers). Got range [-2.117904..108.87473].
2025-05-24 11:48:13,701 - matplotlib.image - WARNING - Clipping input data to the valid range for imshow with RGB data ([0..1] for floats or [0..255] for integers). Got range [-2.117904..2.622571].
2025-05-24 11:48:13,702 - matplotlib.image - WARNING - Clipping input data to the valid range for imshow with RGB data ([0..1] for floats or [0..255] for integers). Got range [-2.117904..109.028114].
2025-05-24 11:48:13,704 - matplotlib.image - WARNING - Clipping input data to the valid range for imshow with RGB data ([0..1] for floats or [0..255] for integers). Got range [-2.117904..108.88171].
2025-05-24 11:48:13,848 - matplotlib.image - WARNING - Clipping input data to the valid range for imshow with RGB data ([0..1] for floats or [0..255] for integers). Got range [-2.117904..2.5702832].
2025-05-24 11:48:13,849 - matplotlib.image - WARNING - Clipping input data to the valid range for imshow with RGB data ([0..1] for floats or [0..255] for integers). Got range [-2.117904..109.028114].
2025-05-24 11:48:13,850 - matplotlib.image - WARNING - Clipping input data to the valid range for imshow with RGB data ([0..1] for floats or [0..255] for integers). Got range [-2.117904..108.839874].
2025-05-24 11:48:14,073 - matplotlib.image - WARNING - Clipping input data to the valid range for imshow with RGB data ([0..1] for floats or [0..255] for integers). Got range [-2.117904..2.6051416].
2025-05-24 11:48:14,075 - matplotlib.image - WARNING - Clipping input data to the valid range for imshow with RGB data ([0..1] for floats or [0..255] for integers). Got range [-2.117904..109.01417].
2025-05-24 11:48:14,076 - matplotlib.image - WARNING - Clipping input data to the valid range for imshow with RGB data ([0..1] for floats or [0..255] for integers). Got range [-2.117904..108.88171].
2025-05-24 11:48:14,207 - matplotlib.image - WARNING - Clipping input data to the valid range for imshow with RGB data ([0..1] for floats or [0..255] for integers). Got range [-2.117904..2.5702832].
2025-05-24 11:48:14,208 - matplotlib.image - WARNING - Clipping input data to the valid range for imshow with RGB data ([0..1] for floats or [0..255] for integers). Got range [-2.117904..109.0072].
2025-05-24 11:48:14,209 - matplotlib.image - WARNING - Clipping input data to the valid range for imshow with RGB data ([0..1] for floats or [0..255] for integers). Got range [-2.117904..108.87473].
2025-05-24 11:48:14,440 - matplotlib.image - WARNING - Clipping input data to the valid range for imshow with RGB data ([0..1] for floats or [0..255] for integers). Got range [-2.117904..2.6051416].
2025-05-24 11:48:14,441 - matplotlib.image - WARNING - Clipping input data to the valid range for imshow with RGB data ([0..1] for floats or [0..255] for integers). Got range [-2.117904..109.02114].
2025-05-24 11:48:14,442 - matplotlib.image - WARNING - Clipping input data to the valid range for imshow with RGB data ([0..1] for floats or [0..255] for integers). Got range [-2.117904..108.97931].
2025-05-24 11:48:14,572 - matplotlib.image - WARNING - Clipping input data to the valid range for imshow with RGB data ([0..1] for floats or [0..255] for integers). Got range [-2.117904..2.5528543].
2025-05-24 11:48:14,573 - matplotlib.image - WARNING - Clipping input data to the valid range for imshow with RGB data ([0..1] for floats or [0..255] for integers). Got range [-2.117904..109.01417].
2025-05-24 11:48:14,574 - matplotlib.image - WARNING - Clipping input data to the valid range for imshow with RGB data ([0..1] for floats or [0..255] for integers). Got range [-2.117904..108.96537].
2025-05-24 11:48:14,809 - matplotlib.image - WARNING - Clipping input data to the valid range for imshow with RGB data ([0..1] for floats or [0..255] for integers). Got range [-2.117904..2.6051416].
2025-05-24 11:48:14,811 - matplotlib.image - WARNING - Clipping input data to the valid range for imshow with RGB data ([0..1] for floats or [0..255] for integers). Got range [-2.117904..109.02114].
2025-05-24 11:48:14,814 - matplotlib.image - WARNING - Clipping input data to the valid range for imshow with RGB data ([0..1] for floats or [0..255] for integers). Got range [-2.117904..108.88171].
2025-05-24 11:48:14,945 - matplotlib.image - WARNING - Clipping input data to the valid range for imshow with RGB data ([0..1] for floats or [0..255] for integers). Got range [-2.117904..2.6051416].
2025-05-24 11:48:14,946 - matplotlib.image - WARNING - Clipping input data to the valid range for imshow with RGB data ([0..1] for floats or [0..255] for integers). Got range [-2.117904..109.01417].
2025-05-24 11:48:15,042 - matplotlib.image - WARNING - Clipping input data to the valid range for imshow with RGB data ([0..1] for floats or [0..255] for integers). Got range [-2.117904..108.993256].
2025-05-24 11:48:15,249 - matplotlib.image - WARNING - Clipping input data to the valid range for imshow with RGB data ([0..1] for floats or [0..255] for integers). Got range [-2.117904..2.64].
2025-05-24 11:48:15,250 - matplotlib.image - WARNING - Clipping input data to the valid range for imshow with RGB data ([0..1] for floats or [0..255] for integers). Got range [-2.117904..109.03509].
2025-05-24 11:48:15,252 - matplotlib.image - WARNING - Clipping input data to the valid range for imshow with RGB data ([0..1] for floats or [0..255] for integers). Got range [-2.117904..108.85382].
2025-05-24 11:48:15,382 - matplotlib.image - WARNING - Clipping input data to the valid range for imshow with RGB data ([0..1] for floats or [0..255] for integers). Got range [-2.117904..2.64].
2025-05-24 11:48:15,383 - matplotlib.image - WARNING - Clipping input data to the valid range for imshow with RGB data ([0..1] for floats or [0..255] for integers). Got range [-2.117904..109.03509].
2025-05-24 11:48:15,384 - matplotlib.image - WARNING - Clipping input data to the valid range for imshow with RGB data ([0..1] for floats or [0..255] for integers). Got range [-2.117904..108.83291].
2025-05-24 11:48:15,600 - matplotlib.image - WARNING - Clipping input data to the valid range for imshow with RGB data ([0..1] for floats or [0..255] for integers). Got range [-2.117904..2.622571].
2025-05-24 11:48:15,602 - matplotlib.image - WARNING - Clipping input data to the valid range for imshow with RGB data ([0..1] for floats or [0..255] for integers). Got range [-2.117904..109.04903].
2025-05-24 11:48:15,604 - matplotlib.image - WARNING - Clipping input data to the valid range for imshow with RGB data ([0..1] for floats or [0..255] for integers). Got range [-2.117904..108.92354].
2025-05-24 11:48:15,734 - matplotlib.image - WARNING - Clipping input data to the valid range for imshow with RGB data ([0..1] for floats or [0..255] for integers). Got range [-2.117904..2.5877128].
2025-05-24 11:48:15,735 - matplotlib.image - WARNING - Clipping input data to the valid range for imshow with RGB data ([0..1] for floats or [0..255] for integers). Got range [-2.117904..109.03509].
2025-05-24 11:48:15,737 - matplotlib.image - WARNING - Clipping input data to the valid range for imshow with RGB data ([0..1] for floats or [0..255] for integers). Got range [-2.117904..108.902626].
2025-05-24 11:48:15,954 - matplotlib.image - WARNING - Clipping input data to the valid range for imshow with RGB data ([0..1] for floats or [0..255] for integers). Got range [-2.0836544..2.4831376].
2025-05-24 11:48:15,955 - matplotlib.image - WARNING - Clipping input data to the valid range for imshow with RGB data ([0..1] for floats or [0..255] for integers). Got range [-2.0836544..108.993256].
2025-05-24 11:48:15,957 - matplotlib.image - WARNING - Clipping input data to the valid range for imshow with RGB data ([0..1] for floats or [0..255] for integers). Got range [-2.0836544..108.89565].
2025-05-24 11:48:16,083 - matplotlib.image - WARNING - Clipping input data to the valid range for imshow with RGB data ([0..1] for floats or [0..255] for integers). Got range [-2.1007793..2.4831376].
2025-05-24 11:48:16,084 - matplotlib.image - WARNING - Clipping input data to the valid range for imshow with RGB data ([0..1] for floats or [0..255] for integers). Got range [-2.1007793..108.97931].
2025-05-24 11:48:16,086 - matplotlib.image - WARNING - Clipping input data to the valid range for imshow with RGB data ([0..1] for floats or [0..255] for integers). Got range [-2.1007793..108.89565].
2025-05-24 11:48:16,291 - matplotlib.image - WARNING - Clipping input data to the valid range for imshow with RGB data ([0..1] for floats or [0..255] for integers). Got range [-2.1007793..2.3088455].
2025-05-24 11:48:16,292 - matplotlib.image - WARNING - Clipping input data to the valid range for imshow with RGB data ([0..1] for floats or [0..255] for integers). Got range [-2.1007793..108.902626].
2025-05-24 11:48:16,294 - matplotlib.image - WARNING - Clipping input data to the valid range for imshow with RGB data ([0..1] for floats or [0..255] for integers). Got range [-2.1007793..108.902626].
2025-05-24 11:48:16,426 - matplotlib.image - WARNING - Clipping input data to the valid range for imshow with RGB data ([0..1] for floats or [0..255] for integers). Got range [-2.1007793..2.3088455].
2025-05-24 11:48:16,427 - matplotlib.image - WARNING - Clipping input data to the valid range for imshow with RGB data ([0..1] for floats or [0..255] for integers). Got range [-2.1007793..108.89565].
2025-05-24 11:48:16,429 - matplotlib.image - WARNING - Clipping input data to the valid range for imshow with RGB data ([0..1] for floats or [0..255] for integers). Got range [-2.1007793..108.88868].
2025-05-24 11:48:16,658 - matplotlib.image - WARNING - Clipping input data to the valid range for imshow with RGB data ([0..1] for floats or [0..255] for integers). Got range [-2.1007793..2.5005665].
2025-05-24 11:48:16,660 - matplotlib.image - WARNING - Clipping input data to the valid range for imshow with RGB data ([0..1] for floats or [0..255] for integers). Got range [-2.0665298..108.937485].
2025-05-24 11:48:16,662 - matplotlib.image - WARNING - Clipping input data to the valid range for imshow with RGB data ([0..1] for floats or [0..255] for integers). Got range [-2.1007793..108.86777].
2025-05-24 11:48:16,793 - matplotlib.image - WARNING - Clipping input data to the valid range for imshow with RGB data ([0..1] for floats or [0..255] for integers). Got range [-2.1007793..2.4482791].
2025-05-24 11:48:16,794 - matplotlib.image - WARNING - Clipping input data to the valid range for imshow with RGB data ([0..1] for floats or [0..255] for integers). Got range [-2.1007793..108.88171].
2025-05-24 11:48:16,795 - matplotlib.image - WARNING - Clipping input data to the valid range for imshow with RGB data ([0..1] for floats or [0..255] for integers). Got range [-2.1007793..108.88171].
2025-05-24 11:48:17,030 - matplotlib.image - WARNING - Clipping input data to the valid range for imshow with RGB data ([0..1] for floats or [0..255] for integers). Got range [-2.1007793..2.5702832].
2025-05-24 11:48:17,031 - matplotlib.image - WARNING - Clipping input data to the valid range for imshow with RGB data ([0..1] for floats or [0..255] for integers). Got range [-2.1007793..109.028114].
2025-05-24 11:48:17,034 - matplotlib.image - WARNING - Clipping input data to the valid range for imshow with RGB data ([0..1] for floats or [0..255] for integers). Got range [-2.1007793..108.902626].
2025-05-24 11:48:17,267 - matplotlib.image - WARNING - Clipping input data to the valid range for imshow with RGB data ([0..1] for floats or [0..255] for integers). Got range [-2.1007793..2.6051416].
2025-05-24 11:48:17,268 - matplotlib.image - WARNING - Clipping input data to the valid range for imshow with RGB data ([0..1] for floats or [0..255] for integers). Got range [-2.1007793..109.04205].
2025-05-24 11:48:17,269 - matplotlib.image - WARNING - Clipping input data to the valid range for imshow with RGB data ([0..1] for floats or [0..255] for integers). Got range [-2.1007793..108.89565].
2025-05-24 11:48:17,486 - matplotlib.image - WARNING - Clipping input data to the valid range for imshow with RGB data ([0..1] for floats or [0..255] for integers). Got range [-2.0836544..2.5702832].
2025-05-24 11:48:17,487 - matplotlib.image - WARNING - Clipping input data to the valid range for imshow with RGB data ([0..1] for floats or [0..255] for integers). Got range [-2.0836544..109.028114].
2025-05-24 11:48:17,489 - matplotlib.image - WARNING - Clipping input data to the valid range for imshow with RGB data ([0..1] for floats or [0..255] for integers). Got range [-2.0836544..108.90959].
2025-05-24 11:48:17,620 - matplotlib.image - WARNING - Clipping input data to the valid range for imshow with RGB data ([0..1] for floats or [0..255] for integers). Got range [-2.0836544..2.5702832].
2025-05-24 11:48:17,621 - matplotlib.image - WARNING - Clipping input data to the valid range for imshow with RGB data ([0..1] for floats or [0..255] for integers). Got range [-2.0836544..109.028114].
2025-05-24 11:48:17,623 - matplotlib.image - WARNING - Clipping input data to the valid range for imshow with RGB data ([0..1] for floats or [0..255] for integers). Got range [-2.0836544..108.916565].
2025-05-24 11:48:17,850 - matplotlib.image - WARNING - Clipping input data to the valid range for imshow with RGB data ([0..1] for floats or [0..255] for integers). Got range [-2.0665298..2.5702832].
2025-05-24 11:48:17,852 - matplotlib.image - WARNING - Clipping input data to the valid range for imshow with RGB data ([0..1] for floats or [0..255] for integers). Got range [-2.0665298..109.0072].
2025-05-24 11:48:17,854 - matplotlib.image - WARNING - Clipping input data to the valid range for imshow with RGB data ([0..1] for floats or [0..255] for integers). Got range [-2.0665298..108.937485].
2025-05-24 11:48:17,986 - matplotlib.image - WARNING - Clipping input data to the valid range for imshow with RGB data ([0..1] for floats or [0..255] for integers). Got range [-2.0494049..2.5702832].
2025-05-24 11:48:17,988 - matplotlib.image - WARNING - Clipping input data to the valid range for imshow with RGB data ([0..1] for floats or [0..255] for integers). Got range [-2.0494049..108.937485].
2025-05-24 11:48:17,989 - matplotlib.image - WARNING - Clipping input data to the valid range for imshow with RGB data ([0..1] for floats or [0..255] for integers). Got range [-2.0494049..108.95142].
2025-05-24 11:48:18,220 - matplotlib.image - WARNING - Clipping input data to the valid range for imshow with RGB data ([0..1] for floats or [0..255] for integers). Got range [-2.0665298..2.535425].
2025-05-24 11:48:18,221 - matplotlib.image - WARNING - Clipping input data to the valid range for imshow with RGB data ([0..1] for floats or [0..255] for integers). Got range [-2.0665298..109.0072].
2025-05-24 11:48:18,223 - matplotlib.image - WARNING - Clipping input data to the valid range for imshow with RGB data ([0..1] for floats or [0..255] for integers). Got range [-2.0665298..108.9584].
2025-05-24 11:48:18,354 - matplotlib.image - WARNING - Clipping input data to the valid range for imshow with RGB data ([0..1] for floats or [0..255] for integers). Got range [-2.0494049..2.535425].
2025-05-24 11:48:18,355 - matplotlib.image - WARNING - Clipping input data to the valid range for imshow with RGB data ([0..1] for floats or [0..255] for integers). Got range [-2.0494049..109.01417].
2025-05-24 11:48:18,356 - matplotlib.image - WARNING - Clipping input data to the valid range for imshow with RGB data ([0..1] for floats or [0..255] for integers). Got range [-2.0494049..108.9584].
2025-05-24 11:48:18,583 - matplotlib.image - WARNING - Clipping input data to the valid range for imshow with RGB data ([0..1] for floats or [0..255] for integers). Got range [-2.0494049..2.5877128].
2025-05-24 11:48:18,584 - matplotlib.image - WARNING - Clipping input data to the valid range for imshow with RGB data ([0..1] for floats or [0..255] for integers). Got range [-2.0494049..109.01417].
2025-05-24 11:48:18,586 - matplotlib.image - WARNING - Clipping input data to the valid range for imshow with RGB data ([0..1] for floats or [0..255] for integers). Got range [-2.0494049..108.95142].
2025-05-24 11:48:18,718 - matplotlib.image - WARNING - Clipping input data to the valid range for imshow with RGB data ([0..1] for floats or [0..255] for integers). Got range [-2.0322802..2.535425].
2025-05-24 11:48:18,719 - matplotlib.image - WARNING - Clipping input data to the valid range for imshow with RGB data ([0..1] for floats or [0..255] for integers). Got range [-2.0322802..109.01417].
2025-05-24 11:48:18,720 - matplotlib.image - WARNING - Clipping input data to the valid range for imshow with RGB data ([0..1] for floats or [0..255] for integers). Got range [-2.0322802..108.95142].
2025-05-24 11:48:18,947 - matplotlib.image - WARNING - Clipping input data to the valid range for imshow with RGB data ([0..1] for floats or [0..255] for integers). Got range [-2.0665298..2.535425].
2025-05-24 11:48:18,948 - matplotlib.image - WARNING - Clipping input data to the valid range for imshow with RGB data ([0..1] for floats or [0..255] for integers). Got range [-2.0665298..109.01417].
2025-05-24 11:48:18,950 - matplotlib.image - WARNING - Clipping input data to the valid range for imshow with RGB data ([0..1] for floats or [0..255] for integers). Got range [-2.0665298..108.95142].
2025-05-24 11:48:19,082 - matplotlib.image - WARNING - Clipping input data to the valid range for imshow with RGB data ([0..1] for floats or [0..255] for integers). Got range [-2.0494049..2.5179958].
2025-05-24 11:48:19,083 - matplotlib.image - WARNING - Clipping input data to the valid range for imshow with RGB data ([0..1] for floats or [0..255] for integers). Got range [-2.0494049..109.0072].
2025-05-24 11:48:19,084 - matplotlib.image - WARNING - Clipping input data to the valid range for imshow with RGB data ([0..1] for floats or [0..255] for integers). Got range [-2.0494049..108.94445].
2025-05-24 11:48:19,414 - matplotlib.image - WARNING - Clipping input data to the valid range for imshow with RGB data ([0..1] for floats or [0..255] for integers). Got range [-2.117904..2.64].
2025-05-24 11:48:19,415 - matplotlib.image - WARNING - Clipping input data to the valid range for imshow with RGB data ([0..1] for floats or [0..255] for integers). Got range [-2.117904..109.056].
2025-05-24 11:48:19,417 - matplotlib.image - WARNING - Clipping input data to the valid range for imshow with RGB data ([0..1] for floats or [0..255] for integers). Got range [-2.117904..109.056].
2025-05-24 11:48:19,553 - matplotlib.image - WARNING - Clipping input data to the valid range for imshow with RGB data ([0..1] for floats or [0..255] for integers). Got range [-2.117904..2.64].
2025-05-24 11:48:19,555 - matplotlib.image - WARNING - Clipping input data to the valid range for imshow with RGB data ([0..1] for floats or [0..255] for integers). Got range [-2.117904..109.056].
2025-05-24 11:48:19,556 - matplotlib.image - WARNING - Clipping input data to the valid range for imshow with RGB data ([0..1] for floats or [0..255] for integers). Got range [-2.117904..109.056].
2025-05-24 11:48:19,786 - matplotlib.image - WARNING - Clipping input data to the valid range for imshow with RGB data ([0..1] for floats or [0..255] for integers). Got range [-2.117904..2.64].
2025-05-24 11:48:19,787 - matplotlib.image - WARNING - Clipping input data to the valid range for imshow with RGB data ([0..1] for floats or [0..255] for integers). Got range [-2.117904..109.056].
2025-05-24 11:48:19,789 - matplotlib.image - WARNING - Clipping input data to the valid range for imshow with RGB data ([0..1] for floats or [0..255] for integers). Got range [-2.117904..109.056].
2025-05-24 11:48:19,928 - matplotlib.image - WARNING - Clipping input data to the valid range for imshow with RGB data ([0..1] for floats or [0..255] for integers). Got range [-2.117904..2.64].
2025-05-24 11:48:19,929 - matplotlib.image - WARNING - Clipping input data to the valid range for imshow with RGB data ([0..1] for floats or [0..255] for integers). Got range [-2.117904..109.056].
2025-05-24 11:48:19,931 - matplotlib.image - WARNING - Clipping input data to the valid range for imshow with RGB data ([0..1] for floats or [0..255] for integers). Got range [-2.117904..109.056].
2025-05-24 11:48:20,173 - matplotlib.image - WARNING - Clipping input data to the valid range for imshow with RGB data ([0..1] for floats or [0..255] for integers). Got range [-2.117904..2.64].
2025-05-24 11:48:20,174 - matplotlib.image - WARNING - Clipping input data to the valid range for imshow with RGB data ([0..1] for floats or [0..255] for integers). Got range [-2.117904..109.056].
2025-05-24 11:48:20,176 - matplotlib.image - WARNING - Clipping input data to the valid range for imshow with RGB data ([0..1] for floats or [0..255] for integers). Got range [-2.117904..109.056].
2025-05-24 11:48:20,324 - matplotlib.image - WARNING - Clipping input data to the valid range for imshow with RGB data ([0..1] for floats or [0..255] for integers). Got range [-2.117904..2.64].
2025-05-24 11:48:20,325 - matplotlib.image - WARNING - Clipping input data to the valid range for imshow with RGB data ([0..1] for floats or [0..255] for integers). Got range [-2.117904..109.056].
2025-05-24 11:48:20,327 - matplotlib.image - WARNING - Clipping input data to the valid range for imshow with RGB data ([0..1] for floats or [0..255] for integers). Got range [-2.117904..109.04903].
2025-05-24 11:48:20,556 - matplotlib.image - WARNING - Clipping input data to the valid range for imshow with RGB data ([0..1] for floats or [0..255] for integers). Got range [-2.117904..2.64].
2025-05-24 11:48:20,558 - matplotlib.image - WARNING - Clipping input data to the valid range for imshow with RGB data ([0..1] for floats or [0..255] for integers). Got range [-2.117904..109.056].
2025-05-24 11:48:20,559 - matplotlib.image - WARNING - Clipping input data to the valid range for imshow with RGB data ([0..1] for floats or [0..255] for integers). Got range [-2.117904..109.04903].
2025-05-24 11:48:20,697 - matplotlib.image - WARNING - Clipping input data to the valid range for imshow with RGB data ([0..1] for floats or [0..255] for integers). Got range [-2.117904..2.64].
2025-05-24 11:48:20,698 - matplotlib.image - WARNING - Clipping input data to the valid range for imshow with RGB data ([0..1] for floats or [0..255] for integers). Got range [-2.117904..109.056].
2025-05-24 11:48:20,699 - matplotlib.image - WARNING - Clipping input data to the valid range for imshow with RGB data ([0..1] for floats or [0..255] for integers). Got range [-2.117904..109.056].
2025-05-24 11:48:20,923 - matplotlib.image - WARNING - Clipping input data to the valid range for imshow with RGB data ([0..1] for floats or [0..255] for integers). Got range [-2.117904..2.64].
2025-05-24 11:48:20,924 - matplotlib.image - WARNING - Clipping input data to the valid range for imshow with RGB data ([0..1] for floats or [0..255] for integers). Got range [-2.117904..109.04903].
2025-05-24 11:48:20,925 - matplotlib.image - WARNING - Clipping input data to the valid range for imshow with RGB data ([0..1] for floats or [0..255] for integers). Got range [-2.117904..109.056].
2025-05-24 11:48:21,072 - matplotlib.image - WARNING - Clipping input data to the valid range for imshow with RGB data ([0..1] for floats or [0..255] for integers). Got range [-2.117904..2.64].
2025-05-24 11:48:21,073 - matplotlib.image - WARNING - Clipping input data to the valid range for imshow with RGB data ([0..1] for floats or [0..255] for integers). Got range [-2.117904..109.056].
2025-05-24 11:48:21,075 - matplotlib.image - WARNING - Clipping input data to the valid range for imshow with RGB data ([0..1] for floats or [0..255] for integers). Got range [-2.117904..109.056].
2025-05-24 11:48:21,303 - matplotlib.image - WARNING - Clipping input data to the valid range for imshow with RGB data ([0..1] for floats or [0..255] for integers). Got range [-2.117904..2.64].
2025-05-24 11:48:21,304 - matplotlib.image - WARNING - Clipping input data to the valid range for imshow with RGB data ([0..1] for floats or [0..255] for integers). Got range [-2.117904..109.00023].
2025-05-24 11:48:21,306 - matplotlib.image - WARNING - Clipping input data to the valid range for imshow with RGB data ([0..1] for floats or [0..255] for integers). Got range [-2.117904..109.04903].
2025-05-24 11:48:21,550 - matplotlib.image - WARNING - Clipping input data to the valid range for imshow with RGB data ([0..1] for floats or [0..255] for integers). Got range [-2.117904..2.64].
2025-05-24 11:48:21,551 - matplotlib.image - WARNING - Clipping input data to the valid range for imshow with RGB data ([0..1] for floats or [0..255] for integers). Got range [-2.117904..108.98628].
2025-05-24 11:48:21,553 - matplotlib.image - WARNING - Clipping input data to the valid range for imshow with RGB data ([0..1] for floats or [0..255] for integers). Got range [-2.117904..109.04205].
2025-05-24 11:48:21,787 - matplotlib.image - WARNING - Clipping input data to the valid range for imshow with RGB data ([0..1] for floats or [0..255] for integers). Got range [-2.117904..2.64].
2025-05-24 11:48:21,788 - matplotlib.image - WARNING - Clipping input data to the valid range for imshow with RGB data ([0..1] for floats or [0..255] for integers). Got range [-2.117904..109.056].
2025-05-24 11:48:21,789 - matplotlib.image - WARNING - Clipping input data to the valid range for imshow with RGB data ([0..1] for floats or [0..255] for integers). Got range [-2.117904..109.04903].
2025-05-24 11:48:21,931 - matplotlib.image - WARNING - Clipping input data to the valid range for imshow with RGB data ([0..1] for floats or [0..255] for integers). Got range [-2.117904..2.64].
2025-05-24 11:48:21,932 - matplotlib.image - WARNING - Clipping input data to the valid range for imshow with RGB data ([0..1] for floats or [0..255] for integers). Got range [-2.117904..109.056].
2025-05-24 11:48:21,934 - matplotlib.image - WARNING - Clipping input data to the valid range for imshow with RGB data ([0..1] for floats or [0..255] for integers). Got range [-2.117904..109.056].
2025-05-24 11:48:22,155 - matplotlib.image - WARNING - Clipping input data to the valid range for imshow with RGB data ([0..1] for floats or [0..255] for integers). Got range [-2.0322802..2.64].
2025-05-24 11:48:22,156 - matplotlib.image - WARNING - Clipping input data to the valid range for imshow with RGB data ([0..1] for floats or [0..255] for integers). Got range [-2.0322802..109.056].
2025-05-24 11:48:22,157 - matplotlib.image - WARNING - Clipping input data to the valid range for imshow with RGB data ([0..1] for floats or [0..255] for integers). Got range [-1.9980307..109.056].
2025-05-24 11:48:22,279 - matplotlib.image - WARNING - Clipping input data to the valid range for imshow with RGB data ([0..1] for floats or [0..255] for integers). Got range [-2.0836544..2.64].
2025-05-24 11:48:22,280 - matplotlib.image - WARNING - Clipping input data to the valid range for imshow with RGB data ([0..1] for floats or [0..255] for integers). Got range [-2.0836544..109.04903].
2025-05-24 11:48:22,282 - matplotlib.image - WARNING - Clipping input data to the valid range for imshow with RGB data ([0..1] for floats or [0..255] for integers). Got range [-2.0836544..109.056].
2025-05-24 11:48:22,490 - matplotlib.image - WARNING - Clipping input data to the valid range for imshow with RGB data ([0..1] for floats or [0..255] for integers). Got range [-2.0322802..2.64].
2025-05-24 11:48:22,491 - matplotlib.image - WARNING - Clipping input data to the valid range for imshow with RGB data ([0..1] for floats or [0..255] for integers). Got range [-2.0322802..109.04903].
2025-05-24 11:48:22,492 - matplotlib.image - WARNING - Clipping input data to the valid range for imshow with RGB data ([0..1] for floats or [0..255] for integers). Got range [-1.980906..109.04903].
2025-05-24 11:48:22,616 - matplotlib.image - WARNING - Clipping input data to the valid range for imshow with RGB data ([0..1] for floats or [0..255] for integers). Got range [-2.0665298..2.64].
2025-05-24 11:48:22,617 - matplotlib.image - WARNING - Clipping input data to the valid range for imshow with RGB data ([0..1] for floats or [0..255] for integers). Got range [-2.0665298..109.04903].
2025-05-24 11:48:22,619 - matplotlib.image - WARNING - Clipping input data to the valid range for imshow with RGB data ([0..1] for floats or [0..255] for integers). Got range [-2.0494049..109.04205].
2025-05-24 11:48:22,839 - matplotlib.image - WARNING - Clipping input data to the valid range for imshow with RGB data ([0..1] for floats or [0..255] for integers). Got range [-2.0665298..2.64].
2025-05-24 11:48:22,840 - matplotlib.image - WARNING - Clipping input data to the valid range for imshow with RGB data ([0..1] for floats or [0..255] for integers). Got range [-2.0494049..109.056].
2025-05-24 11:48:22,843 - matplotlib.image - WARNING - Clipping input data to the valid range for imshow with RGB data ([0..1] for floats or [0..255] for integers). Got range [-1.9481792..109.056].
2025-05-24 11:48:22,967 - matplotlib.image - WARNING - Clipping input data to the valid range for imshow with RGB data ([0..1] for floats or [0..255] for integers). Got range [-2.0322802..2.64].
2025-05-24 11:48:22,968 - matplotlib.image - WARNING - Clipping input data to the valid range for imshow with RGB data ([0..1] for floats or [0..255] for integers). Got range [-1.9980307..109.056].
2025-05-24 11:48:22,970 - matplotlib.image - WARNING - Clipping input data to the valid range for imshow with RGB data ([0..1] for floats or [0..255] for integers). Got range [-1.9637812..109.056].
2025-05-24 11:48:23,183 - matplotlib.image - WARNING - Clipping input data to the valid range for imshow with RGB data ([0..1] for floats or [0..255] for integers). Got range [-1.980906..2.64].
2025-05-24 11:48:23,185 - matplotlib.image - WARNING - Clipping input data to the valid range for imshow with RGB data ([0..1] for floats or [0..255] for integers). Got range [-1.9637812..109.056].
2025-05-24 11:48:23,187 - matplotlib.image - WARNING - Clipping input data to the valid range for imshow with RGB data ([0..1] for floats or [0..255] for integers). Got range [-1.9466565..109.056].
2025-05-24 11:48:23,312 - matplotlib.image - WARNING - Clipping input data to the valid range for imshow with RGB data ([0..1] for floats or [0..255] for integers). Got range [-1.980906..2.64].
2025-05-24 11:48:23,313 - matplotlib.image - WARNING - Clipping input data to the valid range for imshow with RGB data ([0..1] for floats or [0..255] for integers). Got range [-1.9637812..109.056].
2025-05-24 11:48:23,413 - matplotlib.image - WARNING - Clipping input data to the valid range for imshow with RGB data ([0..1] for floats or [0..255] for integers). Got range [-1.9295317..109.056].
2025-05-24 11:48:23,638 - matplotlib.image - WARNING - Clipping input data to the valid range for imshow with RGB data ([0..1] for floats or [0..255] for integers). Got range [-1.9466565..2.5877128].
2025-05-24 11:48:23,640 - matplotlib.image - WARNING - Clipping input data to the valid range for imshow with RGB data ([0..1] for floats or [0..255] for integers). Got range [-1.9466565..109.03509].
2025-05-24 11:48:23,643 - matplotlib.image - WARNING - Clipping input data to the valid range for imshow with RGB data ([0..1] for floats or [0..255] for integers). Got range [-1.9466565..109.028114].
2025-05-24 11:48:23,792 - matplotlib.image - WARNING - Clipping input data to the valid range for imshow with RGB data ([0..1] for floats or [0..255] for integers). Got range [-1.9980307..2.5702832].
2025-05-24 11:48:23,793 - matplotlib.image - WARNING - Clipping input data to the valid range for imshow with RGB data ([0..1] for floats or [0..255] for integers). Got range [-1.9980307..109.028114].
2025-05-24 11:48:23,795 - matplotlib.image - WARNING - Clipping input data to the valid range for imshow with RGB data ([0..1] for floats or [0..255] for integers). Got range [-1.9980307..109.028114].
2025-05-24 11:48:24,035 - matplotlib.image - WARNING - Clipping input data to the valid range for imshow with RGB data ([0..1] for floats or [0..255] for integers). Got range [-1.980906..2.5528543].
2025-05-24 11:48:24,037 - matplotlib.image - WARNING - Clipping input data to the valid range for imshow with RGB data ([0..1] for floats or [0..255] for integers). Got range [-1.9466565..109.01417].
2025-05-24 11:48:24,039 - matplotlib.image - WARNING - Clipping input data to the valid range for imshow with RGB data ([0..1] for floats or [0..255] for integers). Got range [-1.980906..109.02114].
2025-05-24 11:48:24,190 - matplotlib.image - WARNING - Clipping input data to the valid range for imshow with RGB data ([0..1] for floats or [0..255] for integers). Got range [-1.980906..2.5877128].
2025-05-24 11:48:24,191 - matplotlib.image - WARNING - Clipping input data to the valid range for imshow with RGB data ([0..1] for floats or [0..255] for integers). Got range [-1.9637812..109.028114].
2025-05-24 11:48:24,193 - matplotlib.image - WARNING - Clipping input data to the valid range for imshow with RGB data ([0..1] for floats or [0..255] for integers). Got range [-1.980906..109.03509].
2025-05-24 11:48:24,434 - matplotlib.image - WARNING - Clipping input data to the valid range for imshow with RGB data ([0..1] for floats or [0..255] for integers). Got range [-1.9980307..2.5877128].
2025-05-24 11:48:24,436 - matplotlib.image - WARNING - Clipping input data to the valid range for imshow with RGB data ([0..1] for floats or [0..255] for integers). Got range [-1.9637812..109.03509].
2025-05-24 11:48:24,438 - matplotlib.image - WARNING - Clipping input data to the valid range for imshow with RGB data ([0..1] for floats or [0..255] for integers). Got range [-1.9980307..109.02114].
2025-05-24 11:48:24,587 - matplotlib.image - WARNING - Clipping input data to the valid range for imshow with RGB data ([0..1] for floats or [0..255] for integers). Got range [-1.980906..2.622571].
2025-05-24 11:48:24,588 - matplotlib.image - WARNING - Clipping input data to the valid range for imshow with RGB data ([0..1] for floats or [0..255] for integers). Got range [-1.9637812..109.04205].
2025-05-24 11:48:24,590 - matplotlib.image - WARNING - Clipping input data to the valid range for imshow with RGB data ([0..1] for floats or [0..255] for integers). Got range [-1.9637812..109.028114].
2025-05-24 11:48:24,840 - matplotlib.image - WARNING - Clipping input data to the valid range for imshow with RGB data ([0..1] for floats or [0..255] for integers). Got range [-1.980906..2.5877128].
2025-05-24 11:48:24,841 - matplotlib.image - WARNING - Clipping input data to the valid range for imshow with RGB data ([0..1] for floats or [0..255] for integers). Got range [-1.9466565..109.02114].
2025-05-24 11:48:24,843 - matplotlib.image - WARNING - Clipping input data to the valid range for imshow with RGB data ([0..1] for floats or [0..255] for integers). Got range [-1.980906..109.03509].
2025-05-24 11:48:24,994 - matplotlib.image - WARNING - Clipping input data to the valid range for imshow with RGB data ([0..1] for floats or [0..255] for integers). Got range [-1.9980307..2.6051416].
2025-05-24 11:48:24,995 - matplotlib.image - WARNING - Clipping input data to the valid range for imshow with RGB data ([0..1] for floats or [0..255] for integers). Got range [-1.9980307..109.00023].
2025-05-24 11:48:24,997 - matplotlib.image - WARNING - Clipping input data to the valid range for imshow with RGB data ([0..1] for floats or [0..255] for integers). Got range [-1.9980307..109.03509].
2025-05-24 11:48:25,233 - matplotlib.image - WARNING - Clipping input data to the valid range for imshow with RGB data ([0..1] for floats or [0..255] for integers). Got range [-1.9980307..2.5877128].
2025-05-24 11:48:25,235 - matplotlib.image - WARNING - Clipping input data to the valid range for imshow with RGB data ([0..1] for floats or [0..255] for integers). Got range [-1.9980307..109.00023].
2025-05-24 11:48:25,238 - matplotlib.image - WARNING - Clipping input data to the valid range for imshow with RGB data ([0..1] for floats or [0..255] for integers). Got range [-1.9980307..109.03509].
2025-05-24 11:48:25,388 - matplotlib.image - WARNING - Clipping input data to the valid range for imshow with RGB data ([0..1] for floats or [0..255] for integers). Got range [-1.9980307..2.6051416].
2025-05-24 11:48:25,389 - matplotlib.image - WARNING - Clipping input data to the valid range for imshow with RGB data ([0..1] for floats or [0..255] for integers). Got range [-1.9980307..109.03509].
2025-05-24 11:48:25,391 - matplotlib.image - WARNING - Clipping input data to the valid range for imshow with RGB data ([0..1] for floats or [0..255] for integers). Got range [-1.9980307..109.028114].
2025-05-24 11:48:25,629 - matplotlib.image - WARNING - Clipping input data to the valid range for imshow with RGB data ([0..1] for floats or [0..255] for integers). Got range [-2.0151556..2.622571].
2025-05-24 11:48:25,631 - matplotlib.image - WARNING - Clipping input data to the valid range for imshow with RGB data ([0..1] for floats or [0..255] for integers). Got range [-1.980906..109.0072].
2025-05-24 11:48:25,633 - matplotlib.image - WARNING - Clipping input data to the valid range for imshow with RGB data ([0..1] for floats or [0..255] for integers). Got range [-2.0151556..109.02114].
2025-05-24 11:48:25,884 - matplotlib.image - WARNING - Clipping input data to the valid range for imshow with RGB data ([0..1] for floats or [0..255] for integers). Got range [-1.9980307..2.6051416].
2025-05-24 11:48:25,885 - matplotlib.image - WARNING - Clipping input data to the valid range for imshow with RGB data ([0..1] for floats or [0..255] for integers). Got range [-1.9980307..109.00023].
2025-05-24 11:48:25,887 - matplotlib.image - WARNING - Clipping input data to the valid range for imshow with RGB data ([0..1] for floats or [0..255] for integers). Got range [-1.9980307..109.0072].
2025-05-24 11:48:26,111 - matplotlib.image - WARNING - Clipping input data to the valid range for imshow with RGB data ([0..1] for floats or [0..255] for integers). Got range [-1.9637812..2.5877128].
2025-05-24 11:48:26,113 - matplotlib.image - WARNING - Clipping input data to the valid range for imshow with RGB data ([0..1] for floats or [0..255] for integers). Got range [-1.9637812..109.028114].
2025-05-24 11:48:26,116 - matplotlib.image - WARNING - Clipping input data to the valid range for imshow with RGB data ([0..1] for floats or [0..255] for integers). Got range [-1.9637812..109.03509].
2025-05-24 11:48:26,264 - matplotlib.image - WARNING - Clipping input data to the valid range for imshow with RGB data ([0..1] for floats or [0..255] for integers). Got range [-1.9637812..2.6051416].
2025-05-24 11:48:26,265 - matplotlib.image - WARNING - Clipping input data to the valid range for imshow with RGB data ([0..1] for floats or [0..255] for integers). Got range [-1.9637812..109.02114].
2025-05-24 11:48:26,266 - matplotlib.image - WARNING - Clipping input data to the valid range for imshow with RGB data ([0..1] for floats or [0..255] for integers). Got range [-1.9637812..109.02114].
2025-05-24 11:48:26,499 - matplotlib.image - WARNING - Clipping input data to the valid range for imshow with RGB data ([0..1] for floats or [0..255] for integers). Got range [-1.9637812..2.5702832].
2025-05-24 11:48:26,500 - matplotlib.image - WARNING - Clipping input data to the valid range for imshow with RGB data ([0..1] for floats or [0..255] for integers). Got range [-1.9637812..109.02114].
2025-05-24 11:48:26,502 - matplotlib.image - WARNING - Clipping input data to the valid range for imshow with RGB data ([0..1] for floats or [0..255] for integers). Got range [-1.9637812..109.028114].
2025-05-24 11:48:26,663 - matplotlib.image - WARNING - Clipping input data to the valid range for imshow with RGB data ([0..1] for floats or [0..255] for integers). Got range [-1.9980307..2.622571].
2025-05-24 11:48:26,664 - matplotlib.image - WARNING - Clipping input data to the valid range for imshow with RGB data ([0..1] for floats or [0..255] for integers). Got range [-1.9295317..109.01417].
2025-05-24 11:48:26,666 - matplotlib.image - WARNING - Clipping input data to the valid range for imshow with RGB data ([0..1] for floats or [0..255] for integers). Got range [-1.9980307..109.04205].
2025-05-24 11:48:26,916 - matplotlib.image - WARNING - Clipping input data to the valid range for imshow with RGB data ([0..1] for floats or [0..255] for integers). Got range [-1.9637812..2.6051416].
2025-05-24 11:48:26,917 - matplotlib.image - WARNING - Clipping input data to the valid range for imshow with RGB data ([0..1] for floats or [0..255] for integers). Got range [-1.9637812..109.028114].
2025-05-24 11:48:26,918 - matplotlib.image - WARNING - Clipping input data to the valid range for imshow with RGB data ([0..1] for floats or [0..255] for integers). Got range [-1.9637812..109.04205].
2025-05-24 11:48:27,066 - matplotlib.image - WARNING - Clipping input data to the valid range for imshow with RGB data ([0..1] for floats or [0..255] for integers). Got range [-1.980906..2.5702832].
2025-05-24 11:48:27,067 - matplotlib.image - WARNING - Clipping input data to the valid range for imshow with RGB data ([0..1] for floats or [0..255] for integers). Got range [-1.980906..109.028114].
2025-05-24 11:48:27,069 - matplotlib.image - WARNING - Clipping input data to the valid range for imshow with RGB data ([0..1] for floats or [0..255] for integers). Got range [-1.980906..109.02114].
2025-05-24 11:48:27,310 - matplotlib.image - WARNING - Clipping input data to the valid range for imshow with RGB data ([0..1] for floats or [0..255] for integers). Got range [-1.980906..2.5179958].
2025-05-24 11:48:27,312 - matplotlib.image - WARNING - Clipping input data to the valid range for imshow with RGB data ([0..1] for floats or [0..255] for integers). Got range [-1.9466565..109.0072].
2025-05-24 11:48:27,314 - matplotlib.image - WARNING - Clipping input data to the valid range for imshow with RGB data ([0..1] for floats or [0..255] for integers). Got range [-1.980906..109.0072].
2025-05-24 11:48:27,461 - matplotlib.image - WARNING - Clipping input data to the valid range for imshow with RGB data ([0..1] for floats or [0..255] for integers). Got range [-1.9980307..2.6051416].
2025-05-24 11:48:27,462 - matplotlib.image - WARNING - Clipping input data to the valid range for imshow with RGB data ([0..1] for floats or [0..255] for integers). Got range [-1.9124069..109.04205].
2025-05-24 11:48:27,463 - matplotlib.image - WARNING - Clipping input data to the valid range for imshow with RGB data ([0..1] for floats or [0..255] for integers). Got range [-1.9980307..109.04205].
2025-05-24 11:48:27,706 - matplotlib.image - WARNING - Clipping input data to the valid range for imshow with RGB data ([0..1] for floats or [0..255] for integers). Got range [-2.117904..2.5702832].
2025-05-24 11:48:27,707 - matplotlib.image - WARNING - Clipping input data to the valid range for imshow with RGB data ([0..1] for floats or [0..255] for integers). Got range [-2.117904..109.0072].
2025-05-24 11:48:27,708 - matplotlib.image - WARNING - Clipping input data to the valid range for imshow with RGB data ([0..1] for floats or [0..255] for integers). Got range [-2.117904..108.75622].
2025-05-24 11:48:27,864 - matplotlib.image - WARNING - Clipping input data to the valid range for imshow with RGB data ([0..1] for floats or [0..255] for integers). Got range [-2.117904..2.64].
2025-05-24 11:48:27,865 - matplotlib.image - WARNING - Clipping input data to the valid range for imshow with RGB data ([0..1] for floats or [0..255] for integers). Got range [-2.117904..109.01417].
2025-05-24 11:48:27,961 - matplotlib.image - WARNING - Clipping input data to the valid range for imshow with RGB data ([0..1] for floats or [0..255] for integers). Got range [-2.117904..108.89565].
2025-05-24 11:48:28,205 - matplotlib.image - WARNING - Clipping input data to the valid range for imshow with RGB data ([0..1] for floats or [0..255] for integers). Got range [-2.117904..2.622571].
2025-05-24 11:48:28,206 - matplotlib.image - WARNING - Clipping input data to the valid range for imshow with RGB data ([0..1] for floats or [0..255] for integers). Got range [-2.117904..108.993256].
2025-05-24 11:48:28,207 - matplotlib.image - WARNING - Clipping input data to the valid range for imshow with RGB data ([0..1] for floats or [0..255] for integers). Got range [-2.117904..108.76319].
2025-05-24 11:48:28,359 - matplotlib.image - WARNING - Clipping input data to the valid range for imshow with RGB data ([0..1] for floats or [0..255] for integers). Got range [-2.117904..2.622571].
2025-05-24 11:48:28,360 - matplotlib.image - WARNING - Clipping input data to the valid range for imshow with RGB data ([0..1] for floats or [0..255] for integers). Got range [-2.117904..108.98628].
2025-05-24 11:48:28,362 - matplotlib.image - WARNING - Clipping input data to the valid range for imshow with RGB data ([0..1] for floats or [0..255] for integers). Got range [-2.117904..108.76319].
2025-05-24 11:48:28,610 - matplotlib.image - WARNING - Clipping input data to the valid range for imshow with RGB data ([0..1] for floats or [0..255] for integers). Got range [-2.117904..2.6051416].
2025-05-24 11:48:28,611 - matplotlib.image - WARNING - Clipping input data to the valid range for imshow with RGB data ([0..1] for floats or [0..255] for integers). Got range [-2.117904..108.97234].
2025-05-24 11:48:28,612 - matplotlib.image - WARNING - Clipping input data to the valid range for imshow with RGB data ([0..1] for floats or [0..255] for integers). Got range [-2.117904..108.770164].
2025-05-24 11:48:28,759 - matplotlib.image - WARNING - Clipping input data to the valid range for imshow with RGB data ([0..1] for floats or [0..255] for integers). Got range [-2.117904..2.64].
2025-05-24 11:48:28,760 - matplotlib.image - WARNING - Clipping input data to the valid range for imshow with RGB data ([0..1] for floats or [0..255] for integers). Got range [-2.117904..108.96537].
2025-05-24 11:48:28,762 - matplotlib.image - WARNING - Clipping input data to the valid range for imshow with RGB data ([0..1] for floats or [0..255] for integers). Got range [-2.117904..108.77713].
2025-05-24 11:48:29,011 - matplotlib.image - WARNING - Clipping input data to the valid range for imshow with RGB data ([0..1] for floats or [0..255] for integers). Got range [-2.117904..2.64].
2025-05-24 11:48:29,013 - matplotlib.image - WARNING - Clipping input data to the valid range for imshow with RGB data ([0..1] for floats or [0..255] for integers). Got range [-2.117904..109.056].
2025-05-24 11:48:29,015 - matplotlib.image - WARNING - Clipping input data to the valid range for imshow with RGB data ([0..1] for floats or [0..255] for integers). Got range [-2.117904..109.04205].
2025-05-24 11:48:29,158 - matplotlib.image - WARNING - Clipping input data to the valid range for imshow with RGB data ([0..1] for floats or [0..255] for integers). Got range [-2.117904..2.622571].
2025-05-24 11:48:29,159 - matplotlib.image - WARNING - Clipping input data to the valid range for imshow with RGB data ([0..1] for floats or [0..255] for integers). Got range [-2.117904..109.04205].
2025-05-24 11:48:29,161 - matplotlib.image - WARNING - Clipping input data to the valid range for imshow with RGB data ([0..1] for floats or [0..255] for integers). Got range [-2.117904..109.04205].
2025-05-24 11:48:29,402 - matplotlib.image - WARNING - Clipping input data to the valid range for imshow with RGB data ([0..1] for floats or [0..255] for integers). Got range [-2.117904..2.64].
2025-05-24 11:48:29,403 - matplotlib.image - WARNING - Clipping input data to the valid range for imshow with RGB data ([0..1] for floats or [0..255] for integers). Got range [-2.117904..108.97931].
2025-05-24 11:48:29,404 - matplotlib.image - WARNING - Clipping input data to the valid range for imshow with RGB data ([0..1] for floats or [0..255] for integers). Got range [-2.117904..108.97931].
2025-05-24 11:48:29,547 - matplotlib.image - WARNING - Clipping input data to the valid range for imshow with RGB data ([0..1] for floats or [0..255] for integers). Got range [-2.117904..2.64].
2025-05-24 11:48:29,548 - matplotlib.image - WARNING - Clipping input data to the valid range for imshow with RGB data ([0..1] for floats or [0..255] for integers). Got range [-2.117904..109.028114].
2025-05-24 11:48:29,549 - matplotlib.image - WARNING - Clipping input data to the valid range for imshow with RGB data ([0..1] for floats or [0..255] for integers). Got range [-2.117904..109.028114].
2025-05-24 11:48:29,787 - matplotlib.image - WARNING - Clipping input data to the valid range for imshow with RGB data ([0..1] for floats or [0..255] for integers). Got range [-2.117904..2.6051416].
2025-05-24 11:48:29,789 - matplotlib.image - WARNING - Clipping input data to the valid range for imshow with RGB data ([0..1] for floats or [0..255] for integers). Got range [-2.117904..108.97931].
2025-05-24 11:48:29,791 - matplotlib.image - WARNING - Clipping input data to the valid range for imshow with RGB data ([0..1] for floats or [0..255] for integers). Got range [-2.117904..108.86777].
2025-05-24 11:48:29,931 - matplotlib.image - WARNING - Clipping input data to the valid range for imshow with RGB data ([0..1] for floats or [0..255] for integers). Got range [-2.117904..2.622571].
2025-05-24 11:48:29,932 - matplotlib.image - WARNING - Clipping input data to the valid range for imshow with RGB data ([0..1] for floats or [0..255] for integers). Got range [-2.117904..109.04903].
2025-05-24 11:48:29,933 - matplotlib.image - WARNING - Clipping input data to the valid range for imshow with RGB data ([0..1] for floats or [0..255] for integers). Got range [-2.117904..108.84685].
2025-05-24 11:48:30,172 - matplotlib.image - WARNING - Clipping input data to the valid range for imshow with RGB data ([0..1] for floats or [0..255] for integers). Got range [-2.117904..2.622571].
2025-05-24 11:48:30,173 - matplotlib.image - WARNING - Clipping input data to the valid range for imshow with RGB data ([0..1] for floats or [0..255] for integers). Got range [-2.117904..109.04903].
2025-05-24 11:48:30,175 - matplotlib.image - WARNING - Clipping input data to the valid range for imshow with RGB data ([0..1] for floats or [0..255] for integers). Got range [-2.117904..108.9584].
2025-05-24 11:48:30,422 - matplotlib.image - WARNING - Clipping input data to the valid range for imshow with RGB data ([0..1] for floats or [0..255] for integers). Got range [-2.117904..2.64].
2025-05-24 11:48:30,423 - matplotlib.image - WARNING - Clipping input data to the valid range for imshow with RGB data ([0..1] for floats or [0..255] for integers). Got range [-2.117904..109.056].
2025-05-24 11:48:30,424 - matplotlib.image - WARNING - Clipping input data to the valid range for imshow with RGB data ([0..1] for floats or [0..255] for integers). Got range [-2.117904..108.993256].
2025-05-24 11:48:30,653 - matplotlib.image - WARNING - Clipping input data to the valid range for imshow with RGB data ([0..1] for floats or [0..255] for integers). Got range [-2.117904..2.6051416].
2025-05-24 11:48:30,654 - matplotlib.image - WARNING - Clipping input data to the valid range for imshow with RGB data ([0..1] for floats or [0..255] for integers). Got range [-2.117904..109.01417].
2025-05-24 11:48:30,656 - matplotlib.image - WARNING - Clipping input data to the valid range for imshow with RGB data ([0..1] for floats or [0..255] for integers). Got range [-2.117904..108.98628].
2025-05-24 11:48:30,795 - matplotlib.image - WARNING - Clipping input data to the valid range for imshow with RGB data ([0..1] for floats or [0..255] for integers). Got range [-2.117904..2.64].
2025-05-24 11:48:30,796 - matplotlib.image - WARNING - Clipping input data to the valid range for imshow with RGB data ([0..1] for floats or [0..255] for integers). Got range [-2.117904..109.03509].
2025-05-24 11:48:30,797 - matplotlib.image - WARNING - Clipping input data to the valid range for imshow with RGB data ([0..1] for floats or [0..255] for integers). Got range [-2.117904..109.056].
2025-05-24 11:48:31,040 - matplotlib.image - WARNING - Clipping input data to the valid range for imshow with RGB data ([0..1] for floats or [0..255] for integers). Got range [-2.117904..2.6051416].
2025-05-24 11:48:31,043 - matplotlib.image - WARNING - Clipping input data to the valid range for imshow with RGB data ([0..1] for floats or [0..255] for integers). Got range [-2.117904..109.02114].
2025-05-24 11:48:31,044 - matplotlib.image - WARNING - Clipping input data to the valid range for imshow with RGB data ([0..1] for floats or [0..255] for integers). Got range [-2.117904..109.01417].
2025-05-24 11:48:31,189 - matplotlib.image - WARNING - Clipping input data to the valid range for imshow with RGB data ([0..1] for floats or [0..255] for integers). Got range [-2.117904..2.622571].
2025-05-24 11:48:31,190 - matplotlib.image - WARNING - Clipping input data to the valid range for imshow with RGB data ([0..1] for floats or [0..255] for integers). Got range [-2.117904..109.03509].
2025-05-24 11:48:31,192 - matplotlib.image - WARNING - Clipping input data to the valid range for imshow with RGB data ([0..1] for floats or [0..255] for integers). Got range [-2.117904..109.04903].
2025-05-24 11:48:31,431 - matplotlib.image - WARNING - Clipping input data to the valid range for imshow with RGB data ([0..1] for floats or [0..255] for integers). Got range [-1.9124069..2.186841].
2025-05-24 11:48:31,432 - matplotlib.image - WARNING - Clipping input data to the valid range for imshow with RGB data ([0..1] for floats or [0..255] for integers). Got range [-1.9124069..108.87473].
2025-05-24 11:48:31,434 - matplotlib.image - WARNING - Clipping input data to the valid range for imshow with RGB data ([0..1] for floats or [0..255] for integers). Got range [-1.9124069..108.87473].
2025-05-24 11:48:31,580 - matplotlib.image - WARNING - Clipping input data to the valid range for imshow with RGB data ([0..1] for floats or [0..255] for integers). Got range [-1.9295317..2.2391288].
2025-05-24 11:48:31,581 - matplotlib.image - WARNING - Clipping input data to the valid range for imshow with RGB data ([0..1] for floats or [0..255] for integers). Got range [-1.9124069..108.89565].
2025-05-24 11:48:31,583 - matplotlib.image - WARNING - Clipping input data to the valid range for imshow with RGB data ([0..1] for floats or [0..255] for integers). Got range [-1.9295317..108.89565].
2025-05-24 11:48:31,824 - matplotlib.image - WARNING - Clipping input data to the valid range for imshow with RGB data ([0..1] for floats or [0..255] for integers). Got range [-2.0151556..2.3262744].
2025-05-24 11:48:31,825 - matplotlib.image - WARNING - Clipping input data to the valid range for imshow with RGB data ([0..1] for floats or [0..255] for integers). Got range [-1.980906..108.93051].
2025-05-24 11:48:31,826 - matplotlib.image - WARNING - Clipping input data to the valid range for imshow with RGB data ([0..1] for floats or [0..255] for integers). Got range [-2.0151556..108.93051].
2025-05-24 11:48:31,966 - matplotlib.image - WARNING - Clipping input data to the valid range for imshow with RGB data ([0..1] for floats or [0..255] for integers). Got range [-2.0151556..2.3785625].
2025-05-24 11:48:31,967 - matplotlib.image - WARNING - Clipping input data to the valid range for imshow with RGB data ([0..1] for floats or [0..255] for integers). Got range [-2.0151556..108.90959].
2025-05-24 11:48:31,969 - matplotlib.image - WARNING - Clipping input data to the valid range for imshow with RGB data ([0..1] for floats or [0..255] for integers). Got range [-2.0151556..108.95142].
2025-05-24 11:48:32,199 - matplotlib.image - WARNING - Clipping input data to the valid range for imshow with RGB data ([0..1] for floats or [0..255] for integers). Got range [-1.9466565..2.343704].
2025-05-24 11:48:32,200 - matplotlib.image - WARNING - Clipping input data to the valid range for imshow with RGB data ([0..1] for floats or [0..255] for integers). Got range [-1.9466565..108.937485].
2025-05-24 11:48:32,202 - matplotlib.image - WARNING - Clipping input data to the valid range for imshow with RGB data ([0..1] for floats or [0..255] for integers). Got range [-1.9466565..108.937485].
2025-05-24 11:48:32,355 - matplotlib.image - WARNING - Clipping input data to the valid range for imshow with RGB data ([0..1] for floats or [0..255] for integers). Got range [-1.9637812..2.3611329].
2025-05-24 11:48:32,355 - matplotlib.image - WARNING - Clipping input data to the valid range for imshow with RGB data ([0..1] for floats or [0..255] for integers). Got range [-1.9637812..108.94445].
2025-05-24 11:48:32,357 - matplotlib.image - WARNING - Clipping input data to the valid range for imshow with RGB data ([0..1] for floats or [0..255] for integers). Got range [-1.9637812..108.94445].
2025-05-24 11:48:32,713 - matplotlib.image - WARNING - Clipping input data to the valid range for imshow with RGB data ([0..1] for floats or [0..255] for integers). Got range [-1.9637812..2.3088455].
2025-05-24 11:48:32,715 - matplotlib.image - WARNING - Clipping input data to the valid range for imshow with RGB data ([0..1] for floats or [0..255] for integers). Got range [-1.9466565..108.92354].
2025-05-24 11:48:32,716 - matplotlib.image - WARNING - Clipping input data to the valid range for imshow with RGB data ([0..1] for floats or [0..255] for integers). Got range [-1.9637812..108.92354].
2025-05-24 11:48:32,861 - matplotlib.image - WARNING - Clipping input data to the valid range for imshow with RGB data ([0..1] for floats or [0..255] for integers). Got range [-1.980906..2.3262744].
2025-05-24 11:48:32,862 - matplotlib.image - WARNING - Clipping input data to the valid range for imshow with RGB data ([0..1] for floats or [0..255] for integers). Got range [-1.9637812..108.902626].
2025-05-24 11:48:32,864 - matplotlib.image - WARNING - Clipping input data to the valid range for imshow with RGB data ([0..1] for floats or [0..255] for integers). Got range [-1.980906..108.93051].
2025-05-24 11:48:33,115 - matplotlib.image - WARNING - Clipping input data to the valid range for imshow with RGB data ([0..1] for floats or [0..255] for integers). Got range [-1.843908..2.3262744].
2025-05-24 11:48:33,116 - matplotlib.image - WARNING - Clipping input data to the valid range for imshow with RGB data ([0..1] for floats or [0..255] for integers). Got range [-1.843908..108.93051].
2025-05-24 11:48:33,118 - matplotlib.image - WARNING - Clipping input data to the valid range for imshow with RGB data ([0..1] for floats or [0..255] for integers). Got range [-1.843908..108.93051].
2025-05-24 11:48:33,267 - matplotlib.image - WARNING - Clipping input data to the valid range for imshow with RGB data ([0..1] for floats or [0..255] for integers). Got range [-1.8096584..2.2914162].
2025-05-24 11:48:33,268 - matplotlib.image - WARNING - Clipping input data to the valid range for imshow with RGB data ([0..1] for floats or [0..255] for integers). Got range [-1.8096584..108.89565].
2025-05-24 11:48:33,270 - matplotlib.image - WARNING - Clipping input data to the valid range for imshow with RGB data ([0..1] for floats or [0..255] for integers). Got range [-1.8096584..108.916565].
2025-05-24 11:48:33,511 - matplotlib.image - WARNING - Clipping input data to the valid range for imshow with RGB data ([0..1] for floats or [0..255] for integers). Got range [-1.7030813..2.186841].
2025-05-24 11:48:33,513 - matplotlib.image - WARNING - Clipping input data to the valid range for imshow with RGB data ([0..1] for floats or [0..255] for integers). Got range [-1.7030813..108.87473].
2025-05-24 11:48:33,515 - matplotlib.image - WARNING - Clipping input data to the valid range for imshow with RGB data ([0..1] for floats or [0..255] for integers). Got range [-1.4929972..108.87473].
2025-05-24 11:48:33,668 - matplotlib.image - WARNING - Clipping input data to the valid range for imshow with RGB data ([0..1] for floats or [0..255] for integers). Got range [-1.6855742..2.186841].
2025-05-24 11:48:33,669 - matplotlib.image - WARNING - Clipping input data to the valid range for imshow with RGB data ([0..1] for floats or [0..255] for integers). Got range [-1.6855742..108.85382].
2025-05-24 11:48:33,671 - matplotlib.image - WARNING - Clipping input data to the valid range for imshow with RGB data ([0..1] for floats or [0..255] for integers). Got range [-1.5105042..108.87473].
2025-05-24 11:48:33,911 - matplotlib.image - WARNING - Clipping input data to the valid range for imshow with RGB data ([0..1] for floats or [0..255] for integers). Got range [-2.1007793..2.64].
2025-05-24 11:48:33,912 - matplotlib.image - WARNING - Clipping input data to the valid range for imshow with RGB data ([0..1] for floats or [0..255] for integers). Got range [-2.1007793..109.04205].
2025-05-24 11:48:33,913 - matplotlib.image - WARNING - Clipping input data to the valid range for imshow with RGB data ([0..1] for floats or [0..255] for integers). Got range [-2.1007793..153.69406].
2025-05-24 11:48:34,048 - matplotlib.image - WARNING - Clipping input data to the valid range for imshow with RGB data ([0..1] for floats or [0..255] for integers). Got range [-2.117904..2.64].
2025-05-24 11:48:34,049 - matplotlib.image - WARNING - Clipping input data to the valid range for imshow with RGB data ([0..1] for floats or [0..255] for integers). Got range [-2.117904..109.04205].
2025-05-24 11:48:34,051 - matplotlib.image - WARNING - Clipping input data to the valid range for imshow with RGB data ([0..1] for floats or [0..255] for integers). Got range [-2.0836544..153.63927].
2025-05-24 11:48:34,288 - matplotlib.image - WARNING - Clipping input data to the valid range for imshow with RGB data ([0..1] for floats or [0..255] for integers). Got range [-2.0836544..2.5702832].
2025-05-24 11:48:34,289 - matplotlib.image - WARNING - Clipping input data to the valid range for imshow with RGB data ([0..1] for floats or [0..255] for integers). Got range [-2.0836544..109.01417].
2025-05-24 11:48:34,291 - matplotlib.image - WARNING - Clipping input data to the valid range for imshow with RGB data ([0..1] for floats or [0..255] for integers). Got range [-2.0836544..153.44746].
2025-05-24 11:48:34,429 - matplotlib.image - WARNING - Clipping input data to the valid range for imshow with RGB data ([0..1] for floats or [0..255] for integers). Got range [-2.117904..2.5702832].
2025-05-24 11:48:34,430 - matplotlib.image - WARNING - Clipping input data to the valid range for imshow with RGB data ([0..1] for floats or [0..255] for integers). Got range [-2.0836544..109.02114].
2025-05-24 11:48:34,431 - matplotlib.image - WARNING - Clipping input data to the valid range for imshow with RGB data ([0..1] for floats or [0..255] for integers). Got range [-2.1007793..153.46802].
2025-05-24 11:48:34,682 - matplotlib.image - WARNING - Clipping input data to the valid range for imshow with RGB data ([0..1] for floats or [0..255] for integers). Got range [-2.117904..2.622571].
2025-05-24 11:48:34,684 - matplotlib.image - WARNING - Clipping input data to the valid range for imshow with RGB data ([0..1] for floats or [0..255] for integers). Got range [-2.117904..109.00023].
2025-05-24 11:48:34,686 - matplotlib.image - WARNING - Clipping input data to the valid range for imshow with RGB data ([0..1] for floats or [0..255] for integers). Got range [-2.0836544..153.35841].
2025-05-24 11:48:34,919 - matplotlib.image - WARNING - Clipping input data to the valid range for imshow with RGB data ([0..1] for floats or [0..255] for integers). Got range [-2.117904..2.5877128].
2025-05-24 11:48:34,920 - matplotlib.image - WARNING - Clipping input data to the valid range for imshow with RGB data ([0..1] for floats or [0..255] for integers). Got range [-2.117904..109.00023].
2025-05-24 11:48:34,921 - matplotlib.image - WARNING - Clipping input data to the valid range for imshow with RGB data ([0..1] for floats or [0..255] for integers). Got range [-2.1007793..153.37212].
2025-05-24 11:48:35,163 - matplotlib.image - WARNING - Clipping input data to the valid range for imshow with RGB data ([0..1] for floats or [0..255] for integers). Got range [-2.117904..2.5702832].
2025-05-24 11:48:35,165 - matplotlib.image - WARNING - Clipping input data to the valid range for imshow with RGB data ([0..1] for floats or [0..255] for integers). Got range [-2.0665298..108.97234].
2025-05-24 11:48:35,166 - matplotlib.image - WARNING - Clipping input data to the valid range for imshow with RGB data ([0..1] for floats or [0..255] for integers). Got range [-2.0836544..153.48172].
2025-05-24 11:48:35,306 - matplotlib.image - WARNING - Clipping input data to the valid range for imshow with RGB data ([0..1] for floats or [0..255] for integers). Got range [-2.117904..2.5528543].
2025-05-24 11:48:35,307 - matplotlib.image - WARNING - Clipping input data to the valid range for imshow with RGB data ([0..1] for floats or [0..255] for integers). Got range [-2.117904..108.97234].
2025-05-24 11:48:35,308 - matplotlib.image - WARNING - Clipping input data to the valid range for imshow with RGB data ([0..1] for floats or [0..255] for integers). Got range [-2.117904..153.46117].
2025-05-24 11:48:35,526 - matplotlib.image - WARNING - Clipping input data to the valid range for imshow with RGB data ([0..1] for floats or [0..255] for integers). Got range [-2.117904..2.5528543].
2025-05-24 11:48:35,527 - matplotlib.image - WARNING - Clipping input data to the valid range for imshow with RGB data ([0..1] for floats or [0..255] for integers). Got range [-2.117904..108.97234].
2025-05-24 11:48:35,529 - matplotlib.image - WARNING - Clipping input data to the valid range for imshow with RGB data ([0..1] for floats or [0..255] for integers). Got range [-2.0836544..153.44746].
2025-05-24 11:48:35,666 - matplotlib.image - WARNING - Clipping input data to the valid range for imshow with RGB data ([0..1] for floats or [0..255] for integers). Got range [-2.117904..2.5179958].
2025-05-24 11:48:35,667 - matplotlib.image - WARNING - Clipping input data to the valid range for imshow with RGB data ([0..1] for floats or [0..255] for integers). Got range [-2.117904..108.96537].
2025-05-24 11:48:35,668 - matplotlib.image - WARNING - Clipping input data to the valid range for imshow with RGB data ([0..1] for floats or [0..255] for integers). Got range [-2.0836544..153.50227].
2025-05-24 11:48:35,883 - matplotlib.image - WARNING - Clipping input data to the valid range for imshow with RGB data ([0..1] for floats or [0..255] for integers). Got range [-2.117904..2.5005665].
2025-05-24 11:48:35,884 - matplotlib.image - WARNING - Clipping input data to the valid range for imshow with RGB data ([0..1] for floats or [0..255] for integers). Got range [-2.117904..108.9584].
2025-05-24 11:48:35,886 - matplotlib.image - WARNING - Clipping input data to the valid range for imshow with RGB data ([0..1] for floats or [0..255] for integers). Got range [-2.1007793..153.43378].
2025-05-24 11:48:36,026 - matplotlib.image - WARNING - Clipping input data to the valid range for imshow with RGB data ([0..1] for floats or [0..255] for integers). Got range [-2.117904..2.4482791].
2025-05-24 11:48:36,027 - matplotlib.image - WARNING - Clipping input data to the valid range for imshow with RGB data ([0..1] for floats or [0..255] for integers). Got range [-2.117904..108.95142].
2025-05-24 11:48:36,030 - matplotlib.image - WARNING - Clipping input data to the valid range for imshow with RGB data ([0..1] for floats or [0..255] for integers). Got range [-2.1007793..153.44061].
2025-05-24 11:48:36,252 - matplotlib.image - WARNING - Clipping input data to the valid range for imshow with RGB data ([0..1] for floats or [0..255] for integers). Got range [-2.117904..2.535425].
2025-05-24 11:48:36,253 - matplotlib.image - WARNING - Clipping input data to the valid range for imshow with RGB data ([0..1] for floats or [0..255] for integers). Got range [-2.117904..108.9584].
2025-05-24 11:48:36,254 - matplotlib.image - WARNING - Clipping input data to the valid range for imshow with RGB data ([0..1] for floats or [0..255] for integers). Got range [-2.0836544..153.44746].
2025-05-24 11:48:36,411 - matplotlib.image - WARNING - Clipping input data to the valid range for imshow with RGB data ([0..1] for floats or [0..255] for integers). Got range [-2.117904..2.5005665].
2025-05-24 11:48:36,412 - matplotlib.image - WARNING - Clipping input data to the valid range for imshow with RGB data ([0..1] for floats or [0..255] for integers). Got range [-2.117904..108.96537].
2025-05-24 11:48:36,413 - matplotlib.image - WARNING - Clipping input data to the valid range for imshow with RGB data ([0..1] for floats or [0..255] for integers). Got range [-2.0836544..153.33788].
2025-05-24 11:48:36,639 - matplotlib.image - WARNING - Clipping input data to the valid range for imshow with RGB data ([0..1] for floats or [0..255] for integers). Got range [-1.4329139..2.6051416].
2025-05-24 11:48:36,640 - matplotlib.image - WARNING - Clipping input data to the valid range for imshow with RGB data ([0..1] for floats or [0..255] for integers). Got range [-1.4329139..109.04205].
2025-05-24 11:48:36,642 - matplotlib.image - WARNING - Clipping input data to the valid range for imshow with RGB data ([0..1] for floats or [0..255] for integers). Got range [-1.4329139..108.902626].
2025-05-24 11:48:36,887 - matplotlib.image - WARNING - Clipping input data to the valid range for imshow with RGB data ([0..1] for floats or [0..255] for integers). Got range [-1.5699118..2.6051416].
2025-05-24 11:48:36,888 - matplotlib.image - WARNING - Clipping input data to the valid range for imshow with RGB data ([0..1] for floats or [0..255] for integers). Got range [-1.5699118..109.04205].
2025-05-24 11:48:36,889 - matplotlib.image - WARNING - Clipping input data to the valid range for imshow with RGB data ([0..1] for floats or [0..255] for integers). Got range [-1.5699118..108.902626].
2025-05-24 11:48:37,123 - matplotlib.image - WARNING - Clipping input data to the valid range for imshow with RGB data ([0..1] for floats or [0..255] for integers). Got range [-1.5014129..2.6051416].
2025-05-24 11:48:37,124 - matplotlib.image - WARNING - Clipping input data to the valid range for imshow with RGB data ([0..1] for floats or [0..255] for integers). Got range [-1.5014129..109.04205].
2025-05-24 11:48:37,126 - matplotlib.image - WARNING - Clipping input data to the valid range for imshow with RGB data ([0..1] for floats or [0..255] for integers). Got range [-1.5014129..108.93051].
2025-05-24 11:48:37,273 - matplotlib.image - WARNING - Clipping input data to the valid range for imshow with RGB data ([0..1] for floats or [0..255] for integers). Got range [-1.5356624..2.6051416].
2025-05-24 11:48:37,274 - matplotlib.image - WARNING - Clipping input data to the valid range for imshow with RGB data ([0..1] for floats or [0..255] for integers). Got range [-1.5356624..109.04205].
2025-05-24 11:48:37,275 - matplotlib.image - WARNING - Clipping input data to the valid range for imshow with RGB data ([0..1] for floats or [0..255] for integers). Got range [-1.5356624..108.95142].
2025-05-24 11:48:37,509 - matplotlib.image - WARNING - Clipping input data to the valid range for imshow with RGB data ([0..1] for floats or [0..255] for integers). Got range [-1.1760426..2.6051416].
2025-05-24 11:48:37,510 - matplotlib.image - WARNING - Clipping input data to the valid range for imshow with RGB data ([0..1] for floats or [0..255] for integers). Got range [-1.1760426..109.04205].
2025-05-24 11:48:37,512 - matplotlib.image - WARNING - Clipping input data to the valid range for imshow with RGB data ([0..1] for floats or [0..255] for integers). Got range [-1.1760426..108.97234].
2025-05-24 11:48:37,659 - matplotlib.image - WARNING - Clipping input data to the valid range for imshow with RGB data ([0..1] for floats or [0..255] for integers). Got range [-1.1931673..2.6051416].
2025-05-24 11:48:37,660 - matplotlib.image - WARNING - Clipping input data to the valid range for imshow with RGB data ([0..1] for floats or [0..255] for integers). Got range [-1.1931673..109.03509].
2025-05-24 11:48:37,661 - matplotlib.image - WARNING - Clipping input data to the valid range for imshow with RGB data ([0..1] for floats or [0..255] for integers). Got range [-1.1931673..108.97234].
2025-05-24 11:48:37,897 - matplotlib.image - WARNING - Clipping input data to the valid range for imshow with RGB data ([0..1] for floats or [0..255] for integers). Got range [-1.6555357..2.5877128].
2025-05-24 11:48:37,898 - matplotlib.image - WARNING - Clipping input data to the valid range for imshow with RGB data ([0..1] for floats or [0..255] for integers). Got range [-1.6555357..109.03509].
2025-05-24 11:48:37,900 - matplotlib.image - WARNING - Clipping input data to the valid range for imshow with RGB data ([0..1] for floats or [0..255] for integers). Got range [-1.6555357..108.97931].
2025-05-24 11:48:38,044 - matplotlib.image - WARNING - Clipping input data to the valid range for imshow with RGB data ([0..1] for floats or [0..255] for integers). Got range [-1.4329139..2.6051416].
2025-05-24 11:48:38,046 - matplotlib.image - WARNING - Clipping input data to the valid range for imshow with RGB data ([0..1] for floats or [0..255] for integers). Got range [-1.4329139..109.03509].
2025-05-24 11:48:38,047 - matplotlib.image - WARNING - Clipping input data to the valid range for imshow with RGB data ([0..1] for floats or [0..255] for integers). Got range [-1.4329139..108.90959].
2025-05-24 11:48:38,285 - matplotlib.image - WARNING - Clipping input data to the valid range for imshow with RGB data ([0..1] for floats or [0..255] for integers). Got range [-1.1931673..2.6051416].
2025-05-24 11:48:38,286 - matplotlib.image - WARNING - Clipping input data to the valid range for imshow with RGB data ([0..1] for floats or [0..255] for integers). Got range [-1.1931673..109.04205].
2025-05-24 11:48:38,288 - matplotlib.image - WARNING - Clipping input data to the valid range for imshow with RGB data ([0..1] for floats or [0..255] for integers). Got range [-1.1931673..109.0072].
2025-05-24 11:48:38,432 - matplotlib.image - WARNING - Clipping input data to the valid range for imshow with RGB data ([0..1] for floats or [0..255] for integers). Got range [-1.2274169..2.6051416].
2025-05-24 11:48:38,433 - matplotlib.image - WARNING - Clipping input data to the valid range for imshow with RGB data ([0..1] for floats or [0..255] for integers). Got range [-1.2274169..109.04205].
2025-05-24 11:48:38,434 - matplotlib.image - WARNING - Clipping input data to the valid range for imshow with RGB data ([0..1] for floats or [0..255] for integers). Got range [-1.2274169..108.993256].
2025-05-24 11:48:38,686 - matplotlib.image - WARNING - Clipping input data to the valid range for imshow with RGB data ([0..1] for floats or [0..255] for integers). Got range [-1.8952821..2.64].
2025-05-24 11:48:38,687 - matplotlib.image - WARNING - Clipping input data to the valid range for imshow with RGB data ([0..1] for floats or [0..255] for integers). Got range [-1.8952821..109.056].
2025-05-24 11:48:38,689 - matplotlib.image - WARNING - Clipping input data to the valid range for imshow with RGB data ([0..1] for floats or [0..255] for integers). Got range [-1.8952821..109.02114].
2025-05-24 11:48:38,820 - matplotlib.image - WARNING - Clipping input data to the valid range for imshow with RGB data ([0..1] for floats or [0..255] for integers). Got range [-1.9124069..2.64].
2025-05-24 11:48:38,821 - matplotlib.image - WARNING - Clipping input data to the valid range for imshow with RGB data ([0..1] for floats or [0..255] for integers). Got range [-1.9124069..109.056].
2025-05-24 11:48:38,823 - matplotlib.image - WARNING - Clipping input data to the valid range for imshow with RGB data ([0..1] for floats or [0..255] for integers). Got range [-1.9124069..109.04205].
2025-05-24 11:48:39,040 - matplotlib.image - WARNING - Clipping input data to the valid range for imshow with RGB data ([0..1] for floats or [0..255] for integers). Got range [-2.1007793..2.64].
2025-05-24 11:48:39,041 - matplotlib.image - WARNING - Clipping input data to the valid range for imshow with RGB data ([0..1] for floats or [0..255] for integers). Got range [-2.1007793..109.056].
2025-05-24 11:48:39,043 - matplotlib.image - WARNING - Clipping input data to the valid range for imshow with RGB data ([0..1] for floats or [0..255] for integers). Got range [-2.1007793..109.056].
2025-05-24 11:48:39,278 - matplotlib.image - WARNING - Clipping input data to the valid range for imshow with RGB data ([0..1] for floats or [0..255] for integers). Got range [-2.0836544..2.64].
2025-05-24 11:48:39,279 - matplotlib.image - WARNING - Clipping input data to the valid range for imshow with RGB data ([0..1] for floats or [0..255] for integers). Got range [-2.0836544..109.056].
2025-05-24 11:48:39,281 - matplotlib.image - WARNING - Clipping input data to the valid range for imshow with RGB data ([0..1] for floats or [0..255] for integers). Got range [-2.0836544..109.04903].
2025-05-24 11:48:39,514 - matplotlib.image - WARNING - Clipping input data to the valid range for imshow with RGB data ([0..1] for floats or [0..255] for integers). Got range [-2.0322802..2.64].
2025-05-24 11:48:39,515 - matplotlib.image - WARNING - Clipping input data to the valid range for imshow with RGB data ([0..1] for floats or [0..255] for integers). Got range [-2.0322802..109.056].
2025-05-24 11:48:39,517 - matplotlib.image - WARNING - Clipping input data to the valid range for imshow with RGB data ([0..1] for floats or [0..255] for integers). Got range [-2.0322802..109.056].
2025-05-24 11:48:39,655 - matplotlib.image - WARNING - Clipping input data to the valid range for imshow with RGB data ([0..1] for floats or [0..255] for integers). Got range [-1.9980307..2.64].
2025-05-24 11:48:39,656 - matplotlib.image - WARNING - Clipping input data to the valid range for imshow with RGB data ([0..1] for floats or [0..255] for integers). Got range [-1.9980307..109.056].
2025-05-24 11:48:39,658 - matplotlib.image - WARNING - Clipping input data to the valid range for imshow with RGB data ([0..1] for floats or [0..255] for integers). Got range [-1.9980307..109.056].
2025-05-24 11:48:39,893 - matplotlib.image - WARNING - Clipping input data to the valid range for imshow with RGB data ([0..1] for floats or [0..255] for integers). Got range [-2.0836544..2.64].
2025-05-24 11:48:39,894 - matplotlib.image - WARNING - Clipping input data to the valid range for imshow with RGB data ([0..1] for floats or [0..255] for integers). Got range [-2.0836544..109.056].
2025-05-24 11:48:39,896 - matplotlib.image - WARNING - Clipping input data to the valid range for imshow with RGB data ([0..1] for floats or [0..255] for integers). Got range [-1.980906..109.056].
2025-05-24 11:48:40,030 - matplotlib.image - WARNING - Clipping input data to the valid range for imshow with RGB data ([0..1] for floats or [0..255] for integers). Got range [-2.0322802..2.64].
2025-05-24 11:48:40,031 - matplotlib.image - WARNING - Clipping input data to the valid range for imshow with RGB data ([0..1] for floats or [0..255] for integers). Got range [-2.0322802..109.056].
2025-05-24 11:48:40,033 - matplotlib.image - WARNING - Clipping input data to the valid range for imshow with RGB data ([0..1] for floats or [0..255] for integers). Got range [-1.9637812..109.056].
2025-05-24 11:48:40,269 - matplotlib.image - WARNING - Clipping input data to the valid range for imshow with RGB data ([0..1] for floats or [0..255] for integers). Got range [-1.9637812..2.64].
2025-05-24 11:48:40,270 - matplotlib.image - WARNING - Clipping input data to the valid range for imshow with RGB data ([0..1] for floats or [0..255] for integers). Got range [-1.9637812..109.056].
2025-05-24 11:48:40,271 - matplotlib.image - WARNING - Clipping input data to the valid range for imshow with RGB data ([0..1] for floats or [0..255] for integers). Got range [-1.9637812..109.00023].
2025-05-24 11:48:40,409 - matplotlib.image - WARNING - Clipping input data to the valid range for imshow with RGB data ([0..1] for floats or [0..255] for integers). Got range [-1.980906..2.64].
2025-05-24 11:48:40,410 - matplotlib.image - WARNING - Clipping input data to the valid range for imshow with RGB data ([0..1] for floats or [0..255] for integers). Got range [-1.980906..109.056].
2025-05-24 11:48:40,412 - matplotlib.image - WARNING - Clipping input data to the valid range for imshow with RGB data ([0..1] for floats or [0..255] for integers). Got range [-1.980906..108.993256].
2025-05-24 11:48:40,643 - matplotlib.image - WARNING - Clipping input data to the valid range for imshow with RGB data ([0..1] for floats or [0..255] for integers). Got range [-1.8431373..2.3088455].
2025-05-24 11:48:40,644 - matplotlib.image - WARNING - Clipping input data to the valid range for imshow with RGB data ([0..1] for floats or [0..255] for integers). Got range [-1.8431373..108.81199].
2025-05-24 11:48:40,646 - matplotlib.image - WARNING - Clipping input data to the valid range for imshow with RGB data ([0..1] for floats or [0..255] for integers). Got range [-1.7556022..108.72833].
2025-05-24 11:48:40,792 - matplotlib.image - WARNING - Clipping input data to the valid range for imshow with RGB data ([0..1] for floats or [0..255] for integers). Got range [-1.8781512..2.3785625].
2025-05-24 11:48:40,793 - matplotlib.image - WARNING - Clipping input data to the valid range for imshow with RGB data ([0..1] for floats or [0..255] for integers). Got range [-1.8781512..108.83291].
2025-05-24 11:48:40,795 - matplotlib.image - WARNING - Clipping input data to the valid range for imshow with RGB data ([0..1] for floats or [0..255] for integers). Got range [-1.8781512..108.6865].
2025-05-24 11:48:41,042 - matplotlib.image - WARNING - Clipping input data to the valid range for imshow with RGB data ([0..1] for floats or [0..255] for integers). Got range [-1.8081232..2.3959913].
2025-05-24 11:48:41,044 - matplotlib.image - WARNING - Clipping input data to the valid range for imshow with RGB data ([0..1] for floats or [0..255] for integers). Got range [-1.8081232..108.839874].
2025-05-24 11:48:41,045 - matplotlib.image - WARNING - Clipping input data to the valid range for imshow with RGB data ([0..1] for floats or [0..255] for integers). Got range [-1.7731092..108.72833].
2025-05-24 11:48:41,192 - matplotlib.image - WARNING - Clipping input data to the valid range for imshow with RGB data ([0..1] for floats or [0..255] for integers). Got range [-1.8431373..2.4308496].
2025-05-24 11:48:41,194 - matplotlib.image - WARNING - Clipping input data to the valid range for imshow with RGB data ([0..1] for floats or [0..255] for integers). Got range [-1.7906162..108.86777].
2025-05-24 11:48:41,195 - matplotlib.image - WARNING - Clipping input data to the valid range for imshow with RGB data ([0..1] for floats or [0..255] for integers). Got range [-1.7906162..108.70741].
2025-05-24 11:48:41,536 - matplotlib.image - WARNING - Clipping input data to the valid range for imshow with RGB data ([0..1] for floats or [0..255] for integers). Got range [-1.843908..2.2391288].
2025-05-24 11:48:41,537 - matplotlib.image - WARNING - Clipping input data to the valid range for imshow with RGB data ([0..1] for floats or [0..255] for integers). Got range [-1.7906162..108.85382].
2025-05-24 11:48:41,539 - matplotlib.image - WARNING - Clipping input data to the valid range for imshow with RGB data ([0..1] for floats or [0..255] for integers). Got range [-1.6505601..108.67953].
2025-05-24 11:48:41,684 - matplotlib.image - WARNING - Clipping input data to the valid range for imshow with RGB data ([0..1] for floats or [0..255] for integers). Got range [-1.8431373..2.2739873].
2025-05-24 11:48:41,685 - matplotlib.image - WARNING - Clipping input data to the valid range for imshow with RGB data ([0..1] for floats or [0..255] for integers). Got range [-1.8096584..108.90959].
2025-05-24 11:48:41,687 - matplotlib.image - WARNING - Clipping input data to the valid range for imshow with RGB data ([0..1] for floats or [0..255] for integers). Got range [-1.8431373..108.72833].
2025-05-24 11:48:41,920 - matplotlib.image - WARNING - Clipping input data to the valid range for imshow with RGB data ([0..1] for floats or [0..255] for integers). Got range [-1.8431373..2.2391288].
2025-05-24 11:48:41,921 - matplotlib.image - WARNING - Clipping input data to the valid range for imshow with RGB data ([0..1] for floats or [0..255] for integers). Got range [-1.8431373..108.89565].
2025-05-24 11:48:41,923 - matplotlib.image - WARNING - Clipping input data to the valid range for imshow with RGB data ([0..1] for floats or [0..255] for integers). Got range [-1.8256302..108.6377].
2025-05-24 11:48:42,069 - matplotlib.image - WARNING - Clipping input data to the valid range for imshow with RGB data ([0..1] for floats or [0..255] for integers). Got range [-1.9124069..2.4831376].
2025-05-24 11:48:42,070 - matplotlib.image - WARNING - Clipping input data to the valid range for imshow with RGB data ([0..1] for floats or [0..255] for integers). Got range [-1.9124069..108.84685].
2025-05-24 11:48:42,071 - matplotlib.image - WARNING - Clipping input data to the valid range for imshow with RGB data ([0..1] for floats or [0..255] for integers). Got range [-1.7906162..108.672554].
2025-05-24 11:48:42,319 - matplotlib.image - WARNING - Clipping input data to the valid range for imshow with RGB data ([0..1] for floats or [0..255] for integers). Got range [-1.8256302..2.3611329].
2025-05-24 11:48:42,320 - matplotlib.image - WARNING - Clipping input data to the valid range for imshow with RGB data ([0..1] for floats or [0..255] for integers). Got range [-1.7731092..108.81199].
2025-05-24 11:48:42,322 - matplotlib.image - WARNING - Clipping input data to the valid range for imshow with RGB data ([0..1] for floats or [0..255] for integers). Got range [-1.8256302..108.67953].
2025-05-24 11:48:42,466 - matplotlib.image - WARNING - Clipping input data to the valid range for imshow with RGB data ([0..1] for floats or [0..255] for integers). Got range [-1.8781512..2.2739873].
2025-05-24 11:48:42,467 - matplotlib.image - WARNING - Clipping input data to the valid range for imshow with RGB data ([0..1] for floats or [0..255] for integers). Got range [-1.8781512..108.825935].
2025-05-24 11:48:42,468 - matplotlib.image - WARNING - Clipping input data to the valid range for imshow with RGB data ([0..1] for floats or [0..255] for integers). Got range [-1.8781512..108.693474].
2025-05-24 11:48:42,699 - matplotlib.image - WARNING - Clipping input data to the valid range for imshow with RGB data ([0..1] for floats or [0..255] for integers). Got range [-1.9306722..2.3262744].
2025-05-24 11:48:42,701 - matplotlib.image - WARNING - Clipping input data to the valid range for imshow with RGB data ([0..1] for floats or [0..255] for integers). Got range [-1.9306722..108.93051].
2025-05-24 11:48:42,704 - matplotlib.image - WARNING - Clipping input data to the valid range for imshow with RGB data ([0..1] for floats or [0..255] for integers). Got range [-1.9306722..108.74227].
2025-05-24 11:48:42,850 - matplotlib.image - WARNING - Clipping input data to the valid range for imshow with RGB data ([0..1] for floats or [0..255] for integers). Got range [-1.8781512..2.3785625].
2025-05-24 11:48:42,851 - matplotlib.image - WARNING - Clipping input data to the valid range for imshow with RGB data ([0..1] for floats or [0..255] for integers). Got range [-1.8781512..108.95142].
2025-05-24 11:48:42,852 - matplotlib.image - WARNING - Clipping input data to the valid range for imshow with RGB data ([0..1] for floats or [0..255] for integers). Got range [-1.8781512..108.75622].
2025-05-24 11:48:43,104 - matplotlib.image - WARNING - Clipping input data to the valid range for imshow with RGB data ([0..1] for floats or [0..255] for integers). Got range [-1.8431373..2.4134207].
2025-05-24 11:48:43,105 - matplotlib.image - WARNING - Clipping input data to the valid range for imshow with RGB data ([0..1] for floats or [0..255] for integers). Got range [-1.8431373..108.88171].
2025-05-24 11:48:43,107 - matplotlib.image - WARNING - Clipping input data to the valid range for imshow with RGB data ([0..1] for floats or [0..255] for integers). Got range [-1.8431373..108.70045].
2025-05-24 11:48:43,249 - matplotlib.image - WARNING - Clipping input data to the valid range for imshow with RGB data ([0..1] for floats or [0..255] for integers). Got range [-1.9481792..2.4134207].
2025-05-24 11:48:43,250 - matplotlib.image - WARNING - Clipping input data to the valid range for imshow with RGB data ([0..1] for floats or [0..255] for integers). Got range [-1.9481792..108.95142].
2025-05-24 11:48:43,251 - matplotlib.image - WARNING - Clipping input data to the valid range for imshow with RGB data ([0..1] for floats or [0..255] for integers). Got range [-1.9481792..108.693474].
2025-05-24 11:48:43,509 - matplotlib.image - WARNING - Clipping input data to the valid range for imshow with RGB data ([0..1] for floats or [0..255] for integers). Got range [-1.8956583..2.3785625].
2025-05-24 11:48:43,510 - matplotlib.image - WARNING - Clipping input data to the valid range for imshow with RGB data ([0..1] for floats or [0..255] for integers). Got range [-1.8956583..108.88868].
2025-05-24 11:48:43,512 - matplotlib.image - WARNING - Clipping input data to the valid range for imshow with RGB data ([0..1] for floats or [0..255] for integers). Got range [-1.8956583..108.6865].
2025-05-24 11:48:43,759 - matplotlib.image - WARNING - Clipping input data to the valid range for imshow with RGB data ([0..1] for floats or [0..255] for integers). Got range [-1.9656862..2.3262744].
2025-05-24 11:48:43,760 - matplotlib.image - WARNING - Clipping input data to the valid range for imshow with RGB data ([0..1] for floats or [0..255] for integers). Got range [-1.9656862..108.88171].
2025-05-24 11:48:43,762 - matplotlib.image - WARNING - Clipping input data to the valid range for imshow with RGB data ([0..1] for floats or [0..255] for integers). Got range [-1.9656862..108.66559].
2025-05-24 11:48:44,012 - matplotlib.image - WARNING - Clipping input data to the valid range for imshow with RGB data ([0..1] for floats or [0..255] for integers). Got range [-1.9656862..2.3088455].
2025-05-24 11:48:44,013 - matplotlib.image - WARNING - Clipping input data to the valid range for imshow with RGB data ([0..1] for floats or [0..255] for integers). Got range [-1.9656862..108.92354].
2025-05-24 11:48:44,014 - matplotlib.image - WARNING - Clipping input data to the valid range for imshow with RGB data ([0..1] for floats or [0..255] for integers). Got range [-1.9656862..108.72833].
2025-05-24 11:48:44,157 - matplotlib.image - WARNING - Clipping input data to the valid range for imshow with RGB data ([0..1] for floats or [0..255] for integers). Got range [-1.9306722..2.3088455].
2025-05-24 11:48:44,158 - matplotlib.image - WARNING - Clipping input data to the valid range for imshow with RGB data ([0..1] for floats or [0..255] for integers). Got range [-1.9306722..108.90959].
2025-05-24 11:48:44,159 - matplotlib.image - WARNING - Clipping input data to the valid range for imshow with RGB data ([0..1] for floats or [0..255] for integers). Got range [-1.9306722..108.74227].
2025-05-24 11:48:44,386 - matplotlib.image - WARNING - Clipping input data to the valid range for imshow with RGB data ([0..1] for floats or [0..255] for integers). Got range [-2.117904..2.64].
2025-05-24 11:48:44,388 - matplotlib.image - WARNING - Clipping input data to the valid range for imshow with RGB data ([0..1] for floats or [0..255] for integers). Got range [-2.117904..109.056].
2025-05-24 11:48:44,389 - matplotlib.image - WARNING - Clipping input data to the valid range for imshow with RGB data ([0..1] for floats or [0..255] for integers). Got range [-2.117904..153.87216].
2025-05-24 11:48:44,533 - matplotlib.image - WARNING - Clipping input data to the valid range for imshow with RGB data ([0..1] for floats or [0..255] for integers). Got range [-2.117904..2.64].
2025-05-24 11:48:44,534 - matplotlib.image - WARNING - Clipping input data to the valid range for imshow with RGB data ([0..1] for floats or [0..255] for integers). Got range [-2.117904..109.056].
2025-05-24 11:48:44,536 - matplotlib.image - WARNING - Clipping input data to the valid range for imshow with RGB data ([0..1] for floats or [0..255] for integers). Got range [-2.117904..153.86531].
2025-05-24 11:48:44,770 - matplotlib.image - WARNING - Clipping input data to the valid range for imshow with RGB data ([0..1] for floats or [0..255] for integers). Got range [-2.117904..2.64].
2025-05-24 11:48:44,771 - matplotlib.image - WARNING - Clipping input data to the valid range for imshow with RGB data ([0..1] for floats or [0..255] for integers). Got range [-2.117904..109.056].
2025-05-24 11:48:44,773 - matplotlib.image - WARNING - Clipping input data to the valid range for imshow with RGB data ([0..1] for floats or [0..255] for integers). Got range [-2.117904..153.86531].
2025-05-24 11:48:44,914 - matplotlib.image - WARNING - Clipping input data to the valid range for imshow with RGB data ([0..1] for floats or [0..255] for integers). Got range [-2.117904..2.64].
2025-05-24 11:48:44,915 - matplotlib.image - WARNING - Clipping input data to the valid range for imshow with RGB data ([0..1] for floats or [0..255] for integers). Got range [-2.117904..109.056].
2025-05-24 11:48:44,917 - matplotlib.image - WARNING - Clipping input data to the valid range for imshow with RGB data ([0..1] for floats or [0..255] for integers). Got range [-2.117904..153.85161].
2025-05-24 11:48:45,152 - matplotlib.image - WARNING - Clipping input data to the valid range for imshow with RGB data ([0..1] for floats or [0..255] for integers). Got range [-2.117904..2.64].
2025-05-24 11:48:45,154 - matplotlib.image - WARNING - Clipping input data to the valid range for imshow with RGB data ([0..1] for floats or [0..255] for integers). Got range [-2.117904..109.056].
2025-05-24 11:48:45,156 - matplotlib.image - WARNING - Clipping input data to the valid range for imshow with RGB data ([0..1] for floats or [0..255] for integers). Got range [-2.117904..153.85846].
2025-05-24 11:48:45,294 - matplotlib.image - WARNING - Clipping input data to the valid range for imshow with RGB data ([0..1] for floats or [0..255] for integers). Got range [-2.117904..2.64].
2025-05-24 11:48:45,295 - matplotlib.image - WARNING - Clipping input data to the valid range for imshow with RGB data ([0..1] for floats or [0..255] for integers). Got range [-2.117904..109.056].
2025-05-24 11:48:45,297 - matplotlib.image - WARNING - Clipping input data to the valid range for imshow with RGB data ([0..1] for floats or [0..255] for integers). Got range [-2.117904..153.85846].
2025-05-24 11:48:45,520 - matplotlib.image - WARNING - Clipping input data to the valid range for imshow with RGB data ([0..1] for floats or [0..255] for integers). Got range [-2.117904..2.64].
2025-05-24 11:48:45,521 - matplotlib.image - WARNING - Clipping input data to the valid range for imshow with RGB data ([0..1] for floats or [0..255] for integers). Got range [-2.117904..109.056].
2025-05-24 11:48:45,523 - matplotlib.image - WARNING - Clipping input data to the valid range for imshow with RGB data ([0..1] for floats or [0..255] for integers). Got range [-2.117904..153.59818].
2025-05-24 11:48:45,665 - matplotlib.image - WARNING - Clipping input data to the valid range for imshow with RGB data ([0..1] for floats or [0..255] for integers). Got range [-2.117904..2.64].
2025-05-24 11:48:45,666 - matplotlib.image - WARNING - Clipping input data to the valid range for imshow with RGB data ([0..1] for floats or [0..255] for integers). Got range [-2.117904..109.056].
2025-05-24 11:48:45,667 - matplotlib.image - WARNING - Clipping input data to the valid range for imshow with RGB data ([0..1] for floats or [0..255] for integers). Got range [-2.117904..153.56392].
2025-05-24 11:48:46,004 - matplotlib.image - WARNING - Clipping input data to the valid range for imshow with RGB data ([0..1] for floats or [0..255] for integers). Got range [-2.117904..2.64].
2025-05-24 11:48:46,005 - matplotlib.image - WARNING - Clipping input data to the valid range for imshow with RGB data ([0..1] for floats or [0..255] for integers). Got range [-2.117904..109.056].
2025-05-24 11:48:46,007 - matplotlib.image - WARNING - Clipping input data to the valid range for imshow with RGB data ([0..1] for floats or [0..255] for integers). Got range [-2.117904..153.69406].
2025-05-24 11:48:46,148 - matplotlib.image - WARNING - Clipping input data to the valid range for imshow with RGB data ([0..1] for floats or [0..255] for integers). Got range [-2.117904..2.64].
2025-05-24 11:48:46,149 - matplotlib.image - WARNING - Clipping input data to the valid range for imshow with RGB data ([0..1] for floats or [0..255] for integers). Got range [-2.117904..109.056].
2025-05-24 11:48:46,151 - matplotlib.image - WARNING - Clipping input data to the valid range for imshow with RGB data ([0..1] for floats or [0..255] for integers). Got range [-2.117904..153.73517].
2025-05-24 11:48:46,369 - matplotlib.image - WARNING - Clipping input data to the valid range for imshow with RGB data ([0..1] for floats or [0..255] for integers). Got range [-2.117904..2.64].
2025-05-24 11:48:46,371 - matplotlib.image - WARNING - Clipping input data to the valid range for imshow with RGB data ([0..1] for floats or [0..255] for integers). Got range [-2.117904..109.056].
2025-05-24 11:48:46,373 - matplotlib.image - WARNING - Clipping input data to the valid range for imshow with RGB data ([0..1] for floats or [0..255] for integers). Got range [-2.117904..153.87216].
2025-05-24 11:48:46,514 - matplotlib.image - WARNING - Clipping input data to the valid range for imshow with RGB data ([0..1] for floats or [0..255] for integers). Got range [-2.117904..2.64].
2025-05-24 11:48:46,515 - matplotlib.image - WARNING - Clipping input data to the valid range for imshow with RGB data ([0..1] for floats or [0..255] for integers). Got range [-2.117904..109.056].
2025-05-24 11:48:46,517 - matplotlib.image - WARNING - Clipping input data to the valid range for imshow with RGB data ([0..1] for floats or [0..255] for integers). Got range [-2.117904..153.85161].
2025-05-24 11:48:46,749 - matplotlib.image - WARNING - Clipping input data to the valid range for imshow with RGB data ([0..1] for floats or [0..255] for integers). Got range [-2.117904..2.64].
2025-05-24 11:48:46,751 - matplotlib.image - WARNING - Clipping input data to the valid range for imshow with RGB data ([0..1] for floats or [0..255] for integers). Got range [-2.117904..109.056].
2025-05-24 11:48:46,753 - matplotlib.image - WARNING - Clipping input data to the valid range for imshow with RGB data ([0..1] for floats or [0..255] for integers). Got range [-2.117904..153.79681].
2025-05-24 11:48:46,901 - matplotlib.image - WARNING - Clipping input data to the valid range for imshow with RGB data ([0..1] for floats or [0..255] for integers). Got range [-2.117904..2.64].
2025-05-24 11:48:46,902 - matplotlib.image - WARNING - Clipping input data to the valid range for imshow with RGB data ([0..1] for floats or [0..255] for integers). Got range [-2.117904..109.056].
2025-05-24 11:48:46,904 - matplotlib.image - WARNING - Clipping input data to the valid range for imshow with RGB data ([0..1] for floats or [0..255] for integers). Got range [-2.117904..153.81737].
2025-05-24 11:48:47,141 - matplotlib.image - WARNING - Clipping input data to the valid range for imshow with RGB data ([0..1] for floats or [0..255] for integers). Got range [-2.117904..2.64].
2025-05-24 11:48:47,143 - matplotlib.image - WARNING - Clipping input data to the valid range for imshow with RGB data ([0..1] for floats or [0..255] for integers). Got range [-2.117904..109.056].
2025-05-24 11:48:47,144 - matplotlib.image - WARNING - Clipping input data to the valid range for imshow with RGB data ([0..1] for floats or [0..255] for integers). Got range [-2.117904..153.71461].
2025-05-24 11:48:47,285 - matplotlib.image - WARNING - Clipping input data to the valid range for imshow with RGB data ([0..1] for floats or [0..255] for integers). Got range [-2.117904..2.64].
2025-05-24 11:48:47,286 - matplotlib.image - WARNING - Clipping input data to the valid range for imshow with RGB data ([0..1] for floats or [0..255] for integers). Got range [-2.117904..109.056].
2025-05-24 11:48:47,288 - matplotlib.image - WARNING - Clipping input data to the valid range for imshow with RGB data ([0..1] for floats or [0..255] for integers). Got range [-2.117904..153.70091].
2025-05-24 11:48:47,529 - matplotlib.image - WARNING - Clipping input data to the valid range for imshow with RGB data ([0..1] for floats or [0..255] for integers). Got range [-2.0151556..2.6051416].
2025-05-24 11:48:47,530 - matplotlib.image - WARNING - Clipping input data to the valid range for imshow with RGB data ([0..1] for floats or [0..255] for integers). Got range [-2.0151556..109.04205].
2025-05-24 11:48:47,532 - matplotlib.image - WARNING - Clipping input data to the valid range for imshow with RGB data ([0..1] for floats or [0..255] for integers). Got range [-2.0151556..140.24205].
2025-05-24 11:48:47,675 - matplotlib.image - WARNING - Clipping input data to the valid range for imshow with RGB data ([0..1] for floats or [0..255] for integers). Got range [-2.0665298..2.64].
2025-05-24 11:48:47,677 - matplotlib.image - WARNING - Clipping input data to the valid range for imshow with RGB data ([0..1] for floats or [0..255] for integers). Got range [-1.9980307..109.056].
2025-05-24 11:48:47,678 - matplotlib.image - WARNING - Clipping input data to the valid range for imshow with RGB data ([0..1] for floats or [0..255] for integers). Got range [-2.0665298..140.256].
2025-05-24 11:48:47,927 - matplotlib.image - WARNING - Clipping input data to the valid range for imshow with RGB data ([0..1] for floats or [0..255] for integers). Got range [-2.0322802..2.622571].
2025-05-24 11:48:47,928 - matplotlib.image - WARNING - Clipping input data to the valid range for imshow with RGB data ([0..1] for floats or [0..255] for integers). Got range [-2.0322802..109.04903].
2025-05-24 11:48:47,930 - matplotlib.image - WARNING - Clipping input data to the valid range for imshow with RGB data ([0..1] for floats or [0..255] for integers). Got range [-2.0322802..140.24902].
2025-05-24 11:48:48,176 - matplotlib.image - WARNING - Clipping input data to the valid range for imshow with RGB data ([0..1] for floats or [0..255] for integers). Got range [-2.0836544..2.622571].
2025-05-24 11:48:48,177 - matplotlib.image - WARNING - Clipping input data to the valid range for imshow with RGB data ([0..1] for floats or [0..255] for integers). Got range [-2.0836544..109.04903].
2025-05-24 11:48:48,179 - matplotlib.image - WARNING - Clipping input data to the valid range for imshow with RGB data ([0..1] for floats or [0..255] for integers). Got range [-2.0836544..140.24902].
2025-05-24 11:48:48,404 - matplotlib.image - WARNING - Clipping input data to the valid range for imshow with RGB data ([0..1] for floats or [0..255] for integers). Got range [-2.0322802..2.6051416].
2025-05-24 11:48:48,405 - matplotlib.image - WARNING - Clipping input data to the valid range for imshow with RGB data ([0..1] for floats or [0..255] for integers). Got range [-2.0322802..109.03509].
2025-05-24 11:48:48,406 - matplotlib.image - WARNING - Clipping input data to the valid range for imshow with RGB data ([0..1] for floats or [0..255] for integers). Got range [-2.0322802..140.24205].
2025-05-24 11:48:48,546 - matplotlib.image - WARNING - Clipping input data to the valid range for imshow with RGB data ([0..1] for floats or [0..255] for integers). Got range [-2.0836544..2.622571].
2025-05-24 11:48:48,547 - matplotlib.image - WARNING - Clipping input data to the valid range for imshow with RGB data ([0..1] for floats or [0..255] for integers). Got range [-2.0836544..109.04903].
2025-05-24 11:48:48,549 - matplotlib.image - WARNING - Clipping input data to the valid range for imshow with RGB data ([0..1] for floats or [0..255] for integers). Got range [-2.0836544..140.24902].
2025-05-24 11:48:48,773 - matplotlib.image - WARNING - Clipping input data to the valid range for imshow with RGB data ([0..1] for floats or [0..255] for integers). Got range [-2.0322802..2.5702832].
2025-05-24 11:48:48,774 - matplotlib.image - WARNING - Clipping input data to the valid range for imshow with RGB data ([0..1] for floats or [0..255] for integers). Got range [-2.0322802..109.02114].
2025-05-24 11:48:48,776 - matplotlib.image - WARNING - Clipping input data to the valid range for imshow with RGB data ([0..1] for floats or [0..255] for integers). Got range [-2.0322802..140.22812].
2025-05-24 11:48:48,911 - matplotlib.image - WARNING - Clipping input data to the valid range for imshow with RGB data ([0..1] for floats or [0..255] for integers). Got range [-2.0322802..2.622571].
2025-05-24 11:48:48,912 - matplotlib.image - WARNING - Clipping input data to the valid range for imshow with RGB data ([0..1] for floats or [0..255] for integers). Got range [-2.0322802..109.0072].
2025-05-24 11:48:48,913 - matplotlib.image - WARNING - Clipping input data to the valid range for imshow with RGB data ([0..1] for floats or [0..255] for integers). Got range [-2.0322802..140.24902].
2025-05-24 11:48:49,141 - matplotlib.image - WARNING - Clipping input data to the valid range for imshow with RGB data ([0..1] for floats or [0..255] for integers). Got range [-2.0151556..2.5702832].
2025-05-24 11:48:49,142 - matplotlib.image - WARNING - Clipping input data to the valid range for imshow with RGB data ([0..1] for floats or [0..255] for integers). Got range [-2.0151556..108.993256].
2025-05-24 11:48:49,144 - matplotlib.image - WARNING - Clipping input data to the valid range for imshow with RGB data ([0..1] for floats or [0..255] for integers). Got range [-2.0151556..140.22812].
2025-05-24 11:48:49,277 - matplotlib.image - WARNING - Clipping input data to the valid range for imshow with RGB data ([0..1] for floats or [0..255] for integers). Got range [-2.0151556..2.5179958].
2025-05-24 11:48:49,278 - matplotlib.image - WARNING - Clipping input data to the valid range for imshow with RGB data ([0..1] for floats or [0..255] for integers). Got range [-2.0151556..108.96537].
2025-05-24 11:48:49,280 - matplotlib.image - WARNING - Clipping input data to the valid range for imshow with RGB data ([0..1] for floats or [0..255] for integers). Got range [-2.0151556..140.2072].
2025-05-24 11:48:49,510 - matplotlib.image - WARNING - Clipping input data to the valid range for imshow with RGB data ([0..1] for floats or [0..255] for integers). Got range [-1.8781574..2.5005665].
2025-05-24 11:48:49,511 - matplotlib.image - WARNING - Clipping input data to the valid range for imshow with RGB data ([0..1] for floats or [0..255] for integers). Got range [-1.8781574..108.93051].
2025-05-24 11:48:49,512 - matplotlib.image - WARNING - Clipping input data to the valid range for imshow with RGB data ([0..1] for floats or [0..255] for integers). Got range [-1.8781574..153.88586].
2025-05-24 11:48:49,635 - matplotlib.image - WARNING - Clipping input data to the valid range for imshow with RGB data ([0..1] for floats or [0..255] for integers). Got range [-1.8781574..2.535425].
2025-05-24 11:48:49,636 - matplotlib.image - WARNING - Clipping input data to the valid range for imshow with RGB data ([0..1] for floats or [0..255] for integers). Got range [-1.8781574..108.97234].
2025-05-24 11:48:49,637 - matplotlib.image - WARNING - Clipping input data to the valid range for imshow with RGB data ([0..1] for floats or [0..255] for integers). Got range [-1.8781574..153.89957].
2025-05-24 11:48:49,865 - matplotlib.image - WARNING - Clipping input data to the valid range for imshow with RGB data ([0..1] for floats or [0..255] for integers). Got range [-1.8781574..2.6051416].
2025-05-24 11:48:49,866 - matplotlib.image - WARNING - Clipping input data to the valid range for imshow with RGB data ([0..1] for floats or [0..255] for integers). Got range [-1.8781574..109.028114].
2025-05-24 11:48:49,868 - matplotlib.image - WARNING - Clipping input data to the valid range for imshow with RGB data ([0..1] for floats or [0..255] for integers). Got range [-1.8781574..153.89957].
2025-05-24 11:48:49,997 - matplotlib.image - WARNING - Clipping input data to the valid range for imshow with RGB data ([0..1] for floats or [0..255] for integers). Got range [-1.8781574..2.622571].
2025-05-24 11:48:49,998 - matplotlib.image - WARNING - Clipping input data to the valid range for imshow with RGB data ([0..1] for floats or [0..255] for integers). Got range [-1.8610327..109.04903].
2025-05-24 11:48:50,000 - matplotlib.image - WARNING - Clipping input data to the valid range for imshow with RGB data ([0..1] for floats or [0..255] for integers). Got range [-1.8781574..153.89957].
2025-05-24 11:48:50,323 - matplotlib.image - WARNING - Clipping input data to the valid range for imshow with RGB data ([0..1] for floats or [0..255] for integers). Got range [-1.8096584..2.64].
2025-05-24 11:48:50,324 - matplotlib.image - WARNING - Clipping input data to the valid range for imshow with RGB data ([0..1] for floats or [0..255] for integers). Got range [-1.8096584..109.04903].
2025-05-24 11:48:50,326 - matplotlib.image - WARNING - Clipping input data to the valid range for imshow with RGB data ([0..1] for floats or [0..255] for integers). Got range [-1.8096584..153.89272].
2025-05-24 11:48:50,455 - matplotlib.image - WARNING - Clipping input data to the valid range for imshow with RGB data ([0..1] for floats or [0..255] for integers). Got range [-1.7925336..2.64].
2025-05-24 11:48:50,456 - matplotlib.image - WARNING - Clipping input data to the valid range for imshow with RGB data ([0..1] for floats or [0..255] for integers). Got range [-1.7925336..109.04903].
2025-05-24 11:48:50,458 - matplotlib.image - WARNING - Clipping input data to the valid range for imshow with RGB data ([0..1] for floats or [0..255] for integers). Got range [-1.7925336..153.89957].
2025-05-24 11:48:50,686 - matplotlib.image - WARNING - Clipping input data to the valid range for imshow with RGB data ([0..1] for floats or [0..255] for integers). Got range [-1.8267832..2.3760502].
2025-05-24 11:48:50,687 - matplotlib.image - WARNING - Clipping input data to the valid range for imshow with RGB data ([0..1] for floats or [0..255] for integers). Got range [-1.8267832..108.85382].
2025-05-24 11:48:50,689 - matplotlib.image - WARNING - Clipping input data to the valid range for imshow with RGB data ([0..1] for floats or [0..255] for integers). Got range [-1.8267832..153.26253].
2025-05-24 11:48:50,813 - matplotlib.image - WARNING - Clipping input data to the valid range for imshow with RGB data ([0..1] for floats or [0..255] for integers). Got range [-1.8431373..2.2710083].
2025-05-24 11:48:50,814 - matplotlib.image - WARNING - Clipping input data to the valid range for imshow with RGB data ([0..1] for floats or [0..255] for integers). Got range [-1.8431373..108.87473].
2025-05-24 11:48:50,815 - matplotlib.image - WARNING - Clipping input data to the valid range for imshow with RGB data ([0..1] for floats or [0..255] for integers). Got range [-1.8431373..139.7122].
2025-05-24 11:48:51,039 - matplotlib.image - WARNING - Clipping input data to the valid range for imshow with RGB data ([0..1] for floats or [0..255] for integers). Got range [-1.8431373..2.64].
2025-05-24 11:48:51,040 - matplotlib.image - WARNING - Clipping input data to the valid range for imshow with RGB data ([0..1] for floats or [0..255] for integers). Got range [-1.7347276..109.056].
2025-05-24 11:48:51,041 - matplotlib.image - WARNING - Clipping input data to the valid range for imshow with RGB data ([0..1] for floats or [0..255] for integers). Got range [-1.8431373..153.72832].
2025-05-24 11:48:51,180 - matplotlib.image - WARNING - Clipping input data to the valid range for imshow with RGB data ([0..1] for floats or [0..255] for integers). Got range [-1.8256302..2.64].
2025-05-24 11:48:51,181 - matplotlib.image - WARNING - Clipping input data to the valid range for imshow with RGB data ([0..1] for floats or [0..255] for integers). Got range [-1.7521569..109.056].
2025-05-24 11:48:51,183 - matplotlib.image - WARNING - Clipping input data to the valid range for imshow with RGB data ([0..1] for floats or [0..255] for integers). Got range [-1.8256302..153.87216].
2025-05-24 11:48:51,418 - matplotlib.image - WARNING - Clipping input data to the valid range for imshow with RGB data ([0..1] for floats or [0..255] for integers). Got range [-1.7870152..2.64].
2025-05-24 11:48:51,419 - matplotlib.image - WARNING - Clipping input data to the valid range for imshow with RGB data ([0..1] for floats or [0..255] for integers). Got range [-1.7870152..109.056].
2025-05-24 11:48:51,420 - matplotlib.image - WARNING - Clipping input data to the valid range for imshow with RGB data ([0..1] for floats or [0..255] for integers). Got range [-1.7870152..108.74227].
2025-05-24 11:48:51,575 - matplotlib.image - WARNING - Clipping input data to the valid range for imshow with RGB data ([0..1] for floats or [0..255] for integers). Got range [-1.8044444..2.64].
2025-05-24 11:48:51,576 - matplotlib.image - WARNING - Clipping input data to the valid range for imshow with RGB data ([0..1] for floats or [0..255] for integers). Got range [-1.8044444..109.056].
2025-05-24 11:48:51,578 - matplotlib.image - WARNING - Clipping input data to the valid range for imshow with RGB data ([0..1] for floats or [0..255] for integers). Got range [-1.8044444..139.57277].
2025-05-24 11:48:51,806 - matplotlib.image - WARNING - Clipping input data to the valid range for imshow with RGB data ([0..1] for floats or [0..255] for integers). Got range [-1.8267832..2.64].
2025-05-24 11:48:51,807 - matplotlib.image - WARNING - Clipping input data to the valid range for imshow with RGB data ([0..1] for floats or [0..255] for integers). Got range [-1.8096584..109.056].
2025-05-24 11:48:51,809 - matplotlib.image - WARNING - Clipping input data to the valid range for imshow with RGB data ([0..1] for floats or [0..255] for integers). Got range [-1.8267832..108.916565].
2025-05-24 11:48:51,951 - matplotlib.image - WARNING - Clipping input data to the valid range for imshow with RGB data ([0..1] for floats or [0..255] for integers). Got range [-1.843908..2.64].
2025-05-24 11:48:51,952 - matplotlib.image - WARNING - Clipping input data to the valid range for imshow with RGB data ([0..1] for floats or [0..255] for integers). Got range [-1.8096584..109.056].
2025-05-24 11:48:51,953 - matplotlib.image - WARNING - Clipping input data to the valid range for imshow with RGB data ([0..1] for floats or [0..255] for integers). Got range [-1.843908..108.937485].
2025-05-24 11:48:52,166 - matplotlib.image - WARNING - Clipping input data to the valid range for imshow with RGB data ([0..1] for floats or [0..255] for integers). Got range [-1.843908..2.64].
2025-05-24 11:48:52,167 - matplotlib.image - WARNING - Clipping input data to the valid range for imshow with RGB data ([0..1] for floats or [0..255] for integers). Got range [-1.8267832..109.056].
2025-05-24 11:48:52,169 - matplotlib.image - WARNING - Clipping input data to the valid range for imshow with RGB data ([0..1] for floats or [0..255] for integers). Got range [-1.843908..140.20023].
2025-05-24 11:48:52,415 - matplotlib.image - WARNING - Clipping input data to the valid range for imshow with RGB data ([0..1] for floats or [0..255] for integers). Got range [-1.843908..2.64].
2025-05-24 11:48:52,416 - matplotlib.image - WARNING - Clipping input data to the valid range for imshow with RGB data ([0..1] for floats or [0..255] for integers). Got range [-1.843908..109.056].
2025-05-24 11:48:52,417 - matplotlib.image - WARNING - Clipping input data to the valid range for imshow with RGB data ([0..1] for floats or [0..255] for integers). Got range [-1.843908..140.2072].
2025-05-24 11:48:52,665 - matplotlib.image - WARNING - Clipping input data to the valid range for imshow with RGB data ([0..1] for floats or [0..255] for integers). Got range [-2.0151556..2.64].
2025-05-24 11:48:52,666 - matplotlib.image - WARNING - Clipping input data to the valid range for imshow with RGB data ([0..1] for floats or [0..255] for integers). Got range [-2.0151556..109.056].
2025-05-24 11:48:52,667 - matplotlib.image - WARNING - Clipping input data to the valid range for imshow with RGB data ([0..1] for floats or [0..255] for integers). Got range [-2.0151556..139.99805].
2025-05-24 11:48:52,807 - matplotlib.image - WARNING - Clipping input data to the valid range for imshow with RGB data ([0..1] for floats or [0..255] for integers). Got range [-2.0322802..2.64].
2025-05-24 11:48:52,808 - matplotlib.image - WARNING - Clipping input data to the valid range for imshow with RGB data ([0..1] for floats or [0..255] for integers). Got range [-2.0322802..109.056].
2025-05-24 11:48:52,810 - matplotlib.image - WARNING - Clipping input data to the valid range for imshow with RGB data ([0..1] for floats or [0..255] for integers). Got range [-2.0322802..140.00502].
2025-05-24 11:48:53,044 - matplotlib.image - WARNING - Clipping input data to the valid range for imshow with RGB data ([0..1] for floats or [0..255] for integers). Got range [-2.0182073..2.64].
2025-05-24 11:48:53,045 - matplotlib.image - WARNING - Clipping input data to the valid range for imshow with RGB data ([0..1] for floats or [0..255] for integers). Got range [-2.0182073..109.056].
2025-05-24 11:48:53,047 - matplotlib.image - WARNING - Clipping input data to the valid range for imshow with RGB data ([0..1] for floats or [0..255] for integers). Got range [-2.0182073..139.9841].
2025-05-24 11:48:53,184 - matplotlib.image - WARNING - Clipping input data to the valid range for imshow with RGB data ([0..1] for floats or [0..255] for integers). Got range [-2.0182073..2.64].
2025-05-24 11:48:53,185 - matplotlib.image - WARNING - Clipping input data to the valid range for imshow with RGB data ([0..1] for floats or [0..255] for integers). Got range [-2.0182073..109.056].
2025-05-24 11:48:53,187 - matplotlib.image - WARNING - Clipping input data to the valid range for imshow with RGB data ([0..1] for floats or [0..255] for integers). Got range [-2.0182073..139.72615].
2025-05-24 11:48:53,415 - matplotlib.image - WARNING - Clipping input data to the valid range for imshow with RGB data ([0..1] for floats or [0..255] for integers). Got range [-2.0322802..2.64].
2025-05-24 11:48:53,416 - matplotlib.image - WARNING - Clipping input data to the valid range for imshow with RGB data ([0..1] for floats or [0..255] for integers). Got range [-2.0322802..109.056].
2025-05-24 11:48:53,418 - matplotlib.image - WARNING - Clipping input data to the valid range for imshow with RGB data ([0..1] for floats or [0..255] for integers). Got range [-2.0322802..140.06079].
2025-05-24 11:48:53,560 - matplotlib.image - WARNING - Clipping input data to the valid range for imshow with RGB data ([0..1] for floats or [0..255] for integers). Got range [-2.0182073..2.64].
2025-05-24 11:48:53,561 - matplotlib.image - WARNING - Clipping input data to the valid range for imshow with RGB data ([0..1] for floats or [0..255] for integers). Got range [-2.0182073..109.056].
2025-05-24 11:48:53,563 - matplotlib.image - WARNING - Clipping input data to the valid range for imshow with RGB data ([0..1] for floats or [0..255] for integers). Got range [-2.0182073..140.1584].
2025-05-24 11:48:53,787 - matplotlib.image - WARNING - Clipping input data to the valid range for imshow with RGB data ([0..1] for floats or [0..255] for integers). Got range [-2.117904..2.5179958].
2025-05-24 11:48:53,788 - matplotlib.image - WARNING - Clipping input data to the valid range for imshow with RGB data ([0..1] for floats or [0..255] for integers). Got range [-2.117904..109.0072].
2025-05-24 11:48:53,789 - matplotlib.image - WARNING - Clipping input data to the valid range for imshow with RGB data ([0..1] for floats or [0..255] for integers). Got range [-2.117904..153.84476].
2025-05-24 11:48:53,949 - matplotlib.image - WARNING - Clipping input data to the valid range for imshow with RGB data ([0..1] for floats or [0..255] for integers). Got range [-2.117904..2.5877128].
2025-05-24 11:48:53,950 - matplotlib.image - WARNING - Clipping input data to the valid range for imshow with RGB data ([0..1] for floats or [0..255] for integers). Got range [-2.117904..108.993256].
2025-05-24 11:48:53,951 - matplotlib.image - WARNING - Clipping input data to the valid range for imshow with RGB data ([0..1] for floats or [0..255] for integers). Got range [-2.117904..153.89272].
2025-05-24 11:48:54,193 - matplotlib.image - WARNING - Clipping input data to the valid range for imshow with RGB data ([0..1] for floats or [0..255] for integers). Got range [-2.117904..2.5005665].
2025-05-24 11:48:54,194 - matplotlib.image - WARNING - Clipping input data to the valid range for imshow with RGB data ([0..1] for floats or [0..255] for integers). Got range [-2.117904..109.00023].
2025-05-24 11:48:54,196 - matplotlib.image - WARNING - Clipping input data to the valid range for imshow with RGB data ([0..1] for floats or [0..255] for integers). Got range [-2.117904..153.89957].
2025-05-24 11:48:54,364 - matplotlib.image - WARNING - Clipping input data to the valid range for imshow with RGB data ([0..1] for floats or [0..255] for integers). Got range [-2.117904..2.535425].
2025-05-24 11:48:54,365 - matplotlib.image - WARNING - Clipping input data to the valid range for imshow with RGB data ([0..1] for floats or [0..255] for integers). Got range [-2.117904..108.993256].
2025-05-24 11:48:54,367 - matplotlib.image - WARNING - Clipping input data to the valid range for imshow with RGB data ([0..1] for floats or [0..255] for integers). Got range [-2.117904..153.87216].
2025-05-24 11:48:54,725 - matplotlib.image - WARNING - Clipping input data to the valid range for imshow with RGB data ([0..1] for floats or [0..255] for integers). Got range [-2.117904..2.535425].
2025-05-24 11:48:54,726 - matplotlib.image - WARNING - Clipping input data to the valid range for imshow with RGB data ([0..1] for floats or [0..255] for integers). Got range [-2.117904..109.01417].
2025-05-24 11:48:54,727 - matplotlib.image - WARNING - Clipping input data to the valid range for imshow with RGB data ([0..1] for floats or [0..255] for integers). Got range [-2.117904..140.05382].
2025-05-24 11:48:54,894 - matplotlib.image - WARNING - Clipping input data to the valid range for imshow with RGB data ([0..1] for floats or [0..255] for integers). Got range [-2.117904..2.5179958].
2025-05-24 11:48:54,895 - matplotlib.image - WARNING - Clipping input data to the valid range for imshow with RGB data ([0..1] for floats or [0..255] for integers). Got range [-2.117904..109.0072].
2025-05-24 11:48:54,897 - matplotlib.image - WARNING - Clipping input data to the valid range for imshow with RGB data ([0..1] for floats or [0..255] for integers). Got range [-2.117904..153.85846].
2025-05-24 11:48:55,145 - matplotlib.image - WARNING - Clipping input data to the valid range for imshow with RGB data ([0..1] for floats or [0..255] for integers). Got range [-2.117904..2.535425].
2025-05-24 11:48:55,146 - matplotlib.image - WARNING - Clipping input data to the valid range for imshow with RGB data ([0..1] for floats or [0..255] for integers). Got range [-2.117904..109.00023].
2025-05-24 11:48:55,147 - matplotlib.image - WARNING - Clipping input data to the valid range for imshow with RGB data ([0..1] for floats or [0..255] for integers). Got range [-2.117904..140.17233].
2025-05-24 11:48:55,302 - matplotlib.image - WARNING - Clipping input data to the valid range for imshow with RGB data ([0..1] for floats or [0..255] for integers). Got range [-2.117904..2.535425].
2025-05-24 11:48:55,303 - matplotlib.image - WARNING - Clipping input data to the valid range for imshow with RGB data ([0..1] for floats or [0..255] for integers). Got range [-2.117904..108.993256].
2025-05-24 11:48:55,305 - matplotlib.image - WARNING - Clipping input data to the valid range for imshow with RGB data ([0..1] for floats or [0..255] for integers). Got range [-2.117904..140.012].
2025-05-24 11:48:55,540 - matplotlib.image - WARNING - Clipping input data to the valid range for imshow with RGB data ([0..1] for floats or [0..255] for integers). Got range [-2.117904..2.5005665].
2025-05-24 11:48:55,541 - matplotlib.image - WARNING - Clipping input data to the valid range for imshow with RGB data ([0..1] for floats or [0..255] for integers). Got range [-2.117904..108.993256].
2025-05-24 11:48:55,543 - matplotlib.image - WARNING - Clipping input data to the valid range for imshow with RGB data ([0..1] for floats or [0..255] for integers). Got range [-2.117904..153.76256].
2025-05-24 11:48:55,697 - matplotlib.image - WARNING - Clipping input data to the valid range for imshow with RGB data ([0..1] for floats or [0..255] for integers). Got range [-2.117904..2.5528543].
2025-05-24 11:48:55,698 - matplotlib.image - WARNING - Clipping input data to the valid range for imshow with RGB data ([0..1] for floats or [0..255] for integers). Got range [-2.117904..109.00023].
2025-05-24 11:48:55,700 - matplotlib.image - WARNING - Clipping input data to the valid range for imshow with RGB data ([0..1] for floats or [0..255] for integers). Got range [-2.117904..153.81737].
2025-05-24 11:48:55,928 - matplotlib.image - WARNING - Clipping input data to the valid range for imshow with RGB data ([0..1] for floats or [0..255] for integers). Got range [-1.3986644..2.64].
2025-05-24 11:48:55,929 - matplotlib.image - WARNING - Clipping input data to the valid range for imshow with RGB data ([0..1] for floats or [0..255] for integers). Got range [-1.3986644..109.056].
2025-05-24 11:48:55,931 - matplotlib.image - WARNING - Clipping input data to the valid range for imshow with RGB data ([0..1] for floats or [0..255] for integers). Got range [-1.3986644..153.89272].
2025-05-24 11:48:56,081 - matplotlib.image - WARNING - Clipping input data to the valid range for imshow with RGB data ([0..1] for floats or [0..255] for integers). Got range [-1.4157891..2.64].
2025-05-24 11:48:56,082 - matplotlib.image - WARNING - Clipping input data to the valid range for imshow with RGB data ([0..1] for floats or [0..255] for integers). Got range [-1.4157891..109.056].
2025-05-24 11:48:56,084 - matplotlib.image - WARNING - Clipping input data to the valid range for imshow with RGB data ([0..1] for floats or [0..255] for integers). Got range [-1.4157891..153.89272].
2025-05-24 11:48:56,324 - matplotlib.image - WARNING - Clipping input data to the valid range for imshow with RGB data ([0..1] for floats or [0..255] for integers). Got range [-1.5455182..2.64].
2025-05-24 11:48:56,325 - matplotlib.image - WARNING - Clipping input data to the valid range for imshow with RGB data ([0..1] for floats or [0..255] for integers). Got range [-1.5455182..109.056].
2025-05-24 11:48:56,327 - matplotlib.image - WARNING - Clipping input data to the valid range for imshow with RGB data ([0..1] for floats or [0..255] for integers). Got range [-1.5185376..153.89272].
2025-05-24 11:48:56,473 - matplotlib.image - WARNING - Clipping input data to the valid range for imshow with RGB data ([0..1] for floats or [0..255] for integers). Got range [-1.5455182..2.64].
2025-05-24 11:48:56,474 - matplotlib.image - WARNING - Clipping input data to the valid range for imshow with RGB data ([0..1] for floats or [0..255] for integers). Got range [-1.5455182..109.056].
2025-05-24 11:48:56,476 - matplotlib.image - WARNING - Clipping input data to the valid range for imshow with RGB data ([0..1] for floats or [0..255] for integers). Got range [-1.5185376..153.89957].
2025-05-24 11:48:56,700 - matplotlib.image - WARNING - Clipping input data to the valid range for imshow with RGB data ([0..1] for floats or [0..255] for integers). Got range [-1.7240347..2.64].
2025-05-24 11:48:56,701 - matplotlib.image - WARNING - Clipping input data to the valid range for imshow with RGB data ([0..1] for floats or [0..255] for integers). Got range [-1.7240347..109.056].
2025-05-24 11:48:56,703 - matplotlib.image - WARNING - Clipping input data to the valid range for imshow with RGB data ([0..1] for floats or [0..255] for integers). Got range [-1.6897851..153.89957].
2025-05-24 11:48:56,843 - matplotlib.image - WARNING - Clipping input data to the valid range for imshow with RGB data ([0..1] for floats or [0..255] for integers). Got range [-1.5980392..2.64].
2025-05-24 11:48:56,844 - matplotlib.image - WARNING - Clipping input data to the valid range for imshow with RGB data ([0..1] for floats or [0..255] for integers). Got range [-1.5980392..109.056].
2025-05-24 11:48:56,847 - matplotlib.image - WARNING - Clipping input data to the valid range for imshow with RGB data ([0..1] for floats or [0..255] for integers). Got range [-1.4842881..153.89957].
2025-05-24 11:48:57,181 - matplotlib.image - WARNING - Clipping input data to the valid range for imshow with RGB data ([0..1] for floats or [0..255] for integers). Got range [-1.7069099..2.64].
2025-05-24 11:48:57,182 - matplotlib.image - WARNING - Clipping input data to the valid range for imshow with RGB data ([0..1] for floats or [0..255] for integers). Got range [-1.7069099..109.056].
2025-05-24 11:48:57,184 - matplotlib.image - WARNING - Clipping input data to the valid range for imshow with RGB data ([0..1] for floats or [0..255] for integers). Got range [-1.7069099..153.89957].
2025-05-24 11:48:57,314 - matplotlib.image - WARNING - Clipping input data to the valid range for imshow with RGB data ([0..1] for floats or [0..255] for integers). Got range [-1.6384109..2.64].
2025-05-24 11:48:57,315 - matplotlib.image - WARNING - Clipping input data to the valid range for imshow with RGB data ([0..1] for floats or [0..255] for integers). Got range [-1.6384109..109.056].
2025-05-24 11:48:57,317 - matplotlib.image - WARNING - Clipping input data to the valid range for imshow with RGB data ([0..1] for floats or [0..255] for integers). Got range [-1.6384109..153.89957].
2025-05-24 11:48:57,540 - matplotlib.image - WARNING - Clipping input data to the valid range for imshow with RGB data ([0..1] for floats or [0..255] for integers). Got range [-1.7754089..2.64].
2025-05-24 11:48:57,541 - matplotlib.image - WARNING - Clipping input data to the valid range for imshow with RGB data ([0..1] for floats or [0..255] for integers). Got range [-1.7754089..109.056].
2025-05-24 11:48:57,543 - matplotlib.image - WARNING - Clipping input data to the valid range for imshow with RGB data ([0..1] for floats or [0..255] for integers). Got range [-1.7754089..153.89957].
2025-05-24 11:48:57,676 - matplotlib.image - WARNING - Clipping input data to the valid range for imshow with RGB data ([0..1] for floats or [0..255] for integers). Got range [-1.7380952..2.64].
2025-05-24 11:48:57,677 - matplotlib.image - WARNING - Clipping input data to the valid range for imshow with RGB data ([0..1] for floats or [0..255] for integers). Got range [-1.7205882..109.056].
2025-05-24 11:48:57,679 - matplotlib.image - WARNING - Clipping input data to the valid range for imshow with RGB data ([0..1] for floats or [0..255] for integers). Got range [-1.6726604..153.89957].
2025-05-24 11:48:57,911 - matplotlib.image - WARNING - Clipping input data to the valid range for imshow with RGB data ([0..1] for floats or [0..255] for integers). Got range [-2.0836544..2.2216995].
2025-05-24 11:48:57,912 - matplotlib.image - WARNING - Clipping input data to the valid range for imshow with RGB data ([0..1] for floats or [0..255] for integers). Got range [-2.0836544..108.83291].
2025-05-24 11:48:57,913 - matplotlib.image - WARNING - Clipping input data to the valid range for imshow with RGB data ([0..1] for floats or [0..255] for integers). Got range [-2.0836544..108.714386].
2025-05-24 11:48:58,026 - matplotlib.image - WARNING - Clipping input data to the valid range for imshow with RGB data ([0..1] for floats or [0..255] for integers). Got range [-2.0494049..2.3088455].
2025-05-24 11:48:58,027 - matplotlib.image - WARNING - Clipping input data to the valid range for imshow with RGB data ([0..1] for floats or [0..255] for integers). Got range [-2.0494049..108.87473].
2025-05-24 11:48:58,029 - matplotlib.image - WARNING - Clipping input data to the valid range for imshow with RGB data ([0..1] for floats or [0..255] for integers). Got range [-2.0494049..108.602844].
2025-05-24 11:48:58,233 - matplotlib.image - WARNING - Clipping input data to the valid range for imshow with RGB data ([0..1] for floats or [0..255] for integers). Got range [-2.0665298..2.2739873].
2025-05-24 11:48:58,234 - matplotlib.image - WARNING - Clipping input data to the valid range for imshow with RGB data ([0..1] for floats or [0..255] for integers). Got range [-2.0665298..108.77713].
2025-05-24 11:48:58,237 - matplotlib.image - WARNING - Clipping input data to the valid range for imshow with RGB data ([0..1] for floats or [0..255] for integers). Got range [-2.0665298..108.6377].
2025-05-24 11:48:58,351 - matplotlib.image - WARNING - Clipping input data to the valid range for imshow with RGB data ([0..1] for floats or [0..255] for integers). Got range [-2.0151556..2.169412].
2025-05-24 11:48:58,352 - matplotlib.image - WARNING - Clipping input data to the valid range for imshow with RGB data ([0..1] for floats or [0..255] for integers). Got range [-2.0151556..108.7841].
2025-05-24 11:48:58,354 - matplotlib.image - WARNING - Clipping input data to the valid range for imshow with RGB data ([0..1] for floats or [0..255] for integers). Got range [-2.0151556..108.658615].
2025-05-24 11:48:58,568 - matplotlib.image - WARNING - Clipping input data to the valid range for imshow with RGB data ([0..1] for floats or [0..255] for integers). Got range [-2.0665298..2.0474076].
2025-05-24 11:48:58,569 - matplotlib.image - WARNING - Clipping input data to the valid range for imshow with RGB data ([0..1] for floats or [0..255] for integers). Got range [-2.0665298..108.59587].
2025-05-24 11:48:58,570 - matplotlib.image - WARNING - Clipping input data to the valid range for imshow with RGB data ([0..1] for floats or [0..255] for integers). Got range [-2.0665298..108.6865].
2025-05-24 11:48:58,693 - matplotlib.image - WARNING - Clipping input data to the valid range for imshow with RGB data ([0..1] for floats or [0..255] for integers). Got range [-2.117904..1.9254032].
2025-05-24 11:48:58,694 - matplotlib.image - WARNING - Clipping input data to the valid range for imshow with RGB data ([0..1] for floats or [0..255] for integers). Got range [-2.0494049..108.770164].
2025-05-24 11:48:58,695 - matplotlib.image - WARNING - Clipping input data to the valid range for imshow with RGB data ([0..1] for floats or [0..255] for integers). Got range [-2.117904..108.63073].
2025-05-24 11:48:58,928 - matplotlib.image - WARNING - Clipping input data to the valid range for imshow with RGB data ([0..1] for floats or [0..255] for integers). Got range [-2.117904..2.1309524].
2025-05-24 11:48:58,930 - matplotlib.image - WARNING - Clipping input data to the valid range for imshow with RGB data ([0..1] for floats or [0..255] for integers). Got range [-2.117904..108.46341].
2025-05-24 11:48:58,931 - matplotlib.image - WARNING - Clipping input data to the valid range for imshow with RGB data ([0..1] for floats or [0..255] for integers). Got range [-2.117904..108.57495].
2025-05-24 11:48:59,150 - matplotlib.image - WARNING - Clipping input data to the valid range for imshow with RGB data ([0..1] for floats or [0..255] for integers). Got range [-2.117904..2.1659663].
2025-05-24 11:48:59,151 - matplotlib.image - WARNING - Clipping input data to the valid range for imshow with RGB data ([0..1] for floats or [0..255] for integers). Got range [-2.117904..108.48432].
2025-05-24 11:48:59,153 - matplotlib.image - WARNING - Clipping input data to the valid range for imshow with RGB data ([0..1] for floats or [0..255] for integers). Got range [-2.117904..108.61678].
2025-05-24 11:48:59,357 - matplotlib.image - WARNING - Clipping input data to the valid range for imshow with RGB data ([0..1] for floats or [0..255] for integers). Got range [-2.117904..2.2914162].
2025-05-24 11:48:59,359 - matplotlib.image - WARNING - Clipping input data to the valid range for imshow with RGB data ([0..1] for floats or [0..255] for integers). Got range [-2.1007793..108.672554].
2025-05-24 11:48:59,361 - matplotlib.image - WARNING - Clipping input data to the valid range for imshow with RGB data ([0..1] for floats or [0..255] for integers). Got range [-2.117904..108.547066].
2025-05-24 11:48:59,475 - matplotlib.image - WARNING - Clipping input data to the valid range for imshow with RGB data ([0..1] for floats or [0..255] for integers). Got range [-2.117904..2.3959913].
2025-05-24 11:48:59,476 - matplotlib.image - WARNING - Clipping input data to the valid range for imshow with RGB data ([0..1] for floats or [0..255] for integers). Got range [-2.117904..108.70045].
2025-05-24 11:48:59,477 - matplotlib.image - WARNING - Clipping input data to the valid range for imshow with RGB data ([0..1] for floats or [0..255] for integers). Got range [-2.117904..108.54009].
2025-05-24 11:48:59,683 - matplotlib.image - WARNING - Clipping input data to the valid range for imshow with RGB data ([0..1] for floats or [0..255] for integers). Got range [-2.0151556..2.64].
2025-05-24 11:48:59,684 - matplotlib.image - WARNING - Clipping input data to the valid range for imshow with RGB data ([0..1] for floats or [0..255] for integers). Got range [-2.0151556..109.056].
2025-05-24 11:48:59,686 - matplotlib.image - WARNING - Clipping input data to the valid range for imshow with RGB data ([0..1] for floats or [0..255] for integers). Got range [-2.0151556..153.87901].
2025-05-24 11:48:59,822 - matplotlib.image - WARNING - Clipping input data to the valid range for imshow with RGB data ([0..1] for floats or [0..255] for integers). Got range [-2.0322802..2.64].
2025-05-24 11:48:59,823 - matplotlib.image - WARNING - Clipping input data to the valid range for imshow with RGB data ([0..1] for floats or [0..255] for integers). Got range [-2.0322802..109.056].
2025-05-24 11:48:59,826 - matplotlib.image - WARNING - Clipping input data to the valid range for imshow with RGB data ([0..1] for floats or [0..255] for integers). Got range [-2.0322802..153.83792].
2025-05-24 11:49:00,044 - matplotlib.image - WARNING - Clipping input data to the valid range for imshow with RGB data ([0..1] for floats or [0..255] for integers). Got range [-2.0322802..2.64].
2025-05-24 11:49:00,045 - matplotlib.image - WARNING - Clipping input data to the valid range for imshow with RGB data ([0..1] for floats or [0..255] for integers). Got range [-2.0322802..109.056].
2025-05-24 11:49:00,047 - matplotlib.image - WARNING - Clipping input data to the valid range for imshow with RGB data ([0..1] for floats or [0..255] for integers). Got range [-2.0322802..153.86531].
2025-05-24 11:49:00,178 - matplotlib.image - WARNING - Clipping input data to the valid range for imshow with RGB data ([0..1] for floats or [0..255] for integers). Got range [-2.0151556..2.64].
2025-05-24 11:49:00,179 - matplotlib.image - WARNING - Clipping input data to the valid range for imshow with RGB data ([0..1] for floats or [0..255] for integers). Got range [-2.0151556..109.056].
2025-05-24 11:49:00,181 - matplotlib.image - WARNING - Clipping input data to the valid range for imshow with RGB data ([0..1] for floats or [0..255] for integers). Got range [-2.0151556..153.87216].
2025-05-24 11:49:00,426 - matplotlib.image - WARNING - Clipping input data to the valid range for imshow with RGB data ([0..1] for floats or [0..255] for integers). Got range [-2.0665298..2.64].
2025-05-24 11:49:00,427 - matplotlib.image - WARNING - Clipping input data to the valid range for imshow with RGB data ([0..1] for floats or [0..255] for integers). Got range [-2.0665298..109.056].
2025-05-24 11:49:00,429 - matplotlib.image - WARNING - Clipping input data to the valid range for imshow with RGB data ([0..1] for floats or [0..255] for integers). Got range [-2.0665298..153.70776].
2025-05-24 11:49:00,570 - matplotlib.image - WARNING - Clipping input data to the valid range for imshow with RGB data ([0..1] for floats or [0..255] for integers). Got range [-2.0322802..2.64].
2025-05-24 11:49:00,571 - matplotlib.image - WARNING - Clipping input data to the valid range for imshow with RGB data ([0..1] for floats or [0..255] for integers). Got range [-2.0322802..109.056].
2025-05-24 11:49:00,573 - matplotlib.image - WARNING - Clipping input data to the valid range for imshow with RGB data ([0..1] for floats or [0..255] for integers). Got range [-2.0151556..153.61186].
2025-05-24 11:49:00,803 - matplotlib.image - WARNING - Clipping input data to the valid range for imshow with RGB data ([0..1] for floats or [0..255] for integers). Got range [-2.117904..2.64].
2025-05-24 11:49:00,804 - matplotlib.image - WARNING - Clipping input data to the valid range for imshow with RGB data ([0..1] for floats or [0..255] for integers). Got range [-2.117904..109.056].
2025-05-24 11:49:00,806 - matplotlib.image - WARNING - Clipping input data to the valid range for imshow with RGB data ([0..1] for floats or [0..255] for integers). Got range [-2.117904..153.84476].
2025-05-24 11:49:00,945 - matplotlib.image - WARNING - Clipping input data to the valid range for imshow with RGB data ([0..1] for floats or [0..255] for integers). Got range [-2.0322802..2.64].
2025-05-24 11:49:00,946 - matplotlib.image - WARNING - Clipping input data to the valid range for imshow with RGB data ([0..1] for floats or [0..255] for integers). Got range [-2.0322802..109.056].
2025-05-24 11:49:00,948 - matplotlib.image - WARNING - Clipping input data to the valid range for imshow with RGB data ([0..1] for floats or [0..255] for integers). Got range [-2.0322802..153.85161].
2025-05-24 11:49:01,289 - matplotlib.image - WARNING - Clipping input data to the valid range for imshow with RGB data ([0..1] for floats or [0..255] for integers). Got range [-2.0836544..2.64].
2025-05-24 11:49:01,290 - matplotlib.image - WARNING - Clipping input data to the valid range for imshow with RGB data ([0..1] for floats or [0..255] for integers). Got range [-2.0836544..109.056].
2025-05-24 11:49:01,292 - matplotlib.image - WARNING - Clipping input data to the valid range for imshow with RGB data ([0..1] for floats or [0..255] for integers). Got range [-2.0836544..153.64612].
2025-05-24 11:49:01,427 - matplotlib.image - WARNING - Clipping input data to the valid range for imshow with RGB data ([0..1] for floats or [0..255] for integers). Got range [-2.0665298..2.64].
2025-05-24 11:49:01,428 - matplotlib.image - WARNING - Clipping input data to the valid range for imshow with RGB data ([0..1] for floats or [0..255] for integers). Got range [-2.0665298..109.056].
2025-05-24 11:49:01,429 - matplotlib.image - WARNING - Clipping input data to the valid range for imshow with RGB data ([0..1] for floats or [0..255] for integers). Got range [-2.0665298..153.59132].
2025-05-24 11:49:01,648 - matplotlib.image - WARNING - Clipping input data to the valid range for imshow with RGB data ([0..1] for floats or [0..255] for integers). Got range [-2.0322802..2.5702832].
2025-05-24 11:49:01,649 - matplotlib.image - WARNING - Clipping input data to the valid range for imshow with RGB data ([0..1] for floats or [0..255] for integers). Got range [-2.0151556..108.90959].
2025-05-24 11:49:01,650 - matplotlib.image - WARNING - Clipping input data to the valid range for imshow with RGB data ([0..1] for floats or [0..255] for integers). Got range [-2.0322802..140.22812].
2025-05-24 11:49:01,769 - matplotlib.image - WARNING - Clipping input data to the valid range for imshow with RGB data ([0..1] for floats or [0..255] for integers). Got range [-2.0494049..2.465708].
2025-05-24 11:49:01,771 - matplotlib.image - WARNING - Clipping input data to the valid range for imshow with RGB data ([0..1] for floats or [0..255] for integers). Got range [-2.0494049..108.90959].
2025-05-24 11:49:01,772 - matplotlib.image - WARNING - Clipping input data to the valid range for imshow with RGB data ([0..1] for floats or [0..255] for integers). Got range [-2.0494049..140.18628].
2025-05-24 11:49:01,987 - matplotlib.image - WARNING - Clipping input data to the valid range for imshow with RGB data ([0..1] for floats or [0..255] for integers). Got range [-2.0494049..2.465708].
2025-05-24 11:49:01,989 - matplotlib.image - WARNING - Clipping input data to the valid range for imshow with RGB data ([0..1] for floats or [0..255] for integers). Got range [-2.0494049..108.93051].
2025-05-24 11:49:01,990 - matplotlib.image - WARNING - Clipping input data to the valid range for imshow with RGB data ([0..1] for floats or [0..255] for integers). Got range [-2.0494049..140.18628].
2025-05-24 11:49:02,110 - matplotlib.image - WARNING - Clipping input data to the valid range for imshow with RGB data ([0..1] for floats or [0..255] for integers). Got range [-2.0494049..2.4482791].
2025-05-24 11:49:02,111 - matplotlib.image - WARNING - Clipping input data to the valid range for imshow with RGB data ([0..1] for floats or [0..255] for integers). Got range [-2.0494049..108.97234].
2025-05-24 11:49:02,113 - matplotlib.image - WARNING - Clipping input data to the valid range for imshow with RGB data ([0..1] for floats or [0..255] for integers). Got range [-2.0494049..140.1793].
2025-05-24 11:49:02,318 - matplotlib.image - WARNING - Clipping input data to the valid range for imshow with RGB data ([0..1] for floats or [0..255] for integers). Got range [-2.0494049..2.3959913].
2025-05-24 11:49:02,319 - matplotlib.image - WARNING - Clipping input data to the valid range for imshow with RGB data ([0..1] for floats or [0..255] for integers). Got range [-2.0322802..108.902626].
2025-05-24 11:49:02,320 - matplotlib.image - WARNING - Clipping input data to the valid range for imshow with RGB data ([0..1] for floats or [0..255] for integers). Got range [-2.0494049..140.09566].
2025-05-24 11:49:02,443 - matplotlib.image - WARNING - Clipping input data to the valid range for imshow with RGB data ([0..1] for floats or [0..255] for integers). Got range [-2.0322802..2.3088455].
2025-05-24 11:49:02,444 - matplotlib.image - WARNING - Clipping input data to the valid range for imshow with RGB data ([0..1] for floats or [0..255] for integers). Got range [-2.0151556..108.902626].
2025-05-24 11:49:02,446 - matplotlib.image - WARNING - Clipping input data to the valid range for imshow with RGB data ([0..1] for floats or [0..255] for integers). Got range [-2.0322802..140.08171].
2025-05-24 11:49:02,650 - matplotlib.image - WARNING - Clipping input data to the valid range for imshow with RGB data ([0..1] for floats or [0..255] for integers). Got range [-2.0494049..2.343704].
2025-05-24 11:49:02,651 - matplotlib.image - WARNING - Clipping input data to the valid range for imshow with RGB data ([0..1] for floats or [0..255] for integers). Got range [-2.0494049..108.88868].
2025-05-24 11:49:02,652 - matplotlib.image - WARNING - Clipping input data to the valid range for imshow with RGB data ([0..1] for floats or [0..255] for integers). Got range [-2.0494049..139.99805].
2025-05-24 11:49:02,773 - matplotlib.image - WARNING - Clipping input data to the valid range for imshow with RGB data ([0..1] for floats or [0..255] for integers). Got range [-2.0494049..2.343704].
2025-05-24 11:49:02,774 - matplotlib.image - WARNING - Clipping input data to the valid range for imshow with RGB data ([0..1] for floats or [0..255] for integers). Got range [-2.0494049..108.88868].
2025-05-24 11:49:02,776 - matplotlib.image - WARNING - Clipping input data to the valid range for imshow with RGB data ([0..1] for floats or [0..255] for integers). Got range [-2.0494049..140.03291].
2025-05-24 11:49:02,974 - matplotlib.image - WARNING - Clipping input data to the valid range for imshow with RGB data ([0..1] for floats or [0..255] for integers). Got range [-2.0494049..2.343704].
2025-05-24 11:49:02,976 - matplotlib.image - WARNING - Clipping input data to the valid range for imshow with RGB data ([0..1] for floats or [0..255] for integers). Got range [-2.0494049..108.85382].
2025-05-24 11:49:03,073 - matplotlib.image - WARNING - Clipping input data to the valid range for imshow with RGB data ([0..1] for floats or [0..255] for integers). Got range [-2.0494049..140.08171].
2025-05-24 11:49:03,195 - matplotlib.image - WARNING - Clipping input data to the valid range for imshow with RGB data ([0..1] for floats or [0..255] for integers). Got range [-2.0322802..2.2914162].
2025-05-24 11:49:03,196 - matplotlib.image - WARNING - Clipping input data to the valid range for imshow with RGB data ([0..1] for floats or [0..255] for integers). Got range [-2.0322802..108.87473].
2025-05-24 11:49:03,198 - matplotlib.image - WARNING - Clipping input data to the valid range for imshow with RGB data ([0..1] for floats or [0..255] for integers). Got range [-2.0322802..140.012].
2025-05-24 11:49:03,402 - matplotlib.image - WARNING - Clipping input data to the valid range for imshow with RGB data ([0..1] for floats or [0..255] for integers). Got range [-2.0494049..2.5005665].
2025-05-24 11:49:03,404 - matplotlib.image - WARNING - Clipping input data to the valid range for imshow with RGB data ([0..1] for floats or [0..255] for integers). Got range [-2.0494049..108.85382].
2025-05-24 11:49:03,406 - matplotlib.image - WARNING - Clipping input data to the valid range for imshow with RGB data ([0..1] for floats or [0..255] for integers). Got range [-2.0494049..140.20023].
2025-05-24 11:49:03,538 - matplotlib.image - WARNING - Clipping input data to the valid range for imshow with RGB data ([0..1] for floats or [0..255] for integers). Got range [-2.0494049..2.2914162].
2025-05-24 11:49:03,539 - matplotlib.image - WARNING - Clipping input data to the valid range for imshow with RGB data ([0..1] for floats or [0..255] for integers). Got range [-2.0494049..108.916565].
2025-05-24 11:49:03,540 - matplotlib.image - WARNING - Clipping input data to the valid range for imshow with RGB data ([0..1] for floats or [0..255] for integers). Got range [-2.0494049..140.06776].
2025-05-24 11:49:03,749 - matplotlib.image - WARNING - Clipping input data to the valid range for imshow with RGB data ([0..1] for floats or [0..255] for integers). Got range [-2.0322802..2.3785625].
2025-05-24 11:49:03,750 - matplotlib.image - WARNING - Clipping input data to the valid range for imshow with RGB data ([0..1] for floats or [0..255] for integers). Got range [-2.0151556..108.95142].
2025-05-24 11:49:03,752 - matplotlib.image - WARNING - Clipping input data to the valid range for imshow with RGB data ([0..1] for floats or [0..255] for integers). Got range [-2.0322802..140.15143].
2025-05-24 11:49:03,876 - matplotlib.image - WARNING - Clipping input data to the valid range for imshow with RGB data ([0..1] for floats or [0..255] for integers). Got range [-2.0494049..2.465708].
2025-05-24 11:49:03,877 - matplotlib.image - WARNING - Clipping input data to the valid range for imshow with RGB data ([0..1] for floats or [0..255] for integers). Got range [-2.0322802..108.98628].
2025-05-24 11:49:03,879 - matplotlib.image - WARNING - Clipping input data to the valid range for imshow with RGB data ([0..1] for floats or [0..255] for integers). Got range [-2.0494049..140.18628].
2025-05-24 11:49:04,095 - matplotlib.image - WARNING - Clipping input data to the valid range for imshow with RGB data ([0..1] for floats or [0..255] for integers). Got range [-2.0836544..2.343704].
2025-05-24 11:49:04,096 - matplotlib.image - WARNING - Clipping input data to the valid range for imshow with RGB data ([0..1] for floats or [0..255] for integers). Got range [-2.0836544..108.92354].
2025-05-24 11:49:04,098 - matplotlib.image - WARNING - Clipping input data to the valid range for imshow with RGB data ([0..1] for floats or [0..255] for integers). Got range [-2.0665298..140.13748].
2025-05-24 11:49:04,224 - matplotlib.image - WARNING - Clipping input data to the valid range for imshow with RGB data ([0..1] for floats or [0..255] for integers). Got range [-2.117904..2.4482791].
2025-05-24 11:49:04,225 - matplotlib.image - WARNING - Clipping input data to the valid range for imshow with RGB data ([0..1] for floats or [0..255] for integers). Got range [-2.117904..108.916565].
2025-05-24 11:49:04,226 - matplotlib.image - WARNING - Clipping input data to the valid range for imshow with RGB data ([0..1] for floats or [0..255] for integers). Got range [-2.117904..140.1793].
2025-05-24 11:49:04,451 - matplotlib.image - WARNING - Clipping input data to the valid range for imshow with RGB data ([0..1] for floats or [0..255] for integers). Got range [-1.9980307..2.3088455].
2025-05-24 11:49:04,452 - matplotlib.image - WARNING - Clipping input data to the valid range for imshow with RGB data ([0..1] for floats or [0..255] for integers). Got range [-1.9980307..108.92354].
2025-05-24 11:49:04,453 - matplotlib.image - WARNING - Clipping input data to the valid range for imshow with RGB data ([0..1] for floats or [0..255] for integers). Got range [-1.843908..139.9632].
2025-05-24 11:49:04,574 - matplotlib.image - WARNING - Clipping input data to the valid range for imshow with RGB data ([0..1] for floats or [0..255] for integers). Got range [-2.0494049..2.3262744].
2025-05-24 11:49:04,575 - matplotlib.image - WARNING - Clipping input data to the valid range for imshow with RGB data ([0..1] for floats or [0..255] for integers). Got range [-2.0494049..108.93051].
2025-05-24 11:49:04,577 - matplotlib.image - WARNING - Clipping input data to the valid range for imshow with RGB data ([0..1] for floats or [0..255] for integers). Got range [-1.7582842..139.95622].
2025-05-24 11:49:04,800 - matplotlib.image - WARNING - Clipping input data to the valid range for imshow with RGB data ([0..1] for floats or [0..255] for integers). Got range [-2.117904..2.5877128].
2025-05-24 11:49:04,801 - matplotlib.image - WARNING - Clipping input data to the valid range for imshow with RGB data ([0..1] for floats or [0..255] for integers). Got range [-2.117904..108.98628].
2025-05-24 11:49:04,803 - matplotlib.image - WARNING - Clipping input data to the valid range for imshow with RGB data ([0..1] for floats or [0..255] for integers). Got range [-2.0151556..140.06776].
2025-05-24 11:49:04,936 - matplotlib.image - WARNING - Clipping input data to the valid range for imshow with RGB data ([0..1] for floats or [0..255] for integers). Got range [-2.0836544..2.6051416].
2025-05-24 11:49:04,937 - matplotlib.image - WARNING - Clipping input data to the valid range for imshow with RGB data ([0..1] for floats or [0..255] for integers). Got range [-2.0836544..109.03509].
2025-05-24 11:49:04,938 - matplotlib.image - WARNING - Clipping input data to the valid range for imshow with RGB data ([0..1] for floats or [0..255] for integers). Got range [-1.7754089..140.24205].
2025-05-24 11:49:05,256 - matplotlib.image - WARNING - Clipping input data to the valid range for imshow with RGB data ([0..1] for floats or [0..255] for integers). Got range [-1.9980307..2.64].
2025-05-24 11:49:05,257 - matplotlib.image - WARNING - Clipping input data to the valid range for imshow with RGB data ([0..1] for floats or [0..255] for integers). Got range [-1.980906..109.056].
2025-05-24 11:49:05,258 - matplotlib.image - WARNING - Clipping input data to the valid range for imshow with RGB data ([0..1] for floats or [0..255] for integers). Got range [-1.6555357..140.11656].
2025-05-24 11:49:05,381 - matplotlib.image - WARNING - Clipping input data to the valid range for imshow with RGB data ([0..1] for floats or [0..255] for integers). Got range [-2.0665298..2.64].
2025-05-24 11:49:05,382 - matplotlib.image - WARNING - Clipping input data to the valid range for imshow with RGB data ([0..1] for floats or [0..255] for integers). Got range [-1.9124069..109.04903].
2025-05-24 11:49:05,384 - matplotlib.image - WARNING - Clipping input data to the valid range for imshow with RGB data ([0..1] for floats or [0..255] for integers). Got range [-1.370448..140.06776].
2025-05-24 11:49:05,578 - matplotlib.image - WARNING - Clipping input data to the valid range for imshow with RGB data ([0..1] for floats or [0..255] for integers). Got range [-1.9124069..2.4134207].
2025-05-24 11:49:05,580 - matplotlib.image - WARNING - Clipping input data to the valid range for imshow with RGB data ([0..1] for floats or [0..255] for integers). Got range [-1.8267832..108.95142].
2025-05-24 11:49:05,581 - matplotlib.image - WARNING - Clipping input data to the valid range for imshow with RGB data ([0..1] for floats or [0..255] for integers). Got range [-1.6155462..139.47517].
2025-05-24 11:49:05,713 - matplotlib.image - WARNING - Clipping input data to the valid range for imshow with RGB data ([0..1] for floats or [0..255] for integers). Got range [-1.8781574..2.4134207].
2025-05-24 11:49:05,714 - matplotlib.image - WARNING - Clipping input data to the valid range for imshow with RGB data ([0..1] for floats or [0..255] for integers). Got range [-1.8081232..108.95142].
2025-05-24 11:49:05,716 - matplotlib.image - WARNING - Clipping input data to the valid range for imshow with RGB data ([0..1] for floats or [0..255] for integers). Got range [-1.5356624..139.46123].
2025-05-24 11:49:05,929 - matplotlib.image - WARNING - Clipping input data to the valid range for imshow with RGB data ([0..1] for floats or [0..255] for integers). Got range [-1.9295317..2.5877128].
2025-05-24 11:49:05,930 - matplotlib.image - WARNING - Clipping input data to the valid range for imshow with RGB data ([0..1] for floats or [0..255] for integers). Got range [-1.8781574..108.98628].
2025-05-24 11:49:05,931 - matplotlib.image - WARNING - Clipping input data to the valid range for imshow with RGB data ([0..1] for floats or [0..255] for integers). Got range [-1.7925336..153.78311].
2025-05-24 11:49:06,093 - matplotlib.image - WARNING - Clipping input data to the valid range for imshow with RGB data ([0..1] for floats or [0..255] for integers). Got range [-1.8781574..2.622571].
2025-05-24 11:49:06,094 - matplotlib.image - WARNING - Clipping input data to the valid range for imshow with RGB data ([0..1] for floats or [0..255] for integers). Got range [-1.8781574..108.98628].
2025-05-24 11:49:06,096 - matplotlib.image - WARNING - Clipping input data to the valid range for imshow with RGB data ([0..1] for floats or [0..255] for integers). Got range [-1.5527872..153.63242].
2025-05-24 11:49:06,335 - matplotlib.image - WARNING - Clipping input data to the valid range for imshow with RGB data ([0..1] for floats or [0..255] for integers). Got range [-1.9124069..2.5877128].
2025-05-24 11:49:06,336 - matplotlib.image - WARNING - Clipping input data to the valid range for imshow with RGB data ([0..1] for floats or [0..255] for integers). Got range [-1.9124069..108.993256].
2025-05-24 11:49:06,337 - matplotlib.image - WARNING - Clipping input data to the valid range for imshow with RGB data ([0..1] for floats or [0..255] for integers). Got range [-1.7754089..153.83792].
2025-05-24 11:49:06,503 - matplotlib.image - WARNING - Clipping input data to the valid range for imshow with RGB data ([0..1] for floats or [0..255] for integers). Got range [-1.9466565..2.5702832].
2025-05-24 11:49:06,504 - matplotlib.image - WARNING - Clipping input data to the valid range for imshow with RGB data ([0..1] for floats or [0..255] for integers). Got range [-1.9466565..109.028114].
2025-05-24 11:49:06,506 - matplotlib.image - WARNING - Clipping input data to the valid range for imshow with RGB data ([0..1] for floats or [0..255] for integers). Got range [-1.7240347..153.75572].
2025-05-24 11:49:06,782 - matplotlib.image - WARNING - Clipping input data to the valid range for imshow with RGB data ([0..1] for floats or [0..255] for integers). Got range [-1.9831933..2.5005665].
2025-05-24 11:49:06,783 - matplotlib.image - WARNING - Clipping input data to the valid range for imshow with RGB data ([0..1] for floats or [0..255] for integers). Got range [-1.980906..108.96537].
2025-05-24 11:49:06,785 - matplotlib.image - WARNING - Clipping input data to the valid range for imshow with RGB data ([0..1] for floats or [0..255] for integers). Got range [-1.980906..153.66667].
2025-05-24 11:49:06,953 - matplotlib.image - WARNING - Clipping input data to the valid range for imshow with RGB data ([0..1] for floats or [0..255] for integers). Got range [-1.8781574..2.5179958].
2025-05-24 11:49:06,954 - matplotlib.image - WARNING - Clipping input data to the valid range for imshow with RGB data ([0..1] for floats or [0..255] for integers). Got range [-1.843908..108.9584].
2025-05-24 11:49:06,956 - matplotlib.image - WARNING - Clipping input data to the valid range for imshow with RGB data ([0..1] for floats or [0..255] for integers). Got range [-1.5699118..153.63242].
2025-05-24 11:49:07,211 - matplotlib.image - WARNING - Clipping input data to the valid range for imshow with RGB data ([0..1] for floats or [0..255] for integers). Got range [-1.8952821..2.6051416].
2025-05-24 11:49:07,212 - matplotlib.image - WARNING - Clipping input data to the valid range for imshow with RGB data ([0..1] for floats or [0..255] for integers). Got range [-1.8096584..109.04205].
2025-05-24 11:49:07,214 - matplotlib.image - WARNING - Clipping input data to the valid range for imshow with RGB data ([0..1] for floats or [0..255] for integers). Got range [-1.7411594..153.70091].
2025-05-24 11:49:07,483 - matplotlib.image - WARNING - Clipping input data to the valid range for imshow with RGB data ([0..1] for floats or [0..255] for integers). Got range [-1.9295317..2.5877128].
2025-05-24 11:49:07,484 - matplotlib.image - WARNING - Clipping input data to the valid range for imshow with RGB data ([0..1] for floats or [0..255] for integers). Got range [-1.8096584..109.01417].
2025-05-24 11:49:07,486 - matplotlib.image - WARNING - Clipping input data to the valid range for imshow with RGB data ([0..1] for floats or [0..255] for integers). Got range [-1.7240347..153.65297].
2025-05-24 11:49:07,740 - matplotlib.image - WARNING - Clipping input data to the valid range for imshow with RGB data ([0..1] for floats or [0..255] for integers). Got range [-1.9295317..2.622571].
2025-05-24 11:49:07,741 - matplotlib.image - WARNING - Clipping input data to the valid range for imshow with RGB data ([0..1] for floats or [0..255] for integers). Got range [-1.7754089..109.00023].
2025-05-24 11:49:07,742 - matplotlib.image - WARNING - Clipping input data to the valid range for imshow with RGB data ([0..1] for floats or [0..255] for integers). Got range [-1.7582842..153.81052].
2025-05-24 11:49:07,907 - matplotlib.image - WARNING - Clipping input data to the valid range for imshow with RGB data ([0..1] for floats or [0..255] for integers). Got range [-1.8952821..2.622571].
2025-05-24 11:49:07,908 - matplotlib.image - WARNING - Clipping input data to the valid range for imshow with RGB data ([0..1] for floats or [0..255] for integers). Got range [-1.8781574..109.04903].
2025-05-24 11:49:07,910 - matplotlib.image - WARNING - Clipping input data to the valid range for imshow with RGB data ([0..1] for floats or [0..255] for integers). Got range [-1.5870366..153.57077].
2025-05-24 11:49:08,163 - matplotlib.image - WARNING - Clipping input data to the valid range for imshow with RGB data ([0..1] for floats or [0..255] for integers). Got range [-1.9295317..2.6051416].
2025-05-24 11:49:08,164 - matplotlib.image - WARNING - Clipping input data to the valid range for imshow with RGB data ([0..1] for floats or [0..255] for integers). Got range [-1.8610327..109.04205].
2025-05-24 11:49:08,166 - matplotlib.image - WARNING - Clipping input data to the valid range for imshow with RGB data ([0..1] for floats or [0..255] for integers). Got range [-1.5455182..153.87901].
2025-05-24 11:49:08,332 - matplotlib.image - WARNING - Clipping input data to the valid range for imshow with RGB data ([0..1] for floats or [0..255] for integers). Got range [-1.8952821..2.64].
2025-05-24 11:49:08,332 - matplotlib.image - WARNING - Clipping input data to the valid range for imshow with RGB data ([0..1] for floats or [0..255] for integers). Got range [-1.8781574..109.056].
2025-05-24 11:49:08,334 - matplotlib.image - WARNING - Clipping input data to the valid range for imshow with RGB data ([0..1] for floats or [0..255] for integers). Got range [-1.8952821..153.87216].
2025-05-24 11:49:08,588 - matplotlib.image - WARNING - Clipping input data to the valid range for imshow with RGB data ([0..1] for floats or [0..255] for integers). Got range [-1.8781574..2.5702832].
2025-05-24 11:49:08,590 - matplotlib.image - WARNING - Clipping input data to the valid range for imshow with RGB data ([0..1] for floats or [0..255] for integers). Got range [-1.8267832..108.98628].
2025-05-24 11:49:08,591 - matplotlib.image - WARNING - Clipping input data to the valid range for imshow with RGB data ([0..1] for floats or [0..255] for integers). Got range [-1.7069099..153.69406].
2025-05-24 11:49:08,760 - matplotlib.image - WARNING - Clipping input data to the valid range for imshow with RGB data ([0..1] for floats or [0..255] for integers). Got range [-1.8781574..2.6051416].
2025-05-24 11:49:08,761 - matplotlib.image - WARNING - Clipping input data to the valid range for imshow with RGB data ([0..1] for floats or [0..255] for integers). Got range [-1.843908..109.028114].
2025-05-24 11:49:08,763 - matplotlib.image - WARNING - Clipping input data to the valid range for imshow with RGB data ([0..1] for floats or [0..255] for integers). Got range [-1.7582842..153.63927].
2025-05-24 11:49:09,031 - matplotlib.image - WARNING - Clipping input data to the valid range for imshow with RGB data ([0..1] for floats or [0..255] for integers). Got range [-1.8610327..2.3611329].
2025-05-24 11:49:09,032 - matplotlib.image - WARNING - Clipping input data to the valid range for imshow with RGB data ([0..1] for floats or [0..255] for integers). Got range [-1.6897851..108.94445].
2025-05-24 11:49:09,034 - matplotlib.image - WARNING - Clipping input data to the valid range for imshow with RGB data ([0..1] for floats or [0..255] for integers). Got range [-1.5356624..153.61186].
2025-05-24 11:49:09,200 - matplotlib.image - WARNING - Clipping input data to the valid range for imshow with RGB data ([0..1] for floats or [0..255] for integers). Got range [-1.8610327..2.5877128].
2025-05-24 11:49:09,201 - matplotlib.image - WARNING - Clipping input data to the valid range for imshow with RGB data ([0..1] for floats or [0..255] for integers). Got range [-1.8610327..108.9584].
2025-05-24 11:49:09,203 - matplotlib.image - WARNING - Clipping input data to the valid range for imshow with RGB data ([0..1] for floats or [0..255] for integers). Got range [-1.6897851..153.58447].
2025-05-24 11:49:09,471 - matplotlib.image - WARNING - Clipping input data to the valid range for imshow with RGB data ([0..1] for floats or [0..255] for integers). Got range [-1.843908..2.64].
2025-05-24 11:49:09,472 - matplotlib.image - WARNING - Clipping input data to the valid range for imshow with RGB data ([0..1] for floats or [0..255] for integers). Got range [-1.843908..109.056].
2025-05-24 11:49:09,473 - matplotlib.image - WARNING - Clipping input data to the valid range for imshow with RGB data ([0..1] for floats or [0..255] for integers). Got range [-1.7754089..108.735306].
2025-05-24 11:49:09,612 - matplotlib.image - WARNING - Clipping input data to the valid range for imshow with RGB data ([0..1] for floats or [0..255] for integers). Got range [-1.8610327..2.622571].
2025-05-24 11:49:09,613 - matplotlib.image - WARNING - Clipping input data to the valid range for imshow with RGB data ([0..1] for floats or [0..255] for integers). Got range [-1.8610327..108.9584].
2025-05-24 11:49:09,614 - matplotlib.image - WARNING - Clipping input data to the valid range for imshow with RGB data ([0..1] for floats or [0..255] for integers). Got range [-1.7582842..108.72833].
2025-05-24 11:49:09,950 - matplotlib.image - WARNING - Clipping input data to the valid range for imshow with RGB data ([0..1] for floats or [0..255] for integers). Got range [-1.9124069..2.64].
2025-05-24 11:49:09,951 - matplotlib.image - WARNING - Clipping input data to the valid range for imshow with RGB data ([0..1] for floats or [0..255] for integers). Got range [-1.9124069..108.9584].
2025-05-24 11:49:09,953 - matplotlib.image - WARNING - Clipping input data to the valid range for imshow with RGB data ([0..1] for floats or [0..255] for integers). Got range [-1.8610327..108.76319].
2025-05-24 11:49:10,091 - matplotlib.image - WARNING - Clipping input data to the valid range for imshow with RGB data ([0..1] for floats or [0..255] for integers). Got range [-1.9124069..2.64].
2025-05-24 11:49:10,092 - matplotlib.image - WARNING - Clipping input data to the valid range for imshow with RGB data ([0..1] for floats or [0..255] for integers). Got range [-1.9124069..108.9584].
2025-05-24 11:49:10,094 - matplotlib.image - WARNING - Clipping input data to the valid range for imshow with RGB data ([0..1] for floats or [0..255] for integers). Got range [-1.9124069..108.76319].
2025-05-24 11:49:10,318 - matplotlib.image - WARNING - Clipping input data to the valid range for imshow with RGB data ([0..1] for floats or [0..255] for integers). Got range [-1.8096584..2.64].
2025-05-24 11:49:10,319 - matplotlib.image - WARNING - Clipping input data to the valid range for imshow with RGB data ([0..1] for floats or [0..255] for integers). Got range [-1.8081232..109.056].
2025-05-24 11:49:10,321 - matplotlib.image - WARNING - Clipping input data to the valid range for imshow with RGB data ([0..1] for floats or [0..255] for integers). Got range [-1.8096584..108.74227].
2025-05-24 11:49:10,458 - matplotlib.image - WARNING - Clipping input data to the valid range for imshow with RGB data ([0..1] for floats or [0..255] for integers). Got range [-1.7925336..2.64].
2025-05-24 11:49:10,459 - matplotlib.image - WARNING - Clipping input data to the valid range for imshow with RGB data ([0..1] for floats or [0..255] for integers). Got range [-1.7925336..109.056].
2025-05-24 11:49:10,461 - matplotlib.image - WARNING - Clipping input data to the valid range for imshow with RGB data ([0..1] for floats or [0..255] for integers). Got range [-1.7925336..108.749245].
2025-05-24 11:49:10,701 - matplotlib.image - WARNING - Clipping input data to the valid range for imshow with RGB data ([0..1] for floats or [0..255] for integers). Got range [-1.8610327..2.64].
2025-05-24 11:49:10,702 - matplotlib.image - WARNING - Clipping input data to the valid range for imshow with RGB data ([0..1] for floats or [0..255] for integers). Got range [-1.7925336..108.79805].
2025-05-24 11:49:10,703 - matplotlib.image - WARNING - Clipping input data to the valid range for imshow with RGB data ([0..1] for floats or [0..255] for integers). Got range [-1.7925336..108.79805].
2025-05-24 11:49:10,845 - matplotlib.image - WARNING - Clipping input data to the valid range for imshow with RGB data ([0..1] for floats or [0..255] for integers). Got range [-1.8952821..2.622571].
2025-05-24 11:49:10,846 - matplotlib.image - WARNING - Clipping input data to the valid range for imshow with RGB data ([0..1] for floats or [0..255] for integers). Got range [-1.8952821..109.01417].
2025-05-24 11:49:10,848 - matplotlib.image - WARNING - Clipping input data to the valid range for imshow with RGB data ([0..1] for floats or [0..255] for integers). Got range [-1.8096584..108.79108].
2025-05-24 11:49:11,101 - matplotlib.image - WARNING - Clipping input data to the valid range for imshow with RGB data ([0..1] for floats or [0..255] for integers). Got range [-1.9295317..2.5877128].
2025-05-24 11:49:11,102 - matplotlib.image - WARNING - Clipping input data to the valid range for imshow with RGB data ([0..1] for floats or [0..255] for integers). Got range [-1.8781574..108.825935].
2025-05-24 11:49:11,103 - matplotlib.image - WARNING - Clipping input data to the valid range for imshow with RGB data ([0..1] for floats or [0..255] for integers). Got range [-1.8781574..108.76319].
2025-05-24 11:49:11,247 - matplotlib.image - WARNING - Clipping input data to the valid range for imshow with RGB data ([0..1] for floats or [0..255] for integers). Got range [-1.9124069..2.3785625].
2025-05-24 11:49:11,247 - matplotlib.image - WARNING - Clipping input data to the valid range for imshow with RGB data ([0..1] for floats or [0..255] for integers). Got range [-1.9124069..108.916565].
2025-05-24 11:49:11,249 - matplotlib.image - WARNING - Clipping input data to the valid range for imshow with RGB data ([0..1] for floats or [0..255] for integers). Got range [-1.8610327..108.76319].
2025-05-24 11:49:11,491 - matplotlib.image - WARNING - Clipping input data to the valid range for imshow with RGB data ([0..1] for floats or [0..255] for integers). Got range [-1.8781574..2.3088455].
2025-05-24 11:49:11,492 - matplotlib.image - WARNING - Clipping input data to the valid range for imshow with RGB data ([0..1] for floats or [0..255] for integers). Got range [-1.8781574..108.92354].
2025-05-24 11:49:11,493 - matplotlib.image - WARNING - Clipping input data to the valid range for imshow with RGB data ([0..1] for floats or [0..255] for integers). Got range [-1.8781574..108.79805].
2025-05-24 11:49:11,640 - matplotlib.image - WARNING - Clipping input data to the valid range for imshow with RGB data ([0..1] for floats or [0..255] for integers). Got range [-1.8952821..2.4308496].
2025-05-24 11:49:11,641 - matplotlib.image - WARNING - Clipping input data to the valid range for imshow with RGB data ([0..1] for floats or [0..255] for integers). Got range [-1.8952821..108.7841].
2025-05-24 11:49:11,642 - matplotlib.image - WARNING - Clipping input data to the valid range for imshow with RGB data ([0..1] for floats or [0..255] for integers). Got range [-1.8952821..108.6865].
2025-05-24 11:49:11,894 - matplotlib.image - WARNING - Clipping input data to the valid range for imshow with RGB data ([0..1] for floats or [0..255] for integers). Got range [-2.0151556..2.64].
2025-05-24 11:49:11,895 - matplotlib.image - WARNING - Clipping input data to the valid range for imshow with RGB data ([0..1] for floats or [0..255] for integers). Got range [-2.0151556..109.04903].
2025-05-24 11:49:11,897 - matplotlib.image - WARNING - Clipping input data to the valid range for imshow with RGB data ([0..1] for floats or [0..255] for integers). Got range [-1.9466565..108.902626].
2025-05-24 11:49:12,057 - matplotlib.image - WARNING - Clipping input data to the valid range for imshow with RGB data ([0..1] for floats or [0..255] for integers). Got range [-1.9980307..2.64].
2025-05-24 11:49:12,058 - matplotlib.image - WARNING - Clipping input data to the valid range for imshow with RGB data ([0..1] for floats or [0..255] for integers). Got range [-1.9980307..109.04903].
2025-05-24 11:49:12,059 - matplotlib.image - WARNING - Clipping input data to the valid range for imshow with RGB data ([0..1] for floats or [0..255] for integers). Got range [-1.9637812..108.86777].
2025-05-24 11:49:12,403 - matplotlib.image - WARNING - Clipping input data to the valid range for imshow with RGB data ([0..1] for floats or [0..255] for integers). Got range [-1.980906..2.64].
2025-05-24 11:49:12,405 - matplotlib.image - WARNING - Clipping input data to the valid range for imshow with RGB data ([0..1] for floats or [0..255] for integers). Got range [-1.980906..109.056].
2025-05-24 11:49:12,406 - matplotlib.image - WARNING - Clipping input data to the valid range for imshow with RGB data ([0..1] for floats or [0..255] for integers). Got range [-1.980906..108.88171].
2025-05-24 11:49:12,550 - matplotlib.image - WARNING - Clipping input data to the valid range for imshow with RGB data ([0..1] for floats or [0..255] for integers). Got range [-1.9980307..2.64].
2025-05-24 11:49:12,551 - matplotlib.image - WARNING - Clipping input data to the valid range for imshow with RGB data ([0..1] for floats or [0..255] for integers). Got range [-1.9980307..109.056].
2025-05-24 11:49:12,553 - matplotlib.image - WARNING - Clipping input data to the valid range for imshow with RGB data ([0..1] for floats or [0..255] for integers). Got range [-1.980906..108.825935].
2025-05-24 11:49:12,807 - matplotlib.image - WARNING - Clipping input data to the valid range for imshow with RGB data ([0..1] for floats or [0..255] for integers). Got range [-2.0665298..2.64].
2025-05-24 11:49:12,808 - matplotlib.image - WARNING - Clipping input data to the valid range for imshow with RGB data ([0..1] for floats or [0..255] for integers). Got range [-2.0665298..109.04205].
2025-05-24 11:49:12,810 - matplotlib.image - WARNING - Clipping input data to the valid range for imshow with RGB data ([0..1] for floats or [0..255] for integers). Got range [-2.0665298..108.75622].
2025-05-24 11:49:12,953 - matplotlib.image - WARNING - Clipping input data to the valid range for imshow with RGB data ([0..1] for floats or [0..255] for integers). Got range [-2.0151556..2.64].
2025-05-24 11:49:12,954 - matplotlib.image - WARNING - Clipping input data to the valid range for imshow with RGB data ([0..1] for floats or [0..255] for integers). Got range [-2.0151556..109.04205].
2025-05-24 11:49:12,956 - matplotlib.image - WARNING - Clipping input data to the valid range for imshow with RGB data ([0..1] for floats or [0..255] for integers). Got range [-1.9980307..108.75622].
2025-05-24 11:49:13,187 - matplotlib.image - WARNING - Clipping input data to the valid range for imshow with RGB data ([0..1] for floats or [0..255] for integers). Got range [-2.1007793..1.9428324].
2025-05-24 11:49:13,189 - matplotlib.image - WARNING - Clipping input data to the valid range for imshow with RGB data ([0..1] for floats or [0..255] for integers). Got range [-2.1007793..108.658615].
2025-05-24 11:49:13,191 - matplotlib.image - WARNING - Clipping input data to the valid range for imshow with RGB data ([0..1] for floats or [0..255] for integers). Got range [-2.1007793..108.77713].
2025-05-24 11:49:13,339 - matplotlib.image - WARNING - Clipping input data to the valid range for imshow with RGB data ([0..1] for floats or [0..255] for integers). Got range [-2.0665298..1.9776908].
2025-05-24 11:49:13,340 - matplotlib.image - WARNING - Clipping input data to the valid range for imshow with RGB data ([0..1] for floats or [0..255] for integers). Got range [-2.0665298..108.62376].
2025-05-24 11:49:13,342 - matplotlib.image - WARNING - Clipping input data to the valid range for imshow with RGB data ([0..1] for floats or [0..255] for integers). Got range [-2.0665298..108.79108].
2025-05-24 11:49:13,564 - matplotlib.image - WARNING - Clipping input data to the valid range for imshow with RGB data ([0..1] for floats or [0..255] for integers). Got range [-1.7582842..1.7685405].
2025-05-24 11:49:13,565 - matplotlib.image - WARNING - Clipping input data to the valid range for imshow with RGB data ([0..1] for floats or [0..255] for integers). Got range [-1.7582842..108.67953].
2025-05-24 11:49:13,567 - matplotlib.image - WARNING - Clipping input data to the valid range for imshow with RGB data ([0..1] for floats or [0..255] for integers). Got range [-1.7582842..153.53651].
2025-05-24 11:49:13,711 - matplotlib.image - WARNING - Clipping input data to the valid range for imshow with RGB data ([0..1] for floats or [0..255] for integers). Got range [-1.7411594..1.733682].
2025-05-24 11:49:13,712 - matplotlib.image - WARNING - Clipping input data to the valid range for imshow with RGB data ([0..1] for floats or [0..255] for integers). Got range [-1.7411594..108.6865].
2025-05-24 11:49:13,714 - matplotlib.image - WARNING - Clipping input data to the valid range for imshow with RGB data ([0..1] for floats or [0..255] for integers). Got range [-1.6726604..153.56392].
2025-05-24 11:49:13,945 - matplotlib.image - WARNING - Clipping input data to the valid range for imshow with RGB data ([0..1] for floats or [0..255] for integers). Got range [-1.7411594..1.7162529].
2025-05-24 11:49:13,946 - matplotlib.image - WARNING - Clipping input data to the valid range for imshow with RGB data ([0..1] for floats or [0..255] for integers). Got range [-1.7069099..108.67953].
2025-05-24 11:49:13,947 - matplotlib.image - WARNING - Clipping input data to the valid range for imshow with RGB data ([0..1] for floats or [0..255] for integers). Got range [-1.7411594..153.56392].
2025-05-24 11:49:14,097 - matplotlib.image - WARNING - Clipping input data to the valid range for imshow with RGB data ([0..1] for floats or [0..255] for integers). Got range [-1.7411594..1.7162529].
2025-05-24 11:49:14,098 - matplotlib.image - WARNING - Clipping input data to the valid range for imshow with RGB data ([0..1] for floats or [0..255] for integers). Got range [-1.7069099..108.67953].
2025-05-24 11:49:14,100 - matplotlib.image - WARNING - Clipping input data to the valid range for imshow with RGB data ([0..1] for floats or [0..255] for integers). Got range [-1.6897851..153.55022].
2025-05-24 11:49:14,342 - matplotlib.image - WARNING - Clipping input data to the valid range for imshow with RGB data ([0..1] for floats or [0..255] for integers). Got range [-1.7411594..1.8033988].
2025-05-24 11:49:14,343 - matplotlib.image - WARNING - Clipping input data to the valid range for imshow with RGB data ([0..1] for floats or [0..255] for integers). Got range [-1.7069099..108.714386].
2025-05-24 11:49:14,345 - matplotlib.image - WARNING - Clipping input data to the valid range for imshow with RGB data ([0..1] for floats or [0..255] for integers). Got range [-1.7069099..153.53651].
2025-05-24 11:49:14,607 - matplotlib.image - WARNING - Clipping input data to the valid range for imshow with RGB data ([0..1] for floats or [0..255] for integers). Got range [-1.7380952..1.8208281].
2025-05-24 11:49:14,608 - matplotlib.image - WARNING - Clipping input data to the valid range for imshow with RGB data ([0..1] for floats or [0..255] for integers). Got range [-1.6726604..108.714386].
2025-05-24 11:49:14,610 - matplotlib.image - WARNING - Clipping input data to the valid range for imshow with RGB data ([0..1] for floats or [0..255] for integers). Got range [-1.7380952..153.57762].
2025-05-24 11:49:14,848 - matplotlib.image - WARNING - Clipping input data to the valid range for imshow with RGB data ([0..1] for floats or [0..255] for integers). Got range [-1.7556022..1.8033988].
2025-05-24 11:49:14,850 - matplotlib.image - WARNING - Clipping input data to the valid range for imshow with RGB data ([0..1] for floats or [0..255] for integers). Got range [-1.7556022..108.56101].
2025-05-24 11:49:14,852 - matplotlib.image - WARNING - Clipping input data to the valid range for imshow with RGB data ([0..1] for floats or [0..255] for integers). Got range [-1.6726604..153.57077].
2025-05-24 11:49:15,011 - matplotlib.image - WARNING - Clipping input data to the valid range for imshow with RGB data ([0..1] for floats or [0..255] for integers). Got range [-1.7411594..1.8208281].
2025-05-24 11:49:15,012 - matplotlib.image - WARNING - Clipping input data to the valid range for imshow with RGB data ([0..1] for floats or [0..255] for integers). Got range [-1.7411594..108.70045].
2025-05-24 11:49:15,014 - matplotlib.image - WARNING - Clipping input data to the valid range for imshow with RGB data ([0..1] for floats or [0..255] for integers). Got range [-1.6041614..153.54337].
2025-05-24 11:49:15,246 - matplotlib.image - WARNING - Clipping input data to the valid range for imshow with RGB data ([0..1] for floats or [0..255] for integers). Got range [-1.6680672..1.6988237].
2025-05-24 11:49:15,248 - matplotlib.image - WARNING - Clipping input data to the valid range for imshow with RGB data ([0..1] for floats or [0..255] for integers). Got range [-1.6680672..108.672554].
2025-05-24 11:49:15,251 - matplotlib.image - WARNING - Clipping input data to the valid range for imshow with RGB data ([0..1] for floats or [0..255] for integers). Got range [-1.6330532..153.50227].
2025-05-24 11:49:15,397 - matplotlib.image - WARNING - Clipping input data to the valid range for imshow with RGB data ([0..1] for floats or [0..255] for integers). Got range [-1.7240347..1.6988237].
2025-05-24 11:49:15,398 - matplotlib.image - WARNING - Clipping input data to the valid range for imshow with RGB data ([0..1] for floats or [0..255] for integers). Got range [-1.6726604..108.52615].
2025-05-24 11:49:15,400 - matplotlib.image - WARNING - Clipping input data to the valid range for imshow with RGB data ([0..1] for floats or [0..255] for integers). Got range [-1.6330532..153.49542].
2025-05-24 11:49:15,627 - matplotlib.image - WARNING - Clipping input data to the valid range for imshow with RGB data ([0..1] for floats or [0..255] for integers). Got range [-1.7240347..1.5810429].
2025-05-24 11:49:15,628 - matplotlib.image - WARNING - Clipping input data to the valid range for imshow with RGB data ([0..1] for floats or [0..255] for integers). Got range [-1.7240347..108.56101].
2025-05-24 11:49:15,630 - matplotlib.image - WARNING - Clipping input data to the valid range for imshow with RGB data ([0..1] for floats or [0..255] for integers). Got range [-1.6330532..153.50227].
2025-05-24 11:49:15,781 - matplotlib.image - WARNING - Clipping input data to the valid range for imshow with RGB data ([0..1] for floats or [0..255] for integers). Got range [-1.7582842..1.5768193].
2025-05-24 11:49:15,782 - matplotlib.image - WARNING - Clipping input data to the valid range for imshow with RGB data ([0..1] for floats or [0..255] for integers). Got range [-1.7380952..108.51918].
2025-05-24 11:49:15,783 - matplotlib.image - WARNING - Clipping input data to the valid range for imshow with RGB data ([0..1] for floats or [0..255] for integers). Got range [-1.7380952..153.50227].
2025-05-24 11:49:16,027 - matplotlib.image - WARNING - Clipping input data to the valid range for imshow with RGB data ([0..1] for floats or [0..255] for integers). Got range [-1.7240347..1.5810429].
2025-05-24 11:49:16,028 - matplotlib.image - WARNING - Clipping input data to the valid range for imshow with RGB data ([0..1] for floats or [0..255] for integers). Got range [-1.7240347..108.55404].
2025-05-24 11:49:16,031 - matplotlib.image - WARNING - Clipping input data to the valid range for imshow with RGB data ([0..1] for floats or [0..255] for integers). Got range [-1.7030813..153.46117].
2025-05-24 11:49:16,183 - matplotlib.image - WARNING - Clipping input data to the valid range for imshow with RGB data ([0..1] for floats or [0..255] for integers). Got range [-1.7240347..1.5768193].
2025-05-24 11:49:16,185 - matplotlib.image - WARNING - Clipping input data to the valid range for imshow with RGB data ([0..1] for floats or [0..255] for integers). Got range [-1.7240347..108.48432].
2025-05-24 11:49:16,186 - matplotlib.image - WARNING - Clipping input data to the valid range for imshow with RGB data ([0..1] for floats or [0..255] for integers). Got range [-1.6897851..153.48857].
2025-05-24 11:49:16,428 - matplotlib.image - WARNING - Clipping input data to the valid range for imshow with RGB data ([0..1] for floats or [0..255] for integers). Got range [-2.0494049..2.64].
2025-05-24 11:49:16,429 - matplotlib.image - WARNING - Clipping input data to the valid range for imshow with RGB data ([0..1] for floats or [0..255] for integers). Got range [-2.0494049..109.056].
2025-05-24 11:49:16,431 - matplotlib.image - WARNING - Clipping input data to the valid range for imshow with RGB data ([0..1] for floats or [0..255] for integers). Got range [-2.0494049..140.24902].
2025-05-24 11:49:16,571 - matplotlib.image - WARNING - Clipping input data to the valid range for imshow with RGB data ([0..1] for floats or [0..255] for integers). Got range [-2.0665298..2.64].
2025-05-24 11:49:16,572 - matplotlib.image - WARNING - Clipping input data to the valid range for imshow with RGB data ([0..1] for floats or [0..255] for integers). Got range [-2.0665298..109.056].
2025-05-24 11:49:16,574 - matplotlib.image - WARNING - Clipping input data to the valid range for imshow with RGB data ([0..1] for floats or [0..255] for integers). Got range [-2.0665298..140.256].
2025-05-24 11:49:16,908 - matplotlib.image - WARNING - Clipping input data to the valid range for imshow with RGB data ([0..1] for floats or [0..255] for integers). Got range [-2.0836544..2.64].
2025-05-24 11:49:16,909 - matplotlib.image - WARNING - Clipping input data to the valid range for imshow with RGB data ([0..1] for floats or [0..255] for integers). Got range [-2.0836544..109.056].
2025-05-24 11:49:16,911 - matplotlib.image - WARNING - Clipping input data to the valid range for imshow with RGB data ([0..1] for floats or [0..255] for integers). Got range [-2.0357141..140.22812].
2025-05-24 11:49:17,047 - matplotlib.image - WARNING - Clipping input data to the valid range for imshow with RGB data ([0..1] for floats or [0..255] for integers). Got range [-2.0836544..2.64].
2025-05-24 11:49:17,048 - matplotlib.image - WARNING - Clipping input data to the valid range for imshow with RGB data ([0..1] for floats or [0..255] for integers). Got range [-2.0836544..109.056].
2025-05-24 11:49:17,050 - matplotlib.image - WARNING - Clipping input data to the valid range for imshow with RGB data ([0..1] for floats or [0..255] for integers). Got range [-2.0494049..140.22812].
2025-05-24 11:49:17,293 - matplotlib.image - WARNING - Clipping input data to the valid range for imshow with RGB data ([0..1] for floats or [0..255] for integers). Got range [-2.117904..2.64].
2025-05-24 11:49:17,295 - matplotlib.image - WARNING - Clipping input data to the valid range for imshow with RGB data ([0..1] for floats or [0..255] for integers). Got range [-2.117904..109.056].
2025-05-24 11:49:17,296 - matplotlib.image - WARNING - Clipping input data to the valid range for imshow with RGB data ([0..1] for floats or [0..255] for integers). Got range [-2.1007793..140.256].
2025-05-24 11:49:17,437 - matplotlib.image - WARNING - Clipping input data to the valid range for imshow with RGB data ([0..1] for floats or [0..255] for integers). Got range [-2.117904..2.64].
2025-05-24 11:49:17,439 - matplotlib.image - WARNING - Clipping input data to the valid range for imshow with RGB data ([0..1] for floats or [0..255] for integers). Got range [-2.1007793..109.056].
2025-05-24 11:49:17,441 - matplotlib.image - WARNING - Clipping input data to the valid range for imshow with RGB data ([0..1] for floats or [0..255] for integers). Got range [-2.0836544..140.24902].
2025-05-24 11:49:17,665 - matplotlib.image - WARNING - Clipping input data to the valid range for imshow with RGB data ([0..1] for floats or [0..255] for integers). Got range [-2.117904..2.64].
2025-05-24 11:49:17,666 - matplotlib.image - WARNING - Clipping input data to the valid range for imshow with RGB data ([0..1] for floats or [0..255] for integers). Got range [-2.1007793..109.056].
2025-05-24 11:49:17,667 - matplotlib.image - WARNING - Clipping input data to the valid range for imshow with RGB data ([0..1] for floats or [0..255] for integers). Got range [-2.117904..140.256].
2025-05-24 11:49:17,796 - matplotlib.image - WARNING - Clipping input data to the valid range for imshow with RGB data ([0..1] for floats or [0..255] for integers). Got range [-2.117904..2.64].
2025-05-24 11:49:17,797 - matplotlib.image - WARNING - Clipping input data to the valid range for imshow with RGB data ([0..1] for floats or [0..255] for integers). Got range [-2.117904..109.056].
2025-05-24 11:49:17,799 - matplotlib.image - WARNING - Clipping input data to the valid range for imshow with RGB data ([0..1] for floats or [0..255] for integers). Got range [-2.1007793..140.256].
2025-05-24 11:49:18,024 - matplotlib.image - WARNING - Clipping input data to the valid range for imshow with RGB data ([0..1] for floats or [0..255] for integers). Got range [-2.117904..2.64].
2025-05-24 11:49:18,025 - matplotlib.image - WARNING - Clipping input data to the valid range for imshow with RGB data ([0..1] for floats or [0..255] for integers). Got range [-2.117904..109.056].
2025-05-24 11:49:18,026 - matplotlib.image - WARNING - Clipping input data to the valid range for imshow with RGB data ([0..1] for floats or [0..255] for integers). Got range [-2.117904..140.256].
2025-05-24 11:49:18,155 - matplotlib.image - WARNING - Clipping input data to the valid range for imshow with RGB data ([0..1] for floats or [0..255] for integers). Got range [-2.0836544..2.64].
2025-05-24 11:49:18,156 - matplotlib.image - WARNING - Clipping input data to the valid range for imshow with RGB data ([0..1] for floats or [0..255] for integers). Got range [-2.0836544..109.056].
2025-05-24 11:49:18,158 - matplotlib.image - WARNING - Clipping input data to the valid range for imshow with RGB data ([0..1] for floats or [0..255] for integers). Got range [-2.0836544..140.256].
2025-05-24 11:49:18,385 - matplotlib.image - WARNING - Clipping input data to the valid range for imshow with RGB data ([0..1] for floats or [0..255] for integers). Got range [-2.117904..2.2146587].
2025-05-24 11:49:18,386 - matplotlib.image - WARNING - Clipping input data to the valid range for imshow with RGB data ([0..1] for floats or [0..255] for integers). Got range [-2.117904..108.5889].
2025-05-24 11:49:18,388 - matplotlib.image - WARNING - Clipping input data to the valid range for imshow with RGB data ([0..1] for floats or [0..255] for integers). Got range [-2.117904..153.80367].
2025-05-24 11:49:18,510 - matplotlib.image - WARNING - Clipping input data to the valid range for imshow with RGB data ([0..1] for floats or [0..255] for integers). Got range [-2.117904..2.1461596].
2025-05-24 11:49:18,511 - matplotlib.image - WARNING - Clipping input data to the valid range for imshow with RGB data ([0..1] for floats or [0..255] for integers). Got range [-2.117904..108.65164].
2025-05-24 11:49:18,513 - matplotlib.image - WARNING - Clipping input data to the valid range for imshow with RGB data ([0..1] for floats or [0..255] for integers). Got range [-2.117904..153.78996].
2025-05-24 11:49:18,719 - matplotlib.image - WARNING - Clipping input data to the valid range for imshow with RGB data ([0..1] for floats or [0..255] for integers). Got range [-2.117904..2.129035].
2025-05-24 11:49:18,720 - matplotlib.image - WARNING - Clipping input data to the valid range for imshow with RGB data ([0..1] for floats or [0..255] for integers). Got range [-2.117904..108.456436].
2025-05-24 11:49:18,722 - matplotlib.image - WARNING - Clipping input data to the valid range for imshow with RGB data ([0..1] for floats or [0..255] for integers). Got range [-2.117904..153.76941].
2025-05-24 11:49:18,857 - matplotlib.image - WARNING - Clipping input data to the valid range for imshow with RGB data ([0..1] for floats or [0..255] for integers). Got range [-2.117904..2.2317834].
2025-05-24 11:49:18,858 - matplotlib.image - WARNING - Clipping input data to the valid range for imshow with RGB data ([0..1] for floats or [0..255] for integers). Got range [-2.117904..108.456436].
2025-05-24 11:49:18,859 - matplotlib.image - WARNING - Clipping input data to the valid range for imshow with RGB data ([0..1] for floats or [0..255] for integers). Got range [-2.117904..153.76256].
2025-05-24 11:49:19,182 - matplotlib.image - WARNING - Clipping input data to the valid range for imshow with RGB data ([0..1] for floats or [0..255] for integers). Got range [-2.117904..2.2317834].
2025-05-24 11:49:19,183 - matplotlib.image - WARNING - Clipping input data to the valid range for imshow with RGB data ([0..1] for floats or [0..255] for integers). Got range [-2.117904..108.85382].
2025-05-24 11:49:19,184 - matplotlib.image - WARNING - Clipping input data to the valid range for imshow with RGB data ([0..1] for floats or [0..255] for integers). Got range [-2.0494049..153.60501].
2025-05-24 11:49:19,313 - matplotlib.image - WARNING - Clipping input data to the valid range for imshow with RGB data ([0..1] for floats or [0..255] for integers). Got range [-2.117904..2.1804092].
2025-05-24 11:49:19,314 - matplotlib.image - WARNING - Clipping input data to the valid range for imshow with RGB data ([0..1] for floats or [0..255] for integers). Got range [-2.117904..108.86777].
2025-05-24 11:49:19,316 - matplotlib.image - WARNING - Clipping input data to the valid range for imshow with RGB data ([0..1] for floats or [0..255] for integers). Got range [-1.7205882..153.75572].
2025-05-24 11:49:19,531 - matplotlib.image - WARNING - Clipping input data to the valid range for imshow with RGB data ([0..1] for floats or [0..255] for integers). Got range [-2.117904..2.186841].
2025-05-24 11:49:19,532 - matplotlib.image - WARNING - Clipping input data to the valid range for imshow with RGB data ([0..1] for floats or [0..255] for integers). Got range [-2.117904..108.87473].
2025-05-24 11:49:19,533 - matplotlib.image - WARNING - Clipping input data to the valid range for imshow with RGB data ([0..1] for floats or [0..255] for integers). Got range [-1.9124069..153.59818].
2025-05-24 11:49:19,666 - matplotlib.image - WARNING - Clipping input data to the valid range for imshow with RGB data ([0..1] for floats or [0..255] for integers). Got range [-2.117904..2.3785625].
2025-05-24 11:49:19,667 - matplotlib.image - WARNING - Clipping input data to the valid range for imshow with RGB data ([0..1] for floats or [0..255] for integers). Got range [-2.117904..108.95142].
2025-05-24 11:49:19,669 - matplotlib.image - WARNING - Clipping input data to the valid range for imshow with RGB data ([0..1] for floats or [0..255] for integers). Got range [-1.980906..153.45432].
2025-05-24 11:49:19,898 - matplotlib.image - WARNING - Clipping input data to the valid range for imshow with RGB data ([0..1] for floats or [0..255] for integers). Got range [-2.0836544..2.5528543].
2025-05-24 11:49:19,899 - matplotlib.image - WARNING - Clipping input data to the valid range for imshow with RGB data ([0..1] for floats or [0..255] for integers). Got range [-2.0836544..109.0072].
2025-05-24 11:49:19,901 - matplotlib.image - WARNING - Clipping input data to the valid range for imshow with RGB data ([0..1] for floats or [0..255] for integers). Got range [-2.0836544..153.66667].
2025-05-24 11:49:20,042 - matplotlib.image - WARNING - Clipping input data to the valid range for imshow with RGB data ([0..1] for floats or [0..255] for integers). Got range [-2.117904..2.6051416].
2025-05-24 11:49:20,043 - matplotlib.image - WARNING - Clipping input data to the valid range for imshow with RGB data ([0..1] for floats or [0..255] for integers). Got range [-2.117904..108.97234].
2025-05-24 11:49:20,044 - matplotlib.image - WARNING - Clipping input data to the valid range for imshow with RGB data ([0..1] for floats or [0..255] for integers). Got range [-2.117904..153.73517].
2025-05-24 11:49:20,277 - matplotlib.image - WARNING - Clipping input data to the valid range for imshow with RGB data ([0..1] for floats or [0..255] for integers). Got range [-2.117904..2.5702832].
2025-05-24 11:49:20,279 - matplotlib.image - WARNING - Clipping input data to the valid range for imshow with RGB data ([0..1] for floats or [0..255] for integers). Got range [-2.117904..108.9584].
2025-05-24 11:49:20,280 - matplotlib.image - WARNING - Clipping input data to the valid range for imshow with RGB data ([0..1] for floats or [0..255] for integers). Got range [-2.117904..153.56392].
2025-05-24 11:49:20,424 - matplotlib.image - WARNING - Clipping input data to the valid range for imshow with RGB data ([0..1] for floats or [0..255] for integers). Got range [-2.117904..2.535425].
2025-05-24 11:49:20,425 - matplotlib.image - WARNING - Clipping input data to the valid range for imshow with RGB data ([0..1] for floats or [0..255] for integers). Got range [-2.117904..108.96537].
2025-05-24 11:49:20,426 - matplotlib.image - WARNING - Clipping input data to the valid range for imshow with RGB data ([0..1] for floats or [0..255] for integers). Got range [-2.117904..153.63242].
2025-05-24 11:49:20,691 - matplotlib.image - WARNING - Clipping input data to the valid range for imshow with RGB data ([0..1] for floats or [0..255] for integers). Got range [-2.1007793..2.64].
2025-05-24 11:49:20,692 - matplotlib.image - WARNING - Clipping input data to the valid range for imshow with RGB data ([0..1] for floats or [0..255] for integers). Got range [-2.1007793..109.0072].
2025-05-24 11:49:20,694 - matplotlib.image - WARNING - Clipping input data to the valid range for imshow with RGB data ([0..1] for floats or [0..255] for integers). Got range [-2.1007793..153.51598].
2025-05-24 11:49:20,841 - matplotlib.image - WARNING - Clipping input data to the valid range for imshow with RGB data ([0..1] for floats or [0..255] for integers). Got range [-2.117904..2.622571].
2025-05-24 11:49:20,842 - matplotlib.image - WARNING - Clipping input data to the valid range for imshow with RGB data ([0..1] for floats or [0..255] for integers). Got range [-2.117904..109.0072].
2025-05-24 11:49:20,843 - matplotlib.image - WARNING - Clipping input data to the valid range for imshow with RGB data ([0..1] for floats or [0..255] for integers). Got range [-2.117904..153.65297].
2025-05-24 11:49:21,098 - matplotlib.image - WARNING - Clipping input data to the valid range for imshow with RGB data ([0..1] for floats or [0..255] for integers). Got range [-2.117904..2.64].
2025-05-24 11:49:21,099 - matplotlib.image - WARNING - Clipping input data to the valid range for imshow with RGB data ([0..1] for floats or [0..255] for integers). Got range [-2.117904..109.056].
2025-05-24 11:49:21,100 - matplotlib.image - WARNING - Clipping input data to the valid range for imshow with RGB data ([0..1] for floats or [0..255] for integers). Got range [-2.117904..153.66667].
2025-05-24 11:49:21,350 - matplotlib.image - WARNING - Clipping input data to the valid range for imshow with RGB data ([0..1] for floats or [0..255] for integers). Got range [-2.117904..2.64].
2025-05-24 11:49:21,352 - matplotlib.image - WARNING - Clipping input data to the valid range for imshow with RGB data ([0..1] for floats or [0..255] for integers). Got range [-2.117904..109.04903].
2025-05-24 11:49:21,353 - matplotlib.image - WARNING - Clipping input data to the valid range for imshow with RGB data ([0..1] for floats or [0..255] for integers). Got range [-2.117904..153.72832].
2025-05-24 11:49:21,591 - matplotlib.image - WARNING - Clipping input data to the valid range for imshow with RGB data ([0..1] for floats or [0..255] for integers). Got range [-2.117904..2.64].
2025-05-24 11:49:21,592 - matplotlib.image - WARNING - Clipping input data to the valid range for imshow with RGB data ([0..1] for floats or [0..255] for integers). Got range [-2.117904..109.056].
2025-05-24 11:49:21,593 - matplotlib.image - WARNING - Clipping input data to the valid range for imshow with RGB data ([0..1] for floats or [0..255] for integers). Got range [-2.1007793..153.85161].
2025-05-24 11:49:21,737 - matplotlib.image - WARNING - Clipping input data to the valid range for imshow with RGB data ([0..1] for floats or [0..255] for integers). Got range [-2.117904..2.64].
2025-05-24 11:49:21,738 - matplotlib.image - WARNING - Clipping input data to the valid range for imshow with RGB data ([0..1] for floats or [0..255] for integers). Got range [-2.1007793..109.056].
2025-05-24 11:49:21,740 - matplotlib.image - WARNING - Clipping input data to the valid range for imshow with RGB data ([0..1] for floats or [0..255] for integers). Got range [-2.1007793..153.77626].
2025-05-24 11:49:21,976 - matplotlib.image - WARNING - Clipping input data to the valid range for imshow with RGB data ([0..1] for floats or [0..255] for integers). Got range [-2.117904..2.64].
2025-05-24 11:49:21,977 - matplotlib.image - WARNING - Clipping input data to the valid range for imshow with RGB data ([0..1] for floats or [0..255] for integers). Got range [-2.117904..109.056].
2025-05-24 11:49:21,980 - matplotlib.image - WARNING - Clipping input data to the valid range for imshow with RGB data ([0..1] for floats or [0..255] for integers). Got range [-2.117904..153.81737].
2025-05-24 11:49:22,125 - matplotlib.image - WARNING - Clipping input data to the valid range for imshow with RGB data ([0..1] for floats or [0..255] for integers). Got range [-2.117904..2.64].
2025-05-24 11:49:22,126 - matplotlib.image - WARNING - Clipping input data to the valid range for imshow with RGB data ([0..1] for floats or [0..255] for integers). Got range [-2.117904..109.056].
2025-05-24 11:49:22,127 - matplotlib.image - WARNING - Clipping input data to the valid range for imshow with RGB data ([0..1] for floats or [0..255] for integers). Got range [-2.117904..153.83107].
2025-05-24 11:49:22,365 - matplotlib.image - WARNING - Clipping input data to the valid range for imshow with RGB data ([0..1] for floats or [0..255] for integers). Got range [-2.117904..2.64].
2025-05-24 11:49:22,367 - matplotlib.image - WARNING - Clipping input data to the valid range for imshow with RGB data ([0..1] for floats or [0..255] for integers). Got range [-2.117904..109.056].
2025-05-24 11:49:22,369 - matplotlib.image - WARNING - Clipping input data to the valid range for imshow with RGB data ([0..1] for floats or [0..255] for integers). Got range [-2.117904..153.87901].
2025-05-24 11:49:22,522 - matplotlib.image - WARNING - Clipping input data to the valid range for imshow with RGB data ([0..1] for floats or [0..255] for integers). Got range [-2.117904..2.64].
2025-05-24 11:49:22,523 - matplotlib.image - WARNING - Clipping input data to the valid range for imshow with RGB data ([0..1] for floats or [0..255] for integers). Got range [-2.117904..109.056].
2025-05-24 11:49:22,525 - matplotlib.image - WARNING - Clipping input data to the valid range for imshow with RGB data ([0..1] for floats or [0..255] for integers). Got range [-2.117904..153.85846].
2025-05-24 11:49:22,772 - matplotlib.image - WARNING - Clipping input data to the valid range for imshow with RGB data ([0..1] for floats or [0..255] for integers). Got range [-2.117904..2.64].
2025-05-24 11:49:22,773 - matplotlib.image - WARNING - Clipping input data to the valid range for imshow with RGB data ([0..1] for floats or [0..255] for integers). Got range [-2.117904..109.056].
2025-05-24 11:49:22,775 - matplotlib.image - WARNING - Clipping input data to the valid range for imshow with RGB data ([0..1] for floats or [0..255] for integers). Got range [-2.117904..153.89272].
2025-05-24 11:49:22,926 - matplotlib.image - WARNING - Clipping input data to the valid range for imshow with RGB data ([0..1] for floats or [0..255] for integers). Got range [-2.117904..2.64].
2025-05-24 11:49:22,927 - matplotlib.image - WARNING - Clipping input data to the valid range for imshow with RGB data ([0..1] for floats or [0..255] for integers). Got range [-2.117904..109.056].
2025-05-24 11:49:22,928 - matplotlib.image - WARNING - Clipping input data to the valid range for imshow with RGB data ([0..1] for floats or [0..255] for integers). Got range [-2.0322802..153.87901].
2025-05-24 11:49:23,150 - matplotlib.image - WARNING - Clipping input data to the valid range for imshow with RGB data ([0..1] for floats or [0..255] for integers). Got range [-2.117904..2.64].
2025-05-24 11:49:23,151 - matplotlib.image - WARNING - Clipping input data to the valid range for imshow with RGB data ([0..1] for floats or [0..255] for integers). Got range [-2.117904..109.056].
2025-05-24 11:49:23,153 - matplotlib.image - WARNING - Clipping input data to the valid range for imshow with RGB data ([0..1] for floats or [0..255] for integers). Got range [-2.117904..153.89272].
2025-05-24 11:49:23,319 - matplotlib.image - WARNING - Clipping input data to the valid range for imshow with RGB data ([0..1] for floats or [0..255] for integers). Got range [-2.0665298..2.64].
2025-05-24 11:49:23,320 - matplotlib.image - WARNING - Clipping input data to the valid range for imshow with RGB data ([0..1] for floats or [0..255] for integers). Got range [-2.0665298..109.056].
2025-05-24 11:49:23,322 - matplotlib.image - WARNING - Clipping input data to the valid range for imshow with RGB data ([0..1] for floats or [0..255] for integers). Got range [-1.9466565..153.89272].
2025-05-24 11:49:25,548 - utils.training - INFO - Epoch 1 validation - Loss: 1.2667
2025-05-24 11:49:25,549 - utils.training - INFO -   J&F: 0.1272, IoU: 0.1258
2025-05-24 11:49:25,549 - utils.training - INFO - Validation loss improved by inf. Saving model...
2025-05-24 11:49:25,610 - utils.training - INFO - Saved checkpoint and metrics to checkpoints/debug_binary
2025-05-24 11:49:25,618 - utils.training - INFO - Results saved to checkpoints/debug_binary/results
2025-05-24 11:49:25,734 - utils.training - INFO - Batch 0: Raw fg ratio: 0.9558, Adaptive fg ratio: 0.1886
2025-05-24 11:49:25,735 - utils.training - INFO - Batch 0: GT fg ratio: 0.0333
2025-05-24 11:49:25,736 - utils.training - WARNING - Still predicting too much foreground! Ratio: 5.66x
2025-05-24 11:49:25,736 - utils.training - INFO - Total gradient norm: 0.0000
2025-05-24 11:49:26,356 - utils.training - INFO - Total gradient norm: 0.0000
2025-05-24 11:49:26,629 - utils.training - INFO - Total gradient norm: 0.0000
2025-05-24 11:49:26,904 - utils.training - INFO - Total gradient norm: 0.0000
2025-05-24 11:49:27,190 - utils.training - INFO - Total gradient norm: 0.0000
2025-05-24 11:49:27,454 - utils.training - INFO - Batch 50: Raw fg ratio: 0.9639, Adaptive fg ratio: 0.2048
2025-05-24 11:49:27,455 - utils.training - INFO - Batch 50: GT fg ratio: 0.0000
