2025-05-23 20:56:02,830 - __main__ - INFO - Starting Mamba-based binary video segmentation training
2025-05-23 20:56:02,830 - __main__ - INFO - Using configuration from: configs/mamba_binary_efficient.yaml
2025-05-23 20:56:02,837 - __main__ - INFO - Set random seed to 42
2025-05-23 20:56:03,078 - __main__ - INFO - Using device: cuda
2025-05-23 20:56:03,078 - __main__ - INFO - Building Mamba-based binary segmentation model...
2025-05-23 20:56:04,348 - __main__ - INFO - Model has 1,880,133 trainable parameters
2025-05-23 20:56:04,390 - __main__ - INFO - Creating data loaders...
2025-05-23 20:56:05,095 - __main__ - INFO - Created dataloaders - Train: 2094 batches, Val: 995 batches
2025-05-23 20:56:05,095 - __main__ - INFO - Creating optimizer: AdamW
2025-05-23 20:56:05,096 - __main__ - INFO - Created OneCycleLR scheduler with max_lr=5e-05
2025-05-23 20:56:05,141 - __main__ - INFO - Starting training loop...
2025-05-23 20:56:05,141 - utils.training - INFO - Starting training from epoch 0
2025-05-23 20:57:21,977 - utils.training - INFO - Epoch 0 training - Loss: 2.9002
2025-05-23 20:57:22,213 - matplotlib.image - WARNING - Clipping input data to the valid range for imshow with RGB data ([0..1] for floats or [0..255] for integers). Got range [-2.0322802..2.64].
2025-05-23 20:57:22,216 - matplotlib.image - WARNING - Clipping input data to the valid range for imshow with RGB data ([0..1] for floats or [0..255] for integers). Got range [-2.0322802..109.056].
2025-05-23 20:57:22,220 - matplotlib.image - WARNING - Clipping input data to the valid range for imshow with RGB data ([0..1] for floats or [0..255] for integers). Got range [-2.0322802..140.19325].
2025-05-23 20:57:22,392 - matplotlib.image - WARNING - Clipping input data to the valid range for imshow with RGB data ([0..1] for floats or [0..255] for integers). Got range [-2.0322802..2.64].
2025-05-23 20:57:22,394 - matplotlib.image - WARNING - Clipping input data to the valid range for imshow with RGB data ([0..1] for floats or [0..255] for integers). Got range [-2.0151556..109.056].
2025-05-23 20:57:22,397 - matplotlib.image - WARNING - Clipping input data to the valid range for imshow with RGB data ([0..1] for floats or [0..255] for integers). Got range [-2.0322802..140.20023].
2025-05-23 20:57:22,589 - matplotlib.image - WARNING - Clipping input data to the valid range for imshow with RGB data ([0..1] for floats or [0..255] for integers). Got range [-2.0494049..2.64].
2025-05-23 20:57:22,592 - matplotlib.image - WARNING - Clipping input data to the valid range for imshow with RGB data ([0..1] for floats or [0..255] for integers). Got range [-2.0322802..109.056].
2025-05-23 20:57:22,595 - matplotlib.image - WARNING - Clipping input data to the valid range for imshow with RGB data ([0..1] for floats or [0..255] for integers). Got range [-2.0494049..140.21417].
2025-05-23 20:57:22,741 - matplotlib.image - WARNING - Clipping input data to the valid range for imshow with RGB data ([0..1] for floats or [0..255] for integers). Got range [-2.0322802..2.64].
2025-05-23 20:57:22,744 - matplotlib.image - WARNING - Clipping input data to the valid range for imshow with RGB data ([0..1] for floats or [0..255] for integers). Got range [-2.0322802..109.056].
2025-05-23 20:57:22,747 - matplotlib.image - WARNING - Clipping input data to the valid range for imshow with RGB data ([0..1] for floats or [0..255] for integers). Got range [-2.0322802..140.18628].
2025-05-23 20:57:22,943 - matplotlib.image - WARNING - Clipping input data to the valid range for imshow with RGB data ([0..1] for floats or [0..255] for integers). Got range [-2.0322802..2.64].
2025-05-23 20:57:22,946 - matplotlib.image - WARNING - Clipping input data to the valid range for imshow with RGB data ([0..1] for floats or [0..255] for integers). Got range [-2.0322802..109.056].
2025-05-23 20:57:22,950 - matplotlib.image - WARNING - Clipping input data to the valid range for imshow with RGB data ([0..1] for floats or [0..255] for integers). Got range [-2.0322802..140.19325].
2025-05-23 20:57:23,087 - matplotlib.image - WARNING - Clipping input data to the valid range for imshow with RGB data ([0..1] for floats or [0..255] for integers). Got range [-2.0322802..2.64].
2025-05-23 20:57:23,090 - matplotlib.image - WARNING - Clipping input data to the valid range for imshow with RGB data ([0..1] for floats or [0..255] for integers). Got range [-2.0322802..109.056].
2025-05-23 20:57:23,093 - matplotlib.image - WARNING - Clipping input data to the valid range for imshow with RGB data ([0..1] for floats or [0..255] for integers). Got range [-2.0322802..140.17233].
2025-05-23 20:57:23,281 - matplotlib.image - WARNING - Clipping input data to the valid range for imshow with RGB data ([0..1] for floats or [0..255] for integers). Got range [-2.0494049..2.64].
2025-05-23 20:57:23,284 - matplotlib.image - WARNING - Clipping input data to the valid range for imshow with RGB data ([0..1] for floats or [0..255] for integers). Got range [-2.0494049..109.056].
2025-05-23 20:57:23,287 - matplotlib.image - WARNING - Clipping input data to the valid range for imshow with RGB data ([0..1] for floats or [0..255] for integers). Got range [-2.0494049..140.13748].
2025-05-23 20:57:23,434 - matplotlib.image - WARNING - Clipping input data to the valid range for imshow with RGB data ([0..1] for floats or [0..255] for integers). Got range [-2.0494049..2.64].
2025-05-23 20:57:23,437 - matplotlib.image - WARNING - Clipping input data to the valid range for imshow with RGB data ([0..1] for floats or [0..255] for integers). Got range [-2.0322802..109.056].
2025-05-23 20:57:23,441 - matplotlib.image - WARNING - Clipping input data to the valid range for imshow with RGB data ([0..1] for floats or [0..255] for integers). Got range [-2.0494049..140.13748].
2025-05-23 20:57:23,631 - matplotlib.image - WARNING - Clipping input data to the valid range for imshow with RGB data ([0..1] for floats or [0..255] for integers). Got range [-2.0151556..2.64].
2025-05-23 20:57:23,634 - matplotlib.image - WARNING - Clipping input data to the valid range for imshow with RGB data ([0..1] for floats or [0..255] for integers). Got range [-2.0151556..109.056].
2025-05-23 20:57:23,638 - matplotlib.image - WARNING - Clipping input data to the valid range for imshow with RGB data ([0..1] for floats or [0..255] for integers). Got range [-2.0151556..140.14445].
2025-05-23 20:57:23,774 - matplotlib.image - WARNING - Clipping input data to the valid range for imshow with RGB data ([0..1] for floats or [0..255] for integers). Got range [-2.0151556..2.64].
2025-05-23 20:57:23,776 - matplotlib.image - WARNING - Clipping input data to the valid range for imshow with RGB data ([0..1] for floats or [0..255] for integers). Got range [-2.0151556..109.056].
2025-05-23 20:57:23,780 - matplotlib.image - WARNING - Clipping input data to the valid range for imshow with RGB data ([0..1] for floats or [0..255] for integers). Got range [-2.0151556..140.15143].
2025-05-23 20:57:24,132 - matplotlib.image - WARNING - Clipping input data to the valid range for imshow with RGB data ([0..1] for floats or [0..255] for integers). Got range [-2.0322802..2.64].
2025-05-23 20:57:24,136 - matplotlib.image - WARNING - Clipping input data to the valid range for imshow with RGB data ([0..1] for floats or [0..255] for integers). Got range [-2.0322802..109.056].
2025-05-23 20:57:24,139 - matplotlib.image - WARNING - Clipping input data to the valid range for imshow with RGB data ([0..1] for floats or [0..255] for integers). Got range [-2.0322802..140.17233].
2025-05-23 20:57:24,284 - matplotlib.image - WARNING - Clipping input data to the valid range for imshow with RGB data ([0..1] for floats or [0..255] for integers). Got range [-2.0322802..2.64].
2025-05-23 20:57:24,287 - matplotlib.image - WARNING - Clipping input data to the valid range for imshow with RGB data ([0..1] for floats or [0..255] for integers). Got range [-2.0322802..109.056].
2025-05-23 20:57:24,291 - matplotlib.image - WARNING - Clipping input data to the valid range for imshow with RGB data ([0..1] for floats or [0..255] for integers). Got range [-2.0322802..140.17233].
2025-05-23 20:57:24,498 - matplotlib.image - WARNING - Clipping input data to the valid range for imshow with RGB data ([0..1] for floats or [0..255] for integers). Got range [-2.0494049..2.64].
2025-05-23 20:57:24,500 - matplotlib.image - WARNING - Clipping input data to the valid range for imshow with RGB data ([0..1] for floats or [0..255] for integers). Got range [-2.0494049..109.056].
2025-05-23 20:57:24,503 - matplotlib.image - WARNING - Clipping input data to the valid range for imshow with RGB data ([0..1] for floats or [0..255] for integers). Got range [-2.0494049..140.24902].
2025-05-23 20:57:24,629 - matplotlib.image - WARNING - Clipping input data to the valid range for imshow with RGB data ([0..1] for floats or [0..255] for integers). Got range [-2.0322802..2.64].
2025-05-23 20:57:24,632 - matplotlib.image - WARNING - Clipping input data to the valid range for imshow with RGB data ([0..1] for floats or [0..255] for integers). Got range [-2.0322802..109.056].
2025-05-23 20:57:24,635 - matplotlib.image - WARNING - Clipping input data to the valid range for imshow with RGB data ([0..1] for floats or [0..255] for integers). Got range [-2.0322802..140.22812].
2025-05-23 20:57:24,837 - matplotlib.image - WARNING - Clipping input data to the valid range for imshow with RGB data ([0..1] for floats or [0..255] for integers). Got range [-2.0665298..2.64].
2025-05-23 20:57:24,839 - matplotlib.image - WARNING - Clipping input data to the valid range for imshow with RGB data ([0..1] for floats or [0..255] for integers). Got range [-2.0665298..109.056].
2025-05-23 20:57:24,842 - matplotlib.image - WARNING - Clipping input data to the valid range for imshow with RGB data ([0..1] for floats or [0..255] for integers). Got range [-2.0665298..109.056].
2025-05-23 20:57:24,984 - matplotlib.image - WARNING - Clipping input data to the valid range for imshow with RGB data ([0..1] for floats or [0..255] for integers). Got range [-2.0665298..2.64].
2025-05-23 20:57:24,987 - matplotlib.image - WARNING - Clipping input data to the valid range for imshow with RGB data ([0..1] for floats or [0..255] for integers). Got range [-2.0665298..109.056].
2025-05-23 20:57:24,990 - matplotlib.image - WARNING - Clipping input data to the valid range for imshow with RGB data ([0..1] for floats or [0..255] for integers). Got range [-2.0494049..109.056].
2025-05-23 20:57:25,212 - matplotlib.image - WARNING - Clipping input data to the valid range for imshow with RGB data ([0..1] for floats or [0..255] for integers). Got range [-2.1007793..2.64].
2025-05-23 20:57:25,214 - matplotlib.image - WARNING - Clipping input data to the valid range for imshow with RGB data ([0..1] for floats or [0..255] for integers). Got range [-2.1007793..109.056].
2025-05-23 20:57:25,217 - matplotlib.image - WARNING - Clipping input data to the valid range for imshow with RGB data ([0..1] for floats or [0..255] for integers). Got range [-2.0494049..109.056].
2025-05-23 20:57:25,355 - matplotlib.image - WARNING - Clipping input data to the valid range for imshow with RGB data ([0..1] for floats or [0..255] for integers). Got range [-2.0836544..2.64].
2025-05-23 20:57:25,358 - matplotlib.image - WARNING - Clipping input data to the valid range for imshow with RGB data ([0..1] for floats or [0..255] for integers). Got range [-2.0836544..109.056].
2025-05-23 20:57:25,361 - matplotlib.image - WARNING - Clipping input data to the valid range for imshow with RGB data ([0..1] for floats or [0..255] for integers). Got range [-2.0322802..109.056].
2025-05-23 20:57:25,592 - matplotlib.image - WARNING - Clipping input data to the valid range for imshow with RGB data ([0..1] for floats or [0..255] for integers). Got range [-2.1007793..2.64].
2025-05-23 20:57:25,595 - matplotlib.image - WARNING - Clipping input data to the valid range for imshow with RGB data ([0..1] for floats or [0..255] for integers). Got range [-2.1007793..109.056].
2025-05-23 20:57:25,598 - matplotlib.image - WARNING - Clipping input data to the valid range for imshow with RGB data ([0..1] for floats or [0..255] for integers). Got range [-1.9980307..109.056].
2025-05-23 20:57:25,743 - matplotlib.image - WARNING - Clipping input data to the valid range for imshow with RGB data ([0..1] for floats or [0..255] for integers). Got range [-2.1007793..2.64].
2025-05-23 20:57:25,745 - matplotlib.image - WARNING - Clipping input data to the valid range for imshow with RGB data ([0..1] for floats or [0..255] for integers). Got range [-2.0836544..109.056].
2025-05-23 20:57:25,748 - matplotlib.image - WARNING - Clipping input data to the valid range for imshow with RGB data ([0..1] for floats or [0..255] for integers). Got range [-2.0322802..109.056].
2025-05-23 20:57:25,980 - matplotlib.image - WARNING - Clipping input data to the valid range for imshow with RGB data ([0..1] for floats or [0..255] for integers). Got range [-2.0665298..2.64].
2025-05-23 20:57:25,982 - matplotlib.image - WARNING - Clipping input data to the valid range for imshow with RGB data ([0..1] for floats or [0..255] for integers). Got range [-2.0665298..109.056].
2025-05-23 20:57:25,986 - matplotlib.image - WARNING - Clipping input data to the valid range for imshow with RGB data ([0..1] for floats or [0..255] for integers). Got range [-2.0665298..109.056].
2025-05-23 20:57:26,225 - matplotlib.image - WARNING - Clipping input data to the valid range for imshow with RGB data ([0..1] for floats or [0..255] for integers). Got range [-2.117904..2.64].
2025-05-23 20:57:26,228 - matplotlib.image - WARNING - Clipping input data to the valid range for imshow with RGB data ([0..1] for floats or [0..255] for integers). Got range [-2.117904..109.056].
2025-05-23 20:57:26,231 - matplotlib.image - WARNING - Clipping input data to the valid range for imshow with RGB data ([0..1] for floats or [0..255] for integers). Got range [-2.0836544..109.056].
2025-05-23 20:57:26,494 - matplotlib.image - WARNING - Clipping input data to the valid range for imshow with RGB data ([0..1] for floats or [0..255] for integers). Got range [-2.0836544..2.64].
2025-05-23 20:57:26,496 - matplotlib.image - WARNING - Clipping input data to the valid range for imshow with RGB data ([0..1] for floats or [0..255] for integers). Got range [-2.0836544..109.056].
2025-05-23 20:57:26,500 - matplotlib.image - WARNING - Clipping input data to the valid range for imshow with RGB data ([0..1] for floats or [0..255] for integers). Got range [-2.0494049..109.056].
2025-05-23 20:57:26,633 - matplotlib.image - WARNING - Clipping input data to the valid range for imshow with RGB data ([0..1] for floats or [0..255] for integers). Got range [-2.0665298..2.64].
2025-05-23 20:57:26,636 - matplotlib.image - WARNING - Clipping input data to the valid range for imshow with RGB data ([0..1] for floats or [0..255] for integers). Got range [-2.0665298..109.04205].
2025-05-23 20:57:26,638 - matplotlib.image - WARNING - Clipping input data to the valid range for imshow with RGB data ([0..1] for floats or [0..255] for integers). Got range [-2.0665298..109.056].
2025-05-23 20:57:26,896 - matplotlib.image - WARNING - Clipping input data to the valid range for imshow with RGB data ([0..1] for floats or [0..255] for integers). Got range [-1.9637812..2.64].
2025-05-23 20:57:26,899 - matplotlib.image - WARNING - Clipping input data to the valid range for imshow with RGB data ([0..1] for floats or [0..255] for integers). Got range [-1.9637812..109.056].
2025-05-23 20:57:26,902 - matplotlib.image - WARNING - Clipping input data to the valid range for imshow with RGB data ([0..1] for floats or [0..255] for integers). Got range [-1.9637812..140.256].
2025-05-23 20:57:27,047 - matplotlib.image - WARNING - Clipping input data to the valid range for imshow with RGB data ([0..1] for floats or [0..255] for integers). Got range [-1.9637812..2.64].
2025-05-23 20:57:27,050 - matplotlib.image - WARNING - Clipping input data to the valid range for imshow with RGB data ([0..1] for floats or [0..255] for integers). Got range [-1.9637812..109.056].
2025-05-23 20:57:27,052 - matplotlib.image - WARNING - Clipping input data to the valid range for imshow with RGB data ([0..1] for floats or [0..255] for integers). Got range [-1.9637812..140.256].
2025-05-23 20:57:27,351 - matplotlib.image - WARNING - Clipping input data to the valid range for imshow with RGB data ([0..1] for floats or [0..255] for integers). Got range [-2.0182073..2.64].
2025-05-23 20:57:27,354 - matplotlib.image - WARNING - Clipping input data to the valid range for imshow with RGB data ([0..1] for floats or [0..255] for integers). Got range [-1.9831933..109.056].
2025-05-23 20:57:27,357 - matplotlib.image - WARNING - Clipping input data to the valid range for imshow with RGB data ([0..1] for floats or [0..255] for integers). Got range [-1.843908..140.256].
2025-05-23 20:57:27,518 - matplotlib.image - WARNING - Clipping input data to the valid range for imshow with RGB data ([0..1] for floats or [0..255] for integers). Got range [-1.9131652..2.64].
2025-05-23 20:57:27,520 - matplotlib.image - WARNING - Clipping input data to the valid range for imshow with RGB data ([0..1] for floats or [0..255] for integers). Got range [-1.9131652..109.056].
2025-05-23 20:57:27,523 - matplotlib.image - WARNING - Clipping input data to the valid range for imshow with RGB data ([0..1] for floats or [0..255] for integers). Got range [-1.8781574..140.256].
2025-05-23 20:57:27,784 - matplotlib.image - WARNING - Clipping input data to the valid range for imshow with RGB data ([0..1] for floats or [0..255] for integers). Got range [-1.8610327..2.64].
2025-05-23 20:57:27,787 - matplotlib.image - WARNING - Clipping input data to the valid range for imshow with RGB data ([0..1] for floats or [0..255] for integers). Got range [-1.8610327..109.056].
2025-05-23 20:57:27,790 - matplotlib.image - WARNING - Clipping input data to the valid range for imshow with RGB data ([0..1] for floats or [0..255] for integers). Got range [-1.8610327..140.256].
2025-05-23 20:57:27,944 - matplotlib.image - WARNING - Clipping input data to the valid range for imshow with RGB data ([0..1] for floats or [0..255] for integers). Got range [-1.8610327..2.64].
2025-05-23 20:57:27,947 - matplotlib.image - WARNING - Clipping input data to the valid range for imshow with RGB data ([0..1] for floats or [0..255] for integers). Got range [-1.8610327..109.056].
2025-05-23 20:57:27,949 - matplotlib.image - WARNING - Clipping input data to the valid range for imshow with RGB data ([0..1] for floats or [0..255] for integers). Got range [-1.8610327..140.256].
2025-05-23 20:57:28,227 - matplotlib.image - WARNING - Clipping input data to the valid range for imshow with RGB data ([0..1] for floats or [0..255] for integers). Got range [-2.117904..2.64].
2025-05-23 20:57:28,229 - matplotlib.image - WARNING - Clipping input data to the valid range for imshow with RGB data ([0..1] for floats or [0..255] for integers). Got range [-2.117904..109.056].
2025-05-23 20:57:28,232 - matplotlib.image - WARNING - Clipping input data to the valid range for imshow with RGB data ([0..1] for floats or [0..255] for integers). Got range [-2.117904..140.256].
2025-05-23 20:57:28,388 - matplotlib.image - WARNING - Clipping input data to the valid range for imshow with RGB data ([0..1] for floats or [0..255] for integers). Got range [-2.117904..2.64].
2025-05-23 20:57:28,391 - matplotlib.image - WARNING - Clipping input data to the valid range for imshow with RGB data ([0..1] for floats or [0..255] for integers). Got range [-2.117904..109.056].
2025-05-23 20:57:28,393 - matplotlib.image - WARNING - Clipping input data to the valid range for imshow with RGB data ([0..1] for floats or [0..255] for integers). Got range [-2.117904..140.256].
2025-05-23 20:57:28,753 - matplotlib.image - WARNING - Clipping input data to the valid range for imshow with RGB data ([0..1] for floats or [0..255] for integers). Got range [-2.117904..2.64].
2025-05-23 20:57:28,756 - matplotlib.image - WARNING - Clipping input data to the valid range for imshow with RGB data ([0..1] for floats or [0..255] for integers). Got range [-2.117904..109.056].
2025-05-23 20:57:28,759 - matplotlib.image - WARNING - Clipping input data to the valid range for imshow with RGB data ([0..1] for floats or [0..255] for integers). Got range [-2.117904..140.256].
2025-05-23 20:57:28,902 - matplotlib.image - WARNING - Clipping input data to the valid range for imshow with RGB data ([0..1] for floats or [0..255] for integers). Got range [-2.117904..2.64].
2025-05-23 20:57:28,904 - matplotlib.image - WARNING - Clipping input data to the valid range for imshow with RGB data ([0..1] for floats or [0..255] for integers). Got range [-2.117904..109.056].
2025-05-23 20:57:28,907 - matplotlib.image - WARNING - Clipping input data to the valid range for imshow with RGB data ([0..1] for floats or [0..255] for integers). Got range [-2.117904..140.256].
2025-05-23 20:57:29,181 - matplotlib.image - WARNING - Clipping input data to the valid range for imshow with RGB data ([0..1] for floats or [0..255] for integers). Got range [-2.117904..2.64].
2025-05-23 20:57:29,183 - matplotlib.image - WARNING - Clipping input data to the valid range for imshow with RGB data ([0..1] for floats or [0..255] for integers). Got range [-2.117904..109.056].
2025-05-23 20:57:29,186 - matplotlib.image - WARNING - Clipping input data to the valid range for imshow with RGB data ([0..1] for floats or [0..255] for integers). Got range [-2.117904..140.256].
2025-05-23 20:57:29,328 - matplotlib.image - WARNING - Clipping input data to the valid range for imshow with RGB data ([0..1] for floats or [0..255] for integers). Got range [-2.117904..2.64].
2025-05-23 20:57:29,331 - matplotlib.image - WARNING - Clipping input data to the valid range for imshow with RGB data ([0..1] for floats or [0..255] for integers). Got range [-2.117904..109.056].
2025-05-23 20:57:29,333 - matplotlib.image - WARNING - Clipping input data to the valid range for imshow with RGB data ([0..1] for floats or [0..255] for integers). Got range [-2.117904..140.256].
2025-05-23 20:57:29,590 - matplotlib.image - WARNING - Clipping input data to the valid range for imshow with RGB data ([0..1] for floats or [0..255] for integers). Got range [-2.117904..2.64].
2025-05-23 20:57:29,593 - matplotlib.image - WARNING - Clipping input data to the valid range for imshow with RGB data ([0..1] for floats or [0..255] for integers). Got range [-2.117904..109.056].
2025-05-23 20:57:29,595 - matplotlib.image - WARNING - Clipping input data to the valid range for imshow with RGB data ([0..1] for floats or [0..255] for integers). Got range [-2.117904..140.256].
2025-05-23 20:57:29,734 - matplotlib.image - WARNING - Clipping input data to the valid range for imshow with RGB data ([0..1] for floats or [0..255] for integers). Got range [-2.117904..2.64].
2025-05-23 20:57:29,737 - matplotlib.image - WARNING - Clipping input data to the valid range for imshow with RGB data ([0..1] for floats or [0..255] for integers). Got range [-2.117904..109.056].
2025-05-23 20:57:29,739 - matplotlib.image - WARNING - Clipping input data to the valid range for imshow with RGB data ([0..1] for floats or [0..255] for integers). Got range [-2.117904..140.256].
2025-05-23 20:57:29,981 - matplotlib.image - WARNING - Clipping input data to the valid range for imshow with RGB data ([0..1] for floats or [0..255] for integers). Got range [-2.117904..2.64].
2025-05-23 20:57:29,984 - matplotlib.image - WARNING - Clipping input data to the valid range for imshow with RGB data ([0..1] for floats or [0..255] for integers). Got range [-2.117904..109.056].
2025-05-23 20:57:29,987 - matplotlib.image - WARNING - Clipping input data to the valid range for imshow with RGB data ([0..1] for floats or [0..255] for integers). Got range [-2.117904..140.256].
2025-05-23 20:57:30,133 - matplotlib.image - WARNING - Clipping input data to the valid range for imshow with RGB data ([0..1] for floats or [0..255] for integers). Got range [-2.117904..2.64].
2025-05-23 20:57:30,135 - matplotlib.image - WARNING - Clipping input data to the valid range for imshow with RGB data ([0..1] for floats or [0..255] for integers). Got range [-2.117904..109.056].
2025-05-23 20:57:30,138 - matplotlib.image - WARNING - Clipping input data to the valid range for imshow with RGB data ([0..1] for floats or [0..255] for integers). Got range [-2.117904..140.256].
2025-05-23 20:57:30,402 - matplotlib.image - WARNING - Clipping input data to the valid range for imshow with RGB data ([0..1] for floats or [0..255] for integers). Got range [-2.117904..2.64].
2025-05-23 20:57:30,405 - matplotlib.image - WARNING - Clipping input data to the valid range for imshow with RGB data ([0..1] for floats or [0..255] for integers). Got range [-2.117904..109.056].
2025-05-23 20:57:30,408 - matplotlib.image - WARNING - Clipping input data to the valid range for imshow with RGB data ([0..1] for floats or [0..255] for integers). Got range [-2.117904..108.94445].
2025-05-23 20:57:30,563 - matplotlib.image - WARNING - Clipping input data to the valid range for imshow with RGB data ([0..1] for floats or [0..255] for integers). Got range [-2.117904..2.64].
2025-05-23 20:57:30,566 - matplotlib.image - WARNING - Clipping input data to the valid range for imshow with RGB data ([0..1] for floats or [0..255] for integers). Got range [-2.117904..109.056].
2025-05-23 20:57:30,569 - matplotlib.image - WARNING - Clipping input data to the valid range for imshow with RGB data ([0..1] for floats or [0..255] for integers). Got range [-2.117904..108.97234].
2025-05-23 20:57:30,838 - matplotlib.image - WARNING - Clipping input data to the valid range for imshow with RGB data ([0..1] for floats or [0..255] for integers). Got range [-2.117904..2.64].
2025-05-23 20:57:30,840 - matplotlib.image - WARNING - Clipping input data to the valid range for imshow with RGB data ([0..1] for floats or [0..255] for integers). Got range [-2.117904..109.056].
2025-05-23 20:57:30,843 - matplotlib.image - WARNING - Clipping input data to the valid range for imshow with RGB data ([0..1] for floats or [0..255] for integers). Got range [-2.117904..109.01417].
2025-05-23 20:57:30,990 - matplotlib.image - WARNING - Clipping input data to the valid range for imshow with RGB data ([0..1] for floats or [0..255] for integers). Got range [-2.117904..2.64].
2025-05-23 20:57:30,993 - matplotlib.image - WARNING - Clipping input data to the valid range for imshow with RGB data ([0..1] for floats or [0..255] for integers). Got range [-2.117904..109.056].
2025-05-23 20:57:30,996 - matplotlib.image - WARNING - Clipping input data to the valid range for imshow with RGB data ([0..1] for floats or [0..255] for integers). Got range [-2.117904..109.028114].
2025-05-23 20:57:31,353 - matplotlib.image - WARNING - Clipping input data to the valid range for imshow with RGB data ([0..1] for floats or [0..255] for integers). Got range [-2.117904..2.64].
2025-05-23 20:57:31,355 - matplotlib.image - WARNING - Clipping input data to the valid range for imshow with RGB data ([0..1] for floats or [0..255] for integers). Got range [-2.117904..109.056].
2025-05-23 20:57:31,358 - matplotlib.image - WARNING - Clipping input data to the valid range for imshow with RGB data ([0..1] for floats or [0..255] for integers). Got range [-2.117904..108.84685].
2025-05-23 20:57:31,501 - matplotlib.image - WARNING - Clipping input data to the valid range for imshow with RGB data ([0..1] for floats or [0..255] for integers). Got range [-2.117904..2.64].
2025-05-23 20:57:31,504 - matplotlib.image - WARNING - Clipping input data to the valid range for imshow with RGB data ([0..1] for floats or [0..255] for integers). Got range [-2.117904..109.04903].
2025-05-23 20:57:31,507 - matplotlib.image - WARNING - Clipping input data to the valid range for imshow with RGB data ([0..1] for floats or [0..255] for integers). Got range [-2.117904..108.87473].
2025-05-23 20:57:31,756 - matplotlib.image - WARNING - Clipping input data to the valid range for imshow with RGB data ([0..1] for floats or [0..255] for integers). Got range [-2.117904..2.64].
2025-05-23 20:57:31,759 - matplotlib.image - WARNING - Clipping input data to the valid range for imshow with RGB data ([0..1] for floats or [0..255] for integers). Got range [-2.117904..109.056].
2025-05-23 20:57:31,762 - matplotlib.image - WARNING - Clipping input data to the valid range for imshow with RGB data ([0..1] for floats or [0..255] for integers). Got range [-2.117904..108.95142].
2025-05-23 20:57:31,907 - matplotlib.image - WARNING - Clipping input data to the valid range for imshow with RGB data ([0..1] for floats or [0..255] for integers). Got range [-2.117904..2.64].
2025-05-23 20:57:31,910 - matplotlib.image - WARNING - Clipping input data to the valid range for imshow with RGB data ([0..1] for floats or [0..255] for integers). Got range [-2.117904..109.04903].
2025-05-23 20:57:31,912 - matplotlib.image - WARNING - Clipping input data to the valid range for imshow with RGB data ([0..1] for floats or [0..255] for integers). Got range [-2.117904..108.84685].
2025-05-23 20:57:32,161 - matplotlib.image - WARNING - Clipping input data to the valid range for imshow with RGB data ([0..1] for floats or [0..255] for integers). Got range [-2.117904..2.64].
2025-05-23 20:57:32,164 - matplotlib.image - WARNING - Clipping input data to the valid range for imshow with RGB data ([0..1] for floats or [0..255] for integers). Got range [-2.117904..109.056].
2025-05-23 20:57:32,167 - matplotlib.image - WARNING - Clipping input data to the valid range for imshow with RGB data ([0..1] for floats or [0..255] for integers). Got range [-2.117904..108.88171].
2025-05-23 20:57:32,321 - matplotlib.image - WARNING - Clipping input data to the valid range for imshow with RGB data ([0..1] for floats or [0..255] for integers). Got range [-2.117904..2.622571].
2025-05-23 20:57:32,323 - matplotlib.image - WARNING - Clipping input data to the valid range for imshow with RGB data ([0..1] for floats or [0..255] for integers). Got range [-2.1007793..109.04205].
2025-05-23 20:57:32,327 - matplotlib.image - WARNING - Clipping input data to the valid range for imshow with RGB data ([0..1] for floats or [0..255] for integers). Got range [-2.117904..108.89565].
2025-05-23 20:57:32,514 - matplotlib.image - WARNING - Clipping input data to the valid range for imshow with RGB data ([0..1] for floats or [0..255] for integers). Got range [-2.117904..2.622571].
2025-05-23 20:57:32,517 - matplotlib.image - WARNING - Clipping input data to the valid range for imshow with RGB data ([0..1] for floats or [0..255] for integers). Got range [-2.117904..109.03509].
2025-05-23 20:57:32,520 - matplotlib.image - WARNING - Clipping input data to the valid range for imshow with RGB data ([0..1] for floats or [0..255] for integers). Got range [-2.117904..109.01417].
2025-05-23 20:57:32,677 - matplotlib.image - WARNING - Clipping input data to the valid range for imshow with RGB data ([0..1] for floats or [0..255] for integers). Got range [-2.117904..2.6051416].
2025-05-23 20:57:32,679 - matplotlib.image - WARNING - Clipping input data to the valid range for imshow with RGB data ([0..1] for floats or [0..255] for integers). Got range [-2.117904..109.03509].
2025-05-23 20:57:32,682 - matplotlib.image - WARNING - Clipping input data to the valid range for imshow with RGB data ([0..1] for floats or [0..255] for integers). Got range [-2.117904..108.96537].
2025-05-23 20:57:32,878 - matplotlib.image - WARNING - Clipping input data to the valid range for imshow with RGB data ([0..1] for floats or [0..255] for integers). Got range [-2.117904..2.5877128].
2025-05-23 20:57:32,880 - matplotlib.image - WARNING - Clipping input data to the valid range for imshow with RGB data ([0..1] for floats or [0..255] for integers). Got range [-2.117904..109.03509].
2025-05-23 20:57:32,883 - matplotlib.image - WARNING - Clipping input data to the valid range for imshow with RGB data ([0..1] for floats or [0..255] for integers). Got range [-2.117904..108.90959].
2025-05-23 20:57:33,036 - matplotlib.image - WARNING - Clipping input data to the valid range for imshow with RGB data ([0..1] for floats or [0..255] for integers). Got range [-2.117904..2.622571].
2025-05-23 20:57:33,038 - matplotlib.image - WARNING - Clipping input data to the valid range for imshow with RGB data ([0..1] for floats or [0..255] for integers). Got range [-2.117904..109.04205].
2025-05-23 20:57:33,041 - matplotlib.image - WARNING - Clipping input data to the valid range for imshow with RGB data ([0..1] for floats or [0..255] for integers). Got range [-2.117904..108.98628].
2025-05-23 20:57:33,240 - matplotlib.image - WARNING - Clipping input data to the valid range for imshow with RGB data ([0..1] for floats or [0..255] for integers). Got range [-2.117904..2.64].
2025-05-23 20:57:33,243 - matplotlib.image - WARNING - Clipping input data to the valid range for imshow with RGB data ([0..1] for floats or [0..255] for integers). Got range [-2.117904..109.056].
2025-05-23 20:57:33,246 - matplotlib.image - WARNING - Clipping input data to the valid range for imshow with RGB data ([0..1] for floats or [0..255] for integers). Got range [-2.117904..108.839874].
2025-05-23 20:57:33,487 - matplotlib.image - WARNING - Clipping input data to the valid range for imshow with RGB data ([0..1] for floats or [0..255] for integers). Got range [-2.117904..2.64].
2025-05-23 20:57:33,490 - matplotlib.image - WARNING - Clipping input data to the valid range for imshow with RGB data ([0..1] for floats or [0..255] for integers). Got range [-2.117904..109.04903].
2025-05-23 20:57:33,493 - matplotlib.image - WARNING - Clipping input data to the valid range for imshow with RGB data ([0..1] for floats or [0..255] for integers). Got range [-2.117904..108.86777].
2025-05-23 20:57:33,692 - matplotlib.image - WARNING - Clipping input data to the valid range for imshow with RGB data ([0..1] for floats or [0..255] for integers). Got range [-2.117904..2.64].
2025-05-23 20:57:33,695 - matplotlib.image - WARNING - Clipping input data to the valid range for imshow with RGB data ([0..1] for floats or [0..255] for integers). Got range [-2.117904..109.03509].
2025-05-23 20:57:33,698 - matplotlib.image - WARNING - Clipping input data to the valid range for imshow with RGB data ([0..1] for floats or [0..255] for integers). Got range [-2.117904..108.95142].
2025-05-23 20:57:33,849 - matplotlib.image - WARNING - Clipping input data to the valid range for imshow with RGB data ([0..1] for floats or [0..255] for integers). Got range [-2.117904..2.64].
2025-05-23 20:57:33,852 - matplotlib.image - WARNING - Clipping input data to the valid range for imshow with RGB data ([0..1] for floats or [0..255] for integers). Got range [-2.117904..109.056].
2025-05-23 20:57:33,855 - matplotlib.image - WARNING - Clipping input data to the valid range for imshow with RGB data ([0..1] for floats or [0..255] for integers). Got range [-2.117904..108.96537].
2025-05-23 20:57:34,058 - matplotlib.image - WARNING - Clipping input data to the valid range for imshow with RGB data ([0..1] for floats or [0..255] for integers). Got range [-2.1007793..2.5528543].
2025-05-23 20:57:34,061 - matplotlib.image - WARNING - Clipping input data to the valid range for imshow with RGB data ([0..1] for floats or [0..255] for integers). Got range [-2.1007793..109.0072].
2025-05-23 20:57:34,064 - matplotlib.image - WARNING - Clipping input data to the valid range for imshow with RGB data ([0..1] for floats or [0..255] for integers). Got range [-2.1007793..108.916565].
2025-05-23 20:57:34,256 - matplotlib.image - WARNING - Clipping input data to the valid range for imshow with RGB data ([0..1] for floats or [0..255] for integers). Got range [-2.117904..2.535425].
2025-05-23 20:57:34,259 - matplotlib.image - WARNING - Clipping input data to the valid range for imshow with RGB data ([0..1] for floats or [0..255] for integers). Got range [-2.117904..109.01417].
2025-05-23 20:57:34,262 - matplotlib.image - WARNING - Clipping input data to the valid range for imshow with RGB data ([0..1] for floats or [0..255] for integers). Got range [-2.117904..108.92354].
2025-05-23 20:57:34,480 - matplotlib.image - WARNING - Clipping input data to the valid range for imshow with RGB data ([0..1] for floats or [0..255] for integers). Got range [-2.1007793..2.3959913].
2025-05-23 20:57:34,482 - matplotlib.image - WARNING - Clipping input data to the valid range for imshow with RGB data ([0..1] for floats or [0..255] for integers). Got range [-2.1007793..108.94445].
2025-05-23 20:57:34,486 - matplotlib.image - WARNING - Clipping input data to the valid range for imshow with RGB data ([0..1] for floats or [0..255] for integers). Got range [-2.1007793..108.916565].
2025-05-23 20:57:34,629 - matplotlib.image - WARNING - Clipping input data to the valid range for imshow with RGB data ([0..1] for floats or [0..255] for integers). Got range [-2.1007793..2.3262744].
2025-05-23 20:57:34,632 - matplotlib.image - WARNING - Clipping input data to the valid range for imshow with RGB data ([0..1] for floats or [0..255] for integers). Got range [-2.1007793..108.916565].
2025-05-23 20:57:34,635 - matplotlib.image - WARNING - Clipping input data to the valid range for imshow with RGB data ([0..1] for floats or [0..255] for integers). Got range [-2.1007793..108.916565].
2025-05-23 20:57:34,846 - matplotlib.image - WARNING - Clipping input data to the valid range for imshow with RGB data ([0..1] for floats or [0..255] for integers). Got range [-2.117904..2.465708].
2025-05-23 20:57:34,849 - matplotlib.image - WARNING - Clipping input data to the valid range for imshow with RGB data ([0..1] for floats or [0..255] for integers). Got range [-2.117904..108.98628].
2025-05-23 20:57:34,852 - matplotlib.image - WARNING - Clipping input data to the valid range for imshow with RGB data ([0..1] for floats or [0..255] for integers). Got range [-2.117904..108.89565].
2025-05-23 20:57:35,003 - matplotlib.image - WARNING - Clipping input data to the valid range for imshow with RGB data ([0..1] for floats or [0..255] for integers). Got range [-2.117904..2.5005665].
2025-05-23 20:57:35,005 - matplotlib.image - WARNING - Clipping input data to the valid range for imshow with RGB data ([0..1] for floats or [0..255] for integers). Got range [-2.117904..109.00023].
2025-05-23 20:57:35,008 - matplotlib.image - WARNING - Clipping input data to the valid range for imshow with RGB data ([0..1] for floats or [0..255] for integers). Got range [-2.117904..108.89565].
2025-05-23 20:57:35,250 - matplotlib.image - WARNING - Clipping input data to the valid range for imshow with RGB data ([0..1] for floats or [0..255] for integers). Got range [-2.117904..2.5702832].
2025-05-23 20:57:35,254 - matplotlib.image - WARNING - Clipping input data to the valid range for imshow with RGB data ([0..1] for floats or [0..255] for integers). Got range [-2.117904..109.02114].
2025-05-23 20:57:35,259 - matplotlib.image - WARNING - Clipping input data to the valid range for imshow with RGB data ([0..1] for floats or [0..255] for integers). Got range [-2.117904..108.937485].
2025-05-23 20:57:35,417 - matplotlib.image - WARNING - Clipping input data to the valid range for imshow with RGB data ([0..1] for floats or [0..255] for integers). Got range [-2.117904..2.622571].
2025-05-23 20:57:35,420 - matplotlib.image - WARNING - Clipping input data to the valid range for imshow with RGB data ([0..1] for floats or [0..255] for integers). Got range [-2.117904..109.04903].
2025-05-23 20:57:35,422 - matplotlib.image - WARNING - Clipping input data to the valid range for imshow with RGB data ([0..1] for floats or [0..255] for integers). Got range [-2.117904..108.937485].
2025-05-23 20:57:35,747 - matplotlib.image - WARNING - Clipping input data to the valid range for imshow with RGB data ([0..1] for floats or [0..255] for integers). Got range [-2.117904..2.5702832].
2025-05-23 20:57:35,750 - matplotlib.image - WARNING - Clipping input data to the valid range for imshow with RGB data ([0..1] for floats or [0..255] for integers). Got range [-2.1007793..109.028114].
2025-05-23 20:57:35,753 - matplotlib.image - WARNING - Clipping input data to the valid range for imshow with RGB data ([0..1] for floats or [0..255] for integers). Got range [-2.117904..108.94445].
2025-05-23 20:57:35,890 - matplotlib.image - WARNING - Clipping input data to the valid range for imshow with RGB data ([0..1] for floats or [0..255] for integers). Got range [-2.117904..2.6051416].
2025-05-23 20:57:35,893 - matplotlib.image - WARNING - Clipping input data to the valid range for imshow with RGB data ([0..1] for floats or [0..255] for integers). Got range [-2.1007793..109.02114].
2025-05-23 20:57:35,896 - matplotlib.image - WARNING - Clipping input data to the valid range for imshow with RGB data ([0..1] for floats or [0..255] for integers). Got range [-2.117904..108.94445].
2025-05-23 20:57:36,100 - matplotlib.image - WARNING - Clipping input data to the valid range for imshow with RGB data ([0..1] for floats or [0..255] for integers). Got range [-2.1007793..2.6051416].
2025-05-23 20:57:36,103 - matplotlib.image - WARNING - Clipping input data to the valid range for imshow with RGB data ([0..1] for floats or [0..255] for integers). Got range [-2.0836544..109.04205].
2025-05-23 20:57:36,107 - matplotlib.image - WARNING - Clipping input data to the valid range for imshow with RGB data ([0..1] for floats or [0..255] for integers). Got range [-2.1007793..108.9584].
2025-05-23 20:57:36,257 - matplotlib.image - WARNING - Clipping input data to the valid range for imshow with RGB data ([0..1] for floats or [0..255] for integers). Got range [-2.1007793..2.6051416].
2025-05-23 20:57:36,260 - matplotlib.image - WARNING - Clipping input data to the valid range for imshow with RGB data ([0..1] for floats or [0..255] for integers). Got range [-2.1007793..109.04205].
2025-05-23 20:57:36,263 - matplotlib.image - WARNING - Clipping input data to the valid range for imshow with RGB data ([0..1] for floats or [0..255] for integers). Got range [-2.1007793..108.95142].
2025-05-23 20:57:36,468 - matplotlib.image - WARNING - Clipping input data to the valid range for imshow with RGB data ([0..1] for floats or [0..255] for integers). Got range [-2.0665298..2.535425].
2025-05-23 20:57:36,471 - matplotlib.image - WARNING - Clipping input data to the valid range for imshow with RGB data ([0..1] for floats or [0..255] for integers). Got range [-2.0665298..109.01417].
2025-05-23 20:57:36,474 - matplotlib.image - WARNING - Clipping input data to the valid range for imshow with RGB data ([0..1] for floats or [0..255] for integers). Got range [-2.0665298..108.96537].
2025-05-23 20:57:36,631 - matplotlib.image - WARNING - Clipping input data to the valid range for imshow with RGB data ([0..1] for floats or [0..255] for integers). Got range [-2.0836544..2.5702832].
2025-05-23 20:57:36,634 - matplotlib.image - WARNING - Clipping input data to the valid range for imshow with RGB data ([0..1] for floats or [0..255] for integers). Got range [-2.0836544..108.993256].
2025-05-23 20:57:36,637 - matplotlib.image - WARNING - Clipping input data to the valid range for imshow with RGB data ([0..1] for floats or [0..255] for integers). Got range [-2.0836544..108.9584].
2025-05-23 20:57:36,847 - matplotlib.image - WARNING - Clipping input data to the valid range for imshow with RGB data ([0..1] for floats or [0..255] for integers). Got range [-2.0836544..2.5877128].
2025-05-23 20:57:36,850 - matplotlib.image - WARNING - Clipping input data to the valid range for imshow with RGB data ([0..1] for floats or [0..255] for integers). Got range [-2.0836544..109.03509].
2025-05-23 20:57:36,853 - matplotlib.image - WARNING - Clipping input data to the valid range for imshow with RGB data ([0..1] for floats or [0..255] for integers). Got range [-2.0836544..108.96537].
2025-05-23 20:57:37,000 - matplotlib.image - WARNING - Clipping input data to the valid range for imshow with RGB data ([0..1] for floats or [0..255] for integers). Got range [-2.0665298..2.6051416].
2025-05-23 20:57:37,002 - matplotlib.image - WARNING - Clipping input data to the valid range for imshow with RGB data ([0..1] for floats or [0..255] for integers). Got range [-2.0665298..109.0072].
2025-05-23 20:57:37,005 - matplotlib.image - WARNING - Clipping input data to the valid range for imshow with RGB data ([0..1] for floats or [0..255] for integers). Got range [-2.0665298..108.9584].
2025-05-23 20:57:37,225 - matplotlib.image - WARNING - Clipping input data to the valid range for imshow with RGB data ([0..1] for floats or [0..255] for integers). Got range [-2.1007793..2.5528543].
2025-05-23 20:57:37,228 - matplotlib.image - WARNING - Clipping input data to the valid range for imshow with RGB data ([0..1] for floats or [0..255] for integers). Got range [-2.1007793..109.02114].
2025-05-23 20:57:37,231 - matplotlib.image - WARNING - Clipping input data to the valid range for imshow with RGB data ([0..1] for floats or [0..255] for integers). Got range [-2.1007793..108.95142].
2025-05-23 20:57:37,386 - matplotlib.image - WARNING - Clipping input data to the valid range for imshow with RGB data ([0..1] for floats or [0..255] for integers). Got range [-2.1007793..2.5877128].
2025-05-23 20:57:37,389 - matplotlib.image - WARNING - Clipping input data to the valid range for imshow with RGB data ([0..1] for floats or [0..255] for integers). Got range [-2.1007793..109.03509].
2025-05-23 20:57:37,392 - matplotlib.image - WARNING - Clipping input data to the valid range for imshow with RGB data ([0..1] for floats or [0..255] for integers). Got range [-2.1007793..108.94445].
2025-05-23 20:57:37,659 - matplotlib.image - WARNING - Clipping input data to the valid range for imshow with RGB data ([0..1] for floats or [0..255] for integers). Got range [-2.117904..2.64].
2025-05-23 20:57:37,662 - matplotlib.image - WARNING - Clipping input data to the valid range for imshow with RGB data ([0..1] for floats or [0..255] for integers). Got range [-2.117904..109.056].
2025-05-23 20:57:37,665 - matplotlib.image - WARNING - Clipping input data to the valid range for imshow with RGB data ([0..1] for floats or [0..255] for integers). Got range [-2.117904..109.056].
2025-05-23 20:57:37,932 - matplotlib.image - WARNING - Clipping input data to the valid range for imshow with RGB data ([0..1] for floats or [0..255] for integers). Got range [-2.117904..2.64].
2025-05-23 20:57:37,934 - matplotlib.image - WARNING - Clipping input data to the valid range for imshow with RGB data ([0..1] for floats or [0..255] for integers). Got range [-2.117904..109.056].
2025-05-23 20:57:37,939 - matplotlib.image - WARNING - Clipping input data to the valid range for imshow with RGB data ([0..1] for floats or [0..255] for integers). Got range [-2.117904..109.056].
2025-05-23 20:57:38,212 - matplotlib.image - WARNING - Clipping input data to the valid range for imshow with RGB data ([0..1] for floats or [0..255] for integers). Got range [-2.117904..2.64].
2025-05-23 20:57:38,214 - matplotlib.image - WARNING - Clipping input data to the valid range for imshow with RGB data ([0..1] for floats or [0..255] for integers). Got range [-2.117904..109.056].
2025-05-23 20:57:38,218 - matplotlib.image - WARNING - Clipping input data to the valid range for imshow with RGB data ([0..1] for floats or [0..255] for integers). Got range [-2.117904..109.056].
2025-05-23 20:57:38,374 - matplotlib.image - WARNING - Clipping input data to the valid range for imshow with RGB data ([0..1] for floats or [0..255] for integers). Got range [-2.117904..2.64].
2025-05-23 20:57:38,377 - matplotlib.image - WARNING - Clipping input data to the valid range for imshow with RGB data ([0..1] for floats or [0..255] for integers). Got range [-2.117904..109.056].
2025-05-23 20:57:38,381 - matplotlib.image - WARNING - Clipping input data to the valid range for imshow with RGB data ([0..1] for floats or [0..255] for integers). Got range [-2.117904..109.056].
2025-05-23 20:57:38,644 - matplotlib.image - WARNING - Clipping input data to the valid range for imshow with RGB data ([0..1] for floats or [0..255] for integers). Got range [-2.117904..2.64].
2025-05-23 20:57:38,646 - matplotlib.image - WARNING - Clipping input data to the valid range for imshow with RGB data ([0..1] for floats or [0..255] for integers). Got range [-2.117904..109.056].
2025-05-23 20:57:38,650 - matplotlib.image - WARNING - Clipping input data to the valid range for imshow with RGB data ([0..1] for floats or [0..255] for integers). Got range [-2.117904..109.056].
2025-05-23 20:57:38,804 - matplotlib.image - WARNING - Clipping input data to the valid range for imshow with RGB data ([0..1] for floats or [0..255] for integers). Got range [-2.117904..2.64].
2025-05-23 20:57:38,806 - matplotlib.image - WARNING - Clipping input data to the valid range for imshow with RGB data ([0..1] for floats or [0..255] for integers). Got range [-2.117904..109.056].
2025-05-23 20:57:38,810 - matplotlib.image - WARNING - Clipping input data to the valid range for imshow with RGB data ([0..1] for floats or [0..255] for integers). Got range [-2.117904..109.056].
2025-05-23 20:57:39,077 - matplotlib.image - WARNING - Clipping input data to the valid range for imshow with RGB data ([0..1] for floats or [0..255] for integers). Got range [-2.117904..2.64].
2025-05-23 20:57:39,079 - matplotlib.image - WARNING - Clipping input data to the valid range for imshow with RGB data ([0..1] for floats or [0..255] for integers). Got range [-2.117904..109.056].
2025-05-23 20:57:39,083 - matplotlib.image - WARNING - Clipping input data to the valid range for imshow with RGB data ([0..1] for floats or [0..255] for integers). Got range [-2.117904..109.056].
2025-05-23 20:57:39,248 - matplotlib.image - WARNING - Clipping input data to the valid range for imshow with RGB data ([0..1] for floats or [0..255] for integers). Got range [-2.117904..2.64].
2025-05-23 20:57:39,251 - matplotlib.image - WARNING - Clipping input data to the valid range for imshow with RGB data ([0..1] for floats or [0..255] for integers). Got range [-2.117904..109.056].
2025-05-23 20:57:39,255 - matplotlib.image - WARNING - Clipping input data to the valid range for imshow with RGB data ([0..1] for floats or [0..255] for integers). Got range [-2.117904..109.056].
2025-05-23 20:57:39,512 - matplotlib.image - WARNING - Clipping input data to the valid range for imshow with RGB data ([0..1] for floats or [0..255] for integers). Got range [-2.117904..2.64].
2025-05-23 20:57:39,515 - matplotlib.image - WARNING - Clipping input data to the valid range for imshow with RGB data ([0..1] for floats or [0..255] for integers). Got range [-2.117904..109.056].
2025-05-23 20:57:39,519 - matplotlib.image - WARNING - Clipping input data to the valid range for imshow with RGB data ([0..1] for floats or [0..255] for integers). Got range [-2.117904..109.056].
2025-05-23 20:57:39,679 - matplotlib.image - WARNING - Clipping input data to the valid range for imshow with RGB data ([0..1] for floats or [0..255] for integers). Got range [-2.117904..2.64].
2025-05-23 20:57:39,682 - matplotlib.image - WARNING - Clipping input data to the valid range for imshow with RGB data ([0..1] for floats or [0..255] for integers). Got range [-2.117904..109.056].
2025-05-23 20:57:39,686 - matplotlib.image - WARNING - Clipping input data to the valid range for imshow with RGB data ([0..1] for floats or [0..255] for integers). Got range [-2.117904..109.056].
2025-05-23 20:57:39,940 - matplotlib.image - WARNING - Clipping input data to the valid range for imshow with RGB data ([0..1] for floats or [0..255] for integers). Got range [-2.117904..2.64].
2025-05-23 20:57:39,942 - matplotlib.image - WARNING - Clipping input data to the valid range for imshow with RGB data ([0..1] for floats or [0..255] for integers). Got range [-2.117904..109.056].
2025-05-23 20:57:39,946 - matplotlib.image - WARNING - Clipping input data to the valid range for imshow with RGB data ([0..1] for floats or [0..255] for integers). Got range [-2.117904..109.056].
2025-05-23 20:57:40,105 - matplotlib.image - WARNING - Clipping input data to the valid range for imshow with RGB data ([0..1] for floats or [0..255] for integers). Got range [-2.117904..2.64].
2025-05-23 20:57:40,107 - matplotlib.image - WARNING - Clipping input data to the valid range for imshow with RGB data ([0..1] for floats or [0..255] for integers). Got range [-2.117904..109.056].
2025-05-23 20:57:40,111 - matplotlib.image - WARNING - Clipping input data to the valid range for imshow with RGB data ([0..1] for floats or [0..255] for integers). Got range [-2.117904..109.03509].
2025-05-23 20:57:40,478 - matplotlib.image - WARNING - Clipping input data to the valid range for imshow with RGB data ([0..1] for floats or [0..255] for integers). Got range [-2.117904..2.64].
2025-05-23 20:57:40,481 - matplotlib.image - WARNING - Clipping input data to the valid range for imshow with RGB data ([0..1] for floats or [0..255] for integers). Got range [-2.117904..109.056].
2025-05-23 20:57:40,483 - matplotlib.image - WARNING - Clipping input data to the valid range for imshow with RGB data ([0..1] for floats or [0..255] for integers). Got range [-2.117904..109.04205].
2025-05-23 20:57:40,637 - matplotlib.image - WARNING - Clipping input data to the valid range for imshow with RGB data ([0..1] for floats or [0..255] for integers). Got range [-2.117904..2.64].
2025-05-23 20:57:40,639 - matplotlib.image - WARNING - Clipping input data to the valid range for imshow with RGB data ([0..1] for floats or [0..255] for integers). Got range [-2.117904..109.056].
2025-05-23 20:57:40,642 - matplotlib.image - WARNING - Clipping input data to the valid range for imshow with RGB data ([0..1] for floats or [0..255] for integers). Got range [-2.117904..109.028114].
2025-05-23 20:57:40,905 - matplotlib.image - WARNING - Clipping input data to the valid range for imshow with RGB data ([0..1] for floats or [0..255] for integers). Got range [-2.0665298..2.64].
2025-05-23 20:57:40,908 - matplotlib.image - WARNING - Clipping input data to the valid range for imshow with RGB data ([0..1] for floats or [0..255] for integers). Got range [-2.0665298..109.056].
2025-05-23 20:57:40,911 - matplotlib.image - WARNING - Clipping input data to the valid range for imshow with RGB data ([0..1] for floats or [0..255] for integers). Got range [-2.0665298..109.056].
2025-05-23 20:57:41,056 - matplotlib.image - WARNING - Clipping input data to the valid range for imshow with RGB data ([0..1] for floats or [0..255] for integers). Got range [-2.1007793..2.64].
2025-05-23 20:57:41,058 - matplotlib.image - WARNING - Clipping input data to the valid range for imshow with RGB data ([0..1] for floats or [0..255] for integers). Got range [-2.1007793..109.056].
2025-05-23 20:57:41,061 - matplotlib.image - WARNING - Clipping input data to the valid range for imshow with RGB data ([0..1] for floats or [0..255] for integers). Got range [-2.1007793..109.056].
2025-05-23 20:57:41,295 - matplotlib.image - WARNING - Clipping input data to the valid range for imshow with RGB data ([0..1] for floats or [0..255] for integers). Got range [-2.0836544..2.64].
2025-05-23 20:57:41,297 - matplotlib.image - WARNING - Clipping input data to the valid range for imshow with RGB data ([0..1] for floats or [0..255] for integers). Got range [-2.0836544..109.056].
2025-05-23 20:57:41,300 - matplotlib.image - WARNING - Clipping input data to the valid range for imshow with RGB data ([0..1] for floats or [0..255] for integers). Got range [-2.0357141..109.056].
2025-05-23 20:57:41,437 - matplotlib.image - WARNING - Clipping input data to the valid range for imshow with RGB data ([0..1] for floats or [0..255] for integers). Got range [-2.1007793..2.64].
2025-05-23 20:57:41,439 - matplotlib.image - WARNING - Clipping input data to the valid range for imshow with RGB data ([0..1] for floats or [0..255] for integers). Got range [-2.0665298..109.056].
2025-05-23 20:57:41,442 - matplotlib.image - WARNING - Clipping input data to the valid range for imshow with RGB data ([0..1] for floats or [0..255] for integers). Got range [-2.0494049..109.056].
2025-05-23 20:57:41,698 - matplotlib.image - WARNING - Clipping input data to the valid range for imshow with RGB data ([0..1] for floats or [0..255] for integers). Got range [-2.0494049..2.64].
2025-05-23 20:57:41,700 - matplotlib.image - WARNING - Clipping input data to the valid range for imshow with RGB data ([0..1] for floats or [0..255] for integers). Got range [-2.0494049..109.056].
2025-05-23 20:57:41,703 - matplotlib.image - WARNING - Clipping input data to the valid range for imshow with RGB data ([0..1] for floats or [0..255] for integers). Got range [-2.0494049..109.056].
2025-05-23 20:57:41,836 - matplotlib.image - WARNING - Clipping input data to the valid range for imshow with RGB data ([0..1] for floats or [0..255] for integers). Got range [-2.0836544..2.64].
2025-05-23 20:57:41,838 - matplotlib.image - WARNING - Clipping input data to the valid range for imshow with RGB data ([0..1] for floats or [0..255] for integers). Got range [-2.0836544..109.056].
2025-05-23 20:57:41,841 - matplotlib.image - WARNING - Clipping input data to the valid range for imshow with RGB data ([0..1] for floats or [0..255] for integers). Got range [-2.0836544..109.056].
2025-05-23 20:57:42,088 - matplotlib.image - WARNING - Clipping input data to the valid range for imshow with RGB data ([0..1] for floats or [0..255] for integers). Got range [-2.0182073..2.64].
2025-05-23 20:57:42,090 - matplotlib.image - WARNING - Clipping input data to the valid range for imshow with RGB data ([0..1] for floats or [0..255] for integers). Got range [-2.0151556..109.056].
2025-05-23 20:57:42,093 - matplotlib.image - WARNING - Clipping input data to the valid range for imshow with RGB data ([0..1] for floats or [0..255] for integers). Got range [-1.9466565..109.056].
2025-05-23 20:57:42,237 - matplotlib.image - WARNING - Clipping input data to the valid range for imshow with RGB data ([0..1] for floats or [0..255] for integers). Got range [-1.9980307..2.64].
2025-05-23 20:57:42,239 - matplotlib.image - WARNING - Clipping input data to the valid range for imshow with RGB data ([0..1] for floats or [0..255] for integers). Got range [-1.9980307..109.056].
2025-05-23 20:57:42,242 - matplotlib.image - WARNING - Clipping input data to the valid range for imshow with RGB data ([0..1] for floats or [0..255] for integers). Got range [-1.9466565..109.056].
2025-05-23 20:57:42,501 - matplotlib.image - WARNING - Clipping input data to the valid range for imshow with RGB data ([0..1] for floats or [0..255] for integers). Got range [-1.980906..2.622571].
2025-05-23 20:57:42,504 - matplotlib.image - WARNING - Clipping input data to the valid range for imshow with RGB data ([0..1] for floats or [0..255] for integers). Got range [-1.980906..109.04205].
2025-05-23 20:57:42,508 - matplotlib.image - WARNING - Clipping input data to the valid range for imshow with RGB data ([0..1] for floats or [0..255] for integers). Got range [-1.980906..109.04205].
2025-05-23 20:57:42,680 - matplotlib.image - WARNING - Clipping input data to the valid range for imshow with RGB data ([0..1] for floats or [0..255] for integers). Got range [-1.980906..2.6051416].
2025-05-23 20:57:42,683 - matplotlib.image - WARNING - Clipping input data to the valid range for imshow with RGB data ([0..1] for floats or [0..255] for integers). Got range [-1.980906..109.04205].
2025-05-23 20:57:42,686 - matplotlib.image - WARNING - Clipping input data to the valid range for imshow with RGB data ([0..1] for floats or [0..255] for integers). Got range [-1.980906..109.04205].
2025-05-23 20:57:43,095 - matplotlib.image - WARNING - Clipping input data to the valid range for imshow with RGB data ([0..1] for floats or [0..255] for integers). Got range [-1.9980307..2.64].
2025-05-23 20:57:43,098 - matplotlib.image - WARNING - Clipping input data to the valid range for imshow with RGB data ([0..1] for floats or [0..255] for integers). Got range [-1.980906..109.028114].
2025-05-23 20:57:43,102 - matplotlib.image - WARNING - Clipping input data to the valid range for imshow with RGB data ([0..1] for floats or [0..255] for integers). Got range [-1.9980307..109.056].
2025-05-23 20:57:43,262 - matplotlib.image - WARNING - Clipping input data to the valid range for imshow with RGB data ([0..1] for floats or [0..255] for integers). Got range [-1.9980307..2.622571].
2025-05-23 20:57:43,265 - matplotlib.image - WARNING - Clipping input data to the valid range for imshow with RGB data ([0..1] for floats or [0..255] for integers). Got range [-1.9980307..109.03509].
2025-05-23 20:57:43,267 - matplotlib.image - WARNING - Clipping input data to the valid range for imshow with RGB data ([0..1] for floats or [0..255] for integers). Got range [-1.9980307..109.028114].
2025-05-23 20:57:43,566 - matplotlib.image - WARNING - Clipping input data to the valid range for imshow with RGB data ([0..1] for floats or [0..255] for integers). Got range [-1.9980307..2.622571].
2025-05-23 20:57:43,569 - matplotlib.image - WARNING - Clipping input data to the valid range for imshow with RGB data ([0..1] for floats or [0..255] for integers). Got range [-1.980906..109.04903].
2025-05-23 20:57:43,572 - matplotlib.image - WARNING - Clipping input data to the valid range for imshow with RGB data ([0..1] for floats or [0..255] for integers). Got range [-1.9980307..109.03509].
2025-05-23 20:57:43,744 - matplotlib.image - WARNING - Clipping input data to the valid range for imshow with RGB data ([0..1] for floats or [0..255] for integers). Got range [-2.0151556..2.622571].
2025-05-23 20:57:43,747 - matplotlib.image - WARNING - Clipping input data to the valid range for imshow with RGB data ([0..1] for floats or [0..255] for integers). Got range [-2.0151556..109.04903].
2025-05-23 20:57:43,750 - matplotlib.image - WARNING - Clipping input data to the valid range for imshow with RGB data ([0..1] for floats or [0..255] for integers). Got range [-2.0151556..109.04205].
2025-05-23 20:57:44,025 - matplotlib.image - WARNING - Clipping input data to the valid range for imshow with RGB data ([0..1] for floats or [0..255] for integers). Got range [-2.0151556..2.64].
2025-05-23 20:57:44,028 - matplotlib.image - WARNING - Clipping input data to the valid range for imshow with RGB data ([0..1] for floats or [0..255] for integers). Got range [-2.0151556..109.056].
2025-05-23 20:57:44,031 - matplotlib.image - WARNING - Clipping input data to the valid range for imshow with RGB data ([0..1] for floats or [0..255] for integers). Got range [-2.0151556..109.056].
2025-05-23 20:57:44,198 - matplotlib.image - WARNING - Clipping input data to the valid range for imshow with RGB data ([0..1] for floats or [0..255] for integers). Got range [-1.9980307..2.64].
2025-05-23 20:57:44,200 - matplotlib.image - WARNING - Clipping input data to the valid range for imshow with RGB data ([0..1] for floats or [0..255] for integers). Got range [-1.980906..109.056].
2025-05-23 20:57:44,204 - matplotlib.image - WARNING - Clipping input data to the valid range for imshow with RGB data ([0..1] for floats or [0..255] for integers). Got range [-1.9980307..109.056].
2025-05-23 20:57:44,472 - matplotlib.image - WARNING - Clipping input data to the valid range for imshow with RGB data ([0..1] for floats or [0..255] for integers). Got range [-2.0151556..2.64].
2025-05-23 20:57:44,475 - matplotlib.image - WARNING - Clipping input data to the valid range for imshow with RGB data ([0..1] for floats or [0..255] for integers). Got range [-2.0151556..109.056].
2025-05-23 20:57:44,479 - matplotlib.image - WARNING - Clipping input data to the valid range for imshow with RGB data ([0..1] for floats or [0..255] for integers). Got range [-2.0151556..109.056].
2025-05-23 20:57:44,645 - matplotlib.image - WARNING - Clipping input data to the valid range for imshow with RGB data ([0..1] for floats or [0..255] for integers). Got range [-2.0151556..2.64].
2025-05-23 20:57:44,648 - matplotlib.image - WARNING - Clipping input data to the valid range for imshow with RGB data ([0..1] for floats or [0..255] for integers). Got range [-1.9637812..109.04205].
2025-05-23 20:57:44,651 - matplotlib.image - WARNING - Clipping input data to the valid range for imshow with RGB data ([0..1] for floats or [0..255] for integers). Got range [-2.0151556..109.04903].
2025-05-23 20:57:44,921 - matplotlib.image - WARNING - Clipping input data to the valid range for imshow with RGB data ([0..1] for floats or [0..255] for integers). Got range [-2.0322802..2.64].
2025-05-23 20:57:44,923 - matplotlib.image - WARNING - Clipping input data to the valid range for imshow with RGB data ([0..1] for floats or [0..255] for integers). Got range [-2.0322802..109.056].
2025-05-23 20:57:44,927 - matplotlib.image - WARNING - Clipping input data to the valid range for imshow with RGB data ([0..1] for floats or [0..255] for integers). Got range [-2.0322802..109.028114].
2025-05-23 20:57:45,096 - matplotlib.image - WARNING - Clipping input data to the valid range for imshow with RGB data ([0..1] for floats or [0..255] for integers). Got range [-1.9980307..2.622571].
2025-05-23 20:57:45,099 - matplotlib.image - WARNING - Clipping input data to the valid range for imshow with RGB data ([0..1] for floats or [0..255] for integers). Got range [-1.9637812..109.04903].
2025-05-23 20:57:45,101 - matplotlib.image - WARNING - Clipping input data to the valid range for imshow with RGB data ([0..1] for floats or [0..255] for integers). Got range [-1.9980307..109.028114].
2025-05-23 20:57:45,396 - matplotlib.image - WARNING - Clipping input data to the valid range for imshow with RGB data ([0..1] for floats or [0..255] for integers). Got range [-2.0151556..2.622571].
2025-05-23 20:57:45,399 - matplotlib.image - WARNING - Clipping input data to the valid range for imshow with RGB data ([0..1] for floats or [0..255] for integers). Got range [-2.0151556..109.04903].
2025-05-23 20:57:45,402 - matplotlib.image - WARNING - Clipping input data to the valid range for imshow with RGB data ([0..1] for floats or [0..255] for integers). Got range [-2.0151556..109.04205].
2025-05-23 20:57:45,691 - matplotlib.image - WARNING - Clipping input data to the valid range for imshow with RGB data ([0..1] for floats or [0..255] for integers). Got range [-1.9980307..2.5877128].
2025-05-23 20:57:45,694 - matplotlib.image - WARNING - Clipping input data to the valid range for imshow with RGB data ([0..1] for floats or [0..255] for integers). Got range [-1.9980307..109.03509].
2025-05-23 20:57:45,696 - matplotlib.image - WARNING - Clipping input data to the valid range for imshow with RGB data ([0..1] for floats or [0..255] for integers). Got range [-1.9980307..109.028114].
2025-05-23 20:57:45,970 - matplotlib.image - WARNING - Clipping input data to the valid range for imshow with RGB data ([0..1] for floats or [0..255] for integers). Got range [-1.9980307..2.6051416].
2025-05-23 20:57:45,974 - matplotlib.image - WARNING - Clipping input data to the valid range for imshow with RGB data ([0..1] for floats or [0..255] for integers). Got range [-1.9980307..109.04205].
2025-05-23 20:57:45,976 - matplotlib.image - WARNING - Clipping input data to the valid range for imshow with RGB data ([0..1] for floats or [0..255] for integers). Got range [-1.9980307..109.04205].
2025-05-23 20:57:46,140 - matplotlib.image - WARNING - Clipping input data to the valid range for imshow with RGB data ([0..1] for floats or [0..255] for integers). Got range [-2.0151556..2.622571].
2025-05-23 20:57:46,143 - matplotlib.image - WARNING - Clipping input data to the valid range for imshow with RGB data ([0..1] for floats or [0..255] for integers). Got range [-1.9637812..109.04903].
2025-05-23 20:57:46,146 - matplotlib.image - WARNING - Clipping input data to the valid range for imshow with RGB data ([0..1] for floats or [0..255] for integers). Got range [-2.0151556..109.04205].
2025-05-23 20:57:46,419 - matplotlib.image - WARNING - Clipping input data to the valid range for imshow with RGB data ([0..1] for floats or [0..255] for integers). Got range [-1.980906..2.64].
2025-05-23 20:57:46,422 - matplotlib.image - WARNING - Clipping input data to the valid range for imshow with RGB data ([0..1] for floats or [0..255] for integers). Got range [-1.980906..109.03509].
2025-05-23 20:57:46,424 - matplotlib.image - WARNING - Clipping input data to the valid range for imshow with RGB data ([0..1] for floats or [0..255] for integers). Got range [-1.980906..109.04903].
2025-05-23 20:57:46,589 - matplotlib.image - WARNING - Clipping input data to the valid range for imshow with RGB data ([0..1] for floats or [0..255] for integers). Got range [-1.9637812..2.622571].
2025-05-23 20:57:46,592 - matplotlib.image - WARNING - Clipping input data to the valid range for imshow with RGB data ([0..1] for floats or [0..255] for integers). Got range [-1.9481792..109.04903].
2025-05-23 20:57:46,595 - matplotlib.image - WARNING - Clipping input data to the valid range for imshow with RGB data ([0..1] for floats or [0..255] for integers). Got range [-1.9637812..109.04903].
2025-05-23 20:57:46,857 - matplotlib.image - WARNING - Clipping input data to the valid range for imshow with RGB data ([0..1] for floats or [0..255] for integers). Got range [-2.0151556..2.622571].
2025-05-23 20:57:46,861 - matplotlib.image - WARNING - Clipping input data to the valid range for imshow with RGB data ([0..1] for floats or [0..255] for integers). Got range [-2.0151556..109.04903].
2025-05-23 20:57:46,863 - matplotlib.image - WARNING - Clipping input data to the valid range for imshow with RGB data ([0..1] for floats or [0..255] for integers). Got range [-2.0151556..109.04903].
2025-05-23 20:57:47,046 - matplotlib.image - WARNING - Clipping input data to the valid range for imshow with RGB data ([0..1] for floats or [0..255] for integers). Got range [-2.0151556..2.64].
2025-05-23 20:57:47,049 - matplotlib.image - WARNING - Clipping input data to the valid range for imshow with RGB data ([0..1] for floats or [0..255] for integers). Got range [-2.0151556..109.04205].
2025-05-23 20:57:47,052 - matplotlib.image - WARNING - Clipping input data to the valid range for imshow with RGB data ([0..1] for floats or [0..255] for integers). Got range [-2.0151556..109.056].
2025-05-23 20:57:47,322 - matplotlib.image - WARNING - Clipping input data to the valid range for imshow with RGB data ([0..1] for floats or [0..255] for integers). Got range [-2.117904..2.64].
2025-05-23 20:57:47,325 - matplotlib.image - WARNING - Clipping input data to the valid range for imshow with RGB data ([0..1] for floats or [0..255] for integers). Got range [-2.117904..109.056].
2025-05-23 20:57:47,328 - matplotlib.image - WARNING - Clipping input data to the valid range for imshow with RGB data ([0..1] for floats or [0..255] for integers). Got range [-2.117904..108.75622].
2025-05-23 20:57:47,501 - matplotlib.image - WARNING - Clipping input data to the valid range for imshow with RGB data ([0..1] for floats or [0..255] for integers). Got range [-2.117904..2.64].
2025-05-23 20:57:47,504 - matplotlib.image - WARNING - Clipping input data to the valid range for imshow with RGB data ([0..1] for floats or [0..255] for integers). Got range [-2.117904..109.056].
2025-05-23 20:57:47,507 - matplotlib.image - WARNING - Clipping input data to the valid range for imshow with RGB data ([0..1] for floats or [0..255] for integers). Got range [-2.117904..108.749245].
2025-05-23 20:57:47,770 - matplotlib.image - WARNING - Clipping input data to the valid range for imshow with RGB data ([0..1] for floats or [0..255] for integers). Got range [-2.117904..2.64].
2025-05-23 20:57:47,773 - matplotlib.image - WARNING - Clipping input data to the valid range for imshow with RGB data ([0..1] for floats or [0..255] for integers). Got range [-2.117904..109.056].
2025-05-23 20:57:47,775 - matplotlib.image - WARNING - Clipping input data to the valid range for imshow with RGB data ([0..1] for floats or [0..255] for integers). Got range [-2.117904..108.7841].
2025-05-23 20:57:47,947 - matplotlib.image - WARNING - Clipping input data to the valid range for imshow with RGB data ([0..1] for floats or [0..255] for integers). Got range [-2.117904..2.64].
2025-05-23 20:57:47,950 - matplotlib.image - WARNING - Clipping input data to the valid range for imshow with RGB data ([0..1] for floats or [0..255] for integers). Got range [-2.117904..109.03509].
2025-05-23 20:57:47,953 - matplotlib.image - WARNING - Clipping input data to the valid range for imshow with RGB data ([0..1] for floats or [0..255] for integers). Got range [-2.117904..108.79805].
2025-05-23 20:57:48,351 - matplotlib.image - WARNING - Clipping input data to the valid range for imshow with RGB data ([0..1] for floats or [0..255] for integers). Got range [-2.117904..2.64].
2025-05-23 20:57:48,353 - matplotlib.image - WARNING - Clipping input data to the valid range for imshow with RGB data ([0..1] for floats or [0..255] for integers). Got range [-2.117904..109.056].
2025-05-23 20:57:48,356 - matplotlib.image - WARNING - Clipping input data to the valid range for imshow with RGB data ([0..1] for floats or [0..255] for integers). Got range [-2.117904..108.916565].
2025-05-23 20:57:48,512 - matplotlib.image - WARNING - Clipping input data to the valid range for imshow with RGB data ([0..1] for floats or [0..255] for integers). Got range [-2.117904..2.64].
2025-05-23 20:57:48,515 - matplotlib.image - WARNING - Clipping input data to the valid range for imshow with RGB data ([0..1] for floats or [0..255] for integers). Got range [-2.117904..109.056].
2025-05-23 20:57:48,518 - matplotlib.image - WARNING - Clipping input data to the valid range for imshow with RGB data ([0..1] for floats or [0..255] for integers). Got range [-2.117904..108.89565].
2025-05-23 20:57:48,786 - matplotlib.image - WARNING - Clipping input data to the valid range for imshow with RGB data ([0..1] for floats or [0..255] for integers). Got range [-2.117904..2.64].
2025-05-23 20:57:48,788 - matplotlib.image - WARNING - Clipping input data to the valid range for imshow with RGB data ([0..1] for floats or [0..255] for integers). Got range [-2.117904..109.056].
2025-05-23 20:57:48,791 - matplotlib.image - WARNING - Clipping input data to the valid range for imshow with RGB data ([0..1] for floats or [0..255] for integers). Got range [-2.117904..109.056].
2025-05-23 20:57:48,943 - matplotlib.image - WARNING - Clipping input data to the valid range for imshow with RGB data ([0..1] for floats or [0..255] for integers). Got range [-2.117904..2.64].
2025-05-23 20:57:48,945 - matplotlib.image - WARNING - Clipping input data to the valid range for imshow with RGB data ([0..1] for floats or [0..255] for integers). Got range [-2.117904..109.056].
2025-05-23 20:57:48,948 - matplotlib.image - WARNING - Clipping input data to the valid range for imshow with RGB data ([0..1] for floats or [0..255] for integers). Got range [-2.117904..109.04903].
2025-05-23 20:57:49,209 - matplotlib.image - WARNING - Clipping input data to the valid range for imshow with RGB data ([0..1] for floats or [0..255] for integers). Got range [-2.117904..2.622571].
2025-05-23 20:57:49,212 - matplotlib.image - WARNING - Clipping input data to the valid range for imshow with RGB data ([0..1] for floats or [0..255] for integers). Got range [-2.117904..109.04903].
2025-05-23 20:57:49,214 - matplotlib.image - WARNING - Clipping input data to the valid range for imshow with RGB data ([0..1] for floats or [0..255] for integers). Got range [-2.117904..109.03509].
2025-05-23 20:57:49,374 - matplotlib.image - WARNING - Clipping input data to the valid range for imshow with RGB data ([0..1] for floats or [0..255] for integers). Got range [-2.117904..2.64].
2025-05-23 20:57:49,377 - matplotlib.image - WARNING - Clipping input data to the valid range for imshow with RGB data ([0..1] for floats or [0..255] for integers). Got range [-2.117904..109.04903].
2025-05-23 20:57:49,380 - matplotlib.image - WARNING - Clipping input data to the valid range for imshow with RGB data ([0..1] for floats or [0..255] for integers). Got range [-2.117904..109.056].
2025-05-23 20:57:49,629 - matplotlib.image - WARNING - Clipping input data to the valid range for imshow with RGB data ([0..1] for floats or [0..255] for integers). Got range [-2.117904..2.64].
2025-05-23 20:57:49,631 - matplotlib.image - WARNING - Clipping input data to the valid range for imshow with RGB data ([0..1] for floats or [0..255] for integers). Got range [-2.117904..109.056].
2025-05-23 20:57:49,634 - matplotlib.image - WARNING - Clipping input data to the valid range for imshow with RGB data ([0..1] for floats or [0..255] for integers). Got range [-2.117904..108.993256].
2025-05-23 20:57:49,785 - matplotlib.image - WARNING - Clipping input data to the valid range for imshow with RGB data ([0..1] for floats or [0..255] for integers). Got range [-2.117904..2.64].
2025-05-23 20:57:49,788 - matplotlib.image - WARNING - Clipping input data to the valid range for imshow with RGB data ([0..1] for floats or [0..255] for integers). Got range [-2.117904..109.04903].
2025-05-23 20:57:49,791 - matplotlib.image - WARNING - Clipping input data to the valid range for imshow with RGB data ([0..1] for floats or [0..255] for integers). Got range [-2.117904..108.93051].
2025-05-23 20:57:50,045 - matplotlib.image - WARNING - Clipping input data to the valid range for imshow with RGB data ([0..1] for floats or [0..255] for integers). Got range [-2.117904..2.64].
2025-05-23 20:57:50,048 - matplotlib.image - WARNING - Clipping input data to the valid range for imshow with RGB data ([0..1] for floats or [0..255] for integers). Got range [-2.117904..109.056].
2025-05-23 20:57:50,051 - matplotlib.image - WARNING - Clipping input data to the valid range for imshow with RGB data ([0..1] for floats or [0..255] for integers). Got range [-2.117904..109.0072].
2025-05-23 20:57:50,210 - matplotlib.image - WARNING - Clipping input data to the valid range for imshow with RGB data ([0..1] for floats or [0..255] for integers). Got range [-2.117904..2.64].
2025-05-23 20:57:50,212 - matplotlib.image - WARNING - Clipping input data to the valid range for imshow with RGB data ([0..1] for floats or [0..255] for integers). Got range [-2.117904..109.056].
2025-05-23 20:57:50,215 - matplotlib.image - WARNING - Clipping input data to the valid range for imshow with RGB data ([0..1] for floats or [0..255] for integers). Got range [-2.117904..109.02114].
2025-05-23 20:57:50,456 - matplotlib.image - WARNING - Clipping input data to the valid range for imshow with RGB data ([0..1] for floats or [0..255] for integers). Got range [-2.117904..2.64].
2025-05-23 20:57:50,459 - matplotlib.image - WARNING - Clipping input data to the valid range for imshow with RGB data ([0..1] for floats or [0..255] for integers). Got range [-2.117904..109.056].
2025-05-23 20:57:50,461 - matplotlib.image - WARNING - Clipping input data to the valid range for imshow with RGB data ([0..1] for floats or [0..255] for integers). Got range [-2.117904..109.02114].
2025-05-23 20:57:50,715 - matplotlib.image - WARNING - Clipping input data to the valid range for imshow with RGB data ([0..1] for floats or [0..255] for integers). Got range [-2.117904..2.64].
2025-05-23 20:57:50,718 - matplotlib.image - WARNING - Clipping input data to the valid range for imshow with RGB data ([0..1] for floats or [0..255] for integers). Got range [-2.117904..109.056].
2025-05-23 20:57:50,721 - matplotlib.image - WARNING - Clipping input data to the valid range for imshow with RGB data ([0..1] for floats or [0..255] for integers). Got range [-2.117904..109.02114].
2025-05-23 20:57:50,981 - matplotlib.image - WARNING - Clipping input data to the valid range for imshow with RGB data ([0..1] for floats or [0..255] for integers). Got range [-2.117904..2.64].
2025-05-23 20:57:50,984 - matplotlib.image - WARNING - Clipping input data to the valid range for imshow with RGB data ([0..1] for floats or [0..255] for integers). Got range [-2.117904..109.056].
2025-05-23 20:57:50,986 - matplotlib.image - WARNING - Clipping input data to the valid range for imshow with RGB data ([0..1] for floats or [0..255] for integers). Got range [-2.117904..109.056].
2025-05-23 20:57:51,134 - matplotlib.image - WARNING - Clipping input data to the valid range for imshow with RGB data ([0..1] for floats or [0..255] for integers). Got range [-2.117904..2.64].
2025-05-23 20:57:51,136 - matplotlib.image - WARNING - Clipping input data to the valid range for imshow with RGB data ([0..1] for floats or [0..255] for integers). Got range [-2.117904..109.056].
2025-05-23 20:57:51,139 - matplotlib.image - WARNING - Clipping input data to the valid range for imshow with RGB data ([0..1] for floats or [0..255] for integers). Got range [-2.117904..108.97931].
2025-05-23 20:57:51,414 - matplotlib.image - WARNING - Clipping input data to the valid range for imshow with RGB data ([0..1] for floats or [0..255] for integers). Got range [-1.9637812..2.2042704].
2025-05-23 20:57:51,417 - matplotlib.image - WARNING - Clipping input data to the valid range for imshow with RGB data ([0..1] for floats or [0..255] for integers). Got range [-1.9637812..108.88171].
2025-05-23 20:57:51,420 - matplotlib.image - WARNING - Clipping input data to the valid range for imshow with RGB data ([0..1] for floats or [0..255] for integers). Got range [-1.9637812..108.88171].
2025-05-23 20:57:51,578 - matplotlib.image - WARNING - Clipping input data to the valid range for imshow with RGB data ([0..1] for floats or [0..255] for integers). Got range [-1.9637812..2.2391288].
2025-05-23 20:57:51,581 - matplotlib.image - WARNING - Clipping input data to the valid range for imshow with RGB data ([0..1] for floats or [0..255] for integers). Got range [-1.9637812..108.89565].
2025-05-23 20:57:51,584 - matplotlib.image - WARNING - Clipping input data to the valid range for imshow with RGB data ([0..1] for floats or [0..255] for integers). Got range [-1.9637812..108.89565].
2025-05-23 20:57:51,854 - matplotlib.image - WARNING - Clipping input data to the valid range for imshow with RGB data ([0..1] for floats or [0..255] for integers). Got range [-2.0151556..2.343704].
2025-05-23 20:57:51,857 - matplotlib.image - WARNING - Clipping input data to the valid range for imshow with RGB data ([0..1] for floats or [0..255] for integers). Got range [-2.0151556..108.937485].
2025-05-23 20:57:51,859 - matplotlib.image - WARNING - Clipping input data to the valid range for imshow with RGB data ([0..1] for floats or [0..255] for integers). Got range [-2.0151556..108.937485].
2025-05-23 20:57:52,016 - matplotlib.image - WARNING - Clipping input data to the valid range for imshow with RGB data ([0..1] for floats or [0..255] for integers). Got range [-2.0322802..2.3785625].
2025-05-23 20:57:52,018 - matplotlib.image - WARNING - Clipping input data to the valid range for imshow with RGB data ([0..1] for floats or [0..255] for integers). Got range [-2.0151556..108.95142].
2025-05-23 20:57:52,022 - matplotlib.image - WARNING - Clipping input data to the valid range for imshow with RGB data ([0..1] for floats or [0..255] for integers). Got range [-2.0322802..108.95142].
2025-05-23 20:57:52,266 - matplotlib.image - WARNING - Clipping input data to the valid range for imshow with RGB data ([0..1] for floats or [0..255] for integers). Got range [-1.980906..2.343704].
2025-05-23 20:57:52,269 - matplotlib.image - WARNING - Clipping input data to the valid range for imshow with RGB data ([0..1] for floats or [0..255] for integers). Got range [-1.980906..108.937485].
2025-05-23 20:57:52,272 - matplotlib.image - WARNING - Clipping input data to the valid range for imshow with RGB data ([0..1] for floats or [0..255] for integers). Got range [-1.980906..108.937485].
2025-05-23 20:57:52,423 - matplotlib.image - WARNING - Clipping input data to the valid range for imshow with RGB data ([0..1] for floats or [0..255] for integers). Got range [-1.980906..2.4134207].
2025-05-23 20:57:52,426 - matplotlib.image - WARNING - Clipping input data to the valid range for imshow with RGB data ([0..1] for floats or [0..255] for integers). Got range [-1.9637812..108.96537].
2025-05-23 20:57:52,429 - matplotlib.image - WARNING - Clipping input data to the valid range for imshow with RGB data ([0..1] for floats or [0..255] for integers). Got range [-1.980906..108.96537].
2025-05-23 20:57:52,674 - matplotlib.image - WARNING - Clipping input data to the valid range for imshow with RGB data ([0..1] for floats or [0..255] for integers). Got range [-1.9637812..2.343704].
2025-05-23 20:57:52,678 - matplotlib.image - WARNING - Clipping input data to the valid range for imshow with RGB data ([0..1] for floats or [0..255] for integers). Got range [-1.9637812..108.937485].
2025-05-23 20:57:52,680 - matplotlib.image - WARNING - Clipping input data to the valid range for imshow with RGB data ([0..1] for floats or [0..255] for integers). Got range [-1.9637812..108.937485].
2025-05-23 20:57:52,847 - matplotlib.image - WARNING - Clipping input data to the valid range for imshow with RGB data ([0..1] for floats or [0..255] for integers). Got range [-1.9980307..2.3262744].
2025-05-23 20:57:52,849 - matplotlib.image - WARNING - Clipping input data to the valid range for imshow with RGB data ([0..1] for floats or [0..255] for integers). Got range [-1.9980307..108.93051].
2025-05-23 20:57:52,852 - matplotlib.image - WARNING - Clipping input data to the valid range for imshow with RGB data ([0..1] for floats or [0..255] for integers). Got range [-1.9980307..108.93051].
2025-05-23 20:57:53,110 - matplotlib.image - WARNING - Clipping input data to the valid range for imshow with RGB data ([0..1] for floats or [0..255] for integers). Got range [-1.8610327..2.343704].
2025-05-23 20:57:53,114 - matplotlib.image - WARNING - Clipping input data to the valid range for imshow with RGB data ([0..1] for floats or [0..255] for integers). Got range [-1.843908..108.937485].
2025-05-23 20:57:53,117 - matplotlib.image - WARNING - Clipping input data to the valid range for imshow with RGB data ([0..1] for floats or [0..255] for integers). Got range [-1.8610327..108.937485].
2025-05-23 20:57:53,386 - matplotlib.image - WARNING - Clipping input data to the valid range for imshow with RGB data ([0..1] for floats or [0..255] for integers). Got range [-1.8267832..2.3088455].
2025-05-23 20:57:53,389 - matplotlib.image - WARNING - Clipping input data to the valid range for imshow with RGB data ([0..1] for floats or [0..255] for integers). Got range [-1.7925336..108.916565].
2025-05-23 20:57:53,392 - matplotlib.image - WARNING - Clipping input data to the valid range for imshow with RGB data ([0..1] for floats or [0..255] for integers). Got range [-1.8267832..108.92354].
2025-05-23 20:57:53,656 - matplotlib.image - WARNING - Clipping input data to the valid range for imshow with RGB data ([0..1] for floats or [0..255] for integers). Got range [-1.7380952..2.2216995].
2025-05-23 20:57:53,659 - matplotlib.image - WARNING - Clipping input data to the valid range for imshow with RGB data ([0..1] for floats or [0..255] for integers). Got range [-1.7380952..108.88868].
2025-05-23 20:57:53,662 - matplotlib.image - WARNING - Clipping input data to the valid range for imshow with RGB data ([0..1] for floats or [0..255] for integers). Got range [-1.5630252..108.88868].
2025-05-23 20:57:53,816 - matplotlib.image - WARNING - Clipping input data to the valid range for imshow with RGB data ([0..1] for floats or [0..255] for integers). Got range [-1.6505601..2.186841].
2025-05-23 20:57:53,819 - matplotlib.image - WARNING - Clipping input data to the valid range for imshow with RGB data ([0..1] for floats or [0..255] for integers). Got range [-1.5630252..108.87473].
2025-05-23 20:57:53,822 - matplotlib.image - WARNING - Clipping input data to the valid range for imshow with RGB data ([0..1] for floats or [0..255] for integers). Got range [-1.5280112..108.87473].
2025-05-23 20:57:54,090 - matplotlib.image - WARNING - Clipping input data to the valid range for imshow with RGB data ([0..1] for floats or [0..255] for integers). Got range [-2.117904..2.64].
2025-05-23 20:57:54,093 - matplotlib.image - WARNING - Clipping input data to the valid range for imshow with RGB data ([0..1] for floats or [0..255] for integers). Got range [-2.117904..109.056].
2025-05-23 20:57:54,095 - matplotlib.image - WARNING - Clipping input data to the valid range for imshow with RGB data ([0..1] for floats or [0..255] for integers). Got range [-2.0836544..153.51598].
2025-05-23 20:57:54,258 - matplotlib.image - WARNING - Clipping input data to the valid range for imshow with RGB data ([0..1] for floats or [0..255] for integers). Got range [-2.1007793..2.64].
2025-05-23 20:57:54,260 - matplotlib.image - WARNING - Clipping input data to the valid range for imshow with RGB data ([0..1] for floats or [0..255] for integers). Got range [-2.1007793..109.056].
2025-05-23 20:57:54,263 - matplotlib.image - WARNING - Clipping input data to the valid range for imshow with RGB data ([0..1] for floats or [0..255] for integers). Got range [-2.0836544..153.47487].
2025-05-23 20:57:54,540 - matplotlib.image - WARNING - Clipping input data to the valid range for imshow with RGB data ([0..1] for floats or [0..255] for integers). Got range [-2.0836544..2.6051416].
2025-05-23 20:57:54,543 - matplotlib.image - WARNING - Clipping input data to the valid range for imshow with RGB data ([0..1] for floats or [0..255] for integers). Got range [-2.0836544..109.04205].
2025-05-23 20:57:54,545 - matplotlib.image - WARNING - Clipping input data to the valid range for imshow with RGB data ([0..1] for floats or [0..255] for integers). Got range [-2.0836544..153.54337].
2025-05-23 20:57:54,707 - matplotlib.image - WARNING - Clipping input data to the valid range for imshow with RGB data ([0..1] for floats or [0..255] for integers). Got range [-2.117904..2.5877128].
2025-05-23 20:57:54,710 - matplotlib.image - WARNING - Clipping input data to the valid range for imshow with RGB data ([0..1] for floats or [0..255] for integers). Got range [-2.1007793..109.03509].
2025-05-23 20:57:54,713 - matplotlib.image - WARNING - Clipping input data to the valid range for imshow with RGB data ([0..1] for floats or [0..255] for integers). Got range [-2.1007793..153.54337].
2025-05-23 20:57:54,968 - matplotlib.image - WARNING - Clipping input data to the valid range for imshow with RGB data ([0..1] for floats or [0..255] for integers). Got range [-2.117904..2.64].
2025-05-23 20:57:54,970 - matplotlib.image - WARNING - Clipping input data to the valid range for imshow with RGB data ([0..1] for floats or [0..255] for integers). Got range [-2.117904..109.056].
2025-05-23 20:57:54,973 - matplotlib.image - WARNING - Clipping input data to the valid range for imshow with RGB data ([0..1] for floats or [0..255] for integers). Got range [-2.1007793..153.41322].
2025-05-23 20:57:55,126 - matplotlib.image - WARNING - Clipping input data to the valid range for imshow with RGB data ([0..1] for floats or [0..255] for integers). Got range [-2.117904..2.622571].
2025-05-23 20:57:55,129 - matplotlib.image - WARNING - Clipping input data to the valid range for imshow with RGB data ([0..1] for floats or [0..255] for integers). Got range [-2.117904..109.04903].
2025-05-23 20:57:55,137 - matplotlib.image - WARNING - Clipping input data to the valid range for imshow with RGB data ([0..1] for floats or [0..255] for integers). Got range [-2.117904..153.36526].
2025-05-23 20:57:55,401 - matplotlib.image - WARNING - Clipping input data to the valid range for imshow with RGB data ([0..1] for floats or [0..255] for integers). Got range [-2.117904..2.6051416].
2025-05-23 20:57:55,403 - matplotlib.image - WARNING - Clipping input data to the valid range for imshow with RGB data ([0..1] for floats or [0..255] for integers). Got range [-2.117904..109.04205].
2025-05-23 20:57:55,406 - matplotlib.image - WARNING - Clipping input data to the valid range for imshow with RGB data ([0..1] for floats or [0..255] for integers). Got range [-2.0836544..153.54337].
2025-05-23 20:57:55,570 - matplotlib.image - WARNING - Clipping input data to the valid range for imshow with RGB data ([0..1] for floats or [0..255] for integers). Got range [-2.117904..2.5702832].
2025-05-23 20:57:55,573 - matplotlib.image - WARNING - Clipping input data to the valid range for imshow with RGB data ([0..1] for floats or [0..255] for integers). Got range [-2.117904..109.028114].
2025-05-23 20:57:55,577 - matplotlib.image - WARNING - Clipping input data to the valid range for imshow with RGB data ([0..1] for floats or [0..255] for integers). Got range [-2.1007793..153.42007].
2025-05-23 20:57:56,000 - matplotlib.image - WARNING - Clipping input data to the valid range for imshow with RGB data ([0..1] for floats or [0..255] for integers). Got range [-2.117904..2.5528543].
2025-05-23 20:57:56,003 - matplotlib.image - WARNING - Clipping input data to the valid range for imshow with RGB data ([0..1] for floats or [0..255] for integers). Got range [-2.117904..109.02114].
2025-05-23 20:57:56,006 - matplotlib.image - WARNING - Clipping input data to the valid range for imshow with RGB data ([0..1] for floats or [0..255] for integers). Got range [-2.117904..153.36526].
2025-05-23 20:57:56,159 - matplotlib.image - WARNING - Clipping input data to the valid range for imshow with RGB data ([0..1] for floats or [0..255] for integers). Got range [-2.117904..2.535425].
2025-05-23 20:57:56,162 - matplotlib.image - WARNING - Clipping input data to the valid range for imshow with RGB data ([0..1] for floats or [0..255] for integers). Got range [-2.117904..109.01417].
2025-05-23 20:57:56,166 - matplotlib.image - WARNING - Clipping input data to the valid range for imshow with RGB data ([0..1] for floats or [0..255] for integers). Got range [-2.117904..153.42007].
2025-05-23 20:57:56,418 - matplotlib.image - WARNING - Clipping input data to the valid range for imshow with RGB data ([0..1] for floats or [0..255] for integers). Got range [-2.117904..2.535425].
2025-05-23 20:57:56,420 - matplotlib.image - WARNING - Clipping input data to the valid range for imshow with RGB data ([0..1] for floats or [0..255] for integers). Got range [-2.117904..109.01417].
2025-05-23 20:57:56,424 - matplotlib.image - WARNING - Clipping input data to the valid range for imshow with RGB data ([0..1] for floats or [0..255] for integers). Got range [-2.1007793..153.39952].
2025-05-23 20:57:56,577 - matplotlib.image - WARNING - Clipping input data to the valid range for imshow with RGB data ([0..1] for floats or [0..255] for integers). Got range [-2.117904..2.465708].
2025-05-23 20:57:56,580 - matplotlib.image - WARNING - Clipping input data to the valid range for imshow with RGB data ([0..1] for floats or [0..255] for integers). Got range [-2.117904..108.98628].
2025-05-23 20:57:56,583 - matplotlib.image - WARNING - Clipping input data to the valid range for imshow with RGB data ([0..1] for floats or [0..255] for integers). Got range [-2.0836544..153.42693].
2025-05-23 20:57:56,834 - matplotlib.image - WARNING - Clipping input data to the valid range for imshow with RGB data ([0..1] for floats or [0..255] for integers). Got range [-2.117904..2.5528543].
2025-05-23 20:57:56,836 - matplotlib.image - WARNING - Clipping input data to the valid range for imshow with RGB data ([0..1] for floats or [0..255] for integers). Got range [-2.117904..109.02114].
2025-05-23 20:57:56,839 - matplotlib.image - WARNING - Clipping input data to the valid range for imshow with RGB data ([0..1] for floats or [0..255] for integers). Got range [-2.1007793..153.44061].
2025-05-23 20:57:56,993 - matplotlib.image - WARNING - Clipping input data to the valid range for imshow with RGB data ([0..1] for floats or [0..255] for integers). Got range [-2.117904..2.535425].
2025-05-23 20:57:56,995 - matplotlib.image - WARNING - Clipping input data to the valid range for imshow with RGB data ([0..1] for floats or [0..255] for integers). Got range [-2.117904..109.01417].
2025-05-23 20:57:56,998 - matplotlib.image - WARNING - Clipping input data to the valid range for imshow with RGB data ([0..1] for floats or [0..255] for integers). Got range [-2.0836544..153.45432].
2025-05-23 20:57:57,259 - matplotlib.image - WARNING - Clipping input data to the valid range for imshow with RGB data ([0..1] for floats or [0..255] for integers). Got range [-1.5699118..2.622571].
2025-05-23 20:57:57,261 - matplotlib.image - WARNING - Clipping input data to the valid range for imshow with RGB data ([0..1] for floats or [0..255] for integers). Got range [-1.5699118..109.04903].
2025-05-23 20:57:57,264 - matplotlib.image - WARNING - Clipping input data to the valid range for imshow with RGB data ([0..1] for floats or [0..255] for integers). Got range [-1.5699118..108.937485].
2025-05-23 20:57:57,439 - matplotlib.image - WARNING - Clipping input data to the valid range for imshow with RGB data ([0..1] for floats or [0..255] for integers). Got range [-1.6555357..2.64].
2025-05-23 20:57:57,442 - matplotlib.image - WARNING - Clipping input data to the valid range for imshow with RGB data ([0..1] for floats or [0..255] for integers). Got range [-1.6555357..109.056].
2025-05-23 20:57:57,445 - matplotlib.image - WARNING - Clipping input data to the valid range for imshow with RGB data ([0..1] for floats or [0..255] for integers). Got range [-1.6555357..108.93051].
2025-05-23 20:57:57,729 - matplotlib.image - WARNING - Clipping input data to the valid range for imshow with RGB data ([0..1] for floats or [0..255] for integers). Got range [-1.5527872..2.64].
2025-05-23 20:57:57,732 - matplotlib.image - WARNING - Clipping input data to the valid range for imshow with RGB data ([0..1] for floats or [0..255] for integers). Got range [-1.5527872..109.056].
2025-05-23 20:57:57,735 - matplotlib.image - WARNING - Clipping input data to the valid range for imshow with RGB data ([0..1] for floats or [0..255] for integers). Got range [-1.5527872..109.00023].
2025-05-23 20:57:57,899 - matplotlib.image - WARNING - Clipping input data to the valid range for imshow with RGB data ([0..1] for floats or [0..255] for integers). Got range [-1.5870366..2.64].
2025-05-23 20:57:57,902 - matplotlib.image - WARNING - Clipping input data to the valid range for imshow with RGB data ([0..1] for floats or [0..255] for integers). Got range [-1.1589178..109.056].
2025-05-23 20:57:57,905 - matplotlib.image - WARNING - Clipping input data to the valid range for imshow with RGB data ([0..1] for floats or [0..255] for integers). Got range [-1.5870366..108.92354].
2025-05-23 20:57:58,161 - matplotlib.image - WARNING - Clipping input data to the valid range for imshow with RGB data ([0..1] for floats or [0..255] for integers). Got range [-1.2445416..2.64].
2025-05-23 20:57:58,163 - matplotlib.image - WARNING - Clipping input data to the valid range for imshow with RGB data ([0..1] for floats or [0..255] for integers). Got range [-1.2445416..109.056].
2025-05-23 20:57:58,166 - matplotlib.image - WARNING - Clipping input data to the valid range for imshow with RGB data ([0..1] for floats or [0..255] for integers). Got range [-1.2445416..109.02114].
2025-05-23 20:57:58,448 - matplotlib.image - WARNING - Clipping input data to the valid range for imshow with RGB data ([0..1] for floats or [0..255] for integers). Got range [-1.2445416..2.64].
2025-05-23 20:57:58,451 - matplotlib.image - WARNING - Clipping input data to the valid range for imshow with RGB data ([0..1] for floats or [0..255] for integers). Got range [-1.004795..109.056].
2025-05-23 20:57:58,454 - matplotlib.image - WARNING - Clipping input data to the valid range for imshow with RGB data ([0..1] for floats or [0..255] for integers). Got range [-1.2445416..108.993256].
2025-05-23 20:57:58,706 - matplotlib.image - WARNING - Clipping input data to the valid range for imshow with RGB data ([0..1] for floats or [0..255] for integers). Got range [-1.8952821..2.64].
2025-05-23 20:57:58,709 - matplotlib.image - WARNING - Clipping input data to the valid range for imshow with RGB data ([0..1] for floats or [0..255] for integers). Got range [-1.8952821..109.056].
2025-05-23 20:57:58,712 - matplotlib.image - WARNING - Clipping input data to the valid range for imshow with RGB data ([0..1] for floats or [0..255] for integers). Got range [-1.8952821..108.97931].
2025-05-23 20:57:58,870 - matplotlib.image - WARNING - Clipping input data to the valid range for imshow with RGB data ([0..1] for floats or [0..255] for integers). Got range [-1.7411594..2.64].
2025-05-23 20:57:58,873 - matplotlib.image - WARNING - Clipping input data to the valid range for imshow with RGB data ([0..1] for floats or [0..255] for integers). Got range [-1.3815396..109.056].
2025-05-23 20:57:58,875 - matplotlib.image - WARNING - Clipping input data to the valid range for imshow with RGB data ([0..1] for floats or [0..255] for integers). Got range [-1.7411594..109.00023].
2025-05-23 20:57:59,147 - matplotlib.image - WARNING - Clipping input data to the valid range for imshow with RGB data ([0..1] for floats or [0..255] for integers). Got range [-1.3130406..2.622571].
2025-05-23 20:57:59,149 - matplotlib.image - WARNING - Clipping input data to the valid range for imshow with RGB data ([0..1] for floats or [0..255] for integers). Got range [-1.2616663..109.04903].
2025-05-23 20:57:59,152 - matplotlib.image - WARNING - Clipping input data to the valid range for imshow with RGB data ([0..1] for floats or [0..255] for integers). Got range [-1.3130406..108.993256].
2025-05-23 20:57:59,308 - matplotlib.image - WARNING - Clipping input data to the valid range for imshow with RGB data ([0..1] for floats or [0..255] for integers). Got range [-1.3130406..2.64].
2025-05-23 20:57:59,311 - matplotlib.image - WARNING - Clipping input data to the valid range for imshow with RGB data ([0..1] for floats or [0..255] for integers). Got range [-1.3130406..109.056].
2025-05-23 20:57:59,314 - matplotlib.image - WARNING - Clipping input data to the valid range for imshow with RGB data ([0..1] for floats or [0..255] for integers). Got range [-1.3130406..109.01417].
2025-05-23 20:57:59,569 - matplotlib.image - WARNING - Clipping input data to the valid range for imshow with RGB data ([0..1] for floats or [0..255] for integers). Got range [-1.9637812..2.64].
2025-05-23 20:57:59,571 - matplotlib.image - WARNING - Clipping input data to the valid range for imshow with RGB data ([0..1] for floats or [0..255] for integers). Got range [-1.9637812..109.056].
2025-05-23 20:57:59,574 - matplotlib.image - WARNING - Clipping input data to the valid range for imshow with RGB data ([0..1] for floats or [0..255] for integers). Got range [-1.9637812..109.056].
2025-05-23 20:57:59,722 - matplotlib.image - WARNING - Clipping input data to the valid range for imshow with RGB data ([0..1] for floats or [0..255] for integers). Got range [-1.9295317..2.64].
2025-05-23 20:57:59,725 - matplotlib.image - WARNING - Clipping input data to the valid range for imshow with RGB data ([0..1] for floats or [0..255] for integers). Got range [-1.9295317..109.056].
2025-05-23 20:57:59,727 - matplotlib.image - WARNING - Clipping input data to the valid range for imshow with RGB data ([0..1] for floats or [0..255] for integers). Got range [-1.9295317..109.056].
2025-05-23 20:57:59,976 - matplotlib.image - WARNING - Clipping input data to the valid range for imshow with RGB data ([0..1] for floats or [0..255] for integers). Got range [-2.117904..2.64].
2025-05-23 20:57:59,979 - matplotlib.image - WARNING - Clipping input data to the valid range for imshow with RGB data ([0..1] for floats or [0..255] for integers). Got range [-2.117904..109.056].
2025-05-23 20:57:59,982 - matplotlib.image - WARNING - Clipping input data to the valid range for imshow with RGB data ([0..1] for floats or [0..255] for integers). Got range [-2.117904..109.056].
2025-05-23 20:58:00,128 - matplotlib.image - WARNING - Clipping input data to the valid range for imshow with RGB data ([0..1] for floats or [0..255] for integers). Got range [-2.0836544..2.64].
2025-05-23 20:58:00,131 - matplotlib.image - WARNING - Clipping input data to the valid range for imshow with RGB data ([0..1] for floats or [0..255] for integers). Got range [-2.0322802..109.056].
2025-05-23 20:58:00,134 - matplotlib.image - WARNING - Clipping input data to the valid range for imshow with RGB data ([0..1] for floats or [0..255] for integers). Got range [-2.0836544..109.056].
2025-05-23 20:58:00,381 - matplotlib.image - WARNING - Clipping input data to the valid range for imshow with RGB data ([0..1] for floats or [0..255] for integers). Got range [-2.0494049..2.64].
2025-05-23 20:58:00,383 - matplotlib.image - WARNING - Clipping input data to the valid range for imshow with RGB data ([0..1] for floats or [0..255] for integers). Got range [-2.0494049..109.056].
2025-05-23 20:58:00,386 - matplotlib.image - WARNING - Clipping input data to the valid range for imshow with RGB data ([0..1] for floats or [0..255] for integers). Got range [-2.0494049..109.056].
2025-05-23 20:58:00,536 - matplotlib.image - WARNING - Clipping input data to the valid range for imshow with RGB data ([0..1] for floats or [0..255] for integers). Got range [-2.0494049..2.64].
2025-05-23 20:58:00,539 - matplotlib.image - WARNING - Clipping input data to the valid range for imshow with RGB data ([0..1] for floats or [0..255] for integers). Got range [-2.0322802..109.056].
2025-05-23 20:58:00,542 - matplotlib.image - WARNING - Clipping input data to the valid range for imshow with RGB data ([0..1] for floats or [0..255] for integers). Got range [-2.0494049..109.056].
2025-05-23 20:58:00,790 - matplotlib.image - WARNING - Clipping input data to the valid range for imshow with RGB data ([0..1] for floats or [0..255] for integers). Got range [-2.0665298..2.64].
2025-05-23 20:58:00,793 - matplotlib.image - WARNING - Clipping input data to the valid range for imshow with RGB data ([0..1] for floats or [0..255] for integers). Got range [-2.0665298..109.056].
2025-05-23 20:58:00,796 - matplotlib.image - WARNING - Clipping input data to the valid range for imshow with RGB data ([0..1] for floats or [0..255] for integers). Got range [-2.0151556..109.056].
2025-05-23 20:58:01,059 - matplotlib.image - WARNING - Clipping input data to the valid range for imshow with RGB data ([0..1] for floats or [0..255] for integers). Got range [-2.0151556..2.64].
2025-05-23 20:58:01,062 - matplotlib.image - WARNING - Clipping input data to the valid range for imshow with RGB data ([0..1] for floats or [0..255] for integers). Got range [-2.0151556..109.056].
2025-05-23 20:58:01,065 - matplotlib.image - WARNING - Clipping input data to the valid range for imshow with RGB data ([0..1] for floats or [0..255] for integers). Got range [-1.9980307..109.056].
2025-05-23 20:58:01,305 - matplotlib.image - WARNING - Clipping input data to the valid range for imshow with RGB data ([0..1] for floats or [0..255] for integers). Got range [-1.9637812..2.64].
2025-05-23 20:58:01,308 - matplotlib.image - WARNING - Clipping input data to the valid range for imshow with RGB data ([0..1] for floats or [0..255] for integers). Got range [-1.9637812..109.056].
2025-05-23 20:58:01,311 - matplotlib.image - WARNING - Clipping input data to the valid range for imshow with RGB data ([0..1] for floats or [0..255] for integers). Got range [-1.9637812..109.04903].
2025-05-23 20:58:01,456 - matplotlib.image - WARNING - Clipping input data to the valid range for imshow with RGB data ([0..1] for floats or [0..255] for integers). Got range [-1.9980307..2.64].
2025-05-23 20:58:01,459 - matplotlib.image - WARNING - Clipping input data to the valid range for imshow with RGB data ([0..1] for floats or [0..255] for integers). Got range [-1.9980307..109.056].
2025-05-23 20:58:01,462 - matplotlib.image - WARNING - Clipping input data to the valid range for imshow with RGB data ([0..1] for floats or [0..255] for integers). Got range [-1.9980307..109.04205].
2025-05-23 20:58:01,711 - matplotlib.image - WARNING - Clipping input data to the valid range for imshow with RGB data ([0..1] for floats or [0..255] for integers). Got range [-1.8606442..2.4134207].
2025-05-23 20:58:01,714 - matplotlib.image - WARNING - Clipping input data to the valid range for imshow with RGB data ([0..1] for floats or [0..255] for integers). Got range [-1.8431373..108.96537].
2025-05-23 20:58:01,717 - matplotlib.image - WARNING - Clipping input data to the valid range for imshow with RGB data ([0..1] for floats or [0..255] for integers). Got range [-1.8606442..108.693474].
2025-05-23 20:58:01,887 - matplotlib.image - WARNING - Clipping input data to the valid range for imshow with RGB data ([0..1] for floats or [0..255] for integers). Got range [-1.8781512..2.2739873].
2025-05-23 20:58:01,890 - matplotlib.image - WARNING - Clipping input data to the valid range for imshow with RGB data ([0..1] for floats or [0..255] for integers). Got range [-1.8256302..108.90959].
2025-05-23 20:58:01,893 - matplotlib.image - WARNING - Clipping input data to the valid range for imshow with RGB data ([0..1] for floats or [0..255] for integers). Got range [-1.8256302..108.714386].
2025-05-23 20:58:02,147 - matplotlib.image - WARNING - Clipping input data to the valid range for imshow with RGB data ([0..1] for floats or [0..255] for integers). Got range [-1.9481792..2.3785625].
2025-05-23 20:58:02,150 - matplotlib.image - WARNING - Clipping input data to the valid range for imshow with RGB data ([0..1] for floats or [0..255] for integers). Got range [-1.8606442..108.95142].
2025-05-23 20:58:02,152 - matplotlib.image - WARNING - Clipping input data to the valid range for imshow with RGB data ([0..1] for floats or [0..255] for integers). Got range [-1.9481792..108.7841].
2025-05-23 20:58:02,306 - matplotlib.image - WARNING - Clipping input data to the valid range for imshow with RGB data ([0..1] for floats or [0..255] for integers). Got range [-1.9131652..2.3262744].
2025-05-23 20:58:02,309 - matplotlib.image - WARNING - Clipping input data to the valid range for imshow with RGB data ([0..1] for floats or [0..255] for integers). Got range [-1.8606442..108.93051].
2025-05-23 20:58:02,312 - matplotlib.image - WARNING - Clipping input data to the valid range for imshow with RGB data ([0..1] for floats or [0..255] for integers). Got range [-1.9131652..108.770164].
2025-05-23 20:58:02,600 - matplotlib.image - WARNING - Clipping input data to the valid range for imshow with RGB data ([0..1] for floats or [0..255] for integers). Got range [-1.9131652..2.2739873].
2025-05-23 20:58:02,603 - matplotlib.image - WARNING - Clipping input data to the valid range for imshow with RGB data ([0..1] for floats or [0..255] for integers). Got range [-1.8606442..108.90959].
2025-05-23 20:58:02,606 - matplotlib.image - WARNING - Clipping input data to the valid range for imshow with RGB data ([0..1] for floats or [0..255] for integers). Got range [-1.9131652..108.749245].
2025-05-23 20:58:02,766 - matplotlib.image - WARNING - Clipping input data to the valid range for imshow with RGB data ([0..1] for floats or [0..255] for integers). Got range [-1.8606442..2.4134207].
2025-05-23 20:58:02,769 - matplotlib.image - WARNING - Clipping input data to the valid range for imshow with RGB data ([0..1] for floats or [0..255] for integers). Got range [-1.8256302..108.96537].
2025-05-23 20:58:02,771 - matplotlib.image - WARNING - Clipping input data to the valid range for imshow with RGB data ([0..1] for floats or [0..255] for integers). Got range [-1.8606442..108.77713].
2025-05-23 20:58:03,015 - matplotlib.image - WARNING - Clipping input data to the valid range for imshow with RGB data ([0..1] for floats or [0..255] for integers). Got range [-1.9306722..2.3959913].
2025-05-23 20:58:03,018 - matplotlib.image - WARNING - Clipping input data to the valid range for imshow with RGB data ([0..1] for floats or [0..255] for integers). Got range [-1.8956583..108.92354].
2025-05-23 20:58:03,021 - matplotlib.image - WARNING - Clipping input data to the valid range for imshow with RGB data ([0..1] for floats or [0..255] for integers). Got range [-1.9306722..108.6865].
2025-05-23 20:58:03,186 - matplotlib.image - WARNING - Clipping input data to the valid range for imshow with RGB data ([0..1] for floats or [0..255] for integers). Got range [-1.9131652..2.2914162].
2025-05-23 20:58:03,189 - matplotlib.image - WARNING - Clipping input data to the valid range for imshow with RGB data ([0..1] for floats or [0..255] for integers). Got range [-1.9131652..108.916565].
2025-05-23 20:58:03,192 - matplotlib.image - WARNING - Clipping input data to the valid range for imshow with RGB data ([0..1] for floats or [0..255] for integers). Got range [-1.9131652..108.693474].
2025-05-23 20:58:03,448 - matplotlib.image - WARNING - Clipping input data to the valid range for imshow with RGB data ([0..1] for floats or [0..255] for integers). Got range [-1.9131652..2.4482791].
2025-05-23 20:58:03,451 - matplotlib.image - WARNING - Clipping input data to the valid range for imshow with RGB data ([0..1] for floats or [0..255] for integers). Got range [-1.8431373..108.97931].
2025-05-23 20:58:03,454 - matplotlib.image - WARNING - Clipping input data to the valid range for imshow with RGB data ([0..1] for floats or [0..255] for integers). Got range [-1.9131652..108.70741].
2025-05-23 20:58:03,620 - matplotlib.image - WARNING - Clipping input data to the valid range for imshow with RGB data ([0..1] for floats or [0..255] for integers). Got range [-1.9306722..2.4831376].
2025-05-23 20:58:03,623 - matplotlib.image - WARNING - Clipping input data to the valid range for imshow with RGB data ([0..1] for floats or [0..255] for integers). Got range [-1.9306722..108.993256].
2025-05-23 20:58:03,737 - matplotlib.image - WARNING - Clipping input data to the valid range for imshow with RGB data ([0..1] for floats or [0..255] for integers). Got range [-1.9131652..108.693474].
2025-05-23 20:58:03,995 - matplotlib.image - WARNING - Clipping input data to the valid range for imshow with RGB data ([0..1] for floats or [0..255] for integers). Got range [-1.9131652..2.3959913].
2025-05-23 20:58:03,999 - matplotlib.image - WARNING - Clipping input data to the valid range for imshow with RGB data ([0..1] for floats or [0..255] for integers). Got range [-1.8606442..108.9584].
2025-05-23 20:58:04,002 - matplotlib.image - WARNING - Clipping input data to the valid range for imshow with RGB data ([0..1] for floats or [0..255] for integers). Got range [-1.9131652..108.770164].
2025-05-23 20:58:04,152 - matplotlib.image - WARNING - Clipping input data to the valid range for imshow with RGB data ([0..1] for floats or [0..255] for integers). Got range [-1.9306722..2.4831376].
2025-05-23 20:58:04,155 - matplotlib.image - WARNING - Clipping input data to the valid range for imshow with RGB data ([0..1] for floats or [0..255] for integers). Got range [-1.9306722..108.94445].
2025-05-23 20:58:04,157 - matplotlib.image - WARNING - Clipping input data to the valid range for imshow with RGB data ([0..1] for floats or [0..255] for integers). Got range [-1.9306722..108.76319].
2025-05-23 20:58:04,406 - matplotlib.image - WARNING - Clipping input data to the valid range for imshow with RGB data ([0..1] for floats or [0..255] for integers). Got range [-1.8956583..2.4308496].
2025-05-23 20:58:04,409 - matplotlib.image - WARNING - Clipping input data to the valid range for imshow with RGB data ([0..1] for floats or [0..255] for integers). Got range [-1.8781512..108.97234].
2025-05-23 20:58:04,412 - matplotlib.image - WARNING - Clipping input data to the valid range for imshow with RGB data ([0..1] for floats or [0..255] for integers). Got range [-1.8956583..108.79108].
2025-05-23 20:58:04,564 - matplotlib.image - WARNING - Clipping input data to the valid range for imshow with RGB data ([0..1] for floats or [0..255] for integers). Got range [-1.8956583..2.343704].
2025-05-23 20:58:04,567 - matplotlib.image - WARNING - Clipping input data to the valid range for imshow with RGB data ([0..1] for floats or [0..255] for integers). Got range [-1.8781512..108.937485].
2025-05-23 20:58:04,570 - matplotlib.image - WARNING - Clipping input data to the valid range for imshow with RGB data ([0..1] for floats or [0..255] for integers). Got range [-1.8956583..108.75622].
2025-05-23 20:58:04,821 - matplotlib.image - WARNING - Clipping input data to the valid range for imshow with RGB data ([0..1] for floats or [0..255] for integers). Got range [-1.9306722..2.3785625].
2025-05-23 20:58:04,823 - matplotlib.image - WARNING - Clipping input data to the valid range for imshow with RGB data ([0..1] for floats or [0..255] for integers). Got range [-1.8081232..108.95142].
2025-05-23 20:58:04,826 - matplotlib.image - WARNING - Clipping input data to the valid range for imshow with RGB data ([0..1] for floats or [0..255] for integers). Got range [-1.9306722..108.75622].
2025-05-23 20:58:04,977 - matplotlib.image - WARNING - Clipping input data to the valid range for imshow with RGB data ([0..1] for floats or [0..255] for integers). Got range [-1.9656862..2.4134207].
2025-05-23 20:58:04,980 - matplotlib.image - WARNING - Clipping input data to the valid range for imshow with RGB data ([0..1] for floats or [0..255] for integers). Got range [-1.9481792..108.96537].
2025-05-23 20:58:04,983 - matplotlib.image - WARNING - Clipping input data to the valid range for imshow with RGB data ([0..1] for floats or [0..255] for integers). Got range [-1.9656862..108.72833].
2025-05-23 20:58:05,233 - matplotlib.image - WARNING - Clipping input data to the valid range for imshow with RGB data ([0..1] for floats or [0..255] for integers). Got range [-1.9481792..2.3611329].
2025-05-23 20:58:05,235 - matplotlib.image - WARNING - Clipping input data to the valid range for imshow with RGB data ([0..1] for floats or [0..255] for integers). Got range [-1.9131652..108.937485].
2025-05-23 20:58:05,238 - matplotlib.image - WARNING - Clipping input data to the valid range for imshow with RGB data ([0..1] for floats or [0..255] for integers). Got range [-1.9481792..108.81896].
2025-05-23 20:58:05,394 - matplotlib.image - WARNING - Clipping input data to the valid range for imshow with RGB data ([0..1] for floats or [0..255] for integers). Got range [-1.9306722..2.465708].
2025-05-23 20:58:05,396 - matplotlib.image - WARNING - Clipping input data to the valid range for imshow with RGB data ([0..1] for floats or [0..255] for integers). Got range [-1.8956583..108.98628].
2025-05-23 20:58:05,399 - matplotlib.image - WARNING - Clipping input data to the valid range for imshow with RGB data ([0..1] for floats or [0..255] for integers). Got range [-1.9306722..108.81896].
2025-05-23 20:58:05,671 - matplotlib.image - WARNING - Clipping input data to the valid range for imshow with RGB data ([0..1] for floats or [0..255] for integers). Got range [-2.117904..2.64].
2025-05-23 20:58:05,673 - matplotlib.image - WARNING - Clipping input data to the valid range for imshow with RGB data ([0..1] for floats or [0..255] for integers). Got range [-2.117904..109.056].
2025-05-23 20:58:05,676 - matplotlib.image - WARNING - Clipping input data to the valid range for imshow with RGB data ([0..1] for floats or [0..255] for integers). Got range [-2.117904..153.87216].
2025-05-23 20:58:05,834 - matplotlib.image - WARNING - Clipping input data to the valid range for imshow with RGB data ([0..1] for floats or [0..255] for integers). Got range [-2.117904..2.64].
2025-05-23 20:58:05,837 - matplotlib.image - WARNING - Clipping input data to the valid range for imshow with RGB data ([0..1] for floats or [0..255] for integers). Got range [-2.117904..109.056].
2025-05-23 20:58:05,840 - matplotlib.image - WARNING - Clipping input data to the valid range for imshow with RGB data ([0..1] for floats or [0..255] for integers). Got range [-2.117904..153.89272].
2025-05-23 20:58:06,114 - matplotlib.image - WARNING - Clipping input data to the valid range for imshow with RGB data ([0..1] for floats or [0..255] for integers). Got range [-2.117904..2.64].
2025-05-23 20:58:06,115 - matplotlib.image - WARNING - Clipping input data to the valid range for imshow with RGB data ([0..1] for floats or [0..255] for integers). Got range [-2.117904..109.056].
2025-05-23 20:58:06,119 - matplotlib.image - WARNING - Clipping input data to the valid range for imshow with RGB data ([0..1] for floats or [0..255] for integers). Got range [-2.117904..153.88586].
2025-05-23 20:58:06,386 - matplotlib.image - WARNING - Clipping input data to the valid range for imshow with RGB data ([0..1] for floats or [0..255] for integers). Got range [-2.117904..2.64].
2025-05-23 20:58:06,389 - matplotlib.image - WARNING - Clipping input data to the valid range for imshow with RGB data ([0..1] for floats or [0..255] for integers). Got range [-2.117904..109.056].
2025-05-23 20:58:06,392 - matplotlib.image - WARNING - Clipping input data to the valid range for imshow with RGB data ([0..1] for floats or [0..255] for integers). Got range [-2.117904..153.88586].
2025-05-23 20:58:06,668 - matplotlib.image - WARNING - Clipping input data to the valid range for imshow with RGB data ([0..1] for floats or [0..255] for integers). Got range [-2.117904..2.64].
2025-05-23 20:58:06,671 - matplotlib.image - WARNING - Clipping input data to the valid range for imshow with RGB data ([0..1] for floats or [0..255] for integers). Got range [-2.117904..109.056].
2025-05-23 20:58:06,674 - matplotlib.image - WARNING - Clipping input data to the valid range for imshow with RGB data ([0..1] for floats or [0..255] for integers). Got range [-2.117904..153.88586].
2025-05-23 20:58:06,829 - matplotlib.image - WARNING - Clipping input data to the valid range for imshow with RGB data ([0..1] for floats or [0..255] for integers). Got range [-2.117904..2.64].
2025-05-23 20:58:06,831 - matplotlib.image - WARNING - Clipping input data to the valid range for imshow with RGB data ([0..1] for floats or [0..255] for integers). Got range [-2.117904..109.056].
2025-05-23 20:58:06,835 - matplotlib.image - WARNING - Clipping input data to the valid range for imshow with RGB data ([0..1] for floats or [0..255] for integers). Got range [-2.117904..153.88586].
2025-05-23 20:58:07,098 - matplotlib.image - WARNING - Clipping input data to the valid range for imshow with RGB data ([0..1] for floats or [0..255] for integers). Got range [-2.117904..2.64].
2025-05-23 20:58:07,100 - matplotlib.image - WARNING - Clipping input data to the valid range for imshow with RGB data ([0..1] for floats or [0..255] for integers). Got range [-2.117904..109.056].
2025-05-23 20:58:07,103 - matplotlib.image - WARNING - Clipping input data to the valid range for imshow with RGB data ([0..1] for floats or [0..255] for integers). Got range [-2.117904..153.61871].
2025-05-23 20:58:07,257 - matplotlib.image - WARNING - Clipping input data to the valid range for imshow with RGB data ([0..1] for floats or [0..255] for integers). Got range [-2.117904..2.64].
2025-05-23 20:58:07,259 - matplotlib.image - WARNING - Clipping input data to the valid range for imshow with RGB data ([0..1] for floats or [0..255] for integers). Got range [-2.117904..109.056].
2025-05-23 20:58:07,262 - matplotlib.image - WARNING - Clipping input data to the valid range for imshow with RGB data ([0..1] for floats or [0..255] for integers). Got range [-2.117904..153.59132].
2025-05-23 20:58:07,534 - matplotlib.image - WARNING - Clipping input data to the valid range for imshow with RGB data ([0..1] for floats or [0..255] for integers). Got range [-2.117904..2.64].
2025-05-23 20:58:07,536 - matplotlib.image - WARNING - Clipping input data to the valid range for imshow with RGB data ([0..1] for floats or [0..255] for integers). Got range [-2.117904..109.056].
2025-05-23 20:58:07,539 - matplotlib.image - WARNING - Clipping input data to the valid range for imshow with RGB data ([0..1] for floats or [0..255] for integers). Got range [-2.117904..153.73517].
2025-05-23 20:58:07,689 - matplotlib.image - WARNING - Clipping input data to the valid range for imshow with RGB data ([0..1] for floats or [0..255] for integers). Got range [-2.117904..2.64].
2025-05-23 20:58:07,691 - matplotlib.image - WARNING - Clipping input data to the valid range for imshow with RGB data ([0..1] for floats or [0..255] for integers). Got range [-2.117904..109.056].
2025-05-23 20:58:07,695 - matplotlib.image - WARNING - Clipping input data to the valid range for imshow with RGB data ([0..1] for floats or [0..255] for integers). Got range [-2.117904..153.80367].
2025-05-23 20:58:07,962 - matplotlib.image - WARNING - Clipping input data to the valid range for imshow with RGB data ([0..1] for floats or [0..255] for integers). Got range [-2.117904..2.64].
2025-05-23 20:58:07,965 - matplotlib.image - WARNING - Clipping input data to the valid range for imshow with RGB data ([0..1] for floats or [0..255] for integers). Got range [-2.117904..109.056].
2025-05-23 20:58:07,968 - matplotlib.image - WARNING - Clipping input data to the valid range for imshow with RGB data ([0..1] for floats or [0..255] for integers). Got range [-2.117904..153.89957].
2025-05-23 20:58:08,120 - matplotlib.image - WARNING - Clipping input data to the valid range for imshow with RGB data ([0..1] for floats or [0..255] for integers). Got range [-2.117904..2.64].
2025-05-23 20:58:08,122 - matplotlib.image - WARNING - Clipping input data to the valid range for imshow with RGB data ([0..1] for floats or [0..255] for integers). Got range [-2.117904..109.056].
2025-05-23 20:58:08,125 - matplotlib.image - WARNING - Clipping input data to the valid range for imshow with RGB data ([0..1] for floats or [0..255] for integers). Got range [-2.117904..153.89957].
2025-05-23 20:58:08,381 - matplotlib.image - WARNING - Clipping input data to the valid range for imshow with RGB data ([0..1] for floats or [0..255] for integers). Got range [-2.117904..2.64].
2025-05-23 20:58:08,383 - matplotlib.image - WARNING - Clipping input data to the valid range for imshow with RGB data ([0..1] for floats or [0..255] for integers). Got range [-2.117904..109.056].
2025-05-23 20:58:08,387 - matplotlib.image - WARNING - Clipping input data to the valid range for imshow with RGB data ([0..1] for floats or [0..255] for integers). Got range [-2.117904..153.83107].
2025-05-23 20:58:08,547 - matplotlib.image - WARNING - Clipping input data to the valid range for imshow with RGB data ([0..1] for floats or [0..255] for integers). Got range [-2.117904..2.64].
2025-05-23 20:58:08,550 - matplotlib.image - WARNING - Clipping input data to the valid range for imshow with RGB data ([0..1] for floats or [0..255] for integers). Got range [-2.117904..109.056].
2025-05-23 20:58:08,553 - matplotlib.image - WARNING - Clipping input data to the valid range for imshow with RGB data ([0..1] for floats or [0..255] for integers). Got range [-2.117904..153.85161].
2025-05-23 20:58:08,810 - matplotlib.image - WARNING - Clipping input data to the valid range for imshow with RGB data ([0..1] for floats or [0..255] for integers). Got range [-2.117904..2.64].
2025-05-23 20:58:08,812 - matplotlib.image - WARNING - Clipping input data to the valid range for imshow with RGB data ([0..1] for floats or [0..255] for integers). Got range [-2.117904..109.056].
2025-05-23 20:58:08,815 - matplotlib.image - WARNING - Clipping input data to the valid range for imshow with RGB data ([0..1] for floats or [0..255] for integers). Got range [-2.117904..153.73517].
2025-05-23 20:58:09,073 - matplotlib.image - WARNING - Clipping input data to the valid range for imshow with RGB data ([0..1] for floats or [0..255] for integers). Got range [-2.117904..2.64].
2025-05-23 20:58:09,075 - matplotlib.image - WARNING - Clipping input data to the valid range for imshow with RGB data ([0..1] for floats or [0..255] for integers). Got range [-2.117904..109.056].
2025-05-23 20:58:09,079 - matplotlib.image - WARNING - Clipping input data to the valid range for imshow with RGB data ([0..1] for floats or [0..255] for integers). Got range [-2.117904..153.74887].
2025-05-23 20:58:09,335 - matplotlib.image - WARNING - Clipping input data to the valid range for imshow with RGB data ([0..1] for floats or [0..255] for integers). Got range [-1.9980307..2.64].
2025-05-23 20:58:09,339 - matplotlib.image - WARNING - Clipping input data to the valid range for imshow with RGB data ([0..1] for floats or [0..255] for integers). Got range [-1.9980307..109.04903].
2025-05-23 20:58:09,342 - matplotlib.image - WARNING - Clipping input data to the valid range for imshow with RGB data ([0..1] for floats or [0..255] for integers). Got range [-1.9980307..140.256].
2025-05-23 20:58:09,493 - matplotlib.image - WARNING - Clipping input data to the valid range for imshow with RGB data ([0..1] for floats or [0..255] for integers). Got range [-2.0494049..2.64].
2025-05-23 20:58:09,497 - matplotlib.image - WARNING - Clipping input data to the valid range for imshow with RGB data ([0..1] for floats or [0..255] for integers). Got range [-2.0494049..109.04903].
2025-05-23 20:58:09,499 - matplotlib.image - WARNING - Clipping input data to the valid range for imshow with RGB data ([0..1] for floats or [0..255] for integers). Got range [-2.0494049..140.256].
2025-05-23 20:58:09,769 - matplotlib.image - WARNING - Clipping input data to the valid range for imshow with RGB data ([0..1] for floats or [0..255] for integers). Got range [-2.0665298..2.64].
2025-05-23 20:58:09,772 - matplotlib.image - WARNING - Clipping input data to the valid range for imshow with RGB data ([0..1] for floats or [0..255] for integers). Got range [-2.0665298..109.028114].
2025-05-23 20:58:09,775 - matplotlib.image - WARNING - Clipping input data to the valid range for imshow with RGB data ([0..1] for floats or [0..255] for integers). Got range [-2.0494049..140.256].
2025-05-23 20:58:09,917 - matplotlib.image - WARNING - Clipping input data to the valid range for imshow with RGB data ([0..1] for floats or [0..255] for integers). Got range [-2.0665298..2.64].
2025-05-23 20:58:09,919 - matplotlib.image - WARNING - Clipping input data to the valid range for imshow with RGB data ([0..1] for floats or [0..255] for integers). Got range [-2.0665298..109.04903].
2025-05-23 20:58:09,922 - matplotlib.image - WARNING - Clipping input data to the valid range for imshow with RGB data ([0..1] for floats or [0..255] for integers). Got range [-2.0665298..140.256].
2025-05-23 20:58:10,173 - matplotlib.image - WARNING - Clipping input data to the valid range for imshow with RGB data ([0..1] for floats or [0..255] for integers). Got range [-2.0665298..2.64].
2025-05-23 20:58:10,177 - matplotlib.image - WARNING - Clipping input data to the valid range for imshow with RGB data ([0..1] for floats or [0..255] for integers). Got range [-2.0665298..109.056].
2025-05-23 20:58:10,180 - matplotlib.image - WARNING - Clipping input data to the valid range for imshow with RGB data ([0..1] for floats or [0..255] for integers). Got range [-2.0665298..140.256].
2025-05-23 20:58:10,322 - matplotlib.image - WARNING - Clipping input data to the valid range for imshow with RGB data ([0..1] for floats or [0..255] for integers). Got range [-2.0665298..2.64].
2025-05-23 20:58:10,324 - matplotlib.image - WARNING - Clipping input data to the valid range for imshow with RGB data ([0..1] for floats or [0..255] for integers). Got range [-2.0665298..109.04205].
2025-05-23 20:58:10,327 - matplotlib.image - WARNING - Clipping input data to the valid range for imshow with RGB data ([0..1] for floats or [0..255] for integers). Got range [-2.0665298..140.256].
2025-05-23 20:58:10,576 - matplotlib.image - WARNING - Clipping input data to the valid range for imshow with RGB data ([0..1] for floats or [0..255] for integers). Got range [-2.0494049..2.5877128].
2025-05-23 20:58:10,579 - matplotlib.image - WARNING - Clipping input data to the valid range for imshow with RGB data ([0..1] for floats or [0..255] for integers). Got range [-2.0494049..109.03509].
2025-05-23 20:58:10,582 - matplotlib.image - WARNING - Clipping input data to the valid range for imshow with RGB data ([0..1] for floats or [0..255] for integers). Got range [-2.0494049..140.23509].
2025-05-23 20:58:10,728 - matplotlib.image - WARNING - Clipping input data to the valid range for imshow with RGB data ([0..1] for floats or [0..255] for integers). Got range [-2.0494049..2.6051416].
2025-05-23 20:58:10,731 - matplotlib.image - WARNING - Clipping input data to the valid range for imshow with RGB data ([0..1] for floats or [0..255] for integers). Got range [-2.0322802..109.04205].
2025-05-23 20:58:10,734 - matplotlib.image - WARNING - Clipping input data to the valid range for imshow with RGB data ([0..1] for floats or [0..255] for integers). Got range [-2.0494049..140.24205].
2025-05-23 20:58:10,982 - matplotlib.image - WARNING - Clipping input data to the valid range for imshow with RGB data ([0..1] for floats or [0..255] for integers). Got range [-2.0665298..2.6051416].
2025-05-23 20:58:10,985 - matplotlib.image - WARNING - Clipping input data to the valid range for imshow with RGB data ([0..1] for floats or [0..255] for integers). Got range [-2.0665298..109.028114].
2025-05-23 20:58:10,987 - matplotlib.image - WARNING - Clipping input data to the valid range for imshow with RGB data ([0..1] for floats or [0..255] for integers). Got range [-2.0665298..140.24205].
2025-05-23 20:58:11,129 - matplotlib.image - WARNING - Clipping input data to the valid range for imshow with RGB data ([0..1] for floats or [0..255] for integers). Got range [-2.0322802..2.6051416].
2025-05-23 20:58:11,132 - matplotlib.image - WARNING - Clipping input data to the valid range for imshow with RGB data ([0..1] for floats or [0..255] for integers). Got range [-2.0151556..109.00023].
2025-05-23 20:58:11,134 - matplotlib.image - WARNING - Clipping input data to the valid range for imshow with RGB data ([0..1] for floats or [0..255] for integers). Got range [-2.0322802..140.24205].
2025-05-23 20:58:11,477 - matplotlib.image - WARNING - Clipping input data to the valid range for imshow with RGB data ([0..1] for floats or [0..255] for integers). Got range [-1.8956583..2.5877128].
2025-05-23 20:58:11,479 - matplotlib.image - WARNING - Clipping input data to the valid range for imshow with RGB data ([0..1] for floats or [0..255] for integers). Got range [-1.8956583..109.02114].
2025-05-23 20:58:11,483 - matplotlib.image - WARNING - Clipping input data to the valid range for imshow with RGB data ([0..1] for floats or [0..255] for integers). Got range [-1.8956583..153.89272].
2025-05-23 20:58:11,618 - matplotlib.image - WARNING - Clipping input data to the valid range for imshow with RGB data ([0..1] for floats or [0..255] for integers). Got range [-1.8956583..2.5702832].
2025-05-23 20:58:11,621 - matplotlib.image - WARNING - Clipping input data to the valid range for imshow with RGB data ([0..1] for floats or [0..255] for integers). Got range [-1.8781574..109.028114].
2025-05-23 20:58:11,624 - matplotlib.image - WARNING - Clipping input data to the valid range for imshow with RGB data ([0..1] for floats or [0..255] for integers). Got range [-1.8956583..153.89957].
2025-05-23 20:58:11,855 - matplotlib.image - WARNING - Clipping input data to the valid range for imshow with RGB data ([0..1] for floats or [0..255] for integers). Got range [-1.8781574..2.64].
2025-05-23 20:58:11,858 - matplotlib.image - WARNING - Clipping input data to the valid range for imshow with RGB data ([0..1] for floats or [0..255] for integers). Got range [-1.8781574..109.056].
2025-05-23 20:58:11,861 - matplotlib.image - WARNING - Clipping input data to the valid range for imshow with RGB data ([0..1] for floats or [0..255] for integers). Got range [-1.8781574..153.89957].
2025-05-23 20:58:11,999 - matplotlib.image - WARNING - Clipping input data to the valid range for imshow with RGB data ([0..1] for floats or [0..255] for integers). Got range [-1.8781574..2.622571].
2025-05-23 20:58:12,002 - matplotlib.image - WARNING - Clipping input data to the valid range for imshow with RGB data ([0..1] for floats or [0..255] for integers). Got range [-1.8610327..109.04903].
2025-05-23 20:58:12,005 - matplotlib.image - WARNING - Clipping input data to the valid range for imshow with RGB data ([0..1] for floats or [0..255] for integers). Got range [-1.8781574..153.89957].
2025-05-23 20:58:12,245 - matplotlib.image - WARNING - Clipping input data to the valid range for imshow with RGB data ([0..1] for floats or [0..255] for integers). Got range [-1.8267832..2.64].
2025-05-23 20:58:12,247 - matplotlib.image - WARNING - Clipping input data to the valid range for imshow with RGB data ([0..1] for floats or [0..255] for integers). Got range [-1.8267832..109.056].
2025-05-23 20:58:12,251 - matplotlib.image - WARNING - Clipping input data to the valid range for imshow with RGB data ([0..1] for floats or [0..255] for integers). Got range [-1.8267832..153.89272].
2025-05-23 20:58:12,389 - matplotlib.image - WARNING - Clipping input data to the valid range for imshow with RGB data ([0..1] for floats or [0..255] for integers). Got range [-1.8267832..2.64].
2025-05-23 20:58:12,392 - matplotlib.image - WARNING - Clipping input data to the valid range for imshow with RGB data ([0..1] for floats or [0..255] for integers). Got range [-1.8267832..109.056].
2025-05-23 20:58:12,395 - matplotlib.image - WARNING - Clipping input data to the valid range for imshow with RGB data ([0..1] for floats or [0..255] for integers). Got range [-1.8267832..153.89272].
2025-05-23 20:58:12,644 - matplotlib.image - WARNING - Clipping input data to the valid range for imshow with RGB data ([0..1] for floats or [0..255] for integers). Got range [-1.8431373..2.465708].
2025-05-23 20:58:12,646 - matplotlib.image - WARNING - Clipping input data to the valid range for imshow with RGB data ([0..1] for floats or [0..255] for integers). Got range [-1.8431373..108.98628].
2025-05-23 20:58:12,650 - matplotlib.image - WARNING - Clipping input data to the valid range for imshow with RGB data ([0..1] for floats or [0..255] for integers). Got range [-1.8431373..153.46117].
2025-05-23 20:58:12,785 - matplotlib.image - WARNING - Clipping input data to the valid range for imshow with RGB data ([0..1] for floats or [0..255] for integers). Got range [-1.8956583..2.3935575].
2025-05-23 20:58:12,788 - matplotlib.image - WARNING - Clipping input data to the valid range for imshow with RGB data ([0..1] for floats or [0..255] for integers). Got range [-1.843908..108.94445].
2025-05-23 20:58:12,791 - matplotlib.image - WARNING - Clipping input data to the valid range for imshow with RGB data ([0..1] for floats or [0..255] for integers). Got range [-1.8956583..139.79587].
2025-05-23 20:58:13,041 - matplotlib.image - WARNING - Clipping input data to the valid range for imshow with RGB data ([0..1] for floats or [0..255] for integers). Got range [-1.8606442..2.64].
2025-05-23 20:58:13,043 - matplotlib.image - WARNING - Clipping input data to the valid range for imshow with RGB data ([0..1] for floats or [0..255] for integers). Got range [-1.8606442..109.056].
2025-05-23 20:58:13,047 - matplotlib.image - WARNING - Clipping input data to the valid range for imshow with RGB data ([0..1] for floats or [0..255] for integers). Got range [-1.8606442..153.68721].
2025-05-23 20:58:13,197 - matplotlib.image - WARNING - Clipping input data to the valid range for imshow with RGB data ([0..1] for floats or [0..255] for integers). Got range [-1.8606442..2.64].
2025-05-23 20:58:13,200 - matplotlib.image - WARNING - Clipping input data to the valid range for imshow with RGB data ([0..1] for floats or [0..255] for integers). Got range [-1.8606442..109.056].
2025-05-23 20:58:13,203 - matplotlib.image - WARNING - Clipping input data to the valid range for imshow with RGB data ([0..1] for floats or [0..255] for integers). Got range [-1.8606442..153.89272].
2025-05-23 20:58:13,481 - matplotlib.image - WARNING - Clipping input data to the valid range for imshow with RGB data ([0..1] for floats or [0..255] for integers). Got range [-1.8044444..2.64].
2025-05-23 20:58:13,484 - matplotlib.image - WARNING - Clipping input data to the valid range for imshow with RGB data ([0..1] for floats or [0..255] for integers). Got range [-1.8044444..109.056].
2025-05-23 20:58:13,486 - matplotlib.image - WARNING - Clipping input data to the valid range for imshow with RGB data ([0..1] for floats or [0..255] for integers). Got range [-1.8044444..108.67953].
2025-05-23 20:58:13,748 - matplotlib.image - WARNING - Clipping input data to the valid range for imshow with RGB data ([0..1] for floats or [0..255] for integers). Got range [-1.8044444..2.64].
2025-05-23 20:58:13,751 - matplotlib.image - WARNING - Clipping input data to the valid range for imshow with RGB data ([0..1] for floats or [0..255] for integers). Got range [-1.8044444..109.056].
2025-05-23 20:58:13,753 - matplotlib.image - WARNING - Clipping input data to the valid range for imshow with RGB data ([0..1] for floats or [0..255] for integers). Got range [-1.8044444..139.63551].
2025-05-23 20:58:14,049 - matplotlib.image - WARNING - Clipping input data to the valid range for imshow with RGB data ([0..1] for floats or [0..255] for integers). Got range [-1.8267832..2.64].
2025-05-23 20:58:14,051 - matplotlib.image - WARNING - Clipping input data to the valid range for imshow with RGB data ([0..1] for floats or [0..255] for integers). Got range [-1.8267832..109.056].
2025-05-23 20:58:14,054 - matplotlib.image - WARNING - Clipping input data to the valid range for imshow with RGB data ([0..1] for floats or [0..255] for integers). Got range [-1.8267832..108.94445].
2025-05-23 20:58:14,195 - matplotlib.image - WARNING - Clipping input data to the valid range for imshow with RGB data ([0..1] for floats or [0..255] for integers). Got range [-1.843908..2.64].
2025-05-23 20:58:14,197 - matplotlib.image - WARNING - Clipping input data to the valid range for imshow with RGB data ([0..1] for floats or [0..255] for integers). Got range [-1.843908..109.056].
2025-05-23 20:58:14,200 - matplotlib.image - WARNING - Clipping input data to the valid range for imshow with RGB data ([0..1] for floats or [0..255] for integers). Got range [-1.843908..108.937485].
2025-05-23 20:58:14,476 - matplotlib.image - WARNING - Clipping input data to the valid range for imshow with RGB data ([0..1] for floats or [0..255] for integers). Got range [-1.843908..2.64].
2025-05-23 20:58:14,479 - matplotlib.image - WARNING - Clipping input data to the valid range for imshow with RGB data ([0..1] for floats or [0..255] for integers). Got range [-1.843908..109.056].
2025-05-23 20:58:14,481 - matplotlib.image - WARNING - Clipping input data to the valid range for imshow with RGB data ([0..1] for floats or [0..255] for integers). Got range [-1.843908..140.24205].
2025-05-23 20:58:14,625 - matplotlib.image - WARNING - Clipping input data to the valid range for imshow with RGB data ([0..1] for floats or [0..255] for integers). Got range [-1.843908..2.64].
2025-05-23 20:58:14,628 - matplotlib.image - WARNING - Clipping input data to the valid range for imshow with RGB data ([0..1] for floats or [0..255] for integers). Got range [-1.843908..109.056].
2025-05-23 20:58:14,631 - matplotlib.image - WARNING - Clipping input data to the valid range for imshow with RGB data ([0..1] for floats or [0..255] for integers). Got range [-1.843908..140.1793].
2025-05-23 20:58:14,904 - matplotlib.image - WARNING - Clipping input data to the valid range for imshow with RGB data ([0..1] for floats or [0..255] for integers). Got range [-2.0357141..2.64].
2025-05-23 20:58:14,906 - matplotlib.image - WARNING - Clipping input data to the valid range for imshow with RGB data ([0..1] for floats or [0..255] for integers). Got range [-2.0322802..109.056].
2025-05-23 20:58:14,909 - matplotlib.image - WARNING - Clipping input data to the valid range for imshow with RGB data ([0..1] for floats or [0..255] for integers). Got range [-2.0357141..140.03291].
2025-05-23 20:58:15,077 - matplotlib.image - WARNING - Clipping input data to the valid range for imshow with RGB data ([0..1] for floats or [0..255] for integers). Got range [-2.0665298..2.64].
2025-05-23 20:58:15,080 - matplotlib.image - WARNING - Clipping input data to the valid range for imshow with RGB data ([0..1] for floats or [0..255] for integers). Got range [-2.0665298..109.056].
2025-05-23 20:58:15,083 - matplotlib.image - WARNING - Clipping input data to the valid range for imshow with RGB data ([0..1] for floats or [0..255] for integers). Got range [-2.0665298..140.03987].
2025-05-23 20:58:15,361 - matplotlib.image - WARNING - Clipping input data to the valid range for imshow with RGB data ([0..1] for floats or [0..255] for integers). Got range [-2.0494049..2.64].
2025-05-23 20:58:15,364 - matplotlib.image - WARNING - Clipping input data to the valid range for imshow with RGB data ([0..1] for floats or [0..255] for integers). Got range [-2.0494049..109.056].
2025-05-23 20:58:15,367 - matplotlib.image - WARNING - Clipping input data to the valid range for imshow with RGB data ([0..1] for floats or [0..255] for integers). Got range [-2.0494049..140.01897].
2025-05-23 20:58:15,525 - matplotlib.image - WARNING - Clipping input data to the valid range for imshow with RGB data ([0..1] for floats or [0..255] for integers). Got range [-2.0357141..2.64].
2025-05-23 20:58:15,528 - matplotlib.image - WARNING - Clipping input data to the valid range for imshow with RGB data ([0..1] for floats or [0..255] for integers). Got range [-2.0357141..109.056].
2025-05-23 20:58:15,531 - matplotlib.image - WARNING - Clipping input data to the valid range for imshow with RGB data ([0..1] for floats or [0..255] for integers). Got range [-2.0357141..139.97015].
2025-05-23 20:58:15,792 - matplotlib.image - WARNING - Clipping input data to the valid range for imshow with RGB data ([0..1] for floats or [0..255] for integers). Got range [-2.0494049..2.64].
2025-05-23 20:58:15,794 - matplotlib.image - WARNING - Clipping input data to the valid range for imshow with RGB data ([0..1] for floats or [0..255] for integers). Got range [-2.0494049..109.056].
2025-05-23 20:58:15,797 - matplotlib.image - WARNING - Clipping input data to the valid range for imshow with RGB data ([0..1] for floats or [0..255] for integers). Got range [-2.0494049..140.06776].
2025-05-23 20:58:15,951 - matplotlib.image - WARNING - Clipping input data to the valid range for imshow with RGB data ([0..1] for floats or [0..255] for integers). Got range [-2.0357141..2.64].
2025-05-23 20:58:15,953 - matplotlib.image - WARNING - Clipping input data to the valid range for imshow with RGB data ([0..1] for floats or [0..255] for integers). Got range [-2.0357141..109.056].
2025-05-23 20:58:15,957 - matplotlib.image - WARNING - Clipping input data to the valid range for imshow with RGB data ([0..1] for floats or [0..255] for integers). Got range [-2.0357141..140.1584].
2025-05-23 20:58:16,222 - matplotlib.image - WARNING - Clipping input data to the valid range for imshow with RGB data ([0..1] for floats or [0..255] for integers). Got range [-2.117904..2.5005665].
2025-05-23 20:58:16,224 - matplotlib.image - WARNING - Clipping input data to the valid range for imshow with RGB data ([0..1] for floats or [0..255] for integers). Got range [-2.117904..108.97931].
2025-05-23 20:58:16,227 - matplotlib.image - WARNING - Clipping input data to the valid range for imshow with RGB data ([0..1] for floats or [0..255] for integers). Got range [-2.117904..153.88586].
2025-05-23 20:58:16,524 - matplotlib.image - WARNING - Clipping input data to the valid range for imshow with RGB data ([0..1] for floats or [0..255] for integers). Got range [-2.117904..2.5702832].
2025-05-23 20:58:16,527 - matplotlib.image - WARNING - Clipping input data to the valid range for imshow with RGB data ([0..1] for floats or [0..255] for integers). Got range [-2.117904..109.00023].
2025-05-23 20:58:16,531 - matplotlib.image - WARNING - Clipping input data to the valid range for imshow with RGB data ([0..1] for floats or [0..255] for integers). Got range [-2.117904..153.89272].
2025-05-23 20:58:16,812 - matplotlib.image - WARNING - Clipping input data to the valid range for imshow with RGB data ([0..1] for floats or [0..255] for integers). Got range [-2.117904..2.535425].
2025-05-23 20:58:16,814 - matplotlib.image - WARNING - Clipping input data to the valid range for imshow with RGB data ([0..1] for floats or [0..255] for integers). Got range [-2.117904..108.97234].
2025-05-23 20:58:16,816 - matplotlib.image - WARNING - Clipping input data to the valid range for imshow with RGB data ([0..1] for floats or [0..255] for integers). Got range [-2.117904..153.86531].
2025-05-23 20:58:16,981 - matplotlib.image - WARNING - Clipping input data to the valid range for imshow with RGB data ([0..1] for floats or [0..255] for integers). Got range [-2.117904..2.5702832].
2025-05-23 20:58:16,984 - matplotlib.image - WARNING - Clipping input data to the valid range for imshow with RGB data ([0..1] for floats or [0..255] for integers). Got range [-2.117904..109.028114].
2025-05-23 20:58:16,987 - matplotlib.image - WARNING - Clipping input data to the valid range for imshow with RGB data ([0..1] for floats or [0..255] for integers). Got range [-2.117904..153.88586].
2025-05-23 20:58:17,261 - matplotlib.image - WARNING - Clipping input data to the valid range for imshow with RGB data ([0..1] for floats or [0..255] for integers). Got range [-2.117904..2.535425].
2025-05-23 20:58:17,263 - matplotlib.image - WARNING - Clipping input data to the valid range for imshow with RGB data ([0..1] for floats or [0..255] for integers). Got range [-2.117904..109.0072].
2025-05-23 20:58:17,266 - matplotlib.image - WARNING - Clipping input data to the valid range for imshow with RGB data ([0..1] for floats or [0..255] for integers). Got range [-2.117904..140.12354].
2025-05-23 20:58:17,431 - matplotlib.image - WARNING - Clipping input data to the valid range for imshow with RGB data ([0..1] for floats or [0..255] for integers). Got range [-2.117904..2.622571].
2025-05-23 20:58:17,433 - matplotlib.image - WARNING - Clipping input data to the valid range for imshow with RGB data ([0..1] for floats or [0..255] for integers). Got range [-2.117904..109.04903].
2025-05-23 20:58:17,436 - matplotlib.image - WARNING - Clipping input data to the valid range for imshow with RGB data ([0..1] for floats or [0..255] for integers). Got range [-2.117904..153.87216].
2025-05-23 20:58:17,730 - matplotlib.image - WARNING - Clipping input data to the valid range for imshow with RGB data ([0..1] for floats or [0..255] for integers). Got range [-2.117904..2.535425].
2025-05-23 20:58:17,732 - matplotlib.image - WARNING - Clipping input data to the valid range for imshow with RGB data ([0..1] for floats or [0..255] for integers). Got range [-2.117904..109.0072].
2025-05-23 20:58:17,735 - matplotlib.image - WARNING - Clipping input data to the valid range for imshow with RGB data ([0..1] for floats or [0..255] for integers). Got range [-2.117904..153.87901].
2025-05-23 20:58:17,908 - matplotlib.image - WARNING - Clipping input data to the valid range for imshow with RGB data ([0..1] for floats or [0..255] for integers). Got range [-2.117904..2.5702832].
2025-05-23 20:58:17,910 - matplotlib.image - WARNING - Clipping input data to the valid range for imshow with RGB data ([0..1] for floats or [0..255] for integers). Got range [-2.117904..109.028114].
2025-05-23 20:58:17,913 - matplotlib.image - WARNING - Clipping input data to the valid range for imshow with RGB data ([0..1] for floats or [0..255] for integers). Got range [-2.117904..140.10263].
2025-05-23 20:58:18,193 - matplotlib.image - WARNING - Clipping input data to the valid range for imshow with RGB data ([0..1] for floats or [0..255] for integers). Got range [-2.117904..2.5528543].
2025-05-23 20:58:18,195 - matplotlib.image - WARNING - Clipping input data to the valid range for imshow with RGB data ([0..1] for floats or [0..255] for integers). Got range [-2.117904..109.0072].
2025-05-23 20:58:18,198 - matplotlib.image - WARNING - Clipping input data to the valid range for imshow with RGB data ([0..1] for floats or [0..255] for integers). Got range [-2.117904..153.81737].
2025-05-23 20:58:18,379 - matplotlib.image - WARNING - Clipping input data to the valid range for imshow with RGB data ([0..1] for floats or [0..255] for integers). Got range [-2.117904..2.5528543].
2025-05-23 20:58:18,382 - matplotlib.image - WARNING - Clipping input data to the valid range for imshow with RGB data ([0..1] for floats or [0..255] for integers). Got range [-2.117904..109.01417].
2025-05-23 20:58:18,385 - matplotlib.image - WARNING - Clipping input data to the valid range for imshow with RGB data ([0..1] for floats or [0..255] for integers). Got range [-2.117904..153.81737].
2025-05-23 20:58:18,664 - matplotlib.image - WARNING - Clipping input data to the valid range for imshow with RGB data ([0..1] for floats or [0..255] for integers). Got range [-1.4500387..2.64].
2025-05-23 20:58:18,667 - matplotlib.image - WARNING - Clipping input data to the valid range for imshow with RGB data ([0..1] for floats or [0..255] for integers). Got range [-1.4500387..109.056].
2025-05-23 20:58:18,670 - matplotlib.image - WARNING - Clipping input data to the valid range for imshow with RGB data ([0..1] for floats or [0..255] for integers). Got range [-1.4500387..153.89957].
2025-05-23 20:58:18,859 - matplotlib.image - WARNING - Clipping input data to the valid range for imshow with RGB data ([0..1] for floats or [0..255] for integers). Got range [-1.4500387..2.64].
2025-05-23 20:58:18,861 - matplotlib.image - WARNING - Clipping input data to the valid range for imshow with RGB data ([0..1] for floats or [0..255] for integers). Got range [-1.4157891..109.056].
2025-05-23 20:58:18,864 - matplotlib.image - WARNING - Clipping input data to the valid range for imshow with RGB data ([0..1] for floats or [0..255] for integers). Got range [-1.4500387..153.89957].
2025-05-23 20:58:19,139 - matplotlib.image - WARNING - Clipping input data to the valid range for imshow with RGB data ([0..1] for floats or [0..255] for integers). Got range [-1.5280112..2.64].
2025-05-23 20:58:19,142 - matplotlib.image - WARNING - Clipping input data to the valid range for imshow with RGB data ([0..1] for floats or [0..255] for integers). Got range [-1.5280112..109.056].
2025-05-23 20:58:19,146 - matplotlib.image - WARNING - Clipping input data to the valid range for imshow with RGB data ([0..1] for floats or [0..255] for integers). Got range [-1.5185376..153.89957].
2025-05-23 20:58:19,426 - matplotlib.image - WARNING - Clipping input data to the valid range for imshow with RGB data ([0..1] for floats or [0..255] for integers). Got range [-1.5699118..2.64].
2025-05-23 20:58:19,429 - matplotlib.image - WARNING - Clipping input data to the valid range for imshow with RGB data ([0..1] for floats or [0..255] for integers). Got range [-1.5527872..109.056].
2025-05-23 20:58:19,432 - matplotlib.image - WARNING - Clipping input data to the valid range for imshow with RGB data ([0..1] for floats or [0..255] for integers). Got range [-1.5699118..153.89957].
2025-05-23 20:58:19,689 - matplotlib.image - WARNING - Clipping input data to the valid range for imshow with RGB data ([0..1] for floats or [0..255] for integers). Got range [-1.7069099..2.64].
2025-05-23 20:58:19,692 - matplotlib.image - WARNING - Clipping input data to the valid range for imshow with RGB data ([0..1] for floats or [0..255] for integers). Got range [-1.7069099..109.056].
2025-05-23 20:58:19,695 - matplotlib.image - WARNING - Clipping input data to the valid range for imshow with RGB data ([0..1] for floats or [0..255] for integers). Got range [-1.6726604..153.89957].
2025-05-23 20:58:19,848 - matplotlib.image - WARNING - Clipping input data to the valid range for imshow with RGB data ([0..1] for floats or [0..255] for integers). Got range [-1.5980392..2.64].
2025-05-23 20:58:19,850 - matplotlib.image - WARNING - Clipping input data to the valid range for imshow with RGB data ([0..1] for floats or [0..255] for integers). Got range [-1.5870366..109.056].
2025-05-23 20:58:19,854 - matplotlib.image - WARNING - Clipping input data to the valid range for imshow with RGB data ([0..1] for floats or [0..255] for integers). Got range [-1.5870366..153.89957].
2025-05-23 20:58:20,099 - matplotlib.image - WARNING - Clipping input data to the valid range for imshow with RGB data ([0..1] for floats or [0..255] for integers). Got range [-1.7582842..2.64].
2025-05-23 20:58:20,102 - matplotlib.image - WARNING - Clipping input data to the valid range for imshow with RGB data ([0..1] for floats or [0..255] for integers). Got range [-1.7582842..109.056].
2025-05-23 20:58:20,106 - matplotlib.image - WARNING - Clipping input data to the valid range for imshow with RGB data ([0..1] for floats or [0..255] for integers). Got range [-1.7582842..153.89957].
2025-05-23 20:58:20,250 - matplotlib.image - WARNING - Clipping input data to the valid range for imshow with RGB data ([0..1] for floats or [0..255] for integers). Got range [-1.7240347..2.64].
2025-05-23 20:58:20,253 - matplotlib.image - WARNING - Clipping input data to the valid range for imshow with RGB data ([0..1] for floats or [0..255] for integers). Got range [-1.7240347..109.056].
2025-05-23 20:58:20,257 - matplotlib.image - WARNING - Clipping input data to the valid range for imshow with RGB data ([0..1] for floats or [0..255] for integers). Got range [-1.7240347..153.89957].
2025-05-23 20:58:20,505 - matplotlib.image - WARNING - Clipping input data to the valid range for imshow with RGB data ([0..1] for floats or [0..255] for integers). Got range [-1.7582842..2.64].
2025-05-23 20:58:20,508 - matplotlib.image - WARNING - Clipping input data to the valid range for imshow with RGB data ([0..1] for floats or [0..255] for integers). Got range [-1.7582842..109.056].
2025-05-23 20:58:20,512 - matplotlib.image - WARNING - Clipping input data to the valid range for imshow with RGB data ([0..1] for floats or [0..255] for integers). Got range [-1.7582842..153.89957].
2025-05-23 20:58:20,664 - matplotlib.image - WARNING - Clipping input data to the valid range for imshow with RGB data ([0..1] for floats or [0..255] for integers). Got range [-1.7754089..2.64].
2025-05-23 20:58:20,667 - matplotlib.image - WARNING - Clipping input data to the valid range for imshow with RGB data ([0..1] for floats or [0..255] for integers). Got range [-1.7754089..109.056].
2025-05-23 20:58:20,670 - matplotlib.image - WARNING - Clipping input data to the valid range for imshow with RGB data ([0..1] for floats or [0..255] for integers). Got range [-1.7754089..153.89957].
2025-05-23 20:58:20,907 - matplotlib.image - WARNING - Clipping input data to the valid range for imshow with RGB data ([0..1] for floats or [0..255] for integers). Got range [-2.117904..2.3959913].
2025-05-23 20:58:20,909 - matplotlib.image - WARNING - Clipping input data to the valid range for imshow with RGB data ([0..1] for floats or [0..255] for integers). Got range [-2.117904..108.86777].
2025-05-23 20:58:20,911 - matplotlib.image - WARNING - Clipping input data to the valid range for imshow with RGB data ([0..1] for floats or [0..255] for integers). Got range [-2.117904..108.735306].
2025-05-23 20:58:21,041 - matplotlib.image - WARNING - Clipping input data to the valid range for imshow with RGB data ([0..1] for floats or [0..255] for integers). Got range [-2.1007793..2.2739873].
2025-05-23 20:58:21,044 - matplotlib.image - WARNING - Clipping input data to the valid range for imshow with RGB data ([0..1] for floats or [0..255] for integers). Got range [-2.0665298..108.90959].
2025-05-23 20:58:21,046 - matplotlib.image - WARNING - Clipping input data to the valid range for imshow with RGB data ([0..1] for floats or [0..255] for integers). Got range [-2.1007793..108.6377].
2025-05-23 20:58:21,274 - matplotlib.image - WARNING - Clipping input data to the valid range for imshow with RGB data ([0..1] for floats or [0..255] for integers). Got range [-2.0836544..2.3088455].
2025-05-23 20:58:21,276 - matplotlib.image - WARNING - Clipping input data to the valid range for imshow with RGB data ([0..1] for floats or [0..255] for integers). Got range [-2.0836544..108.90959].
2025-05-23 20:58:21,279 - matplotlib.image - WARNING - Clipping input data to the valid range for imshow with RGB data ([0..1] for floats or [0..255] for integers). Got range [-2.0836544..108.6865].
2025-05-23 20:58:21,403 - matplotlib.image - WARNING - Clipping input data to the valid range for imshow with RGB data ([0..1] for floats or [0..255] for integers). Got range [-2.0836544..2.2914162].
2025-05-23 20:58:21,405 - matplotlib.image - WARNING - Clipping input data to the valid range for imshow with RGB data ([0..1] for floats or [0..255] for integers). Got range [-2.0836544..108.88868].
2025-05-23 20:58:21,408 - matplotlib.image - WARNING - Clipping input data to the valid range for imshow with RGB data ([0..1] for floats or [0..255] for integers). Got range [-2.0836544..108.735306].
2025-05-23 20:58:21,733 - matplotlib.image - WARNING - Clipping input data to the valid range for imshow with RGB data ([0..1] for floats or [0..255] for integers). Got range [-2.0665298..2.0474076].
2025-05-23 20:58:21,735 - matplotlib.image - WARNING - Clipping input data to the valid range for imshow with RGB data ([0..1] for floats or [0..255] for integers). Got range [-2.0665298..108.81199].
2025-05-23 20:58:21,738 - matplotlib.image - WARNING - Clipping input data to the valid range for imshow with RGB data ([0..1] for floats or [0..255] for integers). Got range [-2.0665298..108.6865].
2025-05-23 20:58:21,860 - matplotlib.image - WARNING - Clipping input data to the valid range for imshow with RGB data ([0..1] for floats or [0..255] for integers). Got range [-2.0836544..2.0125492].
2025-05-23 20:58:21,862 - matplotlib.image - WARNING - Clipping input data to the valid range for imshow with RGB data ([0..1] for floats or [0..255] for integers). Got range [-2.0836544..108.672554].
2025-05-23 20:58:21,865 - matplotlib.image - WARNING - Clipping input data to the valid range for imshow with RGB data ([0..1] for floats or [0..255] for integers). Got range [-2.0836544..108.67953].
2025-05-23 20:58:22,088 - matplotlib.image - WARNING - Clipping input data to the valid range for imshow with RGB data ([0..1] for floats or [0..255] for integers). Got range [-2.117904..2.1484594].
2025-05-23 20:58:22,089 - matplotlib.image - WARNING - Clipping input data to the valid range for imshow with RGB data ([0..1] for floats or [0..255] for integers). Got range [-2.117904..108.714386].
2025-05-23 20:58:22,092 - matplotlib.image - WARNING - Clipping input data to the valid range for imshow with RGB data ([0..1] for floats or [0..255] for integers). Got range [-2.117904..108.6377].
2025-05-23 20:58:22,212 - matplotlib.image - WARNING - Clipping input data to the valid range for imshow with RGB data ([0..1] for floats or [0..255] for integers). Got range [-2.117904..2.186841].
2025-05-23 20:58:22,214 - matplotlib.image - WARNING - Clipping input data to the valid range for imshow with RGB data ([0..1] for floats or [0..255] for integers). Got range [-2.117904..108.87473].
2025-05-23 20:58:22,217 - matplotlib.image - WARNING - Clipping input data to the valid range for imshow with RGB data ([0..1] for floats or [0..255] for integers). Got range [-2.117904..108.62376].
2025-05-23 20:58:22,448 - matplotlib.image - WARNING - Clipping input data to the valid range for imshow with RGB data ([0..1] for floats or [0..255] for integers). Got range [-2.117904..2.343704].
2025-05-23 20:58:22,450 - matplotlib.image - WARNING - Clipping input data to the valid range for imshow with RGB data ([0..1] for floats or [0..255] for integers). Got range [-2.117904..108.937485].
2025-05-23 20:58:22,453 - matplotlib.image - WARNING - Clipping input data to the valid range for imshow with RGB data ([0..1] for floats or [0..255] for integers). Got range [-2.117904..108.54009].
2025-05-23 20:58:22,574 - matplotlib.image - WARNING - Clipping input data to the valid range for imshow with RGB data ([0..1] for floats or [0..255] for integers). Got range [-2.117904..2.4308496].
2025-05-23 20:58:22,576 - matplotlib.image - WARNING - Clipping input data to the valid range for imshow with RGB data ([0..1] for floats or [0..255] for integers). Got range [-2.117904..108.97234].
2025-05-23 20:58:22,579 - matplotlib.image - WARNING - Clipping input data to the valid range for imshow with RGB data ([0..1] for floats or [0..255] for integers). Got range [-2.117904..108.47038].
2025-05-23 20:58:22,807 - matplotlib.image - WARNING - Clipping input data to the valid range for imshow with RGB data ([0..1] for floats or [0..255] for integers). Got range [-2.0494049..2.64].
2025-05-23 20:58:22,810 - matplotlib.image - WARNING - Clipping input data to the valid range for imshow with RGB data ([0..1] for floats or [0..255] for integers). Got range [-2.0494049..109.056].
2025-05-23 20:58:22,812 - matplotlib.image - WARNING - Clipping input data to the valid range for imshow with RGB data ([0..1] for floats or [0..255] for integers). Got range [-2.0494049..153.87216].
2025-05-23 20:58:22,965 - matplotlib.image - WARNING - Clipping input data to the valid range for imshow with RGB data ([0..1] for floats or [0..255] for integers). Got range [-2.0665298..2.64].
2025-05-23 20:58:22,968 - matplotlib.image - WARNING - Clipping input data to the valid range for imshow with RGB data ([0..1] for floats or [0..255] for integers). Got range [-2.0665298..109.056].
2025-05-23 20:58:22,970 - matplotlib.image - WARNING - Clipping input data to the valid range for imshow with RGB data ([0..1] for floats or [0..255] for integers). Got range [-2.0665298..153.87901].
2025-05-23 20:58:23,219 - matplotlib.image - WARNING - Clipping input data to the valid range for imshow with RGB data ([0..1] for floats or [0..255] for integers). Got range [-2.117904..2.64].
2025-05-23 20:58:23,221 - matplotlib.image - WARNING - Clipping input data to the valid range for imshow with RGB data ([0..1] for floats or [0..255] for integers). Got range [-2.117904..109.056].
2025-05-23 20:58:23,224 - matplotlib.image - WARNING - Clipping input data to the valid range for imshow with RGB data ([0..1] for floats or [0..255] for integers). Got range [-2.117904..153.88586].
2025-05-23 20:58:23,371 - matplotlib.image - WARNING - Clipping input data to the valid range for imshow with RGB data ([0..1] for floats or [0..255] for integers). Got range [-2.117904..2.64].
2025-05-23 20:58:23,373 - matplotlib.image - WARNING - Clipping input data to the valid range for imshow with RGB data ([0..1] for floats or [0..255] for integers). Got range [-2.117904..109.056].
2025-05-23 20:58:23,376 - matplotlib.image - WARNING - Clipping input data to the valid range for imshow with RGB data ([0..1] for floats or [0..255] for integers). Got range [-2.117904..153.87901].
2025-05-23 20:58:23,617 - matplotlib.image - WARNING - Clipping input data to the valid range for imshow with RGB data ([0..1] for floats or [0..255] for integers). Got range [-2.0665298..2.64].
2025-05-23 20:58:23,620 - matplotlib.image - WARNING - Clipping input data to the valid range for imshow with RGB data ([0..1] for floats or [0..255] for integers). Got range [-2.0665298..109.056].
2025-05-23 20:58:23,622 - matplotlib.image - WARNING - Clipping input data to the valid range for imshow with RGB data ([0..1] for floats or [0..255] for integers). Got range [-2.0494049..153.75572].
2025-05-23 20:58:23,874 - matplotlib.image - WARNING - Clipping input data to the valid range for imshow with RGB data ([0..1] for floats or [0..255] for integers). Got range [-2.117904..2.64].
2025-05-23 20:58:23,877 - matplotlib.image - WARNING - Clipping input data to the valid range for imshow with RGB data ([0..1] for floats or [0..255] for integers). Got range [-2.117904..109.056].
2025-05-23 20:58:23,880 - matplotlib.image - WARNING - Clipping input data to the valid range for imshow with RGB data ([0..1] for floats or [0..255] for integers). Got range [-2.117904..153.63927].
2025-05-23 20:58:24,130 - matplotlib.image - WARNING - Clipping input data to the valid range for imshow with RGB data ([0..1] for floats or [0..255] for integers). Got range [-2.0665298..2.64].
2025-05-23 20:58:24,133 - matplotlib.image - WARNING - Clipping input data to the valid range for imshow with RGB data ([0..1] for floats or [0..255] for integers). Got range [-2.0665298..109.056].
2025-05-23 20:58:24,136 - matplotlib.image - WARNING - Clipping input data to the valid range for imshow with RGB data ([0..1] for floats or [0..255] for integers). Got range [-2.0665298..153.83792].
2025-05-23 20:58:24,279 - matplotlib.image - WARNING - Clipping input data to the valid range for imshow with RGB data ([0..1] for floats or [0..255] for integers). Got range [-2.0836544..2.64].
2025-05-23 20:58:24,282 - matplotlib.image - WARNING - Clipping input data to the valid range for imshow with RGB data ([0..1] for floats or [0..255] for integers). Got range [-2.0836544..109.056].
2025-05-23 20:58:24,285 - matplotlib.image - WARNING - Clipping input data to the valid range for imshow with RGB data ([0..1] for floats or [0..255] for integers). Got range [-2.0836544..153.83792].
2025-05-23 20:58:24,539 - matplotlib.image - WARNING - Clipping input data to the valid range for imshow with RGB data ([0..1] for floats or [0..255] for integers). Got range [-2.117904..2.64].
2025-05-23 20:58:24,541 - matplotlib.image - WARNING - Clipping input data to the valid range for imshow with RGB data ([0..1] for floats or [0..255] for integers). Got range [-2.117904..109.056].
2025-05-23 20:58:24,545 - matplotlib.image - WARNING - Clipping input data to the valid range for imshow with RGB data ([0..1] for floats or [0..255] for integers). Got range [-2.117904..153.66667].
2025-05-23 20:58:24,690 - matplotlib.image - WARNING - Clipping input data to the valid range for imshow with RGB data ([0..1] for floats or [0..255] for integers). Got range [-2.117904..2.64].
2025-05-23 20:58:24,693 - matplotlib.image - WARNING - Clipping input data to the valid range for imshow with RGB data ([0..1] for floats or [0..255] for integers). Got range [-2.117904..109.056].
2025-05-23 20:58:24,696 - matplotlib.image - WARNING - Clipping input data to the valid range for imshow with RGB data ([0..1] for floats or [0..255] for integers). Got range [-2.117904..153.64612].
2025-05-23 20:58:24,955 - matplotlib.image - WARNING - Clipping input data to the valid range for imshow with RGB data ([0..1] for floats or [0..255] for integers). Got range [-2.0494049..2.5528543].
2025-05-23 20:58:24,957 - matplotlib.image - WARNING - Clipping input data to the valid range for imshow with RGB data ([0..1] for floats or [0..255] for integers). Got range [-2.0494049..109.02114].
2025-05-23 20:58:24,960 - matplotlib.image - WARNING - Clipping input data to the valid range for imshow with RGB data ([0..1] for floats or [0..255] for integers). Got range [-2.0494049..140.22115].
2025-05-23 20:58:25,095 - matplotlib.image - WARNING - Clipping input data to the valid range for imshow with RGB data ([0..1] for floats or [0..255] for integers). Got range [-2.0494049..2.535425].
2025-05-23 20:58:25,098 - matplotlib.image - WARNING - Clipping input data to the valid range for imshow with RGB data ([0..1] for floats or [0..255] for integers). Got range [-2.0322802..108.98628].
2025-05-23 20:58:25,101 - matplotlib.image - WARNING - Clipping input data to the valid range for imshow with RGB data ([0..1] for floats or [0..255] for integers). Got range [-2.0494049..140.21417].
2025-05-23 20:58:25,347 - matplotlib.image - WARNING - Clipping input data to the valid range for imshow with RGB data ([0..1] for floats or [0..255] for integers). Got range [-2.0665298..2.5528543].
2025-05-23 20:58:25,349 - matplotlib.image - WARNING - Clipping input data to the valid range for imshow with RGB data ([0..1] for floats or [0..255] for integers). Got range [-2.0665298..108.993256].
2025-05-23 20:58:25,352 - matplotlib.image - WARNING - Clipping input data to the valid range for imshow with RGB data ([0..1] for floats or [0..255] for integers). Got range [-2.0665298..140.22115].
2025-05-23 20:58:25,490 - matplotlib.image - WARNING - Clipping input data to the valid range for imshow with RGB data ([0..1] for floats or [0..255] for integers). Got range [-2.0494049..2.5528543].
2025-05-23 20:58:25,493 - matplotlib.image - WARNING - Clipping input data to the valid range for imshow with RGB data ([0..1] for floats or [0..255] for integers). Got range [-2.0494049..109.02114].
2025-05-23 20:58:25,496 - matplotlib.image - WARNING - Clipping input data to the valid range for imshow with RGB data ([0..1] for floats or [0..255] for integers). Got range [-2.0494049..140.22115].
2025-05-23 20:58:25,730 - matplotlib.image - WARNING - Clipping input data to the valid range for imshow with RGB data ([0..1] for floats or [0..255] for integers). Got range [-2.0494049..2.4308496].
2025-05-23 20:58:25,732 - matplotlib.image - WARNING - Clipping input data to the valid range for imshow with RGB data ([0..1] for floats or [0..255] for integers). Got range [-2.0494049..108.97234].
2025-05-23 20:58:25,735 - matplotlib.image - WARNING - Clipping input data to the valid range for imshow with RGB data ([0..1] for floats or [0..255] for integers). Got range [-2.0494049..140.17233].
2025-05-23 20:58:25,876 - matplotlib.image - WARNING - Clipping input data to the valid range for imshow with RGB data ([0..1] for floats or [0..255] for integers). Got range [-2.0494049..2.3785625].
2025-05-23 20:58:25,879 - matplotlib.image - WARNING - Clipping input data to the valid range for imshow with RGB data ([0..1] for floats or [0..255] for integers). Got range [-2.0322802..108.937485].
2025-05-23 20:58:25,882 - matplotlib.image - WARNING - Clipping input data to the valid range for imshow with RGB data ([0..1] for floats or [0..255] for integers). Got range [-2.0494049..140.13051].
2025-05-23 20:58:26,129 - matplotlib.image - WARNING - Clipping input data to the valid range for imshow with RGB data ([0..1] for floats or [0..255] for integers). Got range [-2.0494049..2.3785625].
2025-05-23 20:58:26,132 - matplotlib.image - WARNING - Clipping input data to the valid range for imshow with RGB data ([0..1] for floats or [0..255] for integers). Got range [-2.0494049..108.95142].
2025-05-23 20:58:26,134 - matplotlib.image - WARNING - Clipping input data to the valid range for imshow with RGB data ([0..1] for floats or [0..255] for integers). Got range [-2.0494049..140.08868].
2025-05-23 20:58:26,424 - matplotlib.image - WARNING - Clipping input data to the valid range for imshow with RGB data ([0..1] for floats or [0..255] for integers). Got range [-2.0494049..2.3935575].
2025-05-23 20:58:26,427 - matplotlib.image - WARNING - Clipping input data to the valid range for imshow with RGB data ([0..1] for floats or [0..255] for integers). Got range [-2.0322802..108.92354].
2025-05-23 20:58:26,430 - matplotlib.image - WARNING - Clipping input data to the valid range for imshow with RGB data ([0..1] for floats or [0..255] for integers). Got range [-2.0494049..140.10263].
2025-05-23 20:58:26,688 - matplotlib.image - WARNING - Clipping input data to the valid range for imshow with RGB data ([0..1] for floats or [0..255] for integers). Got range [-2.0665298..2.3959913].
2025-05-23 20:58:26,691 - matplotlib.image - WARNING - Clipping input data to the valid range for imshow with RGB data ([0..1] for floats or [0..255] for integers). Got range [-2.0665298..108.9584].
2025-05-23 20:58:26,694 - matplotlib.image - WARNING - Clipping input data to the valid range for imshow with RGB data ([0..1] for floats or [0..255] for integers). Got range [-2.0665298..140.06776].
2025-05-23 20:58:26,841 - matplotlib.image - WARNING - Clipping input data to the valid range for imshow with RGB data ([0..1] for floats or [0..255] for integers). Got range [-2.0494049..2.3611329].
2025-05-23 20:58:26,843 - matplotlib.image - WARNING - Clipping input data to the valid range for imshow with RGB data ([0..1] for floats or [0..255] for integers). Got range [-2.0494049..108.94445].
2025-05-23 20:58:26,847 - matplotlib.image - WARNING - Clipping input data to the valid range for imshow with RGB data ([0..1] for floats or [0..255] for integers). Got range [-2.0494049..140.07474].
2025-05-23 20:58:27,093 - matplotlib.image - WARNING - Clipping input data to the valid range for imshow with RGB data ([0..1] for floats or [0..255] for integers). Got range [-2.0494049..2.3959913].
2025-05-23 20:58:27,095 - matplotlib.image - WARNING - Clipping input data to the valid range for imshow with RGB data ([0..1] for floats or [0..255] for integers). Got range [-2.0494049..108.9584].
2025-05-23 20:58:27,098 - matplotlib.image - WARNING - Clipping input data to the valid range for imshow with RGB data ([0..1] for floats or [0..255] for integers). Got range [-2.0494049..140.14445].
2025-05-23 20:58:27,233 - matplotlib.image - WARNING - Clipping input data to the valid range for imshow with RGB data ([0..1] for floats or [0..255] for integers). Got range [-2.0665298..2.4308496].
2025-05-23 20:58:27,236 - matplotlib.image - WARNING - Clipping input data to the valid range for imshow with RGB data ([0..1] for floats or [0..255] for integers). Got range [-2.0494049..108.96537].
2025-05-23 20:58:27,239 - matplotlib.image - WARNING - Clipping input data to the valid range for imshow with RGB data ([0..1] for floats or [0..255] for integers). Got range [-2.0665298..140.17233].
2025-05-23 20:58:27,503 - matplotlib.image - WARNING - Clipping input data to the valid range for imshow with RGB data ([0..1] for floats or [0..255] for integers). Got range [-2.0494049..2.3785625].
2025-05-23 20:58:27,505 - matplotlib.image - WARNING - Clipping input data to the valid range for imshow with RGB data ([0..1] for floats or [0..255] for integers). Got range [-2.0494049..108.95142].
2025-05-23 20:58:27,508 - matplotlib.image - WARNING - Clipping input data to the valid range for imshow with RGB data ([0..1] for floats or [0..255] for integers). Got range [-2.0494049..140.15143].
2025-05-23 20:58:27,664 - matplotlib.image - WARNING - Clipping input data to the valid range for imshow with RGB data ([0..1] for floats or [0..255] for integers). Got range [-2.0836544..2.465708].
2025-05-23 20:58:27,668 - matplotlib.image - WARNING - Clipping input data to the valid range for imshow with RGB data ([0..1] for floats or [0..255] for integers). Got range [-2.0836544..108.98628].
2025-05-23 20:58:27,671 - matplotlib.image - WARNING - Clipping input data to the valid range for imshow with RGB data ([0..1] for floats or [0..255] for integers). Got range [-2.0836544..140.18628].
2025-05-23 20:58:27,926 - matplotlib.image - WARNING - Clipping input data to the valid range for imshow with RGB data ([0..1] for floats or [0..255] for integers). Got range [-2.117904..2.5528543].
2025-05-23 20:58:27,928 - matplotlib.image - WARNING - Clipping input data to the valid range for imshow with RGB data ([0..1] for floats or [0..255] for integers). Got range [-2.117904..108.993256].
2025-05-23 20:58:27,931 - matplotlib.image - WARNING - Clipping input data to the valid range for imshow with RGB data ([0..1] for floats or [0..255] for integers). Got range [-2.1007793..140.22115].
2025-05-23 20:58:28,077 - matplotlib.image - WARNING - Clipping input data to the valid range for imshow with RGB data ([0..1] for floats or [0..255] for integers). Got range [-2.1007793..2.64].
2025-05-23 20:58:28,080 - matplotlib.image - WARNING - Clipping input data to the valid range for imshow with RGB data ([0..1] for floats or [0..255] for integers). Got range [-2.1007793..109.056].
2025-05-23 20:58:28,083 - matplotlib.image - WARNING - Clipping input data to the valid range for imshow with RGB data ([0..1] for floats or [0..255] for integers). Got range [-2.1007793..140.256].
2025-05-23 20:58:28,347 - matplotlib.image - WARNING - Clipping input data to the valid range for imshow with RGB data ([0..1] for floats or [0..255] for integers). Got range [-2.0322802..2.3088455].
2025-05-23 20:58:28,349 - matplotlib.image - WARNING - Clipping input data to the valid range for imshow with RGB data ([0..1] for floats or [0..255] for integers). Got range [-2.0322802..108.916565].
2025-05-23 20:58:28,352 - matplotlib.image - WARNING - Clipping input data to the valid range for imshow with RGB data ([0..1] for floats or [0..255] for integers). Got range [-1.8610327..140.00502].
2025-05-23 20:58:28,491 - matplotlib.image - WARNING - Clipping input data to the valid range for imshow with RGB data ([0..1] for floats or [0..255] for integers). Got range [-2.0494049..2.3262744].
2025-05-23 20:58:28,494 - matplotlib.image - WARNING - Clipping input data to the valid range for imshow with RGB data ([0..1] for floats or [0..255] for integers). Got range [-1.9295317..108.93051].
2025-05-23 20:58:28,497 - matplotlib.image - WARNING - Clipping input data to the valid range for imshow with RGB data ([0..1] for floats or [0..255] for integers). Got range [-1.7925336..139.97713].
2025-05-23 20:58:28,716 - matplotlib.image - WARNING - Clipping input data to the valid range for imshow with RGB data ([0..1] for floats or [0..255] for integers). Got range [-2.117904..2.6051416].
2025-05-23 20:58:28,718 - matplotlib.image - WARNING - Clipping input data to the valid range for imshow with RGB data ([0..1] for floats or [0..255] for integers). Got range [-2.117904..109.01417].
2025-05-23 20:58:28,721 - matplotlib.image - WARNING - Clipping input data to the valid range for imshow with RGB data ([0..1] for floats or [0..255] for integers). Got range [-1.5356624..140.06776].
2025-05-23 20:58:28,975 - matplotlib.image - WARNING - Clipping input data to the valid range for imshow with RGB data ([0..1] for floats or [0..255] for integers). Got range [-2.1007793..2.64].
2025-05-23 20:58:28,978 - matplotlib.image - WARNING - Clipping input data to the valid range for imshow with RGB data ([0..1] for floats or [0..255] for integers). Got range [-2.1007793..109.04903].
2025-05-23 20:58:28,981 - matplotlib.image - WARNING - Clipping input data to the valid range for imshow with RGB data ([0..1] for floats or [0..255] for integers). Got range [-1.5356624..140.17233].
2025-05-23 20:58:29,214 - matplotlib.image - WARNING - Clipping input data to the valid range for imshow with RGB data ([0..1] for floats or [0..255] for integers). Got range [-2.1007793..2.64].
2025-05-23 20:58:29,216 - matplotlib.image - WARNING - Clipping input data to the valid range for imshow with RGB data ([0..1] for floats or [0..255] for integers). Got range [-1.9295317..109.056].
2025-05-23 20:58:29,219 - matplotlib.image - WARNING - Clipping input data to the valid range for imshow with RGB data ([0..1] for floats or [0..255] for integers). Got range [-1.6555357..140.10959].
2025-05-23 20:58:29,340 - matplotlib.image - WARNING - Clipping input data to the valid range for imshow with RGB data ([0..1] for floats or [0..255] for integers). Got range [-1.9466565..2.64].
2025-05-23 20:58:29,343 - matplotlib.image - WARNING - Clipping input data to the valid range for imshow with RGB data ([0..1] for floats or [0..255] for integers). Got range [-1.9466565..109.056].
2025-05-23 20:58:29,346 - matplotlib.image - WARNING - Clipping input data to the valid range for imshow with RGB data ([0..1] for floats or [0..255] for integers). Got range [-1.4329139..140.01897].
2025-05-23 20:58:29,565 - matplotlib.image - WARNING - Clipping input data to the valid range for imshow with RGB data ([0..1] for floats or [0..255] for integers). Got range [-1.9124069..2.4134207].
2025-05-23 20:58:29,568 - matplotlib.image - WARNING - Clipping input data to the valid range for imshow with RGB data ([0..1] for floats or [0..255] for integers). Got range [-1.9124069..108.94445].
2025-05-23 20:58:29,570 - matplotlib.image - WARNING - Clipping input data to the valid range for imshow with RGB data ([0..1] for floats or [0..255] for integers). Got range [-1.5527872..139.50305].
2025-05-23 20:58:29,723 - matplotlib.image - WARNING - Clipping input data to the valid range for imshow with RGB data ([0..1] for floats or [0..255] for integers). Got range [-1.9124069..2.4134207].
2025-05-23 20:58:29,726 - matplotlib.image - WARNING - Clipping input data to the valid range for imshow with RGB data ([0..1] for floats or [0..255] for integers). Got range [-1.9124069..108.9584].
2025-05-23 20:58:29,729 - matplotlib.image - WARNING - Clipping input data to the valid range for imshow with RGB data ([0..1] for floats or [0..255] for integers). Got range [-1.5356624..139.53792].
2025-05-23 20:58:29,960 - matplotlib.image - WARNING - Clipping input data to the valid range for imshow with RGB data ([0..1] for floats or [0..255] for integers). Got range [-1.9466565..2.622571].
2025-05-23 20:58:29,964 - matplotlib.image - WARNING - Clipping input data to the valid range for imshow with RGB data ([0..1] for floats or [0..255] for integers). Got range [-1.9295317..109.04205].
2025-05-23 20:58:29,967 - matplotlib.image - WARNING - Clipping input data to the valid range for imshow with RGB data ([0..1] for floats or [0..255] for integers). Got range [-1.7925336..153.88586].
2025-05-23 20:58:30,153 - matplotlib.image - WARNING - Clipping input data to the valid range for imshow with RGB data ([0..1] for floats or [0..255] for integers). Got range [-2.0151556..2.64].
2025-05-23 20:58:30,155 - matplotlib.image - WARNING - Clipping input data to the valid range for imshow with RGB data ([0..1] for floats or [0..255] for integers). Got range [-1.980906..109.04205].
2025-05-23 20:58:30,158 - matplotlib.image - WARNING - Clipping input data to the valid range for imshow with RGB data ([0..1] for floats or [0..255] for integers). Got range [-1.8096584..153.75572].
2025-05-23 20:58:30,453 - matplotlib.image - WARNING - Clipping input data to the valid range for imshow with RGB data ([0..1] for floats or [0..255] for integers). Got range [-1.980906..2.622571].
2025-05-23 20:58:30,457 - matplotlib.image - WARNING - Clipping input data to the valid range for imshow with RGB data ([0..1] for floats or [0..255] for integers). Got range [-1.980906..109.04205].
2025-05-23 20:58:30,460 - matplotlib.image - WARNING - Clipping input data to the valid range for imshow with RGB data ([0..1] for floats or [0..255] for integers). Got range [-1.6127234..153.88586].
2025-05-23 20:58:30,641 - matplotlib.image - WARNING - Clipping input data to the valid range for imshow with RGB data ([0..1] for floats or [0..255] for integers). Got range [-1.9124069..2.622571].
2025-05-23 20:58:30,644 - matplotlib.image - WARNING - Clipping input data to the valid range for imshow with RGB data ([0..1] for floats or [0..255] for integers). Got range [-1.9124069..109.02114].
2025-05-23 20:58:30,647 - matplotlib.image - WARNING - Clipping input data to the valid range for imshow with RGB data ([0..1] for floats or [0..255] for integers). Got range [-1.6726604..153.72147].
2025-05-23 20:58:30,940 - matplotlib.image - WARNING - Clipping input data to the valid range for imshow with RGB data ([0..1] for floats or [0..255] for integers). Got range [-1.9295317..2.5528543].
2025-05-23 20:58:30,943 - matplotlib.image - WARNING - Clipping input data to the valid range for imshow with RGB data ([0..1] for floats or [0..255] for integers). Got range [-1.9295317..109.02114].
2025-05-23 20:58:30,946 - matplotlib.image - WARNING - Clipping input data to the valid range for imshow with RGB data ([0..1] for floats or [0..255] for integers). Got range [-1.7411594..153.74202].
2025-05-23 20:58:31,129 - matplotlib.image - WARNING - Clipping input data to the valid range for imshow with RGB data ([0..1] for floats or [0..255] for integers). Got range [-1.8781574..2.64].
2025-05-23 20:58:31,131 - matplotlib.image - WARNING - Clipping input data to the valid range for imshow with RGB data ([0..1] for floats or [0..255] for integers). Got range [-1.8610327..109.056].
2025-05-23 20:58:31,134 - matplotlib.image - WARNING - Clipping input data to the valid range for imshow with RGB data ([0..1] for floats or [0..255] for integers). Got range [-1.6384109..153.73517].
2025-05-23 20:58:31,432 - matplotlib.image - WARNING - Clipping input data to the valid range for imshow with RGB data ([0..1] for floats or [0..255] for integers). Got range [-1.8781574..2.64].
2025-05-23 20:58:31,435 - matplotlib.image - WARNING - Clipping input data to the valid range for imshow with RGB data ([0..1] for floats or [0..255] for integers). Got range [-1.843908..109.04903].
2025-05-23 20:58:31,438 - matplotlib.image - WARNING - Clipping input data to the valid range for imshow with RGB data ([0..1] for floats or [0..255] for integers). Got range [-1.7240347..153.71461].
2025-05-23 20:58:31,741 - matplotlib.image - WARNING - Clipping input data to the valid range for imshow with RGB data ([0..1] for floats or [0..255] for integers). Got range [-1.9466565..2.64].
2025-05-23 20:58:31,744 - matplotlib.image - WARNING - Clipping input data to the valid range for imshow with RGB data ([0..1] for floats or [0..255] for integers). Got range [-1.9295317..109.056].
2025-05-23 20:58:31,747 - matplotlib.image - WARNING - Clipping input data to the valid range for imshow with RGB data ([0..1] for floats or [0..255] for integers). Got range [-1.7240347..153.72147].
2025-05-23 20:58:32,023 - matplotlib.image - WARNING - Clipping input data to the valid range for imshow with RGB data ([0..1] for floats or [0..255] for integers). Got range [-1.9295317..2.64].
2025-05-23 20:58:32,026 - matplotlib.image - WARNING - Clipping input data to the valid range for imshow with RGB data ([0..1] for floats or [0..255] for integers). Got range [-1.9295317..109.056].
2025-05-23 20:58:32,029 - matplotlib.image - WARNING - Clipping input data to the valid range for imshow with RGB data ([0..1] for floats or [0..255] for integers). Got range [-1.6897851..153.74887].
2025-05-23 20:58:32,211 - matplotlib.image - WARNING - Clipping input data to the valid range for imshow with RGB data ([0..1] for floats or [0..255] for integers). Got range [-1.9980307..2.64].
2025-05-23 20:58:32,214 - matplotlib.image - WARNING - Clipping input data to the valid range for imshow with RGB data ([0..1] for floats or [0..255] for integers). Got range [-1.8952821..109.056].
2025-05-23 20:58:32,217 - matplotlib.image - WARNING - Clipping input data to the valid range for imshow with RGB data ([0..1] for floats or [0..255] for integers). Got range [-1.7240347..153.84476].
2025-05-23 20:58:32,504 - matplotlib.image - WARNING - Clipping input data to the valid range for imshow with RGB data ([0..1] for floats or [0..255] for integers). Got range [-1.9124069..2.64].
2025-05-23 20:58:32,507 - matplotlib.image - WARNING - Clipping input data to the valid range for imshow with RGB data ([0..1] for floats or [0..255] for integers). Got range [-1.8952821..109.04205].
2025-05-23 20:58:32,510 - matplotlib.image - WARNING - Clipping input data to the valid range for imshow with RGB data ([0..1] for floats or [0..255] for integers). Got range [-1.8610327..153.72147].
2025-05-23 20:58:32,687 - matplotlib.image - WARNING - Clipping input data to the valid range for imshow with RGB data ([0..1] for floats or [0..255] for integers). Got range [-1.9124069..2.64].
2025-05-23 20:58:32,690 - matplotlib.image - WARNING - Clipping input data to the valid range for imshow with RGB data ([0..1] for floats or [0..255] for integers). Got range [-1.8781574..109.04903].
2025-05-23 20:58:32,692 - matplotlib.image - WARNING - Clipping input data to the valid range for imshow with RGB data ([0..1] for floats or [0..255] for integers). Got range [-1.6212862..153.74887].
2025-05-23 20:58:32,975 - matplotlib.image - WARNING - Clipping input data to the valid range for imshow with RGB data ([0..1] for floats or [0..255] for integers). Got range [-1.8610327..2.64].
2025-05-23 20:58:32,979 - matplotlib.image - WARNING - Clipping input data to the valid range for imshow with RGB data ([0..1] for floats or [0..255] for integers). Got range [-1.8610327..109.04903].
2025-05-23 20:58:32,981 - matplotlib.image - WARNING - Clipping input data to the valid range for imshow with RGB data ([0..1] for floats or [0..255] for integers). Got range [-1.6041614..153.89272].
2025-05-23 20:58:33,165 - matplotlib.image - WARNING - Clipping input data to the valid range for imshow with RGB data ([0..1] for floats or [0..255] for integers). Got range [-1.8781574..2.622571].
2025-05-23 20:58:33,167 - matplotlib.image - WARNING - Clipping input data to the valid range for imshow with RGB data ([0..1] for floats or [0..255] for integers). Got range [-1.8781574..109.04903].
2025-05-23 20:58:33,170 - matplotlib.image - WARNING - Clipping input data to the valid range for imshow with RGB data ([0..1] for floats or [0..255] for integers). Got range [-1.6041614..153.73517].
2025-05-23 20:58:33,497 - matplotlib.image - WARNING - Clipping input data to the valid range for imshow with RGB data ([0..1] for floats or [0..255] for integers). Got range [-1.8781574..2.622571].
2025-05-23 20:58:33,500 - matplotlib.image - WARNING - Clipping input data to the valid range for imshow with RGB data ([0..1] for floats or [0..255] for integers). Got range [-1.8267832..109.028114].
2025-05-23 20:58:33,504 - matplotlib.image - WARNING - Clipping input data to the valid range for imshow with RGB data ([0..1] for floats or [0..255] for integers). Got range [-1.6212862..153.78311].
2025-05-23 20:58:33,692 - matplotlib.image - WARNING - Clipping input data to the valid range for imshow with RGB data ([0..1] for floats or [0..255] for integers). Got range [-1.8952821..2.5702832].
2025-05-23 20:58:33,694 - matplotlib.image - WARNING - Clipping input data to the valid range for imshow with RGB data ([0..1] for floats or [0..255] for integers). Got range [-1.8952821..109.028114].
2025-05-23 20:58:33,697 - matplotlib.image - WARNING - Clipping input data to the valid range for imshow with RGB data ([0..1] for floats or [0..255] for integers). Got range [-1.5356624..153.68721].
2025-05-23 20:58:34,008 - matplotlib.image - WARNING - Clipping input data to the valid range for imshow with RGB data ([0..1] for floats or [0..255] for integers). Got range [-1.8952821..2.64].
2025-05-23 20:58:34,011 - matplotlib.image - WARNING - Clipping input data to the valid range for imshow with RGB data ([0..1] for floats or [0..255] for integers). Got range [-1.8952821..109.056].
2025-05-23 20:58:34,014 - matplotlib.image - WARNING - Clipping input data to the valid range for imshow with RGB data ([0..1] for floats or [0..255] for integers). Got range [-1.7754089..108.72136].
2025-05-23 20:58:34,173 - matplotlib.image - WARNING - Clipping input data to the valid range for imshow with RGB data ([0..1] for floats or [0..255] for integers). Got range [-1.8267832..2.64].
2025-05-23 20:58:34,175 - matplotlib.image - WARNING - Clipping input data to the valid range for imshow with RGB data ([0..1] for floats or [0..255] for integers). Got range [-1.8267832..109.056].
2025-05-23 20:58:34,178 - matplotlib.image - WARNING - Clipping input data to the valid range for imshow with RGB data ([0..1] for floats or [0..255] for integers). Got range [-1.8267832..108.77713].
2025-05-23 20:58:34,456 - matplotlib.image - WARNING - Clipping input data to the valid range for imshow with RGB data ([0..1] for floats or [0..255] for integers). Got range [-1.9124069..2.64].
2025-05-23 20:58:34,459 - matplotlib.image - WARNING - Clipping input data to the valid range for imshow with RGB data ([0..1] for floats or [0..255] for integers). Got range [-1.8952821..109.056].
2025-05-23 20:58:34,600 - matplotlib.image - WARNING - Clipping input data to the valid range for imshow with RGB data ([0..1] for floats or [0..255] for integers). Got range [-1.9124069..108.76319].
2025-05-23 20:58:34,754 - matplotlib.image - WARNING - Clipping input data to the valid range for imshow with RGB data ([0..1] for floats or [0..255] for integers). Got range [-1.9295317..2.64].
2025-05-23 20:58:34,757 - matplotlib.image - WARNING - Clipping input data to the valid range for imshow with RGB data ([0..1] for floats or [0..255] for integers). Got range [-1.9295317..109.056].
2025-05-23 20:58:34,760 - matplotlib.image - WARNING - Clipping input data to the valid range for imshow with RGB data ([0..1] for floats or [0..255] for integers). Got range [-1.8781574..108.79805].
2025-05-23 20:58:34,983 - matplotlib.image - WARNING - Clipping input data to the valid range for imshow with RGB data ([0..1] for floats or [0..255] for integers). Got range [-1.9124069..2.64].
2025-05-23 20:58:34,985 - matplotlib.image - WARNING - Clipping input data to the valid range for imshow with RGB data ([0..1] for floats or [0..255] for integers). Got range [-1.9124069..109.056].
2025-05-23 20:58:34,988 - matplotlib.image - WARNING - Clipping input data to the valid range for imshow with RGB data ([0..1] for floats or [0..255] for integers). Got range [-1.9124069..108.77713].
2025-05-23 20:58:35,137 - matplotlib.image - WARNING - Clipping input data to the valid range for imshow with RGB data ([0..1] for floats or [0..255] for integers). Got range [-1.8610327..2.622571].
2025-05-23 20:58:35,140 - matplotlib.image - WARNING - Clipping input data to the valid range for imshow with RGB data ([0..1] for floats or [0..255] for integers). Got range [-1.8096584..109.04903].
2025-05-23 20:58:35,143 - matplotlib.image - WARNING - Clipping input data to the valid range for imshow with RGB data ([0..1] for floats or [0..255] for integers). Got range [-1.8610327..108.88171].
2025-05-23 20:58:35,359 - matplotlib.image - WARNING - Clipping input data to the valid range for imshow with RGB data ([0..1] for floats or [0..255] for integers). Got range [-1.843908..2.64].
2025-05-23 20:58:35,362 - matplotlib.image - WARNING - Clipping input data to the valid range for imshow with RGB data ([0..1] for floats or [0..255] for integers). Got range [-1.8267832..109.056].
2025-05-23 20:58:35,365 - matplotlib.image - WARNING - Clipping input data to the valid range for imshow with RGB data ([0..1] for floats or [0..255] for integers). Got range [-1.8267832..108.825935].
2025-05-23 20:58:35,521 - matplotlib.image - WARNING - Clipping input data to the valid range for imshow with RGB data ([0..1] for floats or [0..255] for integers). Got range [-1.8952821..2.64].
2025-05-23 20:58:35,523 - matplotlib.image - WARNING - Clipping input data to the valid range for imshow with RGB data ([0..1] for floats or [0..255] for integers). Got range [-1.843908..109.056].
2025-05-23 20:58:35,526 - matplotlib.image - WARNING - Clipping input data to the valid range for imshow with RGB data ([0..1] for floats or [0..255] for integers). Got range [-1.8267832..108.839874].
2025-05-23 20:58:35,732 - matplotlib.image - WARNING - Clipping input data to the valid range for imshow with RGB data ([0..1] for floats or [0..255] for integers). Got range [-1.9295317..2.6051416].
2025-05-23 20:58:35,734 - matplotlib.image - WARNING - Clipping input data to the valid range for imshow with RGB data ([0..1] for floats or [0..255] for integers). Got range [-1.9295317..109.01417].
2025-05-23 20:58:35,738 - matplotlib.image - WARNING - Clipping input data to the valid range for imshow with RGB data ([0..1] for floats or [0..255] for integers). Got range [-1.8952821..108.770164].
2025-05-23 20:58:35,919 - matplotlib.image - WARNING - Clipping input data to the valid range for imshow with RGB data ([0..1] for floats or [0..255] for integers). Got range [-1.9466565..2.64].
2025-05-23 20:58:35,922 - matplotlib.image - WARNING - Clipping input data to the valid range for imshow with RGB data ([0..1] for floats or [0..255] for integers). Got range [-1.9466565..109.056].
2025-05-23 20:58:35,925 - matplotlib.image - WARNING - Clipping input data to the valid range for imshow with RGB data ([0..1] for floats or [0..255] for integers). Got range [-1.8952821..108.77713].
2025-05-23 20:58:36,164 - matplotlib.image - WARNING - Clipping input data to the valid range for imshow with RGB data ([0..1] for floats or [0..255] for integers). Got range [-1.8952821..2.5528543].
2025-05-23 20:58:36,168 - matplotlib.image - WARNING - Clipping input data to the valid range for imshow with RGB data ([0..1] for floats or [0..255] for integers). Got range [-1.8952821..109.02114].
2025-05-23 20:58:36,170 - matplotlib.image - WARNING - Clipping input data to the valid range for imshow with RGB data ([0..1] for floats or [0..255] for integers). Got range [-1.8781574..108.84685].
2025-05-23 20:58:36,343 - matplotlib.image - WARNING - Clipping input data to the valid range for imshow with RGB data ([0..1] for floats or [0..255] for integers). Got range [-1.9466565..2.4482791].
2025-05-23 20:58:36,345 - matplotlib.image - WARNING - Clipping input data to the valid range for imshow with RGB data ([0..1] for floats or [0..255] for integers). Got range [-1.9466565..108.97931].
2025-05-23 20:58:36,348 - matplotlib.image - WARNING - Clipping input data to the valid range for imshow with RGB data ([0..1] for floats or [0..255] for integers). Got range [-1.9295317..108.86777].
2025-05-23 20:58:36,577 - matplotlib.image - WARNING - Clipping input data to the valid range for imshow with RGB data ([0..1] for floats or [0..255] for integers). Got range [-2.0494049..2.64].
2025-05-23 20:58:36,580 - matplotlib.image - WARNING - Clipping input data to the valid range for imshow with RGB data ([0..1] for floats or [0..255] for integers). Got range [-2.0494049..109.056].
2025-05-23 20:58:36,583 - matplotlib.image - WARNING - Clipping input data to the valid range for imshow with RGB data ([0..1] for floats or [0..255] for integers). Got range [-1.9466565..108.87473].
2025-05-23 20:58:36,755 - matplotlib.image - WARNING - Clipping input data to the valid range for imshow with RGB data ([0..1] for floats or [0..255] for integers). Got range [-1.9980307..2.64].
2025-05-23 20:58:36,758 - matplotlib.image - WARNING - Clipping input data to the valid range for imshow with RGB data ([0..1] for floats or [0..255] for integers). Got range [-1.9980307..109.056].
2025-05-23 20:58:36,761 - matplotlib.image - WARNING - Clipping input data to the valid range for imshow with RGB data ([0..1] for floats or [0..255] for integers). Got range [-1.9980307..108.88868].
2025-05-23 20:58:36,976 - matplotlib.image - WARNING - Clipping input data to the valid range for imshow with RGB data ([0..1] for floats or [0..255] for integers). Got range [-2.0322802..2.64].
2025-05-23 20:58:36,979 - matplotlib.image - WARNING - Clipping input data to the valid range for imshow with RGB data ([0..1] for floats or [0..255] for integers). Got range [-2.0322802..109.056].
2025-05-23 20:58:36,982 - matplotlib.image - WARNING - Clipping input data to the valid range for imshow with RGB data ([0..1] for floats or [0..255] for integers). Got range [-2.0322802..108.902626].
2025-05-23 20:58:37,253 - matplotlib.image - WARNING - Clipping input data to the valid range for imshow with RGB data ([0..1] for floats or [0..255] for integers). Got range [-2.0151556..2.64].
2025-05-23 20:58:37,255 - matplotlib.image - WARNING - Clipping input data to the valid range for imshow with RGB data ([0..1] for floats or [0..255] for integers). Got range [-2.0151556..109.056].
2025-05-23 20:58:37,258 - matplotlib.image - WARNING - Clipping input data to the valid range for imshow with RGB data ([0..1] for floats or [0..255] for integers). Got range [-2.0151556..108.84685].
2025-05-23 20:58:37,490 - matplotlib.image - WARNING - Clipping input data to the valid range for imshow with RGB data ([0..1] for floats or [0..255] for integers). Got range [-2.0836544..2.64].
2025-05-23 20:58:37,493 - matplotlib.image - WARNING - Clipping input data to the valid range for imshow with RGB data ([0..1] for floats or [0..255] for integers). Got range [-2.0836544..109.056].
2025-05-23 20:58:37,496 - matplotlib.image - WARNING - Clipping input data to the valid range for imshow with RGB data ([0..1] for floats or [0..255] for integers). Got range [-2.0665298..108.79108].
2025-05-23 20:58:37,655 - matplotlib.image - WARNING - Clipping input data to the valid range for imshow with RGB data ([0..1] for floats or [0..255] for integers). Got range [-2.0665298..2.64].
2025-05-23 20:58:37,657 - matplotlib.image - WARNING - Clipping input data to the valid range for imshow with RGB data ([0..1] for floats or [0..255] for integers). Got range [-2.0494049..109.056].
2025-05-23 20:58:37,660 - matplotlib.image - WARNING - Clipping input data to the valid range for imshow with RGB data ([0..1] for floats or [0..255] for integers). Got range [-2.0322802..108.7841].
2025-05-23 20:58:37,880 - matplotlib.image - WARNING - Clipping input data to the valid range for imshow with RGB data ([0..1] for floats or [0..255] for integers). Got range [-2.1007793..2.2216995].
2025-05-23 20:58:37,883 - matplotlib.image - WARNING - Clipping input data to the valid range for imshow with RGB data ([0..1] for floats or [0..255] for integers). Got range [-2.1007793..108.79108].
2025-05-23 20:58:37,887 - matplotlib.image - WARNING - Clipping input data to the valid range for imshow with RGB data ([0..1] for floats or [0..255] for integers). Got range [-2.1007793..108.88868].
2025-05-23 20:58:38,049 - matplotlib.image - WARNING - Clipping input data to the valid range for imshow with RGB data ([0..1] for floats or [0..255] for integers). Got range [-2.0665298..2.0648367].
2025-05-23 20:58:38,051 - matplotlib.image - WARNING - Clipping input data to the valid range for imshow with RGB data ([0..1] for floats or [0..255] for integers). Got range [-2.0665298..108.825935].
2025-05-23 20:58:38,054 - matplotlib.image - WARNING - Clipping input data to the valid range for imshow with RGB data ([0..1] for floats or [0..255] for integers). Got range [-2.0665298..108.825935].
2025-05-23 20:58:38,330 - matplotlib.image - WARNING - Clipping input data to the valid range for imshow with RGB data ([0..1] for floats or [0..255] for integers). Got range [-1.7582842..1.7859696].
2025-05-23 20:58:38,333 - matplotlib.image - WARNING - Clipping input data to the valid range for imshow with RGB data ([0..1] for floats or [0..255] for integers). Got range [-1.7411594..108.714386].
2025-05-23 20:58:38,336 - matplotlib.image - WARNING - Clipping input data to the valid range for imshow with RGB data ([0..1] for floats or [0..255] for integers). Got range [-1.7411594..153.59818].
2025-05-23 20:58:38,497 - matplotlib.image - WARNING - Clipping input data to the valid range for imshow with RGB data ([0..1] for floats or [0..255] for integers). Got range [-1.7411594..1.7685405].
2025-05-23 20:58:38,500 - matplotlib.image - WARNING - Clipping input data to the valid range for imshow with RGB data ([0..1] for floats or [0..255] for integers). Got range [-1.7411594..108.70741].
2025-05-23 20:58:38,503 - matplotlib.image - WARNING - Clipping input data to the valid range for imshow with RGB data ([0..1] for floats or [0..255] for integers). Got range [-1.7411594..153.60501].
2025-05-23 20:58:38,771 - matplotlib.image - WARNING - Clipping input data to the valid range for imshow with RGB data ([0..1] for floats or [0..255] for integers). Got range [-1.7240347..1.7162529].
2025-05-23 20:58:38,773 - matplotlib.image - WARNING - Clipping input data to the valid range for imshow with RGB data ([0..1] for floats or [0..255] for integers). Got range [-1.7240347..108.6865].
2025-05-23 20:58:38,777 - matplotlib.image - WARNING - Clipping input data to the valid range for imshow with RGB data ([0..1] for floats or [0..255] for integers). Got range [-1.7240347..153.55707].
2025-05-23 20:58:38,937 - matplotlib.image - WARNING - Clipping input data to the valid range for imshow with RGB data ([0..1] for floats or [0..255] for integers). Got range [-1.7582842..1.7511113].
2025-05-23 20:58:38,939 - matplotlib.image - WARNING - Clipping input data to the valid range for imshow with RGB data ([0..1] for floats or [0..255] for integers). Got range [-1.7582842..108.70045].
2025-05-23 20:58:38,943 - matplotlib.image - WARNING - Clipping input data to the valid range for imshow with RGB data ([0..1] for floats or [0..255] for integers). Got range [-1.7582842..153.58447].
2025-05-23 20:58:39,192 - matplotlib.image - WARNING - Clipping input data to the valid range for imshow with RGB data ([0..1] for floats or [0..255] for integers). Got range [-1.7411594..1.8033988].
2025-05-23 20:58:39,195 - matplotlib.image - WARNING - Clipping input data to the valid range for imshow with RGB data ([0..1] for floats or [0..255] for integers). Got range [-1.7411594..108.72136].
2025-05-23 20:58:39,199 - matplotlib.image - WARNING - Clipping input data to the valid range for imshow with RGB data ([0..1] for floats or [0..255] for integers). Got range [-1.7205882..153.58447].
2025-05-23 20:58:39,364 - matplotlib.image - WARNING - Clipping input data to the valid range for imshow with RGB data ([0..1] for floats or [0..255] for integers). Got range [-1.7754089..1.8556864].
2025-05-23 20:58:39,368 - matplotlib.image - WARNING - Clipping input data to the valid range for imshow with RGB data ([0..1] for floats or [0..255] for integers). Got range [-1.7240347..108.72833].
2025-05-23 20:58:39,371 - matplotlib.image - WARNING - Clipping input data to the valid range for imshow with RGB data ([0..1] for floats or [0..255] for integers). Got range [-1.6897851..153.59132].
2025-05-23 20:58:39,637 - matplotlib.image - WARNING - Clipping input data to the valid range for imshow with RGB data ([0..1] for floats or [0..255] for integers). Got range [-1.7731092..1.8382572].
2025-05-23 20:58:39,640 - matplotlib.image - WARNING - Clipping input data to the valid range for imshow with RGB data ([0..1] for floats or [0..255] for integers). Got range [-1.7582842..108.735306].
2025-05-23 20:58:39,802 - matplotlib.image - WARNING - Clipping input data to the valid range for imshow with RGB data ([0..1] for floats or [0..255] for integers). Got range [-1.7731092..153.60501].
2025-05-23 20:58:39,958 - matplotlib.image - WARNING - Clipping input data to the valid range for imshow with RGB data ([0..1] for floats or [0..255] for integers). Got range [-1.7731092..1.8208281].
2025-05-23 20:58:39,961 - matplotlib.image - WARNING - Clipping input data to the valid range for imshow with RGB data ([0..1] for floats or [0..255] for integers). Got range [-1.7240347..108.72833].
2025-05-23 20:58:39,964 - matplotlib.image - WARNING - Clipping input data to the valid range for imshow with RGB data ([0..1] for floats or [0..255] for integers). Got range [-1.7731092..153.58447].
2025-05-23 20:58:40,208 - matplotlib.image - WARNING - Clipping input data to the valid range for imshow with RGB data ([0..1] for floats or [0..255] for integers). Got range [-1.6897851..1.7511113].
2025-05-23 20:58:40,211 - matplotlib.image - WARNING - Clipping input data to the valid range for imshow with RGB data ([0..1] for floats or [0..255] for integers). Got range [-1.6897851..108.70045].
2025-05-23 20:58:40,214 - matplotlib.image - WARNING - Clipping input data to the valid range for imshow with RGB data ([0..1] for floats or [0..255] for integers). Got range [-1.6726604..153.53651].
2025-05-23 20:58:40,369 - matplotlib.image - WARNING - Clipping input data to the valid range for imshow with RGB data ([0..1] for floats or [0..255] for integers). Got range [-1.7240347..1.7162529].
2025-05-23 20:58:40,371 - matplotlib.image - WARNING - Clipping input data to the valid range for imshow with RGB data ([0..1] for floats or [0..255] for integers). Got range [-1.7240347..108.67953].
2025-05-23 20:58:40,374 - matplotlib.image - WARNING - Clipping input data to the valid range for imshow with RGB data ([0..1] for floats or [0..255] for integers). Got range [-1.7205882..153.50912].
2025-05-23 20:58:40,649 - matplotlib.image - WARNING - Clipping input data to the valid range for imshow with RGB data ([0..1] for floats or [0..255] for integers). Got range [-1.7380952..1.5981677].
2025-05-23 20:58:40,652 - matplotlib.image - WARNING - Clipping input data to the valid range for imshow with RGB data ([0..1] for floats or [0..255] for integers). Got range [-1.7240347..108.57495].
2025-05-23 20:58:40,655 - matplotlib.image - WARNING - Clipping input data to the valid range for imshow with RGB data ([0..1] for floats or [0..255] for integers). Got range [-1.7030813..153.53651].
2025-05-23 20:58:40,817 - matplotlib.image - WARNING - Clipping input data to the valid range for imshow with RGB data ([0..1] for floats or [0..255] for integers). Got range [-1.7754089..1.5942485].
2025-05-23 20:58:40,819 - matplotlib.image - WARNING - Clipping input data to the valid range for imshow with RGB data ([0..1] for floats or [0..255] for integers). Got range [-1.7754089..108.6377].
2025-05-23 20:58:40,823 - matplotlib.image - WARNING - Clipping input data to the valid range for imshow with RGB data ([0..1] for floats or [0..255] for integers). Got range [-1.7556022..153.52966].
2025-05-23 20:58:41,099 - matplotlib.image - WARNING - Clipping input data to the valid range for imshow with RGB data ([0..1] for floats or [0..255] for integers). Got range [-1.7411594..1.6152923].
2025-05-23 20:58:41,101 - matplotlib.image - WARNING - Clipping input data to the valid range for imshow with RGB data ([0..1] for floats or [0..255] for integers). Got range [-1.7240347..108.61678].
2025-05-23 20:58:41,104 - matplotlib.image - WARNING - Clipping input data to the valid range for imshow with RGB data ([0..1] for floats or [0..255] for integers). Got range [-1.7205882..153.48857].
2025-05-23 20:58:41,266 - matplotlib.image - WARNING - Clipping input data to the valid range for imshow with RGB data ([0..1] for floats or [0..255] for integers). Got range [-1.7411594..1.6152923].
2025-05-23 20:58:41,269 - matplotlib.image - WARNING - Clipping input data to the valid range for imshow with RGB data ([0..1] for floats or [0..255] for integers). Got range [-1.7411594..108.62376].
2025-05-23 20:58:41,272 - matplotlib.image - WARNING - Clipping input data to the valid range for imshow with RGB data ([0..1] for floats or [0..255] for integers). Got range [-1.7411594..153.47487].
2025-05-23 20:58:41,553 - matplotlib.image - WARNING - Clipping input data to the valid range for imshow with RGB data ([0..1] for floats or [0..255] for integers). Got range [-2.117904..2.64].
2025-05-23 20:58:41,555 - matplotlib.image - WARNING - Clipping input data to the valid range for imshow with RGB data ([0..1] for floats or [0..255] for integers). Got range [-2.117904..109.056].
2025-05-23 20:58:41,558 - matplotlib.image - WARNING - Clipping input data to the valid range for imshow with RGB data ([0..1] for floats or [0..255] for integers). Got range [-2.117904..140.256].
2025-05-23 20:58:41,720 - matplotlib.image - WARNING - Clipping input data to the valid range for imshow with RGB data ([0..1] for floats or [0..255] for integers). Got range [-2.0836544..2.64].
2025-05-23 20:58:41,723 - matplotlib.image - WARNING - Clipping input data to the valid range for imshow with RGB data ([0..1] for floats or [0..255] for integers). Got range [-2.0836544..109.056].
2025-05-23 20:58:41,725 - matplotlib.image - WARNING - Clipping input data to the valid range for imshow with RGB data ([0..1] for floats or [0..255] for integers). Got range [-2.0836544..140.256].
2025-05-23 20:58:42,026 - matplotlib.image - WARNING - Clipping input data to the valid range for imshow with RGB data ([0..1] for floats or [0..255] for integers). Got range [-2.117904..2.64].
2025-05-23 20:58:42,029 - matplotlib.image - WARNING - Clipping input data to the valid range for imshow with RGB data ([0..1] for floats or [0..255] for integers). Got range [-2.117904..109.056].
2025-05-23 20:58:42,033 - matplotlib.image - WARNING - Clipping input data to the valid range for imshow with RGB data ([0..1] for floats or [0..255] for integers). Got range [-2.117904..140.256].
2025-05-23 20:58:42,194 - matplotlib.image - WARNING - Clipping input data to the valid range for imshow with RGB data ([0..1] for floats or [0..255] for integers). Got range [-2.117904..2.64].
2025-05-23 20:58:42,197 - matplotlib.image - WARNING - Clipping input data to the valid range for imshow with RGB data ([0..1] for floats or [0..255] for integers). Got range [-2.117904..109.056].
2025-05-23 20:58:42,199 - matplotlib.image - WARNING - Clipping input data to the valid range for imshow with RGB data ([0..1] for floats or [0..255] for integers). Got range [-2.117904..140.256].
2025-05-23 20:58:42,613 - matplotlib.image - WARNING - Clipping input data to the valid range for imshow with RGB data ([0..1] for floats or [0..255] for integers). Got range [-2.117904..2.64].
2025-05-23 20:58:42,616 - matplotlib.image - WARNING - Clipping input data to the valid range for imshow with RGB data ([0..1] for floats or [0..255] for integers). Got range [-2.117904..109.056].
2025-05-23 20:58:42,619 - matplotlib.image - WARNING - Clipping input data to the valid range for imshow with RGB data ([0..1] for floats or [0..255] for integers). Got range [-2.1007793..140.256].
2025-05-23 20:58:42,763 - matplotlib.image - WARNING - Clipping input data to the valid range for imshow with RGB data ([0..1] for floats or [0..255] for integers). Got range [-2.117904..2.64].
2025-05-23 20:58:42,765 - matplotlib.image - WARNING - Clipping input data to the valid range for imshow with RGB data ([0..1] for floats or [0..255] for integers). Got range [-2.117904..109.056].
2025-05-23 20:58:42,768 - matplotlib.image - WARNING - Clipping input data to the valid range for imshow with RGB data ([0..1] for floats or [0..255] for integers). Got range [-2.1007793..140.256].
2025-05-23 20:58:42,977 - matplotlib.image - WARNING - Clipping input data to the valid range for imshow with RGB data ([0..1] for floats or [0..255] for integers). Got range [-2.117904..2.64].
2025-05-23 20:58:42,980 - matplotlib.image - WARNING - Clipping input data to the valid range for imshow with RGB data ([0..1] for floats or [0..255] for integers). Got range [-2.117904..109.056].
2025-05-23 20:58:42,984 - matplotlib.image - WARNING - Clipping input data to the valid range for imshow with RGB data ([0..1] for floats or [0..255] for integers). Got range [-2.1007793..140.256].
2025-05-23 20:58:43,123 - matplotlib.image - WARNING - Clipping input data to the valid range for imshow with RGB data ([0..1] for floats or [0..255] for integers). Got range [-2.117904..2.64].
2025-05-23 20:58:43,125 - matplotlib.image - WARNING - Clipping input data to the valid range for imshow with RGB data ([0..1] for floats or [0..255] for integers). Got range [-2.117904..109.056].
2025-05-23 20:58:43,128 - matplotlib.image - WARNING - Clipping input data to the valid range for imshow with RGB data ([0..1] for floats or [0..255] for integers). Got range [-2.0836544..140.256].
2025-05-23 20:58:43,337 - matplotlib.image - WARNING - Clipping input data to the valid range for imshow with RGB data ([0..1] for floats or [0..255] for integers). Got range [-2.117904..2.64].
2025-05-23 20:58:43,341 - matplotlib.image - WARNING - Clipping input data to the valid range for imshow with RGB data ([0..1] for floats or [0..255] for integers). Got range [-2.117904..109.056].
2025-05-23 20:58:43,345 - matplotlib.image - WARNING - Clipping input data to the valid range for imshow with RGB data ([0..1] for floats or [0..255] for integers). Got range [-2.117904..140.256].
2025-05-23 20:58:43,491 - matplotlib.image - WARNING - Clipping input data to the valid range for imshow with RGB data ([0..1] for floats or [0..255] for integers). Got range [-2.117904..2.64].
2025-05-23 20:58:43,494 - matplotlib.image - WARNING - Clipping input data to the valid range for imshow with RGB data ([0..1] for floats or [0..255] for integers). Got range [-2.1007793..109.056].
2025-05-23 20:58:43,497 - matplotlib.image - WARNING - Clipping input data to the valid range for imshow with RGB data ([0..1] for floats or [0..255] for integers). Got range [-2.117904..140.256].
2025-05-23 20:58:43,686 - matplotlib.image - WARNING - Clipping input data to the valid range for imshow with RGB data ([0..1] for floats or [0..255] for integers). Got range [-2.117904..2.1804092].
2025-05-23 20:58:43,688 - matplotlib.image - WARNING - Clipping input data to the valid range for imshow with RGB data ([0..1] for floats or [0..255] for integers). Got range [-2.117904..108.6377].
2025-05-23 20:58:43,692 - matplotlib.image - WARNING - Clipping input data to the valid range for imshow with RGB data ([0..1] for floats or [0..255] for integers). Got range [-2.117904..153.85161].
2025-05-23 20:58:43,835 - matplotlib.image - WARNING - Clipping input data to the valid range for imshow with RGB data ([0..1] for floats or [0..255] for integers). Got range [-2.117904..2.1804092].
2025-05-23 20:58:43,838 - matplotlib.image - WARNING - Clipping input data to the valid range for imshow with RGB data ([0..1] for floats or [0..255] for integers). Got range [-2.117904..108.81199].
2025-05-23 20:58:43,841 - matplotlib.image - WARNING - Clipping input data to the valid range for imshow with RGB data ([0..1] for floats or [0..255] for integers). Got range [-2.117904..153.87216].
2025-05-23 20:58:44,025 - matplotlib.image - WARNING - Clipping input data to the valid range for imshow with RGB data ([0..1] for floats or [0..255] for integers). Got range [-2.117904..2.129035].
2025-05-23 20:58:44,027 - matplotlib.image - WARNING - Clipping input data to the valid range for imshow with RGB data ([0..1] for floats or [0..255] for integers). Got range [-2.117904..108.825935].
2025-05-23 20:58:44,031 - matplotlib.image - WARNING - Clipping input data to the valid range for imshow with RGB data ([0..1] for floats or [0..255] for integers). Got range [-2.117904..153.77626].
2025-05-23 20:58:44,173 - matplotlib.image - WARNING - Clipping input data to the valid range for imshow with RGB data ([0..1] for floats or [0..255] for integers). Got range [-2.117904..2.2489083].
2025-05-23 20:58:44,175 - matplotlib.image - WARNING - Clipping input data to the valid range for imshow with RGB data ([0..1] for floats or [0..255] for integers). Got range [-2.117904..108.83291].
2025-05-23 20:58:44,179 - matplotlib.image - WARNING - Clipping input data to the valid range for imshow with RGB data ([0..1] for floats or [0..255] for integers). Got range [-2.117904..153.77626].
2025-05-23 20:58:44,374 - matplotlib.image - WARNING - Clipping input data to the valid range for imshow with RGB data ([0..1] for floats or [0..255] for integers). Got range [-2.117904..2.2489083].
2025-05-23 20:58:44,376 - matplotlib.image - WARNING - Clipping input data to the valid range for imshow with RGB data ([0..1] for floats or [0..255] for integers). Got range [-2.117904..108.860794].
2025-05-23 20:58:44,379 - matplotlib.image - WARNING - Clipping input data to the valid range for imshow with RGB data ([0..1] for floats or [0..255] for integers). Got range [-1.7925336..153.80367].
2025-05-23 20:58:44,542 - matplotlib.image - WARNING - Clipping input data to the valid range for imshow with RGB data ([0..1] for floats or [0..255] for integers). Got range [-2.117904..2.2146587].
2025-05-23 20:58:44,545 - matplotlib.image - WARNING - Clipping input data to the valid range for imshow with RGB data ([0..1] for floats or [0..255] for integers). Got range [-2.117904..108.86777].
2025-05-23 20:58:44,549 - matplotlib.image - WARNING - Clipping input data to the valid range for imshow with RGB data ([0..1] for floats or [0..255] for integers). Got range [-1.7205882..153.73517].
2025-05-23 20:58:44,957 - matplotlib.image - WARNING - Clipping input data to the valid range for imshow with RGB data ([0..1] for floats or [0..255] for integers). Got range [-2.117904..2.3959913].
2025-05-23 20:58:44,959 - matplotlib.image - WARNING - Clipping input data to the valid range for imshow with RGB data ([0..1] for floats or [0..255] for integers). Got range [-2.117904..108.87473].
2025-05-23 20:58:44,962 - matplotlib.image - WARNING - Clipping input data to the valid range for imshow with RGB data ([0..1] for floats or [0..255] for integers). Got range [-1.9124069..153.59132].
2025-05-23 20:58:45,103 - matplotlib.image - WARNING - Clipping input data to the valid range for imshow with RGB data ([0..1] for floats or [0..255] for integers). Got range [-2.117904..2.169412].
2025-05-23 20:58:45,106 - matplotlib.image - WARNING - Clipping input data to the valid range for imshow with RGB data ([0..1] for floats or [0..255] for integers). Got range [-2.117904..108.86777].
2025-05-23 20:58:45,109 - matplotlib.image - WARNING - Clipping input data to the valid range for imshow with RGB data ([0..1] for floats or [0..255] for integers). Got range [-1.9466565..153.47487].
2025-05-23 20:58:45,319 - matplotlib.image - WARNING - Clipping input data to the valid range for imshow with RGB data ([0..1] for floats or [0..255] for integers). Got range [-2.117904..2.5702832].
2025-05-23 20:58:45,322 - matplotlib.image - WARNING - Clipping input data to the valid range for imshow with RGB data ([0..1] for floats or [0..255] for integers). Got range [-2.117904..109.028114].
2025-05-23 20:58:45,324 - matplotlib.image - WARNING - Clipping input data to the valid range for imshow with RGB data ([0..1] for floats or [0..255] for integers). Got range [-2.117904..153.72832].
2025-05-23 20:58:45,484 - matplotlib.image - WARNING - Clipping input data to the valid range for imshow with RGB data ([0..1] for floats or [0..255] for integers). Got range [-2.117904..2.5702832].
2025-05-23 20:58:45,487 - matplotlib.image - WARNING - Clipping input data to the valid range for imshow with RGB data ([0..1] for floats or [0..255] for integers). Got range [-2.117904..109.02114].
2025-05-23 20:58:45,490 - matplotlib.image - WARNING - Clipping input data to the valid range for imshow with RGB data ([0..1] for floats or [0..255] for integers). Got range [-2.117904..153.74202].
2025-05-23 20:58:45,726 - matplotlib.image - WARNING - Clipping input data to the valid range for imshow with RGB data ([0..1] for floats or [0..255] for integers). Got range [-2.117904..2.64].
2025-05-23 20:58:45,729 - matplotlib.image - WARNING - Clipping input data to the valid range for imshow with RGB data ([0..1] for floats or [0..255] for integers). Got range [-2.117904..109.056].
2025-05-23 20:58:45,733 - matplotlib.image - WARNING - Clipping input data to the valid range for imshow with RGB data ([0..1] for floats or [0..255] for integers). Got range [-2.117904..153.85846].
2025-05-23 20:58:45,893 - matplotlib.image - WARNING - Clipping input data to the valid range for imshow with RGB data ([0..1] for floats or [0..255] for integers). Got range [-2.117904..2.64].
2025-05-23 20:58:45,896 - matplotlib.image - WARNING - Clipping input data to the valid range for imshow with RGB data ([0..1] for floats or [0..255] for integers). Got range [-2.117904..109.04903].
2025-05-23 20:58:45,899 - matplotlib.image - WARNING - Clipping input data to the valid range for imshow with RGB data ([0..1] for floats or [0..255] for integers). Got range [-2.117904..153.83792].
2025-05-23 20:58:46,121 - matplotlib.image - WARNING - Clipping input data to the valid range for imshow with RGB data ([0..1] for floats or [0..255] for integers). Got range [-2.117904..2.64].
2025-05-23 20:58:46,124 - matplotlib.image - WARNING - Clipping input data to the valid range for imshow with RGB data ([0..1] for floats or [0..255] for integers). Got range [-2.1007793..109.056].
2025-05-23 20:58:46,127 - matplotlib.image - WARNING - Clipping input data to the valid range for imshow with RGB data ([0..1] for floats or [0..255] for integers). Got range [-2.117904..153.76941].
2025-05-23 20:58:46,287 - matplotlib.image - WARNING - Clipping input data to the valid range for imshow with RGB data ([0..1] for floats or [0..255] for integers). Got range [-2.117904..2.64].
2025-05-23 20:58:46,289 - matplotlib.image - WARNING - Clipping input data to the valid range for imshow with RGB data ([0..1] for floats or [0..255] for integers). Got range [-2.117904..109.056].
2025-05-23 20:58:46,293 - matplotlib.image - WARNING - Clipping input data to the valid range for imshow with RGB data ([0..1] for floats or [0..255] for integers). Got range [-2.117904..153.76941].
2025-05-23 20:58:46,511 - matplotlib.image - WARNING - Clipping input data to the valid range for imshow with RGB data ([0..1] for floats or [0..255] for integers). Got range [-2.117904..2.64].
2025-05-23 20:58:46,514 - matplotlib.image - WARNING - Clipping input data to the valid range for imshow with RGB data ([0..1] for floats or [0..255] for integers). Got range [-2.117904..109.056].
2025-05-23 20:58:46,517 - matplotlib.image - WARNING - Clipping input data to the valid range for imshow with RGB data ([0..1] for floats or [0..255] for integers). Got range [-2.117904..153.80367].
2025-05-23 20:58:46,675 - matplotlib.image - WARNING - Clipping input data to the valid range for imshow with RGB data ([0..1] for floats or [0..255] for integers). Got range [-2.117904..2.64].
2025-05-23 20:58:46,677 - matplotlib.image - WARNING - Clipping input data to the valid range for imshow with RGB data ([0..1] for floats or [0..255] for integers). Got range [-2.117904..109.056].
2025-05-23 20:58:46,680 - matplotlib.image - WARNING - Clipping input data to the valid range for imshow with RGB data ([0..1] for floats or [0..255] for integers). Got range [-2.117904..153.87216].
2025-05-23 20:58:46,914 - matplotlib.image - WARNING - Clipping input data to the valid range for imshow with RGB data ([0..1] for floats or [0..255] for integers). Got range [-2.117904..2.64].
2025-05-23 20:58:46,916 - matplotlib.image - WARNING - Clipping input data to the valid range for imshow with RGB data ([0..1] for floats or [0..255] for integers). Got range [-2.117904..109.056].
2025-05-23 20:58:46,921 - matplotlib.image - WARNING - Clipping input data to the valid range for imshow with RGB data ([0..1] for floats or [0..255] for integers). Got range [-2.0836544..153.85846].
2025-05-23 20:58:47,187 - matplotlib.image - WARNING - Clipping input data to the valid range for imshow with RGB data ([0..1] for floats or [0..255] for integers). Got range [-2.117904..2.64].
2025-05-23 20:58:47,190 - matplotlib.image - WARNING - Clipping input data to the valid range for imshow with RGB data ([0..1] for floats or [0..255] for integers). Got range [-2.117904..109.056].
2025-05-23 20:58:47,193 - matplotlib.image - WARNING - Clipping input data to the valid range for imshow with RGB data ([0..1] for floats or [0..255] for integers). Got range [-2.117904..153.83107].
2025-05-23 20:58:47,436 - matplotlib.image - WARNING - Clipping input data to the valid range for imshow with RGB data ([0..1] for floats or [0..255] for integers). Got range [-2.117904..2.64].
2025-05-23 20:58:47,439 - matplotlib.image - WARNING - Clipping input data to the valid range for imshow with RGB data ([0..1] for floats or [0..255] for integers). Got range [-2.117904..109.056].
2025-05-23 20:58:47,442 - matplotlib.image - WARNING - Clipping input data to the valid range for imshow with RGB data ([0..1] for floats or [0..255] for integers). Got range [-2.117904..153.87901].
2025-05-23 20:58:47,603 - matplotlib.image - WARNING - Clipping input data to the valid range for imshow with RGB data ([0..1] for floats or [0..255] for integers). Got range [-2.117904..2.64].
2025-05-23 20:58:47,606 - matplotlib.image - WARNING - Clipping input data to the valid range for imshow with RGB data ([0..1] for floats or [0..255] for integers). Got range [-2.117904..109.056].
2025-05-23 20:58:47,609 - matplotlib.image - WARNING - Clipping input data to the valid range for imshow with RGB data ([0..1] for floats or [0..255] for integers). Got range [-2.117904..153.89272].
2025-05-23 20:58:47,882 - matplotlib.image - WARNING - Clipping input data to the valid range for imshow with RGB data ([0..1] for floats or [0..255] for integers). Got range [-2.117904..2.64].
2025-05-23 20:58:47,885 - matplotlib.image - WARNING - Clipping input data to the valid range for imshow with RGB data ([0..1] for floats or [0..255] for integers). Got range [-2.117904..109.056].
2025-05-23 20:58:47,888 - matplotlib.image - WARNING - Clipping input data to the valid range for imshow with RGB data ([0..1] for floats or [0..255] for integers). Got range [-2.117904..153.88586].
2025-05-23 20:58:48,044 - matplotlib.image - WARNING - Clipping input data to the valid range for imshow with RGB data ([0..1] for floats or [0..255] for integers). Got range [-2.117904..2.64].
2025-05-23 20:58:48,046 - matplotlib.image - WARNING - Clipping input data to the valid range for imshow with RGB data ([0..1] for floats or [0..255] for integers). Got range [-2.117904..109.056].
2025-05-23 20:58:48,050 - matplotlib.image - WARNING - Clipping input data to the valid range for imshow with RGB data ([0..1] for floats or [0..255] for integers). Got range [-2.117904..153.89272].
2025-05-23 20:58:48,313 - matplotlib.image - WARNING - Clipping input data to the valid range for imshow with RGB data ([0..1] for floats or [0..255] for integers). Got range [-2.117904..2.64].
2025-05-23 20:58:48,316 - matplotlib.image - WARNING - Clipping input data to the valid range for imshow with RGB data ([0..1] for floats or [0..255] for integers). Got range [-2.117904..109.056].
2025-05-23 20:58:48,319 - matplotlib.image - WARNING - Clipping input data to the valid range for imshow with RGB data ([0..1] for floats or [0..255] for integers). Got range [-2.117904..153.89272].
2025-05-23 20:58:48,482 - matplotlib.image - WARNING - Clipping input data to the valid range for imshow with RGB data ([0..1] for floats or [0..255] for integers). Got range [-2.117904..2.64].
2025-05-23 20:58:48,485 - matplotlib.image - WARNING - Clipping input data to the valid range for imshow with RGB data ([0..1] for floats or [0..255] for integers). Got range [-2.117904..109.056].
2025-05-23 20:58:48,488 - matplotlib.image - WARNING - Clipping input data to the valid range for imshow with RGB data ([0..1] for floats or [0..255] for integers). Got range [-2.117904..153.89272].
2025-05-23 20:58:48,757 - matplotlib.image - WARNING - Clipping input data to the valid range for imshow with RGB data ([0..1] for floats or [0..255] for integers). Got range [-2.117904..2.64].
2025-05-23 20:58:48,760 - matplotlib.image - WARNING - Clipping input data to the valid range for imshow with RGB data ([0..1] for floats or [0..255] for integers). Got range [-2.117904..109.056].
2025-05-23 20:58:48,762 - matplotlib.image - WARNING - Clipping input data to the valid range for imshow with RGB data ([0..1] for floats or [0..255] for integers). Got range [-2.117904..153.89957].
2025-05-23 20:58:48,931 - matplotlib.image - WARNING - Clipping input data to the valid range for imshow with RGB data ([0..1] for floats or [0..255] for integers). Got range [-2.117904..2.64].
2025-05-23 20:58:48,934 - matplotlib.image - WARNING - Clipping input data to the valid range for imshow with RGB data ([0..1] for floats or [0..255] for integers). Got range [-2.1007793..109.056].
2025-05-23 20:58:48,937 - matplotlib.image - WARNING - Clipping input data to the valid range for imshow with RGB data ([0..1] for floats or [0..255] for integers). Got range [-2.0322802..153.89957].
2025-05-23 20:58:54,504 - utils.training - INFO - Epoch 0 validation - Loss: 2.8406
2025-05-23 20:58:54,504 - utils.training - INFO - Validation loss improved by inf. Saving model...
2025-05-23 20:58:54,564 - utils.training - INFO - Saved checkpoint and metrics to checkpoints/mamba_binary
