2025-05-21 20:47:31,595 - __main__ - INFO - Starting Mamba-based binary video segmentation training
2025-05-21 20:47:31,596 - __main__ - INFO - Using configuration from: configs/mamba_binary_efficient.yaml
2025-05-21 20:47:31,602 - __main__ - INFO - Set random seed to 42
2025-05-21 20:47:31,836 - __main__ - INFO - Using device: cuda
2025-05-21 20:47:31,836 - __main__ - INFO - Building Mamba-based binary segmentation model...
2025-05-21 20:47:32,794 - __main__ - INFO - Model has 1,880,133 trainable parameters
2025-05-21 20:47:32,824 - __main__ - INFO - Creating data loaders...
2025-05-21 20:47:33,428 - __main__ - INFO - Created dataloaders - Train: 2094 batches, Val: 995 batches
2025-05-21 20:47:33,429 - __main__ - INFO - Creating optimizer: AdamW
2025-05-21 20:47:33,429 - __main__ - INFO - Created OneCycleLR scheduler with max_lr=5e-05
2025-05-21 20:47:33,474 - __main__ - INFO - Starting training loop...
2025-05-21 20:47:33,474 - utils.training - INFO - Starting training from epoch 0
2025-05-21 20:48:48,138 - utils.training - INFO - Epoch 0 training - Loss: 2.9002
2025-05-21 20:48:48,376 - matplotlib.image - WARNING - Clipping input data to the valid range for imshow with RGB data ([0..1] for floats or [0..255] for integers). Got range [-2.0322802..2.64].
2025-05-21 20:48:48,378 - utils.training - ERROR - Error creating visualization: boolean index did not match indexed array along dimension 0; dimension is 240 but corresponding boolean dimension is 120
2025-05-21 20:48:48,486 - matplotlib.image - WARNING - Clipping input data to the valid range for imshow with RGB data ([0..1] for floats or [0..255] for integers). Got range [-2.0494049..2.64].
2025-05-21 20:48:48,488 - utils.training - ERROR - Error creating visualization: boolean index did not match indexed array along dimension 0; dimension is 240 but corresponding boolean dimension is 120
2025-05-21 20:48:48,560 - matplotlib.image - WARNING - Clipping input data to the valid range for imshow with RGB data ([0..1] for floats or [0..255] for integers). Got range [-2.0322802..2.64].
2025-05-21 20:48:48,561 - utils.training - ERROR - Error creating visualization: boolean index did not match indexed array along dimension 0; dimension is 240 but corresponding boolean dimension is 120
2025-05-21 20:48:48,640 - matplotlib.image - WARNING - Clipping input data to the valid range for imshow with RGB data ([0..1] for floats or [0..255] for integers). Got range [-2.0494049..2.64].
2025-05-21 20:48:48,642 - utils.training - ERROR - Error creating visualization: boolean index did not match indexed array along dimension 0; dimension is 240 but corresponding boolean dimension is 120
2025-05-21 20:48:48,748 - matplotlib.image - WARNING - Clipping input data to the valid range for imshow with RGB data ([0..1] for floats or [0..255] for integers). Got range [-2.0151556..2.64].
2025-05-21 20:48:48,750 - utils.training - ERROR - Error creating visualization: boolean index did not match indexed array along dimension 0; dimension is 240 but corresponding boolean dimension is 120
2025-05-21 20:48:48,826 - matplotlib.image - WARNING - Clipping input data to the valid range for imshow with RGB data ([0..1] for floats or [0..255] for integers). Got range [-2.0322802..2.64].
2025-05-21 20:48:48,828 - utils.training - ERROR - Error creating visualization: boolean index did not match indexed array along dimension 0; dimension is 240 but corresponding boolean dimension is 120
2025-05-21 20:48:48,905 - matplotlib.image - WARNING - Clipping input data to the valid range for imshow with RGB data ([0..1] for floats or [0..255] for integers). Got range [-2.0494049..2.64].
2025-05-21 20:48:48,907 - utils.training - ERROR - Error creating visualization: boolean index did not match indexed array along dimension 0; dimension is 240 but corresponding boolean dimension is 120
2025-05-21 20:48:48,981 - matplotlib.image - WARNING - Clipping input data to the valid range for imshow with RGB data ([0..1] for floats or [0..255] for integers). Got range [-2.0665298..2.64].
2025-05-21 20:48:48,983 - utils.training - ERROR - Error creating visualization: boolean index did not match indexed array along dimension 0; dimension is 240 but corresponding boolean dimension is 120
2025-05-21 20:48:49,062 - matplotlib.image - WARNING - Clipping input data to the valid range for imshow with RGB data ([0..1] for floats or [0..255] for integers). Got range [-2.1007793..2.64].
2025-05-21 20:48:49,064 - utils.training - ERROR - Error creating visualization: boolean index did not match indexed array along dimension 0; dimension is 240 but corresponding boolean dimension is 120
2025-05-21 20:48:49,178 - matplotlib.image - WARNING - Clipping input data to the valid range for imshow with RGB data ([0..1] for floats or [0..255] for integers). Got range [-2.1007793..2.64].
2025-05-21 20:48:49,179 - utils.training - ERROR - Error creating visualization: boolean index did not match indexed array along dimension 0; dimension is 240 but corresponding boolean dimension is 120
2025-05-21 20:48:49,275 - matplotlib.image - WARNING - Clipping input data to the valid range for imshow with RGB data ([0..1] for floats or [0..255] for integers). Got range [-2.0665298..2.64].
2025-05-21 20:48:49,277 - utils.training - ERROR - Error creating visualization: boolean index did not match indexed array along dimension 0; dimension is 240 but corresponding boolean dimension is 120
2025-05-21 20:48:49,369 - matplotlib.image - WARNING - Clipping input data to the valid range for imshow with RGB data ([0..1] for floats or [0..255] for integers). Got range [-2.0836544..2.64].
2025-05-21 20:48:49,371 - utils.training - ERROR - Error creating visualization: boolean index did not match indexed array along dimension 0; dimension is 240 but corresponding boolean dimension is 120
2025-05-21 20:48:49,457 - matplotlib.image - WARNING - Clipping input data to the valid range for imshow with RGB data ([0..1] for floats or [0..255] for integers). Got range [-1.9637812..2.64].
2025-05-21 20:48:49,459 - utils.training - ERROR - Error creating visualization: boolean index did not match indexed array along dimension 0; dimension is 240 but corresponding boolean dimension is 120
2025-05-21 20:48:49,547 - matplotlib.image - WARNING - Clipping input data to the valid range for imshow with RGB data ([0..1] for floats or [0..255] for integers). Got range [-2.0182073..2.64].
2025-05-21 20:48:49,549 - utils.training - ERROR - Error creating visualization: boolean index did not match indexed array along dimension 0; dimension is 240 but corresponding boolean dimension is 120
2025-05-21 20:48:49,641 - matplotlib.image - WARNING - Clipping input data to the valid range for imshow with RGB data ([0..1] for floats or [0..255] for integers). Got range [-1.8610327..2.64].
2025-05-21 20:48:49,644 - utils.training - ERROR - Error creating visualization: boolean index did not match indexed array along dimension 0; dimension is 240 but corresponding boolean dimension is 120
2025-05-21 20:48:49,859 - matplotlib.image - WARNING - Clipping input data to the valid range for imshow with RGB data ([0..1] for floats or [0..255] for integers). Got range [-2.117904..2.64].
2025-05-21 20:48:49,861 - utils.training - ERROR - Error creating visualization: boolean index did not match indexed array along dimension 0; dimension is 240 but corresponding boolean dimension is 120
2025-05-21 20:48:49,946 - matplotlib.image - WARNING - Clipping input data to the valid range for imshow with RGB data ([0..1] for floats or [0..255] for integers). Got range [-2.117904..2.64].
2025-05-21 20:48:49,948 - utils.training - ERROR - Error creating visualization: boolean index did not match indexed array along dimension 0; dimension is 240 but corresponding boolean dimension is 120
2025-05-21 20:48:50,031 - matplotlib.image - WARNING - Clipping input data to the valid range for imshow with RGB data ([0..1] for floats or [0..255] for integers). Got range [-2.117904..2.64].
2025-05-21 20:48:50,032 - utils.training - ERROR - Error creating visualization: boolean index did not match indexed array along dimension 0; dimension is 240 but corresponding boolean dimension is 120
2025-05-21 20:48:50,118 - matplotlib.image - WARNING - Clipping input data to the valid range for imshow with RGB data ([0..1] for floats or [0..255] for integers). Got range [-2.117904..2.64].
2025-05-21 20:48:50,121 - utils.training - ERROR - Error creating visualization: boolean index did not match indexed array along dimension 0; dimension is 240 but corresponding boolean dimension is 120
2025-05-21 20:48:50,212 - matplotlib.image - WARNING - Clipping input data to the valid range for imshow with RGB data ([0..1] for floats or [0..255] for integers). Got range [-2.117904..2.64].
2025-05-21 20:48:50,214 - utils.training - ERROR - Error creating visualization: boolean index did not match indexed array along dimension 0; dimension is 240 but corresponding boolean dimension is 120
2025-05-21 20:48:50,304 - matplotlib.image - WARNING - Clipping input data to the valid range for imshow with RGB data ([0..1] for floats or [0..255] for integers). Got range [-2.117904..2.64].
2025-05-21 20:48:50,306 - utils.training - ERROR - Error creating visualization: boolean index did not match indexed array along dimension 0; dimension is 240 but corresponding boolean dimension is 120
2025-05-21 20:48:50,393 - matplotlib.image - WARNING - Clipping input data to the valid range for imshow with RGB data ([0..1] for floats or [0..255] for integers). Got range [-2.117904..2.64].
2025-05-21 20:48:50,395 - utils.training - ERROR - Error creating visualization: boolean index did not match indexed array along dimension 0; dimension is 240 but corresponding boolean dimension is 120
2025-05-21 20:48:50,484 - matplotlib.image - WARNING - Clipping input data to the valid range for imshow with RGB data ([0..1] for floats or [0..255] for integers). Got range [-2.117904..2.64].
2025-05-21 20:48:50,486 - utils.training - ERROR - Error creating visualization: boolean index did not match indexed array along dimension 0; dimension is 240 but corresponding boolean dimension is 120
2025-05-21 20:48:50,588 - matplotlib.image - WARNING - Clipping input data to the valid range for imshow with RGB data ([0..1] for floats or [0..255] for integers). Got range [-2.117904..2.64].
2025-05-21 20:48:50,590 - utils.training - ERROR - Error creating visualization: boolean index did not match indexed array along dimension 0; dimension is 240 but corresponding boolean dimension is 120
2025-05-21 20:48:50,684 - matplotlib.image - WARNING - Clipping input data to the valid range for imshow with RGB data ([0..1] for floats or [0..255] for integers). Got range [-2.117904..2.64].
2025-05-21 20:48:50,686 - utils.training - ERROR - Error creating visualization: boolean index did not match indexed array along dimension 0; dimension is 240 but corresponding boolean dimension is 120
2025-05-21 20:48:50,770 - matplotlib.image - WARNING - Clipping input data to the valid range for imshow with RGB data ([0..1] for floats or [0..255] for integers). Got range [-2.117904..2.622571].
2025-05-21 20:48:50,772 - utils.training - ERROR - Error creating visualization: boolean index did not match indexed array along dimension 0; dimension is 240 but corresponding boolean dimension is 120
2025-05-21 20:48:50,854 - matplotlib.image - WARNING - Clipping input data to the valid range for imshow with RGB data ([0..1] for floats or [0..255] for integers). Got range [-2.117904..2.5877128].
2025-05-21 20:48:50,856 - utils.training - ERROR - Error creating visualization: boolean index did not match indexed array along dimension 0; dimension is 240 but corresponding boolean dimension is 120
2025-05-21 20:48:50,948 - matplotlib.image - WARNING - Clipping input data to the valid range for imshow with RGB data ([0..1] for floats or [0..255] for integers). Got range [-2.117904..2.64].
2025-05-21 20:48:50,950 - utils.training - ERROR - Error creating visualization: boolean index did not match indexed array along dimension 0; dimension is 240 but corresponding boolean dimension is 120
2025-05-21 20:48:51,033 - matplotlib.image - WARNING - Clipping input data to the valid range for imshow with RGB data ([0..1] for floats or [0..255] for integers). Got range [-2.117904..2.64].
2025-05-21 20:48:51,035 - utils.training - ERROR - Error creating visualization: boolean index did not match indexed array along dimension 0; dimension is 240 but corresponding boolean dimension is 120
2025-05-21 20:48:51,126 - matplotlib.image - WARNING - Clipping input data to the valid range for imshow with RGB data ([0..1] for floats or [0..255] for integers). Got range [-2.1007793..2.5528543].
2025-05-21 20:48:51,128 - utils.training - ERROR - Error creating visualization: boolean index did not match indexed array along dimension 0; dimension is 240 but corresponding boolean dimension is 120
2025-05-21 20:48:51,221 - matplotlib.image - WARNING - Clipping input data to the valid range for imshow with RGB data ([0..1] for floats or [0..255] for integers). Got range [-2.1007793..2.3959913].
2025-05-21 20:48:51,222 - utils.training - ERROR - Error creating visualization: boolean index did not match indexed array along dimension 0; dimension is 240 but corresponding boolean dimension is 120
2025-05-21 20:48:51,321 - matplotlib.image - WARNING - Clipping input data to the valid range for imshow with RGB data ([0..1] for floats or [0..255] for integers). Got range [-2.117904..2.465708].
2025-05-21 20:48:51,322 - utils.training - ERROR - Error creating visualization: boolean index did not match indexed array along dimension 0; dimension is 240 but corresponding boolean dimension is 120
2025-05-21 20:48:51,415 - matplotlib.image - WARNING - Clipping input data to the valid range for imshow with RGB data ([0..1] for floats or [0..255] for integers). Got range [-2.117904..2.5702832].
2025-05-21 20:48:51,416 - utils.training - ERROR - Error creating visualization: boolean index did not match indexed array along dimension 0; dimension is 240 but corresponding boolean dimension is 120
2025-05-21 20:48:51,510 - matplotlib.image - WARNING - Clipping input data to the valid range for imshow with RGB data ([0..1] for floats or [0..255] for integers). Got range [-2.117904..2.5702832].
2025-05-21 20:48:51,512 - utils.training - ERROR - Error creating visualization: boolean index did not match indexed array along dimension 0; dimension is 240 but corresponding boolean dimension is 120
2025-05-21 20:48:51,599 - matplotlib.image - WARNING - Clipping input data to the valid range for imshow with RGB data ([0..1] for floats or [0..255] for integers). Got range [-2.1007793..2.6051416].
2025-05-21 20:48:51,602 - utils.training - ERROR - Error creating visualization: boolean index did not match indexed array along dimension 0; dimension is 240 but corresponding boolean dimension is 120
2025-05-21 20:48:51,689 - matplotlib.image - WARNING - Clipping input data to the valid range for imshow with RGB data ([0..1] for floats or [0..255] for integers). Got range [-2.0665298..2.535425].
2025-05-21 20:48:51,692 - utils.training - ERROR - Error creating visualization: boolean index did not match indexed array along dimension 0; dimension is 240 but corresponding boolean dimension is 120
2025-05-21 20:48:51,875 - matplotlib.image - WARNING - Clipping input data to the valid range for imshow with RGB data ([0..1] for floats or [0..255] for integers). Got range [-2.0836544..2.5877128].
2025-05-21 20:48:51,877 - utils.training - ERROR - Error creating visualization: boolean index did not match indexed array along dimension 0; dimension is 240 but corresponding boolean dimension is 120
2025-05-21 20:48:51,953 - matplotlib.image - WARNING - Clipping input data to the valid range for imshow with RGB data ([0..1] for floats or [0..255] for integers). Got range [-2.1007793..2.5528543].
2025-05-21 20:48:51,955 - utils.training - ERROR - Error creating visualization: boolean index did not match indexed array along dimension 0; dimension is 240 but corresponding boolean dimension is 120
2025-05-21 20:48:52,041 - matplotlib.image - WARNING - Clipping input data to the valid range for imshow with RGB data ([0..1] for floats or [0..255] for integers). Got range [-2.117904..2.64].
2025-05-21 20:48:52,043 - utils.training - ERROR - Error creating visualization: boolean index did not match indexed array along dimension 0; dimension is 240 but corresponding boolean dimension is 120
2025-05-21 20:48:52,134 - matplotlib.image - WARNING - Clipping input data to the valid range for imshow with RGB data ([0..1] for floats or [0..255] for integers). Got range [-2.117904..2.64].
2025-05-21 20:48:52,135 - utils.training - ERROR - Error creating visualization: boolean index did not match indexed array along dimension 0; dimension is 240 but corresponding boolean dimension is 120
2025-05-21 20:48:52,226 - matplotlib.image - WARNING - Clipping input data to the valid range for imshow with RGB data ([0..1] for floats or [0..255] for integers). Got range [-2.117904..2.64].
2025-05-21 20:48:52,229 - utils.training - ERROR - Error creating visualization: boolean index did not match indexed array along dimension 0; dimension is 240 but corresponding boolean dimension is 120
2025-05-21 20:48:52,316 - matplotlib.image - WARNING - Clipping input data to the valid range for imshow with RGB data ([0..1] for floats or [0..255] for integers). Got range [-2.117904..2.64].
2025-05-21 20:48:52,318 - utils.training - ERROR - Error creating visualization: boolean index did not match indexed array along dimension 0; dimension is 240 but corresponding boolean dimension is 120
2025-05-21 20:48:52,399 - matplotlib.image - WARNING - Clipping input data to the valid range for imshow with RGB data ([0..1] for floats or [0..255] for integers). Got range [-2.117904..2.64].
2025-05-21 20:48:52,402 - utils.training - ERROR - Error creating visualization: boolean index did not match indexed array along dimension 0; dimension is 240 but corresponding boolean dimension is 120
2025-05-21 20:48:52,484 - matplotlib.image - WARNING - Clipping input data to the valid range for imshow with RGB data ([0..1] for floats or [0..255] for integers). Got range [-2.117904..2.64].
2025-05-21 20:48:52,486 - utils.training - ERROR - Error creating visualization: boolean index did not match indexed array along dimension 0; dimension is 240 but corresponding boolean dimension is 120
2025-05-21 20:48:52,573 - matplotlib.image - WARNING - Clipping input data to the valid range for imshow with RGB data ([0..1] for floats or [0..255] for integers). Got range [-2.117904..2.64].
2025-05-21 20:48:52,575 - utils.training - ERROR - Error creating visualization: boolean index did not match indexed array along dimension 0; dimension is 240 but corresponding boolean dimension is 120
2025-05-21 20:48:52,658 - matplotlib.image - WARNING - Clipping input data to the valid range for imshow with RGB data ([0..1] for floats or [0..255] for integers). Got range [-2.0665298..2.64].
2025-05-21 20:48:52,659 - utils.training - ERROR - Error creating visualization: boolean index did not match indexed array along dimension 0; dimension is 240 but corresponding boolean dimension is 120
2025-05-21 20:48:52,745 - matplotlib.image - WARNING - Clipping input data to the valid range for imshow with RGB data ([0..1] for floats or [0..255] for integers). Got range [-2.0836544..2.64].
2025-05-21 20:48:52,746 - utils.training - ERROR - Error creating visualization: boolean index did not match indexed array along dimension 0; dimension is 240 but corresponding boolean dimension is 120
2025-05-21 20:48:52,823 - matplotlib.image - WARNING - Clipping input data to the valid range for imshow with RGB data ([0..1] for floats or [0..255] for integers). Got range [-2.0494049..2.64].
2025-05-21 20:48:52,824 - utils.training - ERROR - Error creating visualization: boolean index did not match indexed array along dimension 0; dimension is 240 but corresponding boolean dimension is 120
2025-05-21 20:48:52,907 - matplotlib.image - WARNING - Clipping input data to the valid range for imshow with RGB data ([0..1] for floats or [0..255] for integers). Got range [-2.0182073..2.64].
2025-05-21 20:48:52,909 - utils.training - ERROR - Error creating visualization: boolean index did not match indexed array along dimension 0; dimension is 240 but corresponding boolean dimension is 120
2025-05-21 20:48:52,987 - matplotlib.image - WARNING - Clipping input data to the valid range for imshow with RGB data ([0..1] for floats or [0..255] for integers). Got range [-1.980906..2.622571].
2025-05-21 20:48:52,989 - utils.training - ERROR - Error creating visualization: boolean index did not match indexed array along dimension 0; dimension is 240 but corresponding boolean dimension is 120
2025-05-21 20:48:53,078 - matplotlib.image - WARNING - Clipping input data to the valid range for imshow with RGB data ([0..1] for floats or [0..255] for integers). Got range [-1.9980307..2.64].
2025-05-21 20:48:53,080 - utils.training - ERROR - Error creating visualization: boolean index did not match indexed array along dimension 0; dimension is 240 but corresponding boolean dimension is 120
2025-05-21 20:48:53,169 - matplotlib.image - WARNING - Clipping input data to the valid range for imshow with RGB data ([0..1] for floats or [0..255] for integers). Got range [-1.9980307..2.622571].
2025-05-21 20:48:53,171 - utils.training - ERROR - Error creating visualization: boolean index did not match indexed array along dimension 0; dimension is 240 but corresponding boolean dimension is 120
2025-05-21 20:48:53,253 - matplotlib.image - WARNING - Clipping input data to the valid range for imshow with RGB data ([0..1] for floats or [0..255] for integers). Got range [-2.0151556..2.64].
2025-05-21 20:48:53,255 - utils.training - ERROR - Error creating visualization: boolean index did not match indexed array along dimension 0; dimension is 240 but corresponding boolean dimension is 120
2025-05-21 20:48:53,347 - matplotlib.image - WARNING - Clipping input data to the valid range for imshow with RGB data ([0..1] for floats or [0..255] for integers). Got range [-2.0151556..2.64].
2025-05-21 20:48:53,349 - utils.training - ERROR - Error creating visualization: boolean index did not match indexed array along dimension 0; dimension is 240 but corresponding boolean dimension is 120
2025-05-21 20:48:53,429 - matplotlib.image - WARNING - Clipping input data to the valid range for imshow with RGB data ([0..1] for floats or [0..255] for integers). Got range [-2.0322802..2.64].
2025-05-21 20:48:53,432 - utils.training - ERROR - Error creating visualization: boolean index did not match indexed array along dimension 0; dimension is 240 but corresponding boolean dimension is 120
2025-05-21 20:48:53,520 - matplotlib.image - WARNING - Clipping input data to the valid range for imshow with RGB data ([0..1] for floats or [0..255] for integers). Got range [-2.0151556..2.622571].
2025-05-21 20:48:53,522 - utils.training - ERROR - Error creating visualization: boolean index did not match indexed array along dimension 0; dimension is 240 but corresponding boolean dimension is 120
2025-05-21 20:48:53,601 - matplotlib.image - WARNING - Clipping input data to the valid range for imshow with RGB data ([0..1] for floats or [0..255] for integers). Got range [-1.9980307..2.6051416].
2025-05-21 20:48:53,604 - utils.training - ERROR - Error creating visualization: boolean index did not match indexed array along dimension 0; dimension is 240 but corresponding boolean dimension is 120
2025-05-21 20:48:53,690 - matplotlib.image - WARNING - Clipping input data to the valid range for imshow with RGB data ([0..1] for floats or [0..255] for integers). Got range [-1.980906..2.64].
2025-05-21 20:48:53,693 - utils.training - ERROR - Error creating visualization: boolean index did not match indexed array along dimension 0; dimension is 240 but corresponding boolean dimension is 120
2025-05-21 20:48:53,776 - matplotlib.image - WARNING - Clipping input data to the valid range for imshow with RGB data ([0..1] for floats or [0..255] for integers). Got range [-2.0151556..2.622571].
2025-05-21 20:48:53,778 - utils.training - ERROR - Error creating visualization: boolean index did not match indexed array along dimension 0; dimension is 240 but corresponding boolean dimension is 120
2025-05-21 20:48:53,862 - matplotlib.image - WARNING - Clipping input data to the valid range for imshow with RGB data ([0..1] for floats or [0..255] for integers). Got range [-2.117904..2.64].
2025-05-21 20:48:53,864 - utils.training - ERROR - Error creating visualization: boolean index did not match indexed array along dimension 0; dimension is 240 but corresponding boolean dimension is 120
2025-05-21 20:48:53,951 - matplotlib.image - WARNING - Clipping input data to the valid range for imshow with RGB data ([0..1] for floats or [0..255] for integers). Got range [-2.117904..2.64].
2025-05-21 20:48:53,953 - utils.training - ERROR - Error creating visualization: boolean index did not match indexed array along dimension 0; dimension is 240 but corresponding boolean dimension is 120
2025-05-21 20:48:54,171 - matplotlib.image - WARNING - Clipping input data to the valid range for imshow with RGB data ([0..1] for floats or [0..255] for integers). Got range [-2.117904..2.64].
2025-05-21 20:48:54,173 - utils.training - ERROR - Error creating visualization: boolean index did not match indexed array along dimension 0; dimension is 240 but corresponding boolean dimension is 120
2025-05-21 20:48:54,263 - matplotlib.image - WARNING - Clipping input data to the valid range for imshow with RGB data ([0..1] for floats or [0..255] for integers). Got range [-2.117904..2.64].
2025-05-21 20:48:54,265 - utils.training - ERROR - Error creating visualization: boolean index did not match indexed array along dimension 0; dimension is 240 but corresponding boolean dimension is 120
2025-05-21 20:48:54,349 - matplotlib.image - WARNING - Clipping input data to the valid range for imshow with RGB data ([0..1] for floats or [0..255] for integers). Got range [-2.117904..2.622571].
2025-05-21 20:48:54,352 - utils.training - ERROR - Error creating visualization: boolean index did not match indexed array along dimension 0; dimension is 240 but corresponding boolean dimension is 120
2025-05-21 20:48:54,443 - matplotlib.image - WARNING - Clipping input data to the valid range for imshow with RGB data ([0..1] for floats or [0..255] for integers). Got range [-2.117904..2.64].
2025-05-21 20:48:54,445 - utils.training - ERROR - Error creating visualization: boolean index did not match indexed array along dimension 0; dimension is 240 but corresponding boolean dimension is 120
2025-05-21 20:48:54,538 - matplotlib.image - WARNING - Clipping input data to the valid range for imshow with RGB data ([0..1] for floats or [0..255] for integers). Got range [-2.117904..2.64].
2025-05-21 20:48:54,540 - utils.training - ERROR - Error creating visualization: boolean index did not match indexed array along dimension 0; dimension is 240 but corresponding boolean dimension is 120
2025-05-21 20:48:54,621 - matplotlib.image - WARNING - Clipping input data to the valid range for imshow with RGB data ([0..1] for floats or [0..255] for integers). Got range [-2.117904..2.64].
2025-05-21 20:48:54,622 - utils.training - ERROR - Error creating visualization: boolean index did not match indexed array along dimension 0; dimension is 240 but corresponding boolean dimension is 120
2025-05-21 20:48:54,704 - matplotlib.image - WARNING - Clipping input data to the valid range for imshow with RGB data ([0..1] for floats or [0..255] for integers). Got range [-2.117904..2.64].
2025-05-21 20:48:54,706 - utils.training - ERROR - Error creating visualization: boolean index did not match indexed array along dimension 0; dimension is 240 but corresponding boolean dimension is 120
2025-05-21 20:48:54,783 - matplotlib.image - WARNING - Clipping input data to the valid range for imshow with RGB data ([0..1] for floats or [0..255] for integers). Got range [-1.9637812..2.2042704].
2025-05-21 20:48:54,784 - utils.training - ERROR - Error creating visualization: boolean index did not match indexed array along dimension 0; dimension is 240 but corresponding boolean dimension is 120
2025-05-21 20:48:54,871 - matplotlib.image - WARNING - Clipping input data to the valid range for imshow with RGB data ([0..1] for floats or [0..255] for integers). Got range [-2.0151556..2.343704].
2025-05-21 20:48:54,873 - utils.training - ERROR - Error creating visualization: boolean index did not match indexed array along dimension 0; dimension is 240 but corresponding boolean dimension is 120
2025-05-21 20:48:54,948 - matplotlib.image - WARNING - Clipping input data to the valid range for imshow with RGB data ([0..1] for floats or [0..255] for integers). Got range [-1.980906..2.343704].
2025-05-21 20:48:54,949 - utils.training - ERROR - Error creating visualization: boolean index did not match indexed array along dimension 0; dimension is 240 but corresponding boolean dimension is 120
2025-05-21 20:48:55,041 - matplotlib.image - WARNING - Clipping input data to the valid range for imshow with RGB data ([0..1] for floats or [0..255] for integers). Got range [-1.9637812..2.343704].
2025-05-21 20:48:55,044 - utils.training - ERROR - Error creating visualization: boolean index did not match indexed array along dimension 0; dimension is 240 but corresponding boolean dimension is 120
2025-05-21 20:48:55,122 - matplotlib.image - WARNING - Clipping input data to the valid range for imshow with RGB data ([0..1] for floats or [0..255] for integers). Got range [-1.8610327..2.343704].
2025-05-21 20:48:55,124 - utils.training - ERROR - Error creating visualization: boolean index did not match indexed array along dimension 0; dimension is 240 but corresponding boolean dimension is 120
2025-05-21 20:48:55,206 - matplotlib.image - WARNING - Clipping input data to the valid range for imshow with RGB data ([0..1] for floats or [0..255] for integers). Got range [-1.7380952..2.2216995].
2025-05-21 20:48:55,207 - utils.training - ERROR - Error creating visualization: boolean index did not match indexed array along dimension 0; dimension is 240 but corresponding boolean dimension is 120
2025-05-21 20:48:55,287 - matplotlib.image - WARNING - Clipping input data to the valid range for imshow with RGB data ([0..1] for floats or [0..255] for integers). Got range [-2.117904..2.64].
2025-05-21 20:48:55,288 - utils.training - ERROR - Error creating visualization: boolean index did not match indexed array along dimension 0; dimension is 240 but corresponding boolean dimension is 120
2025-05-21 20:48:55,368 - matplotlib.image - WARNING - Clipping input data to the valid range for imshow with RGB data ([0..1] for floats or [0..255] for integers). Got range [-2.0836544..2.6051416].
2025-05-21 20:48:55,370 - utils.training - ERROR - Error creating visualization: boolean index did not match indexed array along dimension 0; dimension is 240 but corresponding boolean dimension is 120
2025-05-21 20:48:55,454 - matplotlib.image - WARNING - Clipping input data to the valid range for imshow with RGB data ([0..1] for floats or [0..255] for integers). Got range [-2.117904..2.64].
2025-05-21 20:48:55,455 - utils.training - ERROR - Error creating visualization: boolean index did not match indexed array along dimension 0; dimension is 240 but corresponding boolean dimension is 120
2025-05-21 20:48:55,560 - matplotlib.image - WARNING - Clipping input data to the valid range for imshow with RGB data ([0..1] for floats or [0..255] for integers). Got range [-2.117904..2.6051416].
2025-05-21 20:48:55,563 - utils.training - ERROR - Error creating visualization: boolean index did not match indexed array along dimension 0; dimension is 240 but corresponding boolean dimension is 120
2025-05-21 20:48:55,653 - matplotlib.image - WARNING - Clipping input data to the valid range for imshow with RGB data ([0..1] for floats or [0..255] for integers). Got range [-2.117904..2.5528543].
2025-05-21 20:48:55,654 - utils.training - ERROR - Error creating visualization: boolean index did not match indexed array along dimension 0; dimension is 240 but corresponding boolean dimension is 120
2025-05-21 20:48:55,741 - matplotlib.image - WARNING - Clipping input data to the valid range for imshow with RGB data ([0..1] for floats or [0..255] for integers). Got range [-2.117904..2.535425].
2025-05-21 20:48:55,742 - utils.training - ERROR - Error creating visualization: boolean index did not match indexed array along dimension 0; dimension is 240 but corresponding boolean dimension is 120
2025-05-21 20:48:55,828 - matplotlib.image - WARNING - Clipping input data to the valid range for imshow with RGB data ([0..1] for floats or [0..255] for integers). Got range [-2.117904..2.5528543].
2025-05-21 20:48:55,830 - utils.training - ERROR - Error creating visualization: boolean index did not match indexed array along dimension 0; dimension is 240 but corresponding boolean dimension is 120
2025-05-21 20:48:55,915 - matplotlib.image - WARNING - Clipping input data to the valid range for imshow with RGB data ([0..1] for floats or [0..255] for integers). Got range [-1.5699118..2.622571].
2025-05-21 20:48:55,917 - utils.training - ERROR - Error creating visualization: boolean index did not match indexed array along dimension 0; dimension is 240 but corresponding boolean dimension is 120
2025-05-21 20:48:55,996 - matplotlib.image - WARNING - Clipping input data to the valid range for imshow with RGB data ([0..1] for floats or [0..255] for integers). Got range [-1.5527872..2.64].
2025-05-21 20:48:55,998 - utils.training - ERROR - Error creating visualization: boolean index did not match indexed array along dimension 0; dimension is 240 but corresponding boolean dimension is 120
2025-05-21 20:48:56,074 - matplotlib.image - WARNING - Clipping input data to the valid range for imshow with RGB data ([0..1] for floats or [0..255] for integers). Got range [-1.2445416..2.64].
2025-05-21 20:48:56,076 - utils.training - ERROR - Error creating visualization: boolean index did not match indexed array along dimension 0; dimension is 240 but corresponding boolean dimension is 120
2025-05-21 20:48:56,160 - matplotlib.image - WARNING - Clipping input data to the valid range for imshow with RGB data ([0..1] for floats or [0..255] for integers). Got range [-1.8952821..2.64].
2025-05-21 20:48:56,162 - utils.training - ERROR - Error creating visualization: boolean index did not match indexed array along dimension 0; dimension is 240 but corresponding boolean dimension is 120
2025-05-21 20:48:56,241 - matplotlib.image - WARNING - Clipping input data to the valid range for imshow with RGB data ([0..1] for floats or [0..255] for integers). Got range [-1.3130406..2.622571].
2025-05-21 20:48:56,243 - utils.training - ERROR - Error creating visualization: boolean index did not match indexed array along dimension 0; dimension is 240 but corresponding boolean dimension is 120
2025-05-21 20:48:56,329 - matplotlib.image - WARNING - Clipping input data to the valid range for imshow with RGB data ([0..1] for floats or [0..255] for integers). Got range [-1.9637812..2.64].
2025-05-21 20:48:56,331 - utils.training - ERROR - Error creating visualization: boolean index did not match indexed array along dimension 0; dimension is 240 but corresponding boolean dimension is 120
2025-05-21 20:48:56,406 - matplotlib.image - WARNING - Clipping input data to the valid range for imshow with RGB data ([0..1] for floats or [0..255] for integers). Got range [-2.117904..2.64].
2025-05-21 20:48:56,407 - utils.training - ERROR - Error creating visualization: boolean index did not match indexed array along dimension 0; dimension is 240 but corresponding boolean dimension is 120
2025-05-21 20:48:56,487 - matplotlib.image - WARNING - Clipping input data to the valid range for imshow with RGB data ([0..1] for floats or [0..255] for integers). Got range [-2.0494049..2.64].
2025-05-21 20:48:56,488 - utils.training - ERROR - Error creating visualization: boolean index did not match indexed array along dimension 0; dimension is 240 but corresponding boolean dimension is 120
2025-05-21 20:48:56,564 - matplotlib.image - WARNING - Clipping input data to the valid range for imshow with RGB data ([0..1] for floats or [0..255] for integers). Got range [-2.0665298..2.64].
2025-05-21 20:48:56,565 - utils.training - ERROR - Error creating visualization: boolean index did not match indexed array along dimension 0; dimension is 240 but corresponding boolean dimension is 120
2025-05-21 20:48:56,656 - matplotlib.image - WARNING - Clipping input data to the valid range for imshow with RGB data ([0..1] for floats or [0..255] for integers). Got range [-1.9637812..2.64].
2025-05-21 20:48:56,658 - utils.training - ERROR - Error creating visualization: boolean index did not match indexed array along dimension 0; dimension is 240 but corresponding boolean dimension is 120
2025-05-21 20:48:56,757 - matplotlib.image - WARNING - Clipping input data to the valid range for imshow with RGB data ([0..1] for floats or [0..255] for integers). Got range [-1.8606442..2.4134207].
2025-05-21 20:48:56,759 - utils.training - ERROR - Error creating visualization: boolean index did not match indexed array along dimension 0; dimension is 240 but corresponding boolean dimension is 120
2025-05-21 20:48:56,837 - matplotlib.image - WARNING - Clipping input data to the valid range for imshow with RGB data ([0..1] for floats or [0..255] for integers). Got range [-1.9481792..2.3785625].
2025-05-21 20:48:56,840 - utils.training - ERROR - Error creating visualization: boolean index did not match indexed array along dimension 0; dimension is 240 but corresponding boolean dimension is 120
2025-05-21 20:48:57,126 - matplotlib.image - WARNING - Clipping input data to the valid range for imshow with RGB data ([0..1] for floats or [0..255] for integers). Got range [-1.9131652..2.2739873].
2025-05-21 20:48:57,128 - utils.training - ERROR - Error creating visualization: boolean index did not match indexed array along dimension 0; dimension is 240 but corresponding boolean dimension is 120
2025-05-21 20:48:57,219 - matplotlib.image - WARNING - Clipping input data to the valid range for imshow with RGB data ([0..1] for floats or [0..255] for integers). Got range [-1.9306722..2.3959913].
2025-05-21 20:48:57,221 - utils.training - ERROR - Error creating visualization: boolean index did not match indexed array along dimension 0; dimension is 240 but corresponding boolean dimension is 120
2025-05-21 20:48:57,305 - matplotlib.image - WARNING - Clipping input data to the valid range for imshow with RGB data ([0..1] for floats or [0..255] for integers). Got range [-1.9131652..2.4482791].
2025-05-21 20:48:57,308 - utils.training - ERROR - Error creating visualization: boolean index did not match indexed array along dimension 0; dimension is 240 but corresponding boolean dimension is 120
2025-05-21 20:48:57,408 - matplotlib.image - WARNING - Clipping input data to the valid range for imshow with RGB data ([0..1] for floats or [0..255] for integers). Got range [-1.9131652..2.3959913].
2025-05-21 20:48:57,410 - utils.training - ERROR - Error creating visualization: boolean index did not match indexed array along dimension 0; dimension is 240 but corresponding boolean dimension is 120
2025-05-21 20:48:57,503 - matplotlib.image - WARNING - Clipping input data to the valid range for imshow with RGB data ([0..1] for floats or [0..255] for integers). Got range [-1.8956583..2.4308496].
2025-05-21 20:48:57,506 - utils.training - ERROR - Error creating visualization: boolean index did not match indexed array along dimension 0; dimension is 240 but corresponding boolean dimension is 120
2025-05-21 20:48:57,598 - matplotlib.image - WARNING - Clipping input data to the valid range for imshow with RGB data ([0..1] for floats or [0..255] for integers). Got range [-1.9306722..2.3785625].
2025-05-21 20:48:57,600 - utils.training - ERROR - Error creating visualization: boolean index did not match indexed array along dimension 0; dimension is 240 but corresponding boolean dimension is 120
2025-05-21 20:48:57,691 - matplotlib.image - WARNING - Clipping input data to the valid range for imshow with RGB data ([0..1] for floats or [0..255] for integers). Got range [-1.9481792..2.3611329].
2025-05-21 20:48:57,693 - utils.training - ERROR - Error creating visualization: boolean index did not match indexed array along dimension 0; dimension is 240 but corresponding boolean dimension is 120
2025-05-21 20:48:57,789 - matplotlib.image - WARNING - Clipping input data to the valid range for imshow with RGB data ([0..1] for floats or [0..255] for integers). Got range [-2.117904..2.64].
2025-05-21 20:48:57,790 - utils.training - ERROR - Error creating visualization: boolean index did not match indexed array along dimension 0; dimension is 240 but corresponding boolean dimension is 120
2025-05-21 20:48:57,878 - matplotlib.image - WARNING - Clipping input data to the valid range for imshow with RGB data ([0..1] for floats or [0..255] for integers). Got range [-2.117904..2.64].
2025-05-21 20:48:57,879 - utils.training - ERROR - Error creating visualization: boolean index did not match indexed array along dimension 0; dimension is 240 but corresponding boolean dimension is 120
2025-05-21 20:48:57,969 - matplotlib.image - WARNING - Clipping input data to the valid range for imshow with RGB data ([0..1] for floats or [0..255] for integers). Got range [-2.117904..2.64].
2025-05-21 20:48:57,971 - utils.training - ERROR - Error creating visualization: boolean index did not match indexed array along dimension 0; dimension is 240 but corresponding boolean dimension is 120
2025-05-21 20:48:58,053 - matplotlib.image - WARNING - Clipping input data to the valid range for imshow with RGB data ([0..1] for floats or [0..255] for integers). Got range [-2.117904..2.64].
2025-05-21 20:48:58,054 - utils.training - ERROR - Error creating visualization: boolean index did not match indexed array along dimension 0; dimension is 240 but corresponding boolean dimension is 120
2025-05-21 20:48:58,142 - matplotlib.image - WARNING - Clipping input data to the valid range for imshow with RGB data ([0..1] for floats or [0..255] for integers). Got range [-2.117904..2.64].
2025-05-21 20:48:58,143 - utils.training - ERROR - Error creating visualization: boolean index did not match indexed array along dimension 0; dimension is 240 but corresponding boolean dimension is 120
2025-05-21 20:48:58,226 - matplotlib.image - WARNING - Clipping input data to the valid range for imshow with RGB data ([0..1] for floats or [0..255] for integers). Got range [-2.117904..2.64].
2025-05-21 20:48:58,227 - utils.training - ERROR - Error creating visualization: boolean index did not match indexed array along dimension 0; dimension is 240 but corresponding boolean dimension is 120
2025-05-21 20:48:58,314 - matplotlib.image - WARNING - Clipping input data to the valid range for imshow with RGB data ([0..1] for floats or [0..255] for integers). Got range [-2.117904..2.64].
2025-05-21 20:48:58,316 - utils.training - ERROR - Error creating visualization: boolean index did not match indexed array along dimension 0; dimension is 240 but corresponding boolean dimension is 120
2025-05-21 20:48:58,400 - matplotlib.image - WARNING - Clipping input data to the valid range for imshow with RGB data ([0..1] for floats or [0..255] for integers). Got range [-2.117904..2.64].
2025-05-21 20:48:58,401 - utils.training - ERROR - Error creating visualization: boolean index did not match indexed array along dimension 0; dimension is 240 but corresponding boolean dimension is 120
2025-05-21 20:48:58,486 - matplotlib.image - WARNING - Clipping input data to the valid range for imshow with RGB data ([0..1] for floats or [0..255] for integers). Got range [-1.9980307..2.64].
2025-05-21 20:48:58,489 - utils.training - ERROR - Error creating visualization: boolean index did not match indexed array along dimension 0; dimension is 240 but corresponding boolean dimension is 120
2025-05-21 20:48:58,586 - matplotlib.image - WARNING - Clipping input data to the valid range for imshow with RGB data ([0..1] for floats or [0..255] for integers). Got range [-2.0665298..2.64].
2025-05-21 20:48:58,588 - utils.training - ERROR - Error creating visualization: boolean index did not match indexed array along dimension 0; dimension is 240 but corresponding boolean dimension is 120
2025-05-21 20:48:58,666 - matplotlib.image - WARNING - Clipping input data to the valid range for imshow with RGB data ([0..1] for floats or [0..255] for integers). Got range [-2.0665298..2.64].
2025-05-21 20:48:58,667 - utils.training - ERROR - Error creating visualization: boolean index did not match indexed array along dimension 0; dimension is 240 but corresponding boolean dimension is 120
2025-05-21 20:48:58,764 - matplotlib.image - WARNING - Clipping input data to the valid range for imshow with RGB data ([0..1] for floats or [0..255] for integers). Got range [-2.0494049..2.5877128].
2025-05-21 20:48:58,766 - utils.training - ERROR - Error creating visualization: boolean index did not match indexed array along dimension 0; dimension is 240 but corresponding boolean dimension is 120
2025-05-21 20:48:58,868 - matplotlib.image - WARNING - Clipping input data to the valid range for imshow with RGB data ([0..1] for floats or [0..255] for integers). Got range [-2.0665298..2.6051416].
2025-05-21 20:48:58,870 - utils.training - ERROR - Error creating visualization: boolean index did not match indexed array along dimension 0; dimension is 240 but corresponding boolean dimension is 120
2025-05-21 20:48:58,961 - matplotlib.image - WARNING - Clipping input data to the valid range for imshow with RGB data ([0..1] for floats or [0..255] for integers). Got range [-1.8956583..2.5877128].
2025-05-21 20:48:58,962 - utils.training - ERROR - Error creating visualization: boolean index did not match indexed array along dimension 0; dimension is 240 but corresponding boolean dimension is 120
2025-05-21 20:48:59,047 - matplotlib.image - WARNING - Clipping input data to the valid range for imshow with RGB data ([0..1] for floats or [0..255] for integers). Got range [-1.8781574..2.64].
2025-05-21 20:48:59,049 - utils.training - ERROR - Error creating visualization: boolean index did not match indexed array along dimension 0; dimension is 240 but corresponding boolean dimension is 120
2025-05-21 20:48:59,127 - matplotlib.image - WARNING - Clipping input data to the valid range for imshow with RGB data ([0..1] for floats or [0..255] for integers). Got range [-1.8267832..2.64].
2025-05-21 20:48:59,128 - utils.training - ERROR - Error creating visualization: boolean index did not match indexed array along dimension 0; dimension is 240 but corresponding boolean dimension is 120
2025-05-21 20:48:59,226 - matplotlib.image - WARNING - Clipping input data to the valid range for imshow with RGB data ([0..1] for floats or [0..255] for integers). Got range [-1.8431373..2.465708].
2025-05-21 20:48:59,228 - utils.training - ERROR - Error creating visualization: boolean index did not match indexed array along dimension 0; dimension is 240 but corresponding boolean dimension is 120
2025-05-21 20:48:59,318 - matplotlib.image - WARNING - Clipping input data to the valid range for imshow with RGB data ([0..1] for floats or [0..255] for integers). Got range [-1.8606442..2.64].
2025-05-21 20:48:59,319 - utils.training - ERROR - Error creating visualization: boolean index did not match indexed array along dimension 0; dimension is 240 but corresponding boolean dimension is 120
2025-05-21 20:48:59,406 - matplotlib.image - WARNING - Clipping input data to the valid range for imshow with RGB data ([0..1] for floats or [0..255] for integers). Got range [-1.8044444..2.64].
2025-05-21 20:48:59,408 - utils.training - ERROR - Error creating visualization: boolean index did not match indexed array along dimension 0; dimension is 240 but corresponding boolean dimension is 120
2025-05-21 20:48:59,497 - matplotlib.image - WARNING - Clipping input data to the valid range for imshow with RGB data ([0..1] for floats or [0..255] for integers). Got range [-1.8267832..2.64].
2025-05-21 20:48:59,499 - utils.training - ERROR - Error creating visualization: boolean index did not match indexed array along dimension 0; dimension is 240 but corresponding boolean dimension is 120
2025-05-21 20:48:59,580 - matplotlib.image - WARNING - Clipping input data to the valid range for imshow with RGB data ([0..1] for floats or [0..255] for integers). Got range [-1.843908..2.64].
2025-05-21 20:48:59,581 - utils.training - ERROR - Error creating visualization: boolean index did not match indexed array along dimension 0; dimension is 240 but corresponding boolean dimension is 120
2025-05-21 20:48:59,668 - matplotlib.image - WARNING - Clipping input data to the valid range for imshow with RGB data ([0..1] for floats or [0..255] for integers). Got range [-2.0357141..2.64].
2025-05-21 20:48:59,669 - utils.training - ERROR - Error creating visualization: boolean index did not match indexed array along dimension 0; dimension is 240 but corresponding boolean dimension is 120
2025-05-21 20:48:59,751 - matplotlib.image - WARNING - Clipping input data to the valid range for imshow with RGB data ([0..1] for floats or [0..255] for integers). Got range [-2.0494049..2.64].
2025-05-21 20:48:59,753 - utils.training - ERROR - Error creating visualization: boolean index did not match indexed array along dimension 0; dimension is 240 but corresponding boolean dimension is 120
2025-05-21 20:48:59,837 - matplotlib.image - WARNING - Clipping input data to the valid range for imshow with RGB data ([0..1] for floats or [0..255] for integers). Got range [-2.0494049..2.64].
2025-05-21 20:48:59,838 - utils.training - ERROR - Error creating visualization: boolean index did not match indexed array along dimension 0; dimension is 240 but corresponding boolean dimension is 120
2025-05-21 20:48:59,926 - matplotlib.image - WARNING - Clipping input data to the valid range for imshow with RGB data ([0..1] for floats or [0..255] for integers). Got range [-2.117904..2.5005665].
2025-05-21 20:48:59,928 - utils.training - ERROR - Error creating visualization: boolean index did not match indexed array along dimension 0; dimension is 240 but corresponding boolean dimension is 120
2025-05-21 20:49:00,018 - matplotlib.image - WARNING - Clipping input data to the valid range for imshow with RGB data ([0..1] for floats or [0..255] for integers). Got range [-2.117904..2.535425].
2025-05-21 20:49:00,019 - utils.training - ERROR - Error creating visualization: boolean index did not match indexed array along dimension 0; dimension is 240 but corresponding boolean dimension is 120
2025-05-21 20:49:00,125 - matplotlib.image - WARNING - Clipping input data to the valid range for imshow with RGB data ([0..1] for floats or [0..255] for integers). Got range [-2.117904..2.535425].
2025-05-21 20:49:00,126 - utils.training - ERROR - Error creating visualization: boolean index did not match indexed array along dimension 0; dimension is 240 but corresponding boolean dimension is 120
2025-05-21 20:49:00,210 - matplotlib.image - WARNING - Clipping input data to the valid range for imshow with RGB data ([0..1] for floats or [0..255] for integers). Got range [-2.117904..2.535425].
2025-05-21 20:49:00,212 - utils.training - ERROR - Error creating visualization: boolean index did not match indexed array along dimension 0; dimension is 240 but corresponding boolean dimension is 120
2025-05-21 20:49:00,308 - matplotlib.image - WARNING - Clipping input data to the valid range for imshow with RGB data ([0..1] for floats or [0..255] for integers). Got range [-2.117904..2.5528543].
2025-05-21 20:49:00,311 - utils.training - ERROR - Error creating visualization: boolean index did not match indexed array along dimension 0; dimension is 240 but corresponding boolean dimension is 120
2025-05-21 20:49:00,398 - matplotlib.image - WARNING - Clipping input data to the valid range for imshow with RGB data ([0..1] for floats or [0..255] for integers). Got range [-1.4500387..2.64].
2025-05-21 20:49:00,400 - utils.training - ERROR - Error creating visualization: boolean index did not match indexed array along dimension 0; dimension is 240 but corresponding boolean dimension is 120
2025-05-21 20:49:00,493 - matplotlib.image - WARNING - Clipping input data to the valid range for imshow with RGB data ([0..1] for floats or [0..255] for integers). Got range [-1.5280112..2.64].
2025-05-21 20:49:00,496 - utils.training - ERROR - Error creating visualization: boolean index did not match indexed array along dimension 0; dimension is 240 but corresponding boolean dimension is 120
2025-05-21 20:49:00,580 - matplotlib.image - WARNING - Clipping input data to the valid range for imshow with RGB data ([0..1] for floats or [0..255] for integers). Got range [-1.7069099..2.64].
2025-05-21 20:49:00,582 - utils.training - ERROR - Error creating visualization: boolean index did not match indexed array along dimension 0; dimension is 240 but corresponding boolean dimension is 120
2025-05-21 20:49:00,930 - matplotlib.image - WARNING - Clipping input data to the valid range for imshow with RGB data ([0..1] for floats or [0..255] for integers). Got range [-1.7582842..2.64].
2025-05-21 20:49:00,931 - utils.training - ERROR - Error creating visualization: boolean index did not match indexed array along dimension 0; dimension is 240 but corresponding boolean dimension is 120
2025-05-21 20:49:01,028 - matplotlib.image - WARNING - Clipping input data to the valid range for imshow with RGB data ([0..1] for floats or [0..255] for integers). Got range [-1.7582842..2.64].
2025-05-21 20:49:01,029 - utils.training - ERROR - Error creating visualization: boolean index did not match indexed array along dimension 0; dimension is 240 but corresponding boolean dimension is 120
2025-05-21 20:49:01,112 - matplotlib.image - WARNING - Clipping input data to the valid range for imshow with RGB data ([0..1] for floats or [0..255] for integers). Got range [-2.117904..2.3959913].
2025-05-21 20:49:01,113 - utils.training - ERROR - Error creating visualization: boolean index did not match indexed array along dimension 0; dimension is 240 but corresponding boolean dimension is 120
2025-05-21 20:49:01,208 - matplotlib.image - WARNING - Clipping input data to the valid range for imshow with RGB data ([0..1] for floats or [0..255] for integers). Got range [-2.0836544..2.3088455].
2025-05-21 20:49:01,210 - utils.training - ERROR - Error creating visualization: boolean index did not match indexed array along dimension 0; dimension is 240 but corresponding boolean dimension is 120
2025-05-21 20:49:01,288 - matplotlib.image - WARNING - Clipping input data to the valid range for imshow with RGB data ([0..1] for floats or [0..255] for integers). Got range [-2.0665298..2.0474076].
2025-05-21 20:49:01,290 - utils.training - ERROR - Error creating visualization: boolean index did not match indexed array along dimension 0; dimension is 240 but corresponding boolean dimension is 120
2025-05-21 20:49:01,373 - matplotlib.image - WARNING - Clipping input data to the valid range for imshow with RGB data ([0..1] for floats or [0..255] for integers). Got range [-2.117904..2.1484594].
2025-05-21 20:49:01,376 - utils.training - ERROR - Error creating visualization: boolean index did not match indexed array along dimension 0; dimension is 240 but corresponding boolean dimension is 120
2025-05-21 20:49:01,463 - matplotlib.image - WARNING - Clipping input data to the valid range for imshow with RGB data ([0..1] for floats or [0..255] for integers). Got range [-2.117904..2.343704].
2025-05-21 20:49:01,464 - utils.training - ERROR - Error creating visualization: boolean index did not match indexed array along dimension 0; dimension is 240 but corresponding boolean dimension is 120
2025-05-21 20:49:01,546 - matplotlib.image - WARNING - Clipping input data to the valid range for imshow with RGB data ([0..1] for floats or [0..255] for integers). Got range [-2.0494049..2.64].
2025-05-21 20:49:01,548 - utils.training - ERROR - Error creating visualization: boolean index did not match indexed array along dimension 0; dimension is 240 but corresponding boolean dimension is 120
2025-05-21 20:49:01,633 - matplotlib.image - WARNING - Clipping input data to the valid range for imshow with RGB data ([0..1] for floats or [0..255] for integers). Got range [-2.117904..2.64].
2025-05-21 20:49:01,635 - utils.training - ERROR - Error creating visualization: boolean index did not match indexed array along dimension 0; dimension is 240 but corresponding boolean dimension is 120
2025-05-21 20:49:01,723 - matplotlib.image - WARNING - Clipping input data to the valid range for imshow with RGB data ([0..1] for floats or [0..255] for integers). Got range [-2.0665298..2.64].
2025-05-21 20:49:01,725 - utils.training - ERROR - Error creating visualization: boolean index did not match indexed array along dimension 0; dimension is 240 but corresponding boolean dimension is 120
2025-05-21 20:49:01,824 - matplotlib.image - WARNING - Clipping input data to the valid range for imshow with RGB data ([0..1] for floats or [0..255] for integers). Got range [-2.0665298..2.64].
2025-05-21 20:49:01,825 - utils.training - ERROR - Error creating visualization: boolean index did not match indexed array along dimension 0; dimension is 240 but corresponding boolean dimension is 120
2025-05-21 20:49:01,917 - matplotlib.image - WARNING - Clipping input data to the valid range for imshow with RGB data ([0..1] for floats or [0..255] for integers). Got range [-2.117904..2.64].
2025-05-21 20:49:01,919 - utils.training - ERROR - Error creating visualization: boolean index did not match indexed array along dimension 0; dimension is 240 but corresponding boolean dimension is 120
2025-05-21 20:49:02,013 - matplotlib.image - WARNING - Clipping input data to the valid range for imshow with RGB data ([0..1] for floats or [0..255] for integers). Got range [-2.0494049..2.5528543].
2025-05-21 20:49:02,015 - utils.training - ERROR - Error creating visualization: boolean index did not match indexed array along dimension 0; dimension is 240 but corresponding boolean dimension is 120
2025-05-21 20:49:02,100 - matplotlib.image - WARNING - Clipping input data to the valid range for imshow with RGB data ([0..1] for floats or [0..255] for integers). Got range [-2.0665298..2.5528543].
2025-05-21 20:49:02,101 - utils.training - ERROR - Error creating visualization: boolean index did not match indexed array along dimension 0; dimension is 240 but corresponding boolean dimension is 120
2025-05-21 20:49:02,196 - matplotlib.image - WARNING - Clipping input data to the valid range for imshow with RGB data ([0..1] for floats or [0..255] for integers). Got range [-2.0494049..2.4308496].
2025-05-21 20:49:02,198 - utils.training - ERROR - Error creating visualization: boolean index did not match indexed array along dimension 0; dimension is 240 but corresponding boolean dimension is 120
2025-05-21 20:49:02,296 - matplotlib.image - WARNING - Clipping input data to the valid range for imshow with RGB data ([0..1] for floats or [0..255] for integers). Got range [-2.0494049..2.3785625].
2025-05-21 20:49:02,298 - utils.training - ERROR - Error creating visualization: boolean index did not match indexed array along dimension 0; dimension is 240 but corresponding boolean dimension is 120
2025-05-21 20:49:02,381 - matplotlib.image - WARNING - Clipping input data to the valid range for imshow with RGB data ([0..1] for floats or [0..255] for integers). Got range [-2.0665298..2.3959913].
2025-05-21 20:49:02,383 - utils.training - ERROR - Error creating visualization: boolean index did not match indexed array along dimension 0; dimension is 240 but corresponding boolean dimension is 120
2025-05-21 20:49:02,466 - matplotlib.image - WARNING - Clipping input data to the valid range for imshow with RGB data ([0..1] for floats or [0..255] for integers). Got range [-2.0494049..2.3959913].
2025-05-21 20:49:02,467 - utils.training - ERROR - Error creating visualization: boolean index did not match indexed array along dimension 0; dimension is 240 but corresponding boolean dimension is 120
2025-05-21 20:49:02,565 - matplotlib.image - WARNING - Clipping input data to the valid range for imshow with RGB data ([0..1] for floats or [0..255] for integers). Got range [-2.0494049..2.3785625].
2025-05-21 20:49:02,567 - utils.training - ERROR - Error creating visualization: boolean index did not match indexed array along dimension 0; dimension is 240 but corresponding boolean dimension is 120
2025-05-21 20:49:02,653 - matplotlib.image - WARNING - Clipping input data to the valid range for imshow with RGB data ([0..1] for floats or [0..255] for integers). Got range [-2.117904..2.5528543].
2025-05-21 20:49:02,655 - utils.training - ERROR - Error creating visualization: boolean index did not match indexed array along dimension 0; dimension is 240 but corresponding boolean dimension is 120
2025-05-21 20:49:02,746 - matplotlib.image - WARNING - Clipping input data to the valid range for imshow with RGB data ([0..1] for floats or [0..255] for integers). Got range [-2.0322802..2.3088455].
2025-05-21 20:49:02,748 - utils.training - ERROR - Error creating visualization: boolean index did not match indexed array along dimension 0; dimension is 240 but corresponding boolean dimension is 120
2025-05-21 20:49:02,830 - matplotlib.image - WARNING - Clipping input data to the valid range for imshow with RGB data ([0..1] for floats or [0..255] for integers). Got range [-2.117904..2.6051416].
2025-05-21 20:49:02,832 - utils.training - ERROR - Error creating visualization: boolean index did not match indexed array along dimension 0; dimension is 240 but corresponding boolean dimension is 120
2025-05-21 20:49:02,917 - matplotlib.image - WARNING - Clipping input data to the valid range for imshow with RGB data ([0..1] for floats or [0..255] for integers). Got range [-2.1007793..2.64].
2025-05-21 20:49:02,919 - utils.training - ERROR - Error creating visualization: boolean index did not match indexed array along dimension 0; dimension is 240 but corresponding boolean dimension is 120
2025-05-21 20:49:03,002 - matplotlib.image - WARNING - Clipping input data to the valid range for imshow with RGB data ([0..1] for floats or [0..255] for integers). Got range [-1.9124069..2.4134207].
2025-05-21 20:49:03,003 - utils.training - ERROR - Error creating visualization: boolean index did not match indexed array along dimension 0; dimension is 240 but corresponding boolean dimension is 120
2025-05-21 20:49:03,089 - matplotlib.image - WARNING - Clipping input data to the valid range for imshow with RGB data ([0..1] for floats or [0..255] for integers). Got range [-1.9466565..2.622571].
2025-05-21 20:49:03,090 - utils.training - ERROR - Error creating visualization: boolean index did not match indexed array along dimension 0; dimension is 240 but corresponding boolean dimension is 120
2025-05-21 20:49:03,184 - matplotlib.image - WARNING - Clipping input data to the valid range for imshow with RGB data ([0..1] for floats or [0..255] for integers). Got range [-1.980906..2.622571].
2025-05-21 20:49:03,186 - utils.training - ERROR - Error creating visualization: boolean index did not match indexed array along dimension 0; dimension is 240 but corresponding boolean dimension is 120
2025-05-21 20:49:03,267 - matplotlib.image - WARNING - Clipping input data to the valid range for imshow with RGB data ([0..1] for floats or [0..255] for integers). Got range [-1.9295317..2.5528543].
2025-05-21 20:49:03,268 - utils.training - ERROR - Error creating visualization: boolean index did not match indexed array along dimension 0; dimension is 240 but corresponding boolean dimension is 120
2025-05-21 20:49:03,354 - matplotlib.image - WARNING - Clipping input data to the valid range for imshow with RGB data ([0..1] for floats or [0..255] for integers). Got range [-1.8781574..2.64].
2025-05-21 20:49:03,355 - utils.training - ERROR - Error creating visualization: boolean index did not match indexed array along dimension 0; dimension is 240 but corresponding boolean dimension is 120
2025-05-21 20:49:03,438 - matplotlib.image - WARNING - Clipping input data to the valid range for imshow with RGB data ([0..1] for floats or [0..255] for integers). Got range [-1.9295317..2.64].
2025-05-21 20:49:03,440 - utils.training - ERROR - Error creating visualization: boolean index did not match indexed array along dimension 0; dimension is 240 but corresponding boolean dimension is 120
2025-05-21 20:49:03,523 - matplotlib.image - WARNING - Clipping input data to the valid range for imshow with RGB data ([0..1] for floats or [0..255] for integers). Got range [-1.9124069..2.64].
2025-05-21 20:49:03,525 - utils.training - ERROR - Error creating visualization: boolean index did not match indexed array along dimension 0; dimension is 240 but corresponding boolean dimension is 120
2025-05-21 20:49:03,616 - matplotlib.image - WARNING - Clipping input data to the valid range for imshow with RGB data ([0..1] for floats or [0..255] for integers). Got range [-1.8610327..2.64].
2025-05-21 20:49:03,618 - utils.training - ERROR - Error creating visualization: boolean index did not match indexed array along dimension 0; dimension is 240 but corresponding boolean dimension is 120
2025-05-21 20:49:03,699 - matplotlib.image - WARNING - Clipping input data to the valid range for imshow with RGB data ([0..1] for floats or [0..255] for integers). Got range [-1.8781574..2.622571].
2025-05-21 20:49:03,701 - utils.training - ERROR - Error creating visualization: boolean index did not match indexed array along dimension 0; dimension is 240 but corresponding boolean dimension is 120
2025-05-21 20:49:03,781 - matplotlib.image - WARNING - Clipping input data to the valid range for imshow with RGB data ([0..1] for floats or [0..255] for integers). Got range [-1.8952821..2.64].
2025-05-21 20:49:03,782 - utils.training - ERROR - Error creating visualization: boolean index did not match indexed array along dimension 0; dimension is 240 but corresponding boolean dimension is 120
2025-05-21 20:49:03,866 - matplotlib.image - WARNING - Clipping input data to the valid range for imshow with RGB data ([0..1] for floats or [0..255] for integers). Got range [-1.9124069..2.64].
2025-05-21 20:49:03,869 - utils.training - ERROR - Error creating visualization: boolean index did not match indexed array along dimension 0; dimension is 240 but corresponding boolean dimension is 120
2025-05-21 20:49:03,948 - matplotlib.image - WARNING - Clipping input data to the valid range for imshow with RGB data ([0..1] for floats or [0..255] for integers). Got range [-1.9124069..2.64].
2025-05-21 20:49:03,949 - utils.training - ERROR - Error creating visualization: boolean index did not match indexed array along dimension 0; dimension is 240 but corresponding boolean dimension is 120
2025-05-21 20:49:04,031 - matplotlib.image - WARNING - Clipping input data to the valid range for imshow with RGB data ([0..1] for floats or [0..255] for integers). Got range [-1.843908..2.64].
2025-05-21 20:49:04,033 - utils.training - ERROR - Error creating visualization: boolean index did not match indexed array along dimension 0; dimension is 240 but corresponding boolean dimension is 120
2025-05-21 20:49:04,116 - matplotlib.image - WARNING - Clipping input data to the valid range for imshow with RGB data ([0..1] for floats or [0..255] for integers). Got range [-1.9295317..2.6051416].
2025-05-21 20:49:04,118 - utils.training - ERROR - Error creating visualization: boolean index did not match indexed array along dimension 0; dimension is 240 but corresponding boolean dimension is 120
2025-05-21 20:49:04,208 - matplotlib.image - WARNING - Clipping input data to the valid range for imshow with RGB data ([0..1] for floats or [0..255] for integers). Got range [-1.8952821..2.5528543].
2025-05-21 20:49:04,210 - utils.training - ERROR - Error creating visualization: boolean index did not match indexed array along dimension 0; dimension is 240 but corresponding boolean dimension is 120
2025-05-21 20:49:04,296 - matplotlib.image - WARNING - Clipping input data to the valid range for imshow with RGB data ([0..1] for floats or [0..255] for integers). Got range [-2.0494049..2.64].
2025-05-21 20:49:04,298 - utils.training - ERROR - Error creating visualization: boolean index did not match indexed array along dimension 0; dimension is 240 but corresponding boolean dimension is 120
2025-05-21 20:49:04,384 - matplotlib.image - WARNING - Clipping input data to the valid range for imshow with RGB data ([0..1] for floats or [0..255] for integers). Got range [-2.0322802..2.64].
2025-05-21 20:49:04,386 - utils.training - ERROR - Error creating visualization: boolean index did not match indexed array along dimension 0; dimension is 240 but corresponding boolean dimension is 120
2025-05-21 20:49:04,472 - matplotlib.image - WARNING - Clipping input data to the valid range for imshow with RGB data ([0..1] for floats or [0..255] for integers). Got range [-2.0836544..2.64].
2025-05-21 20:49:04,473 - utils.training - ERROR - Error creating visualization: boolean index did not match indexed array along dimension 0; dimension is 240 but corresponding boolean dimension is 120
2025-05-21 20:49:04,556 - matplotlib.image - WARNING - Clipping input data to the valid range for imshow with RGB data ([0..1] for floats or [0..255] for integers). Got range [-2.1007793..2.2216995].
2025-05-21 20:49:04,558 - utils.training - ERROR - Error creating visualization: boolean index did not match indexed array along dimension 0; dimension is 240 but corresponding boolean dimension is 120
2025-05-21 20:49:04,648 - matplotlib.image - WARNING - Clipping input data to the valid range for imshow with RGB data ([0..1] for floats or [0..255] for integers). Got range [-1.7582842..1.7859696].
2025-05-21 20:49:04,650 - utils.training - ERROR - Error creating visualization: boolean index did not match indexed array along dimension 0; dimension is 240 but corresponding boolean dimension is 120
2025-05-21 20:49:04,746 - matplotlib.image - WARNING - Clipping input data to the valid range for imshow with RGB data ([0..1] for floats or [0..255] for integers). Got range [-1.7240347..1.7162529].
2025-05-21 20:49:04,748 - utils.training - ERROR - Error creating visualization: boolean index did not match indexed array along dimension 0; dimension is 240 but corresponding boolean dimension is 120
2025-05-21 20:49:04,834 - matplotlib.image - WARNING - Clipping input data to the valid range for imshow with RGB data ([0..1] for floats or [0..255] for integers). Got range [-1.7411594..1.8033988].
2025-05-21 20:49:04,835 - utils.training - ERROR - Error creating visualization: boolean index did not match indexed array along dimension 0; dimension is 240 but corresponding boolean dimension is 120
2025-05-21 20:49:04,921 - matplotlib.image - WARNING - Clipping input data to the valid range for imshow with RGB data ([0..1] for floats or [0..255] for integers). Got range [-1.7731092..1.8382572].
2025-05-21 20:49:04,923 - utils.training - ERROR - Error creating visualization: boolean index did not match indexed array along dimension 0; dimension is 240 but corresponding boolean dimension is 120
2025-05-21 20:49:05,008 - matplotlib.image - WARNING - Clipping input data to the valid range for imshow with RGB data ([0..1] for floats or [0..255] for integers). Got range [-1.6897851..1.7511113].
2025-05-21 20:49:05,010 - utils.training - ERROR - Error creating visualization: boolean index did not match indexed array along dimension 0; dimension is 240 but corresponding boolean dimension is 120
2025-05-21 20:49:05,097 - matplotlib.image - WARNING - Clipping input data to the valid range for imshow with RGB data ([0..1] for floats or [0..255] for integers). Got range [-1.7380952..1.5981677].
2025-05-21 20:49:05,099 - utils.training - ERROR - Error creating visualization: boolean index did not match indexed array along dimension 0; dimension is 240 but corresponding boolean dimension is 120
2025-05-21 20:49:05,182 - matplotlib.image - WARNING - Clipping input data to the valid range for imshow with RGB data ([0..1] for floats or [0..255] for integers). Got range [-1.7411594..1.6152923].
2025-05-21 20:49:05,184 - utils.training - ERROR - Error creating visualization: boolean index did not match indexed array along dimension 0; dimension is 240 but corresponding boolean dimension is 120
2025-05-21 20:49:05,647 - matplotlib.image - WARNING - Clipping input data to the valid range for imshow with RGB data ([0..1] for floats or [0..255] for integers). Got range [-2.117904..2.64].
2025-05-21 20:49:05,649 - utils.training - ERROR - Error creating visualization: boolean index did not match indexed array along dimension 0; dimension is 240 but corresponding boolean dimension is 120
2025-05-21 20:49:05,745 - matplotlib.image - WARNING - Clipping input data to the valid range for imshow with RGB data ([0..1] for floats or [0..255] for integers). Got range [-2.117904..2.64].
2025-05-21 20:49:05,747 - utils.training - ERROR - Error creating visualization: boolean index did not match indexed array along dimension 0; dimension is 240 but corresponding boolean dimension is 120
2025-05-21 20:49:05,857 - matplotlib.image - WARNING - Clipping input data to the valid range for imshow with RGB data ([0..1] for floats or [0..255] for integers). Got range [-2.117904..2.64].
2025-05-21 20:49:05,859 - utils.training - ERROR - Error creating visualization: boolean index did not match indexed array along dimension 0; dimension is 240 but corresponding boolean dimension is 120
2025-05-21 20:49:05,973 - matplotlib.image - WARNING - Clipping input data to the valid range for imshow with RGB data ([0..1] for floats or [0..255] for integers). Got range [-2.117904..2.64].
2025-05-21 20:49:05,975 - utils.training - ERROR - Error creating visualization: boolean index did not match indexed array along dimension 0; dimension is 240 but corresponding boolean dimension is 120
2025-05-21 20:49:06,079 - matplotlib.image - WARNING - Clipping input data to the valid range for imshow with RGB data ([0..1] for floats or [0..255] for integers). Got range [-2.117904..2.64].
2025-05-21 20:49:06,081 - utils.training - ERROR - Error creating visualization: boolean index did not match indexed array along dimension 0; dimension is 240 but corresponding boolean dimension is 120
2025-05-21 20:49:06,191 - matplotlib.image - WARNING - Clipping input data to the valid range for imshow with RGB data ([0..1] for floats or [0..255] for integers). Got range [-2.117904..2.1804092].
2025-05-21 20:49:06,193 - utils.training - ERROR - Error creating visualization: boolean index did not match indexed array along dimension 0; dimension is 240 but corresponding boolean dimension is 120
2025-05-21 20:49:06,290 - matplotlib.image - WARNING - Clipping input data to the valid range for imshow with RGB data ([0..1] for floats or [0..255] for integers). Got range [-2.117904..2.129035].
2025-05-21 20:49:06,292 - utils.training - ERROR - Error creating visualization: boolean index did not match indexed array along dimension 0; dimension is 240 but corresponding boolean dimension is 120
2025-05-21 20:49:06,400 - matplotlib.image - WARNING - Clipping input data to the valid range for imshow with RGB data ([0..1] for floats or [0..255] for integers). Got range [-2.117904..2.2489083].
2025-05-21 20:49:06,402 - utils.training - ERROR - Error creating visualization: boolean index did not match indexed array along dimension 0; dimension is 240 but corresponding boolean dimension is 120
2025-05-21 20:49:06,494 - matplotlib.image - WARNING - Clipping input data to the valid range for imshow with RGB data ([0..1] for floats or [0..255] for integers). Got range [-2.117904..2.3959913].
2025-05-21 20:49:06,496 - utils.training - ERROR - Error creating visualization: boolean index did not match indexed array along dimension 0; dimension is 240 but corresponding boolean dimension is 120
2025-05-21 20:49:06,599 - matplotlib.image - WARNING - Clipping input data to the valid range for imshow with RGB data ([0..1] for floats or [0..255] for integers). Got range [-2.117904..2.5702832].
2025-05-21 20:49:06,601 - utils.training - ERROR - Error creating visualization: boolean index did not match indexed array along dimension 0; dimension is 240 but corresponding boolean dimension is 120
2025-05-21 20:49:06,706 - matplotlib.image - WARNING - Clipping input data to the valid range for imshow with RGB data ([0..1] for floats or [0..255] for integers). Got range [-2.117904..2.64].
2025-05-21 20:49:06,708 - utils.training - ERROR - Error creating visualization: boolean index did not match indexed array along dimension 0; dimension is 240 but corresponding boolean dimension is 120
2025-05-21 20:49:06,784 - matplotlib.image - WARNING - Clipping input data to the valid range for imshow with RGB data ([0..1] for floats or [0..255] for integers). Got range [-2.117904..2.64].
2025-05-21 20:49:06,786 - utils.training - ERROR - Error creating visualization: boolean index did not match indexed array along dimension 0; dimension is 240 but corresponding boolean dimension is 120
2025-05-21 20:49:06,886 - matplotlib.image - WARNING - Clipping input data to the valid range for imshow with RGB data ([0..1] for floats or [0..255] for integers). Got range [-2.117904..2.64].
2025-05-21 20:49:06,887 - utils.training - ERROR - Error creating visualization: boolean index did not match indexed array along dimension 0; dimension is 240 but corresponding boolean dimension is 120
2025-05-21 20:49:06,974 - matplotlib.image - WARNING - Clipping input data to the valid range for imshow with RGB data ([0..1] for floats or [0..255] for integers). Got range [-2.117904..2.64].
2025-05-21 20:49:06,976 - utils.training - ERROR - Error creating visualization: boolean index did not match indexed array along dimension 0; dimension is 240 but corresponding boolean dimension is 120
2025-05-21 20:49:07,056 - matplotlib.image - WARNING - Clipping input data to the valid range for imshow with RGB data ([0..1] for floats or [0..255] for integers). Got range [-2.117904..2.64].
2025-05-21 20:49:07,057 - utils.training - ERROR - Error creating visualization: boolean index did not match indexed array along dimension 0; dimension is 240 but corresponding boolean dimension is 120
2025-05-21 20:49:07,157 - matplotlib.image - WARNING - Clipping input data to the valid range for imshow with RGB data ([0..1] for floats or [0..255] for integers). Got range [-2.117904..2.64].
2025-05-21 20:49:07,160 - utils.training - ERROR - Error creating visualization: boolean index did not match indexed array along dimension 0; dimension is 240 but corresponding boolean dimension is 120
2025-05-21 20:49:07,245 - matplotlib.image - WARNING - Clipping input data to the valid range for imshow with RGB data ([0..1] for floats or [0..255] for integers). Got range [-2.117904..2.64].
2025-05-21 20:49:07,247 - utils.training - ERROR - Error creating visualization: boolean index did not match indexed array along dimension 0; dimension is 240 but corresponding boolean dimension is 120
2025-05-21 20:49:07,327 - matplotlib.image - WARNING - Clipping input data to the valid range for imshow with RGB data ([0..1] for floats or [0..255] for integers). Got range [-2.117904..2.64].
2025-05-21 20:49:07,329 - utils.training - ERROR - Error creating visualization: boolean index did not match indexed array along dimension 0; dimension is 240 but corresponding boolean dimension is 120
2025-05-21 20:49:12,518 - utils.training - INFO - Epoch 0 validation - Loss: 2.8406
2025-05-21 20:49:12,518 - utils.training - INFO - Validation loss improved by inf. Saving model...
2025-05-21 20:49:12,580 - utils.training - INFO - Saved checkpoint and metrics to checkpoints/mamba_binary
2025-05-21 20:50:25,635 - utils.training - INFO - Epoch 1 training - Loss: 2.9012
2025-05-21 20:50:25,791 - matplotlib.image - WARNING - Clipping input data to the valid range for imshow with RGB data ([0..1] for floats or [0..255] for integers). Got range [-2.0322802..2.64].
2025-05-21 20:50:25,794 - utils.training - ERROR - Error creating visualization: boolean index did not match indexed array along dimension 0; dimension is 240 but corresponding boolean dimension is 120
2025-05-21 20:50:25,893 - matplotlib.image - WARNING - Clipping input data to the valid range for imshow with RGB data ([0..1] for floats or [0..255] for integers). Got range [-2.0494049..2.64].
2025-05-21 20:50:25,895 - utils.training - ERROR - Error creating visualization: boolean index did not match indexed array along dimension 0; dimension is 240 but corresponding boolean dimension is 120
2025-05-21 20:50:25,974 - matplotlib.image - WARNING - Clipping input data to the valid range for imshow with RGB data ([0..1] for floats or [0..255] for integers). Got range [-2.0322802..2.64].
2025-05-21 20:50:25,975 - utils.training - ERROR - Error creating visualization: boolean index did not match indexed array along dimension 0; dimension is 240 but corresponding boolean dimension is 120
2025-05-21 20:50:26,056 - matplotlib.image - WARNING - Clipping input data to the valid range for imshow with RGB data ([0..1] for floats or [0..255] for integers). Got range [-2.0494049..2.64].
2025-05-21 20:50:26,058 - utils.training - ERROR - Error creating visualization: boolean index did not match indexed array along dimension 0; dimension is 240 but corresponding boolean dimension is 120
2025-05-21 20:50:26,148 - matplotlib.image - WARNING - Clipping input data to the valid range for imshow with RGB data ([0..1] for floats or [0..255] for integers). Got range [-2.0151556..2.64].
2025-05-21 20:50:26,150 - utils.training - ERROR - Error creating visualization: boolean index did not match indexed array along dimension 0; dimension is 240 but corresponding boolean dimension is 120
2025-05-21 20:50:26,242 - matplotlib.image - WARNING - Clipping input data to the valid range for imshow with RGB data ([0..1] for floats or [0..255] for integers). Got range [-2.0322802..2.64].
2025-05-21 20:50:26,244 - utils.training - ERROR - Error creating visualization: boolean index did not match indexed array along dimension 0; dimension is 240 but corresponding boolean dimension is 120
2025-05-21 20:50:26,329 - matplotlib.image - WARNING - Clipping input data to the valid range for imshow with RGB data ([0..1] for floats or [0..255] for integers). Got range [-2.0494049..2.64].
2025-05-21 20:50:26,331 - utils.training - ERROR - Error creating visualization: boolean index did not match indexed array along dimension 0; dimension is 240 but corresponding boolean dimension is 120
2025-05-21 20:50:26,418 - matplotlib.image - WARNING - Clipping input data to the valid range for imshow with RGB data ([0..1] for floats or [0..255] for integers). Got range [-2.0665298..2.64].
2025-05-21 20:50:26,419 - utils.training - ERROR - Error creating visualization: boolean index did not match indexed array along dimension 0; dimension is 240 but corresponding boolean dimension is 120
2025-05-21 20:50:26,496 - matplotlib.image - WARNING - Clipping input data to the valid range for imshow with RGB data ([0..1] for floats or [0..255] for integers). Got range [-2.1007793..2.64].
2025-05-21 20:50:26,498 - utils.training - ERROR - Error creating visualization: boolean index did not match indexed array along dimension 0; dimension is 240 but corresponding boolean dimension is 120
2025-05-21 20:50:26,584 - matplotlib.image - WARNING - Clipping input data to the valid range for imshow with RGB data ([0..1] for floats or [0..255] for integers). Got range [-2.1007793..2.64].
2025-05-21 20:50:26,586 - utils.training - ERROR - Error creating visualization: boolean index did not match indexed array along dimension 0; dimension is 240 but corresponding boolean dimension is 120
2025-05-21 20:50:26,667 - matplotlib.image - WARNING - Clipping input data to the valid range for imshow with RGB data ([0..1] for floats or [0..255] for integers). Got range [-2.0665298..2.64].
2025-05-21 20:50:26,668 - utils.training - ERROR - Error creating visualization: boolean index did not match indexed array along dimension 0; dimension is 240 but corresponding boolean dimension is 120
2025-05-21 20:50:26,744 - matplotlib.image - WARNING - Clipping input data to the valid range for imshow with RGB data ([0..1] for floats or [0..255] for integers). Got range [-2.0836544..2.64].
2025-05-21 20:50:26,746 - utils.training - ERROR - Error creating visualization: boolean index did not match indexed array along dimension 0; dimension is 240 but corresponding boolean dimension is 120
2025-05-21 20:50:26,842 - matplotlib.image - WARNING - Clipping input data to the valid range for imshow with RGB data ([0..1] for floats or [0..255] for integers). Got range [-1.9637812..2.64].
2025-05-21 20:50:26,844 - utils.training - ERROR - Error creating visualization: boolean index did not match indexed array along dimension 0; dimension is 240 but corresponding boolean dimension is 120
2025-05-21 20:50:26,927 - matplotlib.image - WARNING - Clipping input data to the valid range for imshow with RGB data ([0..1] for floats or [0..255] for integers). Got range [-2.0182073..2.64].
2025-05-21 20:50:26,928 - utils.training - ERROR - Error creating visualization: boolean index did not match indexed array along dimension 0; dimension is 240 but corresponding boolean dimension is 120
2025-05-21 20:50:27,004 - matplotlib.image - WARNING - Clipping input data to the valid range for imshow with RGB data ([0..1] for floats or [0..255] for integers). Got range [-1.8610327..2.64].
2025-05-21 20:50:27,006 - utils.training - ERROR - Error creating visualization: boolean index did not match indexed array along dimension 0; dimension is 240 but corresponding boolean dimension is 120
2025-05-21 20:50:27,080 - matplotlib.image - WARNING - Clipping input data to the valid range for imshow with RGB data ([0..1] for floats or [0..255] for integers). Got range [-2.117904..2.64].
2025-05-21 20:50:27,082 - utils.training - ERROR - Error creating visualization: boolean index did not match indexed array along dimension 0; dimension is 240 but corresponding boolean dimension is 120
2025-05-21 20:50:27,165 - matplotlib.image - WARNING - Clipping input data to the valid range for imshow with RGB data ([0..1] for floats or [0..255] for integers). Got range [-2.117904..2.64].
2025-05-21 20:50:27,166 - utils.training - ERROR - Error creating visualization: boolean index did not match indexed array along dimension 0; dimension is 240 but corresponding boolean dimension is 120
2025-05-21 20:50:27,268 - matplotlib.image - WARNING - Clipping input data to the valid range for imshow with RGB data ([0..1] for floats or [0..255] for integers). Got range [-2.117904..2.64].
2025-05-21 20:50:27,269 - utils.training - ERROR - Error creating visualization: boolean index did not match indexed array along dimension 0; dimension is 240 but corresponding boolean dimension is 120
2025-05-21 20:50:27,348 - matplotlib.image - WARNING - Clipping input data to the valid range for imshow with RGB data ([0..1] for floats or [0..255] for integers). Got range [-2.117904..2.64].
2025-05-21 20:50:27,349 - utils.training - ERROR - Error creating visualization: boolean index did not match indexed array along dimension 0; dimension is 240 but corresponding boolean dimension is 120
2025-05-21 20:50:27,442 - matplotlib.image - WARNING - Clipping input data to the valid range for imshow with RGB data ([0..1] for floats or [0..255] for integers). Got range [-2.117904..2.64].
2025-05-21 20:50:27,443 - utils.training - ERROR - Error creating visualization: boolean index did not match indexed array along dimension 0; dimension is 240 but corresponding boolean dimension is 120
2025-05-21 20:50:27,538 - matplotlib.image - WARNING - Clipping input data to the valid range for imshow with RGB data ([0..1] for floats or [0..255] for integers). Got range [-2.117904..2.64].
2025-05-21 20:50:27,540 - utils.training - ERROR - Error creating visualization: boolean index did not match indexed array along dimension 0; dimension is 240 but corresponding boolean dimension is 120
2025-05-21 20:50:27,619 - matplotlib.image - WARNING - Clipping input data to the valid range for imshow with RGB data ([0..1] for floats or [0..255] for integers). Got range [-2.117904..2.64].
2025-05-21 20:50:27,621 - utils.training - ERROR - Error creating visualization: boolean index did not match indexed array along dimension 0; dimension is 240 but corresponding boolean dimension is 120
2025-05-21 20:50:27,721 - matplotlib.image - WARNING - Clipping input data to the valid range for imshow with RGB data ([0..1] for floats or [0..255] for integers). Got range [-2.117904..2.64].
2025-05-21 20:50:27,722 - utils.training - ERROR - Error creating visualization: boolean index did not match indexed array along dimension 0; dimension is 240 but corresponding boolean dimension is 120
2025-05-21 20:50:27,804 - matplotlib.image - WARNING - Clipping input data to the valid range for imshow with RGB data ([0..1] for floats or [0..255] for integers). Got range [-2.117904..2.64].
2025-05-21 20:50:27,806 - utils.training - ERROR - Error creating visualization: boolean index did not match indexed array along dimension 0; dimension is 240 but corresponding boolean dimension is 120
2025-05-21 20:50:27,908 - matplotlib.image - WARNING - Clipping input data to the valid range for imshow with RGB data ([0..1] for floats or [0..255] for integers). Got range [-2.117904..2.64].
2025-05-21 20:50:27,909 - utils.training - ERROR - Error creating visualization: boolean index did not match indexed array along dimension 0; dimension is 240 but corresponding boolean dimension is 120
2025-05-21 20:50:27,995 - matplotlib.image - WARNING - Clipping input data to the valid range for imshow with RGB data ([0..1] for floats or [0..255] for integers). Got range [-2.117904..2.622571].
2025-05-21 20:50:27,996 - utils.training - ERROR - Error creating visualization: boolean index did not match indexed array along dimension 0; dimension is 240 but corresponding boolean dimension is 120
2025-05-21 20:50:28,073 - matplotlib.image - WARNING - Clipping input data to the valid range for imshow with RGB data ([0..1] for floats or [0..255] for integers). Got range [-2.117904..2.5877128].
2025-05-21 20:50:28,074 - utils.training - ERROR - Error creating visualization: boolean index did not match indexed array along dimension 0; dimension is 240 but corresponding boolean dimension is 120
2025-05-21 20:50:28,157 - matplotlib.image - WARNING - Clipping input data to the valid range for imshow with RGB data ([0..1] for floats or [0..255] for integers). Got range [-2.117904..2.64].
2025-05-21 20:50:28,158 - utils.training - ERROR - Error creating visualization: boolean index did not match indexed array along dimension 0; dimension is 240 but corresponding boolean dimension is 120
2025-05-21 20:50:28,238 - matplotlib.image - WARNING - Clipping input data to the valid range for imshow with RGB data ([0..1] for floats or [0..255] for integers). Got range [-2.117904..2.64].
2025-05-21 20:50:28,239 - utils.training - ERROR - Error creating visualization: boolean index did not match indexed array along dimension 0; dimension is 240 but corresponding boolean dimension is 120
2025-05-21 20:50:28,322 - matplotlib.image - WARNING - Clipping input data to the valid range for imshow with RGB data ([0..1] for floats or [0..255] for integers). Got range [-2.1007793..2.5528543].
2025-05-21 20:50:28,324 - utils.training - ERROR - Error creating visualization: boolean index did not match indexed array along dimension 0; dimension is 240 but corresponding boolean dimension is 120
2025-05-21 20:50:28,423 - matplotlib.image - WARNING - Clipping input data to the valid range for imshow with RGB data ([0..1] for floats or [0..255] for integers). Got range [-2.1007793..2.3959913].
2025-05-21 20:50:28,424 - utils.training - ERROR - Error creating visualization: boolean index did not match indexed array along dimension 0; dimension is 240 but corresponding boolean dimension is 120
2025-05-21 20:50:28,507 - matplotlib.image - WARNING - Clipping input data to the valid range for imshow with RGB data ([0..1] for floats or [0..255] for integers). Got range [-2.117904..2.465708].
2025-05-21 20:50:28,508 - utils.training - ERROR - Error creating visualization: boolean index did not match indexed array along dimension 0; dimension is 240 but corresponding boolean dimension is 120
2025-05-21 20:50:28,595 - matplotlib.image - WARNING - Clipping input data to the valid range for imshow with RGB data ([0..1] for floats or [0..255] for integers). Got range [-2.117904..2.5702832].
2025-05-21 20:50:28,596 - utils.training - ERROR - Error creating visualization: boolean index did not match indexed array along dimension 0; dimension is 240 but corresponding boolean dimension is 120
2025-05-21 20:50:28,686 - matplotlib.image - WARNING - Clipping input data to the valid range for imshow with RGB data ([0..1] for floats or [0..255] for integers). Got range [-2.117904..2.5702832].
2025-05-21 20:50:28,687 - utils.training - ERROR - Error creating visualization: boolean index did not match indexed array along dimension 0; dimension is 240 but corresponding boolean dimension is 120
2025-05-21 20:50:28,769 - matplotlib.image - WARNING - Clipping input data to the valid range for imshow with RGB data ([0..1] for floats or [0..255] for integers). Got range [-2.1007793..2.6051416].
2025-05-21 20:50:28,771 - utils.training - ERROR - Error creating visualization: boolean index did not match indexed array along dimension 0; dimension is 240 but corresponding boolean dimension is 120
2025-05-21 20:50:28,849 - matplotlib.image - WARNING - Clipping input data to the valid range for imshow with RGB data ([0..1] for floats or [0..255] for integers). Got range [-2.0665298..2.535425].
2025-05-21 20:50:28,850 - utils.training - ERROR - Error creating visualization: boolean index did not match indexed array along dimension 0; dimension is 240 but corresponding boolean dimension is 120
2025-05-21 20:50:28,930 - matplotlib.image - WARNING - Clipping input data to the valid range for imshow with RGB data ([0..1] for floats or [0..255] for integers). Got range [-2.0836544..2.5877128].
2025-05-21 20:50:28,931 - utils.training - ERROR - Error creating visualization: boolean index did not match indexed array along dimension 0; dimension is 240 but corresponding boolean dimension is 120
2025-05-21 20:50:29,010 - matplotlib.image - WARNING - Clipping input data to the valid range for imshow with RGB data ([0..1] for floats or [0..255] for integers). Got range [-2.1007793..2.5528543].
2025-05-21 20:50:29,011 - utils.training - ERROR - Error creating visualization: boolean index did not match indexed array along dimension 0; dimension is 240 but corresponding boolean dimension is 120
2025-05-21 20:50:29,096 - matplotlib.image - WARNING - Clipping input data to the valid range for imshow with RGB data ([0..1] for floats or [0..255] for integers). Got range [-2.117904..2.64].
2025-05-21 20:50:29,097 - utils.training - ERROR - Error creating visualization: boolean index did not match indexed array along dimension 0; dimension is 240 but corresponding boolean dimension is 120
2025-05-21 20:50:29,175 - matplotlib.image - WARNING - Clipping input data to the valid range for imshow with RGB data ([0..1] for floats or [0..255] for integers). Got range [-2.117904..2.64].
2025-05-21 20:50:29,177 - utils.training - ERROR - Error creating visualization: boolean index did not match indexed array along dimension 0; dimension is 240 but corresponding boolean dimension is 120
2025-05-21 20:50:29,273 - matplotlib.image - WARNING - Clipping input data to the valid range for imshow with RGB data ([0..1] for floats or [0..255] for integers). Got range [-2.117904..2.64].
2025-05-21 20:50:29,274 - utils.training - ERROR - Error creating visualization: boolean index did not match indexed array along dimension 0; dimension is 240 but corresponding boolean dimension is 120
2025-05-21 20:50:29,364 - matplotlib.image - WARNING - Clipping input data to the valid range for imshow with RGB data ([0..1] for floats or [0..255] for integers). Got range [-2.117904..2.64].
2025-05-21 20:50:29,366 - utils.training - ERROR - Error creating visualization: boolean index did not match indexed array along dimension 0; dimension is 240 but corresponding boolean dimension is 120
2025-05-21 20:50:30,045 - matplotlib.image - WARNING - Clipping input data to the valid range for imshow with RGB data ([0..1] for floats or [0..255] for integers). Got range [-2.117904..2.64].
2025-05-21 20:50:30,047 - utils.training - ERROR - Error creating visualization: boolean index did not match indexed array along dimension 0; dimension is 240 but corresponding boolean dimension is 120
2025-05-21 20:50:30,130 - matplotlib.image - WARNING - Clipping input data to the valid range for imshow with RGB data ([0..1] for floats or [0..255] for integers). Got range [-2.117904..2.64].
2025-05-21 20:50:30,132 - utils.training - ERROR - Error creating visualization: boolean index did not match indexed array along dimension 0; dimension is 240 but corresponding boolean dimension is 120
2025-05-21 20:50:30,220 - matplotlib.image - WARNING - Clipping input data to the valid range for imshow with RGB data ([0..1] for floats or [0..255] for integers). Got range [-2.117904..2.64].
2025-05-21 20:50:30,221 - utils.training - ERROR - Error creating visualization: boolean index did not match indexed array along dimension 0; dimension is 240 but corresponding boolean dimension is 120
2025-05-21 20:50:30,308 - matplotlib.image - WARNING - Clipping input data to the valid range for imshow with RGB data ([0..1] for floats or [0..255] for integers). Got range [-2.0665298..2.64].
2025-05-21 20:50:30,309 - utils.training - ERROR - Error creating visualization: boolean index did not match indexed array along dimension 0; dimension is 240 but corresponding boolean dimension is 120
2025-05-21 20:50:30,398 - matplotlib.image - WARNING - Clipping input data to the valid range for imshow with RGB data ([0..1] for floats or [0..255] for integers). Got range [-2.0836544..2.64].
2025-05-21 20:50:30,400 - utils.training - ERROR - Error creating visualization: boolean index did not match indexed array along dimension 0; dimension is 240 but corresponding boolean dimension is 120
2025-05-21 20:50:30,488 - matplotlib.image - WARNING - Clipping input data to the valid range for imshow with RGB data ([0..1] for floats or [0..255] for integers). Got range [-2.0494049..2.64].
2025-05-21 20:50:30,490 - utils.training - ERROR - Error creating visualization: boolean index did not match indexed array along dimension 0; dimension is 240 but corresponding boolean dimension is 120
2025-05-21 20:50:30,575 - matplotlib.image - WARNING - Clipping input data to the valid range for imshow with RGB data ([0..1] for floats or [0..255] for integers). Got range [-2.0182073..2.64].
2025-05-21 20:50:30,577 - utils.training - ERROR - Error creating visualization: boolean index did not match indexed array along dimension 0; dimension is 240 but corresponding boolean dimension is 120
2025-05-21 20:50:30,663 - matplotlib.image - WARNING - Clipping input data to the valid range for imshow with RGB data ([0..1] for floats or [0..255] for integers). Got range [-1.980906..2.622571].
2025-05-21 20:50:30,666 - utils.training - ERROR - Error creating visualization: boolean index did not match indexed array along dimension 0; dimension is 240 but corresponding boolean dimension is 120
2025-05-21 20:50:30,750 - matplotlib.image - WARNING - Clipping input data to the valid range for imshow with RGB data ([0..1] for floats or [0..255] for integers). Got range [-1.9980307..2.64].
2025-05-21 20:50:30,752 - utils.training - ERROR - Error creating visualization: boolean index did not match indexed array along dimension 0; dimension is 240 but corresponding boolean dimension is 120
2025-05-21 20:50:30,832 - matplotlib.image - WARNING - Clipping input data to the valid range for imshow with RGB data ([0..1] for floats or [0..255] for integers). Got range [-1.9980307..2.622571].
2025-05-21 20:50:30,834 - utils.training - ERROR - Error creating visualization: boolean index did not match indexed array along dimension 0; dimension is 240 but corresponding boolean dimension is 120
2025-05-21 20:50:30,917 - matplotlib.image - WARNING - Clipping input data to the valid range for imshow with RGB data ([0..1] for floats or [0..255] for integers). Got range [-2.0151556..2.64].
2025-05-21 20:50:30,919 - utils.training - ERROR - Error creating visualization: boolean index did not match indexed array along dimension 0; dimension is 240 but corresponding boolean dimension is 120
2025-05-21 20:50:31,000 - matplotlib.image - WARNING - Clipping input data to the valid range for imshow with RGB data ([0..1] for floats or [0..255] for integers). Got range [-2.0151556..2.64].
2025-05-21 20:50:31,001 - utils.training - ERROR - Error creating visualization: boolean index did not match indexed array along dimension 0; dimension is 240 but corresponding boolean dimension is 120
2025-05-21 20:50:31,093 - matplotlib.image - WARNING - Clipping input data to the valid range for imshow with RGB data ([0..1] for floats or [0..255] for integers). Got range [-2.0322802..2.64].
2025-05-21 20:50:31,094 - utils.training - ERROR - Error creating visualization: boolean index did not match indexed array along dimension 0; dimension is 240 but corresponding boolean dimension is 120
2025-05-21 20:50:31,177 - matplotlib.image - WARNING - Clipping input data to the valid range for imshow with RGB data ([0..1] for floats or [0..255] for integers). Got range [-2.0151556..2.622571].
2025-05-21 20:50:31,178 - utils.training - ERROR - Error creating visualization: boolean index did not match indexed array along dimension 0; dimension is 240 but corresponding boolean dimension is 120
2025-05-21 20:50:31,264 - matplotlib.image - WARNING - Clipping input data to the valid range for imshow with RGB data ([0..1] for floats or [0..255] for integers). Got range [-1.9980307..2.6051416].
2025-05-21 20:50:31,266 - utils.training - ERROR - Error creating visualization: boolean index did not match indexed array along dimension 0; dimension is 240 but corresponding boolean dimension is 120
2025-05-21 20:50:31,350 - matplotlib.image - WARNING - Clipping input data to the valid range for imshow with RGB data ([0..1] for floats or [0..255] for integers). Got range [-1.980906..2.64].
2025-05-21 20:50:31,351 - utils.training - ERROR - Error creating visualization: boolean index did not match indexed array along dimension 0; dimension is 240 but corresponding boolean dimension is 120
2025-05-21 20:50:31,446 - matplotlib.image - WARNING - Clipping input data to the valid range for imshow with RGB data ([0..1] for floats or [0..255] for integers). Got range [-2.0151556..2.622571].
2025-05-21 20:50:31,448 - utils.training - ERROR - Error creating visualization: boolean index did not match indexed array along dimension 0; dimension is 240 but corresponding boolean dimension is 120
2025-05-21 20:50:31,541 - matplotlib.image - WARNING - Clipping input data to the valid range for imshow with RGB data ([0..1] for floats or [0..255] for integers). Got range [-2.117904..2.64].
2025-05-21 20:50:31,543 - utils.training - ERROR - Error creating visualization: boolean index did not match indexed array along dimension 0; dimension is 240 but corresponding boolean dimension is 120
2025-05-21 20:50:31,632 - matplotlib.image - WARNING - Clipping input data to the valid range for imshow with RGB data ([0..1] for floats or [0..255] for integers). Got range [-2.117904..2.64].
2025-05-21 20:50:31,633 - utils.training - ERROR - Error creating visualization: boolean index did not match indexed array along dimension 0; dimension is 240 but corresponding boolean dimension is 120
2025-05-21 20:50:31,713 - matplotlib.image - WARNING - Clipping input data to the valid range for imshow with RGB data ([0..1] for floats or [0..255] for integers). Got range [-2.117904..2.64].
2025-05-21 20:50:31,715 - utils.training - ERROR - Error creating visualization: boolean index did not match indexed array along dimension 0; dimension is 240 but corresponding boolean dimension is 120
2025-05-21 20:50:31,794 - matplotlib.image - WARNING - Clipping input data to the valid range for imshow with RGB data ([0..1] for floats or [0..255] for integers). Got range [-2.117904..2.64].
2025-05-21 20:50:31,795 - utils.training - ERROR - Error creating visualization: boolean index did not match indexed array along dimension 0; dimension is 240 but corresponding boolean dimension is 120
2025-05-21 20:50:31,889 - matplotlib.image - WARNING - Clipping input data to the valid range for imshow with RGB data ([0..1] for floats or [0..255] for integers). Got range [-2.117904..2.622571].
2025-05-21 20:50:31,891 - utils.training - ERROR - Error creating visualization: boolean index did not match indexed array along dimension 0; dimension is 240 but corresponding boolean dimension is 120
2025-05-21 20:50:31,970 - matplotlib.image - WARNING - Clipping input data to the valid range for imshow with RGB data ([0..1] for floats or [0..255] for integers). Got range [-2.117904..2.64].
2025-05-21 20:50:31,972 - utils.training - ERROR - Error creating visualization: boolean index did not match indexed array along dimension 0; dimension is 240 but corresponding boolean dimension is 120
2025-05-21 20:50:32,055 - matplotlib.image - WARNING - Clipping input data to the valid range for imshow with RGB data ([0..1] for floats or [0..255] for integers). Got range [-2.117904..2.64].
2025-05-21 20:50:32,056 - utils.training - ERROR - Error creating visualization: boolean index did not match indexed array along dimension 0; dimension is 240 but corresponding boolean dimension is 120
2025-05-21 20:50:32,153 - matplotlib.image - WARNING - Clipping input data to the valid range for imshow with RGB data ([0..1] for floats or [0..255] for integers). Got range [-2.117904..2.64].
2025-05-21 20:50:32,154 - utils.training - ERROR - Error creating visualization: boolean index did not match indexed array along dimension 0; dimension is 240 but corresponding boolean dimension is 120
2025-05-21 20:50:32,244 - matplotlib.image - WARNING - Clipping input data to the valid range for imshow with RGB data ([0..1] for floats or [0..255] for integers). Got range [-2.117904..2.64].
2025-05-21 20:50:32,246 - utils.training - ERROR - Error creating visualization: boolean index did not match indexed array along dimension 0; dimension is 240 but corresponding boolean dimension is 120
2025-05-21 20:50:32,331 - matplotlib.image - WARNING - Clipping input data to the valid range for imshow with RGB data ([0..1] for floats or [0..255] for integers). Got range [-1.9637812..2.2042704].
2025-05-21 20:50:32,334 - utils.training - ERROR - Error creating visualization: boolean index did not match indexed array along dimension 0; dimension is 240 but corresponding boolean dimension is 120
2025-05-21 20:50:32,413 - matplotlib.image - WARNING - Clipping input data to the valid range for imshow with RGB data ([0..1] for floats or [0..255] for integers). Got range [-2.0151556..2.343704].
2025-05-21 20:50:32,414 - utils.training - ERROR - Error creating visualization: boolean index did not match indexed array along dimension 0; dimension is 240 but corresponding boolean dimension is 120
2025-05-21 20:50:32,492 - matplotlib.image - WARNING - Clipping input data to the valid range for imshow with RGB data ([0..1] for floats or [0..255] for integers). Got range [-1.980906..2.343704].
2025-05-21 20:50:32,494 - utils.training - ERROR - Error creating visualization: boolean index did not match indexed array along dimension 0; dimension is 240 but corresponding boolean dimension is 120
2025-05-21 20:50:32,578 - matplotlib.image - WARNING - Clipping input data to the valid range for imshow with RGB data ([0..1] for floats or [0..255] for integers). Got range [-1.9637812..2.343704].
2025-05-21 20:50:32,580 - utils.training - ERROR - Error creating visualization: boolean index did not match indexed array along dimension 0; dimension is 240 but corresponding boolean dimension is 120
2025-05-21 20:50:32,668 - matplotlib.image - WARNING - Clipping input data to the valid range for imshow with RGB data ([0..1] for floats or [0..255] for integers). Got range [-1.8610327..2.343704].
2025-05-21 20:50:32,670 - utils.training - ERROR - Error creating visualization: boolean index did not match indexed array along dimension 0; dimension is 240 but corresponding boolean dimension is 120
2025-05-21 20:50:32,749 - matplotlib.image - WARNING - Clipping input data to the valid range for imshow with RGB data ([0..1] for floats or [0..255] for integers). Got range [-1.7380952..2.2216995].
2025-05-21 20:50:32,751 - utils.training - ERROR - Error creating visualization: boolean index did not match indexed array along dimension 0; dimension is 240 but corresponding boolean dimension is 120
2025-05-21 20:50:32,840 - matplotlib.image - WARNING - Clipping input data to the valid range for imshow with RGB data ([0..1] for floats or [0..255] for integers). Got range [-2.117904..2.64].
2025-05-21 20:50:32,841 - utils.training - ERROR - Error creating visualization: boolean index did not match indexed array along dimension 0; dimension is 240 but corresponding boolean dimension is 120
2025-05-21 20:50:32,930 - matplotlib.image - WARNING - Clipping input data to the valid range for imshow with RGB data ([0..1] for floats or [0..255] for integers). Got range [-2.0836544..2.6051416].
2025-05-21 20:50:32,932 - utils.training - ERROR - Error creating visualization: boolean index did not match indexed array along dimension 0; dimension is 240 but corresponding boolean dimension is 120
2025-05-21 20:50:33,020 - matplotlib.image - WARNING - Clipping input data to the valid range for imshow with RGB data ([0..1] for floats or [0..255] for integers). Got range [-2.117904..2.64].
2025-05-21 20:50:33,021 - utils.training - ERROR - Error creating visualization: boolean index did not match indexed array along dimension 0; dimension is 240 but corresponding boolean dimension is 120
2025-05-21 20:50:33,109 - matplotlib.image - WARNING - Clipping input data to the valid range for imshow with RGB data ([0..1] for floats or [0..255] for integers). Got range [-2.117904..2.6051416].
2025-05-21 20:50:33,110 - utils.training - ERROR - Error creating visualization: boolean index did not match indexed array along dimension 0; dimension is 240 but corresponding boolean dimension is 120
2025-05-21 20:50:33,219 - matplotlib.image - WARNING - Clipping input data to the valid range for imshow with RGB data ([0..1] for floats or [0..255] for integers). Got range [-2.117904..2.5528543].
2025-05-21 20:50:33,222 - utils.training - ERROR - Error creating visualization: boolean index did not match indexed array along dimension 0; dimension is 240 but corresponding boolean dimension is 120
2025-05-21 20:50:33,315 - matplotlib.image - WARNING - Clipping input data to the valid range for imshow with RGB data ([0..1] for floats or [0..255] for integers). Got range [-2.117904..2.535425].
2025-05-21 20:50:33,316 - utils.training - ERROR - Error creating visualization: boolean index did not match indexed array along dimension 0; dimension is 240 but corresponding boolean dimension is 120
2025-05-21 20:50:33,400 - matplotlib.image - WARNING - Clipping input data to the valid range for imshow with RGB data ([0..1] for floats or [0..255] for integers). Got range [-2.117904..2.5528543].
2025-05-21 20:50:33,401 - utils.training - ERROR - Error creating visualization: boolean index did not match indexed array along dimension 0; dimension is 240 but corresponding boolean dimension is 120
2025-05-21 20:50:33,495 - matplotlib.image - WARNING - Clipping input data to the valid range for imshow with RGB data ([0..1] for floats or [0..255] for integers). Got range [-1.5699118..2.622571].
2025-05-21 20:50:33,497 - utils.training - ERROR - Error creating visualization: boolean index did not match indexed array along dimension 0; dimension is 240 but corresponding boolean dimension is 120
2025-05-21 20:50:33,578 - matplotlib.image - WARNING - Clipping input data to the valid range for imshow with RGB data ([0..1] for floats or [0..255] for integers). Got range [-1.5527872..2.64].
2025-05-21 20:50:33,581 - utils.training - ERROR - Error creating visualization: boolean index did not match indexed array along dimension 0; dimension is 240 but corresponding boolean dimension is 120
2025-05-21 20:50:33,672 - matplotlib.image - WARNING - Clipping input data to the valid range for imshow with RGB data ([0..1] for floats or [0..255] for integers). Got range [-1.2445416..2.64].
2025-05-21 20:50:33,674 - utils.training - ERROR - Error creating visualization: boolean index did not match indexed array along dimension 0; dimension is 240 but corresponding boolean dimension is 120
2025-05-21 20:50:33,779 - matplotlib.image - WARNING - Clipping input data to the valid range for imshow with RGB data ([0..1] for floats or [0..255] for integers). Got range [-1.8952821..2.64].
2025-05-21 20:50:33,781 - utils.training - ERROR - Error creating visualization: boolean index did not match indexed array along dimension 0; dimension is 240 but corresponding boolean dimension is 120
2025-05-21 20:50:33,870 - matplotlib.image - WARNING - Clipping input data to the valid range for imshow with RGB data ([0..1] for floats or [0..255] for integers). Got range [-1.3130406..2.622571].
2025-05-21 20:50:33,872 - utils.training - ERROR - Error creating visualization: boolean index did not match indexed array along dimension 0; dimension is 240 but corresponding boolean dimension is 120
2025-05-21 20:50:33,953 - matplotlib.image - WARNING - Clipping input data to the valid range for imshow with RGB data ([0..1] for floats or [0..255] for integers). Got range [-1.9637812..2.64].
2025-05-21 20:50:33,955 - utils.training - ERROR - Error creating visualization: boolean index did not match indexed array along dimension 0; dimension is 240 but corresponding boolean dimension is 120
2025-05-21 20:50:34,044 - matplotlib.image - WARNING - Clipping input data to the valid range for imshow with RGB data ([0..1] for floats or [0..255] for integers). Got range [-2.117904..2.64].
2025-05-21 20:50:34,047 - utils.training - ERROR - Error creating visualization: boolean index did not match indexed array along dimension 0; dimension is 240 but corresponding boolean dimension is 120
2025-05-21 20:50:34,136 - matplotlib.image - WARNING - Clipping input data to the valid range for imshow with RGB data ([0..1] for floats or [0..255] for integers). Got range [-2.0494049..2.64].
2025-05-21 20:50:34,138 - utils.training - ERROR - Error creating visualization: boolean index did not match indexed array along dimension 0; dimension is 240 but corresponding boolean dimension is 120
2025-05-21 20:50:34,236 - matplotlib.image - WARNING - Clipping input data to the valid range for imshow with RGB data ([0..1] for floats or [0..255] for integers). Got range [-2.0665298..2.64].
2025-05-21 20:50:34,238 - utils.training - ERROR - Error creating visualization: boolean index did not match indexed array along dimension 0; dimension is 240 but corresponding boolean dimension is 120
2025-05-21 20:50:34,331 - matplotlib.image - WARNING - Clipping input data to the valid range for imshow with RGB data ([0..1] for floats or [0..255] for integers). Got range [-1.9637812..2.64].
2025-05-21 20:50:34,332 - utils.training - ERROR - Error creating visualization: boolean index did not match indexed array along dimension 0; dimension is 240 but corresponding boolean dimension is 120
2025-05-21 20:50:34,412 - matplotlib.image - WARNING - Clipping input data to the valid range for imshow with RGB data ([0..1] for floats or [0..255] for integers). Got range [-1.8606442..2.4134207].
2025-05-21 20:50:34,414 - utils.training - ERROR - Error creating visualization: boolean index did not match indexed array along dimension 0; dimension is 240 but corresponding boolean dimension is 120
2025-05-21 20:50:34,528 - matplotlib.image - WARNING - Clipping input data to the valid range for imshow with RGB data ([0..1] for floats or [0..255] for integers). Got range [-1.9481792..2.3785625].
2025-05-21 20:50:34,529 - utils.training - ERROR - Error creating visualization: boolean index did not match indexed array along dimension 0; dimension is 240 but corresponding boolean dimension is 120
2025-05-21 20:50:34,627 - matplotlib.image - WARNING - Clipping input data to the valid range for imshow with RGB data ([0..1] for floats or [0..255] for integers). Got range [-1.9131652..2.2739873].
2025-05-21 20:50:34,629 - utils.training - ERROR - Error creating visualization: boolean index did not match indexed array along dimension 0; dimension is 240 but corresponding boolean dimension is 120
2025-05-21 20:50:34,722 - matplotlib.image - WARNING - Clipping input data to the valid range for imshow with RGB data ([0..1] for floats or [0..255] for integers). Got range [-1.9306722..2.3959913].
2025-05-21 20:50:34,724 - utils.training - ERROR - Error creating visualization: boolean index did not match indexed array along dimension 0; dimension is 240 but corresponding boolean dimension is 120
2025-05-21 20:50:34,813 - matplotlib.image - WARNING - Clipping input data to the valid range for imshow with RGB data ([0..1] for floats or [0..255] for integers). Got range [-1.9131652..2.4482791].
2025-05-21 20:50:34,814 - utils.training - ERROR - Error creating visualization: boolean index did not match indexed array along dimension 0; dimension is 240 but corresponding boolean dimension is 120
2025-05-21 20:50:34,901 - matplotlib.image - WARNING - Clipping input data to the valid range for imshow with RGB data ([0..1] for floats or [0..255] for integers). Got range [-1.9131652..2.3959913].
2025-05-21 20:50:34,904 - utils.training - ERROR - Error creating visualization: boolean index did not match indexed array along dimension 0; dimension is 240 but corresponding boolean dimension is 120
2025-05-21 20:50:35,001 - matplotlib.image - WARNING - Clipping input data to the valid range for imshow with RGB data ([0..1] for floats or [0..255] for integers). Got range [-1.8956583..2.4308496].
2025-05-21 20:50:35,002 - utils.training - ERROR - Error creating visualization: boolean index did not match indexed array along dimension 0; dimension is 240 but corresponding boolean dimension is 120
2025-05-21 20:50:35,087 - matplotlib.image - WARNING - Clipping input data to the valid range for imshow with RGB data ([0..1] for floats or [0..255] for integers). Got range [-1.9306722..2.3785625].
2025-05-21 20:50:35,089 - utils.training - ERROR - Error creating visualization: boolean index did not match indexed array along dimension 0; dimension is 240 but corresponding boolean dimension is 120
2025-05-21 20:50:35,184 - matplotlib.image - WARNING - Clipping input data to the valid range for imshow with RGB data ([0..1] for floats or [0..255] for integers). Got range [-1.9481792..2.3611329].
2025-05-21 20:50:35,186 - utils.training - ERROR - Error creating visualization: boolean index did not match indexed array along dimension 0; dimension is 240 but corresponding boolean dimension is 120
2025-05-21 20:50:35,275 - matplotlib.image - WARNING - Clipping input data to the valid range for imshow with RGB data ([0..1] for floats or [0..255] for integers). Got range [-2.117904..2.64].
2025-05-21 20:50:35,277 - utils.training - ERROR - Error creating visualization: boolean index did not match indexed array along dimension 0; dimension is 240 but corresponding boolean dimension is 120
2025-05-21 20:50:35,359 - matplotlib.image - WARNING - Clipping input data to the valid range for imshow with RGB data ([0..1] for floats or [0..255] for integers). Got range [-2.117904..2.64].
2025-05-21 20:50:35,362 - utils.training - ERROR - Error creating visualization: boolean index did not match indexed array along dimension 0; dimension is 240 but corresponding boolean dimension is 120
2025-05-21 20:50:35,453 - matplotlib.image - WARNING - Clipping input data to the valid range for imshow with RGB data ([0..1] for floats or [0..255] for integers). Got range [-2.117904..2.64].
2025-05-21 20:50:35,455 - utils.training - ERROR - Error creating visualization: boolean index did not match indexed array along dimension 0; dimension is 240 but corresponding boolean dimension is 120
2025-05-21 20:50:35,547 - matplotlib.image - WARNING - Clipping input data to the valid range for imshow with RGB data ([0..1] for floats or [0..255] for integers). Got range [-2.117904..2.64].
2025-05-21 20:50:35,549 - utils.training - ERROR - Error creating visualization: boolean index did not match indexed array along dimension 0; dimension is 240 but corresponding boolean dimension is 120
2025-05-21 20:50:35,645 - matplotlib.image - WARNING - Clipping input data to the valid range for imshow with RGB data ([0..1] for floats or [0..255] for integers). Got range [-2.117904..2.64].
2025-05-21 20:50:35,647 - utils.training - ERROR - Error creating visualization: boolean index did not match indexed array along dimension 0; dimension is 240 but corresponding boolean dimension is 120
2025-05-21 20:50:35,740 - matplotlib.image - WARNING - Clipping input data to the valid range for imshow with RGB data ([0..1] for floats or [0..255] for integers). Got range [-2.117904..2.64].
2025-05-21 20:50:35,741 - utils.training - ERROR - Error creating visualization: boolean index did not match indexed array along dimension 0; dimension is 240 but corresponding boolean dimension is 120
2025-05-21 20:50:35,822 - matplotlib.image - WARNING - Clipping input data to the valid range for imshow with RGB data ([0..1] for floats or [0..255] for integers). Got range [-2.117904..2.64].
2025-05-21 20:50:35,823 - utils.training - ERROR - Error creating visualization: boolean index did not match indexed array along dimension 0; dimension is 240 but corresponding boolean dimension is 120
2025-05-21 20:50:35,909 - matplotlib.image - WARNING - Clipping input data to the valid range for imshow with RGB data ([0..1] for floats or [0..255] for integers). Got range [-2.117904..2.64].
2025-05-21 20:50:35,911 - utils.training - ERROR - Error creating visualization: boolean index did not match indexed array along dimension 0; dimension is 240 but corresponding boolean dimension is 120
2025-05-21 20:50:35,999 - matplotlib.image - WARNING - Clipping input data to the valid range for imshow with RGB data ([0..1] for floats or [0..255] for integers). Got range [-1.9980307..2.64].
2025-05-21 20:50:36,001 - utils.training - ERROR - Error creating visualization: boolean index did not match indexed array along dimension 0; dimension is 240 but corresponding boolean dimension is 120
2025-05-21 20:50:36,089 - matplotlib.image - WARNING - Clipping input data to the valid range for imshow with RGB data ([0..1] for floats or [0..255] for integers). Got range [-2.0665298..2.64].
2025-05-21 20:50:36,092 - utils.training - ERROR - Error creating visualization: boolean index did not match indexed array along dimension 0; dimension is 240 but corresponding boolean dimension is 120
2025-05-21 20:50:36,182 - matplotlib.image - WARNING - Clipping input data to the valid range for imshow with RGB data ([0..1] for floats or [0..255] for integers). Got range [-2.0665298..2.64].
2025-05-21 20:50:36,184 - utils.training - ERROR - Error creating visualization: boolean index did not match indexed array along dimension 0; dimension is 240 but corresponding boolean dimension is 120
2025-05-21 20:50:36,272 - matplotlib.image - WARNING - Clipping input data to the valid range for imshow with RGB data ([0..1] for floats or [0..255] for integers). Got range [-2.0494049..2.5877128].
2025-05-21 20:50:36,273 - utils.training - ERROR - Error creating visualization: boolean index did not match indexed array along dimension 0; dimension is 240 but corresponding boolean dimension is 120
2025-05-21 20:50:36,364 - matplotlib.image - WARNING - Clipping input data to the valid range for imshow with RGB data ([0..1] for floats or [0..255] for integers). Got range [-2.0665298..2.6051416].
2025-05-21 20:50:36,365 - utils.training - ERROR - Error creating visualization: boolean index did not match indexed array along dimension 0; dimension is 240 but corresponding boolean dimension is 120
2025-05-21 20:50:36,452 - matplotlib.image - WARNING - Clipping input data to the valid range for imshow with RGB data ([0..1] for floats or [0..255] for integers). Got range [-1.8956583..2.5877128].
2025-05-21 20:50:36,454 - utils.training - ERROR - Error creating visualization: boolean index did not match indexed array along dimension 0; dimension is 240 but corresponding boolean dimension is 120
2025-05-21 20:50:36,533 - matplotlib.image - WARNING - Clipping input data to the valid range for imshow with RGB data ([0..1] for floats or [0..255] for integers). Got range [-1.8781574..2.64].
2025-05-21 20:50:36,535 - utils.training - ERROR - Error creating visualization: boolean index did not match indexed array along dimension 0; dimension is 240 but corresponding boolean dimension is 120
2025-05-21 20:50:36,621 - matplotlib.image - WARNING - Clipping input data to the valid range for imshow with RGB data ([0..1] for floats or [0..255] for integers). Got range [-1.8267832..2.64].
2025-05-21 20:50:36,623 - utils.training - ERROR - Error creating visualization: boolean index did not match indexed array along dimension 0; dimension is 240 but corresponding boolean dimension is 120
2025-05-21 20:50:36,714 - matplotlib.image - WARNING - Clipping input data to the valid range for imshow with RGB data ([0..1] for floats or [0..255] for integers). Got range [-1.8431373..2.465708].
2025-05-21 20:50:36,716 - utils.training - ERROR - Error creating visualization: boolean index did not match indexed array along dimension 0; dimension is 240 but corresponding boolean dimension is 120
2025-05-21 20:50:36,805 - matplotlib.image - WARNING - Clipping input data to the valid range for imshow with RGB data ([0..1] for floats or [0..255] for integers). Got range [-1.8606442..2.64].
2025-05-21 20:50:36,807 - utils.training - ERROR - Error creating visualization: boolean index did not match indexed array along dimension 0; dimension is 240 but corresponding boolean dimension is 120
2025-05-21 20:50:37,564 - matplotlib.image - WARNING - Clipping input data to the valid range for imshow with RGB data ([0..1] for floats or [0..255] for integers). Got range [-1.8044444..2.64].
2025-05-21 20:50:37,565 - utils.training - ERROR - Error creating visualization: boolean index did not match indexed array along dimension 0; dimension is 240 but corresponding boolean dimension is 120
2025-05-21 20:50:37,689 - matplotlib.image - WARNING - Clipping input data to the valid range for imshow with RGB data ([0..1] for floats or [0..255] for integers). Got range [-1.8267832..2.64].
2025-05-21 20:50:37,691 - utils.training - ERROR - Error creating visualization: boolean index did not match indexed array along dimension 0; dimension is 240 but corresponding boolean dimension is 120
2025-05-21 20:50:37,813 - matplotlib.image - WARNING - Clipping input data to the valid range for imshow with RGB data ([0..1] for floats or [0..255] for integers). Got range [-1.843908..2.64].
2025-05-21 20:50:37,814 - utils.training - ERROR - Error creating visualization: boolean index did not match indexed array along dimension 0; dimension is 240 but corresponding boolean dimension is 120
2025-05-21 20:50:37,935 - matplotlib.image - WARNING - Clipping input data to the valid range for imshow with RGB data ([0..1] for floats or [0..255] for integers). Got range [-2.0357141..2.64].
2025-05-21 20:50:37,937 - utils.training - ERROR - Error creating visualization: boolean index did not match indexed array along dimension 0; dimension is 240 but corresponding boolean dimension is 120
2025-05-21 20:50:38,048 - matplotlib.image - WARNING - Clipping input data to the valid range for imshow with RGB data ([0..1] for floats or [0..255] for integers). Got range [-2.0494049..2.64].
2025-05-21 20:50:38,050 - utils.training - ERROR - Error creating visualization: boolean index did not match indexed array along dimension 0; dimension is 240 but corresponding boolean dimension is 120
2025-05-21 20:50:38,161 - matplotlib.image - WARNING - Clipping input data to the valid range for imshow with RGB data ([0..1] for floats or [0..255] for integers). Got range [-2.0494049..2.64].
2025-05-21 20:50:38,163 - utils.training - ERROR - Error creating visualization: boolean index did not match indexed array along dimension 0; dimension is 240 but corresponding boolean dimension is 120
2025-05-21 20:50:38,268 - matplotlib.image - WARNING - Clipping input data to the valid range for imshow with RGB data ([0..1] for floats or [0..255] for integers). Got range [-2.117904..2.5005665].
2025-05-21 20:50:38,270 - utils.training - ERROR - Error creating visualization: boolean index did not match indexed array along dimension 0; dimension is 240 but corresponding boolean dimension is 120
2025-05-21 20:50:38,379 - matplotlib.image - WARNING - Clipping input data to the valid range for imshow with RGB data ([0..1] for floats or [0..255] for integers). Got range [-2.117904..2.535425].
2025-05-21 20:50:38,380 - utils.training - ERROR - Error creating visualization: boolean index did not match indexed array along dimension 0; dimension is 240 but corresponding boolean dimension is 120
2025-05-21 20:50:38,492 - matplotlib.image - WARNING - Clipping input data to the valid range for imshow with RGB data ([0..1] for floats or [0..255] for integers). Got range [-2.117904..2.535425].
2025-05-21 20:50:38,494 - utils.training - ERROR - Error creating visualization: boolean index did not match indexed array along dimension 0; dimension is 240 but corresponding boolean dimension is 120
2025-05-21 20:50:38,606 - matplotlib.image - WARNING - Clipping input data to the valid range for imshow with RGB data ([0..1] for floats or [0..255] for integers). Got range [-2.117904..2.535425].
2025-05-21 20:50:38,607 - utils.training - ERROR - Error creating visualization: boolean index did not match indexed array along dimension 0; dimension is 240 but corresponding boolean dimension is 120
2025-05-21 20:50:38,714 - matplotlib.image - WARNING - Clipping input data to the valid range for imshow with RGB data ([0..1] for floats or [0..255] for integers). Got range [-2.117904..2.5528543].
2025-05-21 20:50:38,716 - utils.training - ERROR - Error creating visualization: boolean index did not match indexed array along dimension 0; dimension is 240 but corresponding boolean dimension is 120
2025-05-21 20:50:38,819 - matplotlib.image - WARNING - Clipping input data to the valid range for imshow with RGB data ([0..1] for floats or [0..255] for integers). Got range [-1.4500387..2.64].
2025-05-21 20:50:38,821 - utils.training - ERROR - Error creating visualization: boolean index did not match indexed array along dimension 0; dimension is 240 but corresponding boolean dimension is 120
2025-05-21 20:50:38,938 - matplotlib.image - WARNING - Clipping input data to the valid range for imshow with RGB data ([0..1] for floats or [0..255] for integers). Got range [-1.5280112..2.64].
2025-05-21 20:50:38,940 - utils.training - ERROR - Error creating visualization: boolean index did not match indexed array along dimension 0; dimension is 240 but corresponding boolean dimension is 120
2025-05-21 20:50:39,032 - matplotlib.image - WARNING - Clipping input data to the valid range for imshow with RGB data ([0..1] for floats or [0..255] for integers). Got range [-1.7069099..2.64].
2025-05-21 20:50:39,034 - utils.training - ERROR - Error creating visualization: boolean index did not match indexed array along dimension 0; dimension is 240 but corresponding boolean dimension is 120
2025-05-21 20:50:39,131 - matplotlib.image - WARNING - Clipping input data to the valid range for imshow with RGB data ([0..1] for floats or [0..255] for integers). Got range [-1.7582842..2.64].
2025-05-21 20:50:39,133 - utils.training - ERROR - Error creating visualization: boolean index did not match indexed array along dimension 0; dimension is 240 but corresponding boolean dimension is 120
2025-05-21 20:50:39,216 - matplotlib.image - WARNING - Clipping input data to the valid range for imshow with RGB data ([0..1] for floats or [0..255] for integers). Got range [-1.7582842..2.64].
2025-05-21 20:50:39,219 - utils.training - ERROR - Error creating visualization: boolean index did not match indexed array along dimension 0; dimension is 240 but corresponding boolean dimension is 120
2025-05-21 20:50:39,311 - matplotlib.image - WARNING - Clipping input data to the valid range for imshow with RGB data ([0..1] for floats or [0..255] for integers). Got range [-2.117904..2.3959913].
2025-05-21 20:50:39,313 - utils.training - ERROR - Error creating visualization: boolean index did not match indexed array along dimension 0; dimension is 240 but corresponding boolean dimension is 120
2025-05-21 20:50:39,399 - matplotlib.image - WARNING - Clipping input data to the valid range for imshow with RGB data ([0..1] for floats or [0..255] for integers). Got range [-2.0836544..2.3088455].
2025-05-21 20:50:39,401 - utils.training - ERROR - Error creating visualization: boolean index did not match indexed array along dimension 0; dimension is 240 but corresponding boolean dimension is 120
2025-05-21 20:50:39,485 - matplotlib.image - WARNING - Clipping input data to the valid range for imshow with RGB data ([0..1] for floats or [0..255] for integers). Got range [-2.0665298..2.0474076].
2025-05-21 20:50:39,488 - utils.training - ERROR - Error creating visualization: boolean index did not match indexed array along dimension 0; dimension is 240 but corresponding boolean dimension is 120
2025-05-21 20:50:39,575 - matplotlib.image - WARNING - Clipping input data to the valid range for imshow with RGB data ([0..1] for floats or [0..255] for integers). Got range [-2.117904..2.1484594].
2025-05-21 20:50:39,576 - utils.training - ERROR - Error creating visualization: boolean index did not match indexed array along dimension 0; dimension is 240 but corresponding boolean dimension is 120
2025-05-21 20:50:39,657 - matplotlib.image - WARNING - Clipping input data to the valid range for imshow with RGB data ([0..1] for floats or [0..255] for integers). Got range [-2.117904..2.343704].
2025-05-21 20:50:39,658 - utils.training - ERROR - Error creating visualization: boolean index did not match indexed array along dimension 0; dimension is 240 but corresponding boolean dimension is 120
2025-05-21 20:50:39,738 - matplotlib.image - WARNING - Clipping input data to the valid range for imshow with RGB data ([0..1] for floats or [0..255] for integers). Got range [-2.0494049..2.64].
2025-05-21 20:50:39,740 - utils.training - ERROR - Error creating visualization: boolean index did not match indexed array along dimension 0; dimension is 240 but corresponding boolean dimension is 120
2025-05-21 20:50:39,829 - matplotlib.image - WARNING - Clipping input data to the valid range for imshow with RGB data ([0..1] for floats or [0..255] for integers). Got range [-2.117904..2.64].
2025-05-21 20:50:39,831 - utils.training - ERROR - Error creating visualization: boolean index did not match indexed array along dimension 0; dimension is 240 but corresponding boolean dimension is 120
2025-05-21 20:50:39,912 - matplotlib.image - WARNING - Clipping input data to the valid range for imshow with RGB data ([0..1] for floats or [0..255] for integers). Got range [-2.0665298..2.64].
2025-05-21 20:50:39,913 - utils.training - ERROR - Error creating visualization: boolean index did not match indexed array along dimension 0; dimension is 240 but corresponding boolean dimension is 120
2025-05-21 20:50:40,011 - matplotlib.image - WARNING - Clipping input data to the valid range for imshow with RGB data ([0..1] for floats or [0..255] for integers). Got range [-2.0665298..2.64].
2025-05-21 20:50:40,012 - utils.training - ERROR - Error creating visualization: boolean index did not match indexed array along dimension 0; dimension is 240 but corresponding boolean dimension is 120
2025-05-21 20:50:40,107 - matplotlib.image - WARNING - Clipping input data to the valid range for imshow with RGB data ([0..1] for floats or [0..255] for integers). Got range [-2.117904..2.64].
2025-05-21 20:50:40,109 - utils.training - ERROR - Error creating visualization: boolean index did not match indexed array along dimension 0; dimension is 240 but corresponding boolean dimension is 120
2025-05-21 20:50:40,203 - matplotlib.image - WARNING - Clipping input data to the valid range for imshow with RGB data ([0..1] for floats or [0..255] for integers). Got range [-2.0494049..2.5528543].
2025-05-21 20:50:40,205 - utils.training - ERROR - Error creating visualization: boolean index did not match indexed array along dimension 0; dimension is 240 but corresponding boolean dimension is 120
2025-05-21 20:50:40,284 - matplotlib.image - WARNING - Clipping input data to the valid range for imshow with RGB data ([0..1] for floats or [0..255] for integers). Got range [-2.0665298..2.5528543].
2025-05-21 20:50:40,286 - utils.training - ERROR - Error creating visualization: boolean index did not match indexed array along dimension 0; dimension is 240 but corresponding boolean dimension is 120
2025-05-21 20:50:40,374 - matplotlib.image - WARNING - Clipping input data to the valid range for imshow with RGB data ([0..1] for floats or [0..255] for integers). Got range [-2.0494049..2.4308496].
2025-05-21 20:50:40,376 - utils.training - ERROR - Error creating visualization: boolean index did not match indexed array along dimension 0; dimension is 240 but corresponding boolean dimension is 120
2025-05-21 20:50:40,470 - matplotlib.image - WARNING - Clipping input data to the valid range for imshow with RGB data ([0..1] for floats or [0..255] for integers). Got range [-2.0494049..2.3785625].
2025-05-21 20:50:40,472 - utils.training - ERROR - Error creating visualization: boolean index did not match indexed array along dimension 0; dimension is 240 but corresponding boolean dimension is 120
2025-05-21 20:50:40,549 - matplotlib.image - WARNING - Clipping input data to the valid range for imshow with RGB data ([0..1] for floats or [0..255] for integers). Got range [-2.0665298..2.3959913].
2025-05-21 20:50:40,550 - utils.training - ERROR - Error creating visualization: boolean index did not match indexed array along dimension 0; dimension is 240 but corresponding boolean dimension is 120
2025-05-21 20:50:40,626 - matplotlib.image - WARNING - Clipping input data to the valid range for imshow with RGB data ([0..1] for floats or [0..255] for integers). Got range [-2.0494049..2.3959913].
2025-05-21 20:50:40,627 - utils.training - ERROR - Error creating visualization: boolean index did not match indexed array along dimension 0; dimension is 240 but corresponding boolean dimension is 120
2025-05-21 20:50:40,707 - matplotlib.image - WARNING - Clipping input data to the valid range for imshow with RGB data ([0..1] for floats or [0..255] for integers). Got range [-2.0494049..2.3785625].
2025-05-21 20:50:40,710 - utils.training - ERROR - Error creating visualization: boolean index did not match indexed array along dimension 0; dimension is 240 but corresponding boolean dimension is 120
2025-05-21 20:50:40,807 - matplotlib.image - WARNING - Clipping input data to the valid range for imshow with RGB data ([0..1] for floats or [0..255] for integers). Got range [-2.117904..2.5528543].
2025-05-21 20:50:40,808 - utils.training - ERROR - Error creating visualization: boolean index did not match indexed array along dimension 0; dimension is 240 but corresponding boolean dimension is 120
2025-05-21 20:50:40,898 - matplotlib.image - WARNING - Clipping input data to the valid range for imshow with RGB data ([0..1] for floats or [0..255] for integers). Got range [-2.0322802..2.3088455].
2025-05-21 20:50:40,900 - utils.training - ERROR - Error creating visualization: boolean index did not match indexed array along dimension 0; dimension is 240 but corresponding boolean dimension is 120
2025-05-21 20:50:40,985 - matplotlib.image - WARNING - Clipping input data to the valid range for imshow with RGB data ([0..1] for floats or [0..255] for integers). Got range [-2.117904..2.6051416].
2025-05-21 20:50:40,986 - utils.training - ERROR - Error creating visualization: boolean index did not match indexed array along dimension 0; dimension is 240 but corresponding boolean dimension is 120
2025-05-21 20:50:41,072 - matplotlib.image - WARNING - Clipping input data to the valid range for imshow with RGB data ([0..1] for floats or [0..255] for integers). Got range [-2.1007793..2.64].
2025-05-21 20:50:41,074 - utils.training - ERROR - Error creating visualization: boolean index did not match indexed array along dimension 0; dimension is 240 but corresponding boolean dimension is 120
2025-05-21 20:50:41,156 - matplotlib.image - WARNING - Clipping input data to the valid range for imshow with RGB data ([0..1] for floats or [0..255] for integers). Got range [-1.9124069..2.4134207].
2025-05-21 20:50:41,158 - utils.training - ERROR - Error creating visualization: boolean index did not match indexed array along dimension 0; dimension is 240 but corresponding boolean dimension is 120
2025-05-21 20:50:41,243 - matplotlib.image - WARNING - Clipping input data to the valid range for imshow with RGB data ([0..1] for floats or [0..255] for integers). Got range [-1.9466565..2.622571].
2025-05-21 20:50:41,245 - utils.training - ERROR - Error creating visualization: boolean index did not match indexed array along dimension 0; dimension is 240 but corresponding boolean dimension is 120
2025-05-21 20:50:41,336 - matplotlib.image - WARNING - Clipping input data to the valid range for imshow with RGB data ([0..1] for floats or [0..255] for integers). Got range [-1.980906..2.622571].
2025-05-21 20:50:41,338 - utils.training - ERROR - Error creating visualization: boolean index did not match indexed array along dimension 0; dimension is 240 but corresponding boolean dimension is 120
2025-05-21 20:50:41,424 - matplotlib.image - WARNING - Clipping input data to the valid range for imshow with RGB data ([0..1] for floats or [0..255] for integers). Got range [-1.9295317..2.5528543].
2025-05-21 20:50:41,426 - utils.training - ERROR - Error creating visualization: boolean index did not match indexed array along dimension 0; dimension is 240 but corresponding boolean dimension is 120
2025-05-21 20:50:41,501 - matplotlib.image - WARNING - Clipping input data to the valid range for imshow with RGB data ([0..1] for floats or [0..255] for integers). Got range [-1.8781574..2.64].
2025-05-21 20:50:41,503 - utils.training - ERROR - Error creating visualization: boolean index did not match indexed array along dimension 0; dimension is 240 but corresponding boolean dimension is 120
2025-05-21 20:50:41,581 - matplotlib.image - WARNING - Clipping input data to the valid range for imshow with RGB data ([0..1] for floats or [0..255] for integers). Got range [-1.9295317..2.64].
2025-05-21 20:50:41,583 - utils.training - ERROR - Error creating visualization: boolean index did not match indexed array along dimension 0; dimension is 240 but corresponding boolean dimension is 120
2025-05-21 20:50:41,674 - matplotlib.image - WARNING - Clipping input data to the valid range for imshow with RGB data ([0..1] for floats or [0..255] for integers). Got range [-1.9124069..2.64].
2025-05-21 20:50:41,676 - utils.training - ERROR - Error creating visualization: boolean index did not match indexed array along dimension 0; dimension is 240 but corresponding boolean dimension is 120
2025-05-21 20:50:41,759 - matplotlib.image - WARNING - Clipping input data to the valid range for imshow with RGB data ([0..1] for floats or [0..255] for integers). Got range [-1.8610327..2.64].
2025-05-21 20:50:41,760 - utils.training - ERROR - Error creating visualization: boolean index did not match indexed array along dimension 0; dimension is 240 but corresponding boolean dimension is 120
2025-05-21 20:50:41,840 - matplotlib.image - WARNING - Clipping input data to the valid range for imshow with RGB data ([0..1] for floats or [0..255] for integers). Got range [-1.8781574..2.622571].
2025-05-21 20:50:41,842 - utils.training - ERROR - Error creating visualization: boolean index did not match indexed array along dimension 0; dimension is 240 but corresponding boolean dimension is 120
2025-05-21 20:50:41,927 - matplotlib.image - WARNING - Clipping input data to the valid range for imshow with RGB data ([0..1] for floats or [0..255] for integers). Got range [-1.8952821..2.64].
2025-05-21 20:50:41,930 - utils.training - ERROR - Error creating visualization: boolean index did not match indexed array along dimension 0; dimension is 240 but corresponding boolean dimension is 120
2025-05-21 20:50:42,017 - matplotlib.image - WARNING - Clipping input data to the valid range for imshow with RGB data ([0..1] for floats or [0..255] for integers). Got range [-1.9124069..2.64].
2025-05-21 20:50:42,018 - utils.training - ERROR - Error creating visualization: boolean index did not match indexed array along dimension 0; dimension is 240 but corresponding boolean dimension is 120
2025-05-21 20:50:42,097 - matplotlib.image - WARNING - Clipping input data to the valid range for imshow with RGB data ([0..1] for floats or [0..255] for integers). Got range [-1.9124069..2.64].
2025-05-21 20:50:42,099 - utils.training - ERROR - Error creating visualization: boolean index did not match indexed array along dimension 0; dimension is 240 but corresponding boolean dimension is 120
2025-05-21 20:50:42,200 - matplotlib.image - WARNING - Clipping input data to the valid range for imshow with RGB data ([0..1] for floats or [0..255] for integers). Got range [-1.843908..2.64].
2025-05-21 20:50:42,202 - utils.training - ERROR - Error creating visualization: boolean index did not match indexed array along dimension 0; dimension is 240 but corresponding boolean dimension is 120
2025-05-21 20:50:42,291 - matplotlib.image - WARNING - Clipping input data to the valid range for imshow with RGB data ([0..1] for floats or [0..255] for integers). Got range [-1.9295317..2.6051416].
2025-05-21 20:50:42,292 - utils.training - ERROR - Error creating visualization: boolean index did not match indexed array along dimension 0; dimension is 240 but corresponding boolean dimension is 120
2025-05-21 20:50:42,373 - matplotlib.image - WARNING - Clipping input data to the valid range for imshow with RGB data ([0..1] for floats or [0..255] for integers). Got range [-1.8952821..2.5528543].
2025-05-21 20:50:42,374 - utils.training - ERROR - Error creating visualization: boolean index did not match indexed array along dimension 0; dimension is 240 but corresponding boolean dimension is 120
2025-05-21 20:50:42,475 - matplotlib.image - WARNING - Clipping input data to the valid range for imshow with RGB data ([0..1] for floats or [0..255] for integers). Got range [-2.0494049..2.64].
2025-05-21 20:50:42,476 - utils.training - ERROR - Error creating visualization: boolean index did not match indexed array along dimension 0; dimension is 240 but corresponding boolean dimension is 120
2025-05-21 20:50:42,556 - matplotlib.image - WARNING - Clipping input data to the valid range for imshow with RGB data ([0..1] for floats or [0..255] for integers). Got range [-2.0322802..2.64].
2025-05-21 20:50:42,558 - utils.training - ERROR - Error creating visualization: boolean index did not match indexed array along dimension 0; dimension is 240 but corresponding boolean dimension is 120
2025-05-21 20:50:42,643 - matplotlib.image - WARNING - Clipping input data to the valid range for imshow with RGB data ([0..1] for floats or [0..255] for integers). Got range [-2.0836544..2.64].
2025-05-21 20:50:42,645 - utils.training - ERROR - Error creating visualization: boolean index did not match indexed array along dimension 0; dimension is 240 but corresponding boolean dimension is 120
2025-05-21 20:50:42,728 - matplotlib.image - WARNING - Clipping input data to the valid range for imshow with RGB data ([0..1] for floats or [0..255] for integers). Got range [-2.1007793..2.2216995].
2025-05-21 20:50:42,730 - utils.training - ERROR - Error creating visualization: boolean index did not match indexed array along dimension 0; dimension is 240 but corresponding boolean dimension is 120
2025-05-21 20:50:42,816 - matplotlib.image - WARNING - Clipping input data to the valid range for imshow with RGB data ([0..1] for floats or [0..255] for integers). Got range [-1.7582842..1.7859696].
2025-05-21 20:50:42,818 - utils.training - ERROR - Error creating visualization: boolean index did not match indexed array along dimension 0; dimension is 240 but corresponding boolean dimension is 120
2025-05-21 20:50:42,910 - matplotlib.image - WARNING - Clipping input data to the valid range for imshow with RGB data ([0..1] for floats or [0..255] for integers). Got range [-1.7240347..1.7162529].
2025-05-21 20:50:42,911 - utils.training - ERROR - Error creating visualization: boolean index did not match indexed array along dimension 0; dimension is 240 but corresponding boolean dimension is 120
2025-05-21 20:50:43,001 - matplotlib.image - WARNING - Clipping input data to the valid range for imshow with RGB data ([0..1] for floats or [0..255] for integers). Got range [-1.7411594..1.8033988].
2025-05-21 20:50:43,002 - utils.training - ERROR - Error creating visualization: boolean index did not match indexed array along dimension 0; dimension is 240 but corresponding boolean dimension is 120
2025-05-21 20:50:43,098 - matplotlib.image - WARNING - Clipping input data to the valid range for imshow with RGB data ([0..1] for floats or [0..255] for integers). Got range [-1.7731092..1.8382572].
2025-05-21 20:50:43,099 - utils.training - ERROR - Error creating visualization: boolean index did not match indexed array along dimension 0; dimension is 240 but corresponding boolean dimension is 120
2025-05-21 20:50:43,196 - matplotlib.image - WARNING - Clipping input data to the valid range for imshow with RGB data ([0..1] for floats or [0..255] for integers). Got range [-1.6897851..1.7511113].
2025-05-21 20:50:43,198 - utils.training - ERROR - Error creating visualization: boolean index did not match indexed array along dimension 0; dimension is 240 but corresponding boolean dimension is 120
2025-05-21 20:50:43,290 - matplotlib.image - WARNING - Clipping input data to the valid range for imshow with RGB data ([0..1] for floats or [0..255] for integers). Got range [-1.7380952..1.5981677].
2025-05-21 20:50:43,292 - utils.training - ERROR - Error creating visualization: boolean index did not match indexed array along dimension 0; dimension is 240 but corresponding boolean dimension is 120
2025-05-21 20:50:43,373 - matplotlib.image - WARNING - Clipping input data to the valid range for imshow with RGB data ([0..1] for floats or [0..255] for integers). Got range [-1.7411594..1.6152923].
2025-05-21 20:50:43,374 - utils.training - ERROR - Error creating visualization: boolean index did not match indexed array along dimension 0; dimension is 240 but corresponding boolean dimension is 120
2025-05-21 20:50:43,464 - matplotlib.image - WARNING - Clipping input data to the valid range for imshow with RGB data ([0..1] for floats or [0..255] for integers). Got range [-2.117904..2.64].
2025-05-21 20:50:43,466 - utils.training - ERROR - Error creating visualization: boolean index did not match indexed array along dimension 0; dimension is 240 but corresponding boolean dimension is 120
2025-05-21 20:50:43,544 - matplotlib.image - WARNING - Clipping input data to the valid range for imshow with RGB data ([0..1] for floats or [0..255] for integers). Got range [-2.117904..2.64].
2025-05-21 20:50:43,546 - utils.training - ERROR - Error creating visualization: boolean index did not match indexed array along dimension 0; dimension is 240 but corresponding boolean dimension is 120
2025-05-21 20:50:43,638 - matplotlib.image - WARNING - Clipping input data to the valid range for imshow with RGB data ([0..1] for floats or [0..255] for integers). Got range [-2.117904..2.64].
2025-05-21 20:50:43,640 - utils.training - ERROR - Error creating visualization: boolean index did not match indexed array along dimension 0; dimension is 240 but corresponding boolean dimension is 120
2025-05-21 20:50:43,717 - matplotlib.image - WARNING - Clipping input data to the valid range for imshow with RGB data ([0..1] for floats or [0..255] for integers). Got range [-2.117904..2.64].
2025-05-21 20:50:43,718 - utils.training - ERROR - Error creating visualization: boolean index did not match indexed array along dimension 0; dimension is 240 but corresponding boolean dimension is 120
2025-05-21 20:50:43,801 - matplotlib.image - WARNING - Clipping input data to the valid range for imshow with RGB data ([0..1] for floats or [0..255] for integers). Got range [-2.117904..2.64].
2025-05-21 20:50:43,803 - utils.training - ERROR - Error creating visualization: boolean index did not match indexed array along dimension 0; dimension is 240 but corresponding boolean dimension is 120
2025-05-21 20:50:43,879 - matplotlib.image - WARNING - Clipping input data to the valid range for imshow with RGB data ([0..1] for floats or [0..255] for integers). Got range [-2.117904..2.1804092].
2025-05-21 20:50:43,881 - utils.training - ERROR - Error creating visualization: boolean index did not match indexed array along dimension 0; dimension is 240 but corresponding boolean dimension is 120
2025-05-21 20:50:43,972 - matplotlib.image - WARNING - Clipping input data to the valid range for imshow with RGB data ([0..1] for floats or [0..255] for integers). Got range [-2.117904..2.129035].
2025-05-21 20:50:43,974 - utils.training - ERROR - Error creating visualization: boolean index did not match indexed array along dimension 0; dimension is 240 but corresponding boolean dimension is 120
2025-05-21 20:50:44,058 - matplotlib.image - WARNING - Clipping input data to the valid range for imshow with RGB data ([0..1] for floats or [0..255] for integers). Got range [-2.117904..2.2489083].
2025-05-21 20:50:44,060 - utils.training - ERROR - Error creating visualization: boolean index did not match indexed array along dimension 0; dimension is 240 but corresponding boolean dimension is 120
2025-05-21 20:50:44,159 - matplotlib.image - WARNING - Clipping input data to the valid range for imshow with RGB data ([0..1] for floats or [0..255] for integers). Got range [-2.117904..2.3959913].
2025-05-21 20:50:44,162 - utils.training - ERROR - Error creating visualization: boolean index did not match indexed array along dimension 0; dimension is 240 but corresponding boolean dimension is 120
2025-05-21 20:50:44,249 - matplotlib.image - WARNING - Clipping input data to the valid range for imshow with RGB data ([0..1] for floats or [0..255] for integers). Got range [-2.117904..2.5702832].
2025-05-21 20:50:44,250 - utils.training - ERROR - Error creating visualization: boolean index did not match indexed array along dimension 0; dimension is 240 but corresponding boolean dimension is 120
2025-05-21 20:50:44,328 - matplotlib.image - WARNING - Clipping input data to the valid range for imshow with RGB data ([0..1] for floats or [0..255] for integers). Got range [-2.117904..2.64].
2025-05-21 20:50:44,330 - utils.training - ERROR - Error creating visualization: boolean index did not match indexed array along dimension 0; dimension is 240 but corresponding boolean dimension is 120
2025-05-21 20:50:44,409 - matplotlib.image - WARNING - Clipping input data to the valid range for imshow with RGB data ([0..1] for floats or [0..255] for integers). Got range [-2.117904..2.64].
2025-05-21 20:50:44,410 - utils.training - ERROR - Error creating visualization: boolean index did not match indexed array along dimension 0; dimension is 240 but corresponding boolean dimension is 120
2025-05-21 20:50:44,505 - matplotlib.image - WARNING - Clipping input data to the valid range for imshow with RGB data ([0..1] for floats or [0..255] for integers). Got range [-2.117904..2.64].
2025-05-21 20:50:44,506 - utils.training - ERROR - Error creating visualization: boolean index did not match indexed array along dimension 0; dimension is 240 but corresponding boolean dimension is 120
2025-05-21 20:50:44,589 - matplotlib.image - WARNING - Clipping input data to the valid range for imshow with RGB data ([0..1] for floats or [0..255] for integers). Got range [-2.117904..2.64].
2025-05-21 20:50:44,591 - utils.training - ERROR - Error creating visualization: boolean index did not match indexed array along dimension 0; dimension is 240 but corresponding boolean dimension is 120
2025-05-21 20:50:44,675 - matplotlib.image - WARNING - Clipping input data to the valid range for imshow with RGB data ([0..1] for floats or [0..255] for integers). Got range [-2.117904..2.64].
2025-05-21 20:50:44,677 - utils.training - ERROR - Error creating visualization: boolean index did not match indexed array along dimension 0; dimension is 240 but corresponding boolean dimension is 120
2025-05-21 20:50:44,768 - matplotlib.image - WARNING - Clipping input data to the valid range for imshow with RGB data ([0..1] for floats or [0..255] for integers). Got range [-2.117904..2.64].
2025-05-21 20:50:44,771 - utils.training - ERROR - Error creating visualization: boolean index did not match indexed array along dimension 0; dimension is 240 but corresponding boolean dimension is 120
2025-05-21 20:50:44,876 - matplotlib.image - WARNING - Clipping input data to the valid range for imshow with RGB data ([0..1] for floats or [0..255] for integers). Got range [-2.117904..2.64].
2025-05-21 20:50:44,877 - utils.training - ERROR - Error creating visualization: boolean index did not match indexed array along dimension 0; dimension is 240 but corresponding boolean dimension is 120
2025-05-21 20:50:44,963 - matplotlib.image - WARNING - Clipping input data to the valid range for imshow with RGB data ([0..1] for floats or [0..255] for integers). Got range [-2.117904..2.64].
2025-05-21 20:50:44,965 - utils.training - ERROR - Error creating visualization: boolean index did not match indexed array along dimension 0; dimension is 240 but corresponding boolean dimension is 120
2025-05-21 20:50:50,068 - utils.training - INFO - Epoch 1 validation - Loss: 2.8586
2025-05-21 20:50:50,068 - utils.training - INFO - No improvement for 1 epochs.
2025-05-21 20:52:04,572 - utils.training - INFO - Epoch 2 training - Loss: 2.9016
2025-05-21 20:52:04,800 - matplotlib.image - WARNING - Clipping input data to the valid range for imshow with RGB data ([0..1] for floats or [0..255] for integers). Got range [-2.0322802..2.64].
2025-05-21 20:52:04,801 - utils.training - ERROR - Error creating visualization: boolean index did not match indexed array along dimension 0; dimension is 240 but corresponding boolean dimension is 120
2025-05-21 20:52:04,900 - matplotlib.image - WARNING - Clipping input data to the valid range for imshow with RGB data ([0..1] for floats or [0..255] for integers). Got range [-2.0494049..2.64].
2025-05-21 20:52:04,902 - utils.training - ERROR - Error creating visualization: boolean index did not match indexed array along dimension 0; dimension is 240 but corresponding boolean dimension is 120
2025-05-21 20:52:05,003 - matplotlib.image - WARNING - Clipping input data to the valid range for imshow with RGB data ([0..1] for floats or [0..255] for integers). Got range [-2.0322802..2.64].
2025-05-21 20:52:05,005 - utils.training - ERROR - Error creating visualization: boolean index did not match indexed array along dimension 0; dimension is 240 but corresponding boolean dimension is 120
2025-05-21 20:52:05,099 - matplotlib.image - WARNING - Clipping input data to the valid range for imshow with RGB data ([0..1] for floats or [0..255] for integers). Got range [-2.0494049..2.64].
2025-05-21 20:52:05,101 - utils.training - ERROR - Error creating visualization: boolean index did not match indexed array along dimension 0; dimension is 240 but corresponding boolean dimension is 120
2025-05-21 20:52:05,186 - matplotlib.image - WARNING - Clipping input data to the valid range for imshow with RGB data ([0..1] for floats or [0..255] for integers). Got range [-2.0151556..2.64].
2025-05-21 20:52:05,187 - utils.training - ERROR - Error creating visualization: boolean index did not match indexed array along dimension 0; dimension is 240 but corresponding boolean dimension is 120
2025-05-21 20:52:05,274 - matplotlib.image - WARNING - Clipping input data to the valid range for imshow with RGB data ([0..1] for floats or [0..255] for integers). Got range [-2.0322802..2.64].
2025-05-21 20:52:05,276 - utils.training - ERROR - Error creating visualization: boolean index did not match indexed array along dimension 0; dimension is 240 but corresponding boolean dimension is 120
2025-05-21 20:52:05,367 - matplotlib.image - WARNING - Clipping input data to the valid range for imshow with RGB data ([0..1] for floats or [0..255] for integers). Got range [-2.0494049..2.64].
2025-05-21 20:52:05,369 - utils.training - ERROR - Error creating visualization: boolean index did not match indexed array along dimension 0; dimension is 240 but corresponding boolean dimension is 120
2025-05-21 20:52:05,456 - matplotlib.image - WARNING - Clipping input data to the valid range for imshow with RGB data ([0..1] for floats or [0..255] for integers). Got range [-2.0665298..2.64].
2025-05-21 20:52:05,458 - utils.training - ERROR - Error creating visualization: boolean index did not match indexed array along dimension 0; dimension is 240 but corresponding boolean dimension is 120
2025-05-21 20:52:05,547 - matplotlib.image - WARNING - Clipping input data to the valid range for imshow with RGB data ([0..1] for floats or [0..255] for integers). Got range [-2.1007793..2.64].
2025-05-21 20:52:05,549 - utils.training - ERROR - Error creating visualization: boolean index did not match indexed array along dimension 0; dimension is 240 but corresponding boolean dimension is 120
2025-05-21 20:52:05,626 - matplotlib.image - WARNING - Clipping input data to the valid range for imshow with RGB data ([0..1] for floats or [0..255] for integers). Got range [-2.1007793..2.64].
2025-05-21 20:52:05,627 - utils.training - ERROR - Error creating visualization: boolean index did not match indexed array along dimension 0; dimension is 240 but corresponding boolean dimension is 120
2025-05-21 20:52:05,716 - matplotlib.image - WARNING - Clipping input data to the valid range for imshow with RGB data ([0..1] for floats or [0..255] for integers). Got range [-2.0665298..2.64].
2025-05-21 20:52:05,718 - utils.training - ERROR - Error creating visualization: boolean index did not match indexed array along dimension 0; dimension is 240 but corresponding boolean dimension is 120
2025-05-21 20:52:05,804 - matplotlib.image - WARNING - Clipping input data to the valid range for imshow with RGB data ([0..1] for floats or [0..255] for integers). Got range [-2.0836544..2.64].
2025-05-21 20:52:05,806 - utils.training - ERROR - Error creating visualization: boolean index did not match indexed array along dimension 0; dimension is 240 but corresponding boolean dimension is 120
2025-05-21 20:52:05,891 - matplotlib.image - WARNING - Clipping input data to the valid range for imshow with RGB data ([0..1] for floats or [0..255] for integers). Got range [-1.9637812..2.64].
2025-05-21 20:52:05,893 - utils.training - ERROR - Error creating visualization: boolean index did not match indexed array along dimension 0; dimension is 240 but corresponding boolean dimension is 120
2025-05-21 20:52:06,899 - matplotlib.image - WARNING - Clipping input data to the valid range for imshow with RGB data ([0..1] for floats or [0..255] for integers). Got range [-2.0182073..2.64].
2025-05-21 20:52:06,901 - utils.training - ERROR - Error creating visualization: boolean index did not match indexed array along dimension 0; dimension is 240 but corresponding boolean dimension is 120
2025-05-21 20:52:06,991 - matplotlib.image - WARNING - Clipping input data to the valid range for imshow with RGB data ([0..1] for floats or [0..255] for integers). Got range [-1.8610327..2.64].
2025-05-21 20:52:06,993 - utils.training - ERROR - Error creating visualization: boolean index did not match indexed array along dimension 0; dimension is 240 but corresponding boolean dimension is 120
2025-05-21 20:52:07,080 - matplotlib.image - WARNING - Clipping input data to the valid range for imshow with RGB data ([0..1] for floats or [0..255] for integers). Got range [-2.117904..2.64].
2025-05-21 20:52:07,081 - utils.training - ERROR - Error creating visualization: boolean index did not match indexed array along dimension 0; dimension is 240 but corresponding boolean dimension is 120
2025-05-21 20:52:07,170 - matplotlib.image - WARNING - Clipping input data to the valid range for imshow with RGB data ([0..1] for floats or [0..255] for integers). Got range [-2.117904..2.64].
2025-05-21 20:52:07,172 - utils.training - ERROR - Error creating visualization: boolean index did not match indexed array along dimension 0; dimension is 240 but corresponding boolean dimension is 120
2025-05-21 20:52:07,263 - matplotlib.image - WARNING - Clipping input data to the valid range for imshow with RGB data ([0..1] for floats or [0..255] for integers). Got range [-2.117904..2.64].
2025-05-21 20:52:07,265 - utils.training - ERROR - Error creating visualization: boolean index did not match indexed array along dimension 0; dimension is 240 but corresponding boolean dimension is 120
2025-05-21 20:52:07,354 - matplotlib.image - WARNING - Clipping input data to the valid range for imshow with RGB data ([0..1] for floats or [0..255] for integers). Got range [-2.117904..2.64].
2025-05-21 20:52:07,356 - utils.training - ERROR - Error creating visualization: boolean index did not match indexed array along dimension 0; dimension is 240 but corresponding boolean dimension is 120
2025-05-21 20:52:07,447 - matplotlib.image - WARNING - Clipping input data to the valid range for imshow with RGB data ([0..1] for floats or [0..255] for integers). Got range [-2.117904..2.64].
2025-05-21 20:52:07,449 - utils.training - ERROR - Error creating visualization: boolean index did not match indexed array along dimension 0; dimension is 240 but corresponding boolean dimension is 120
2025-05-21 20:52:07,539 - matplotlib.image - WARNING - Clipping input data to the valid range for imshow with RGB data ([0..1] for floats or [0..255] for integers). Got range [-2.117904..2.64].
2025-05-21 20:52:07,541 - utils.training - ERROR - Error creating visualization: boolean index did not match indexed array along dimension 0; dimension is 240 but corresponding boolean dimension is 120
2025-05-21 20:52:07,631 - matplotlib.image - WARNING - Clipping input data to the valid range for imshow with RGB data ([0..1] for floats or [0..255] for integers). Got range [-2.117904..2.64].
2025-05-21 20:52:07,633 - utils.training - ERROR - Error creating visualization: boolean index did not match indexed array along dimension 0; dimension is 240 but corresponding boolean dimension is 120
2025-05-21 20:52:07,719 - matplotlib.image - WARNING - Clipping input data to the valid range for imshow with RGB data ([0..1] for floats or [0..255] for integers). Got range [-2.117904..2.64].
2025-05-21 20:52:07,721 - utils.training - ERROR - Error creating visualization: boolean index did not match indexed array along dimension 0; dimension is 240 but corresponding boolean dimension is 120
2025-05-21 20:52:07,805 - matplotlib.image - WARNING - Clipping input data to the valid range for imshow with RGB data ([0..1] for floats or [0..255] for integers). Got range [-2.117904..2.64].
2025-05-21 20:52:07,806 - utils.training - ERROR - Error creating visualization: boolean index did not match indexed array along dimension 0; dimension is 240 but corresponding boolean dimension is 120
2025-05-21 20:52:07,900 - matplotlib.image - WARNING - Clipping input data to the valid range for imshow with RGB data ([0..1] for floats or [0..255] for integers). Got range [-2.117904..2.64].
2025-05-21 20:52:07,902 - utils.training - ERROR - Error creating visualization: boolean index did not match indexed array along dimension 0; dimension is 240 but corresponding boolean dimension is 120
2025-05-21 20:52:07,989 - matplotlib.image - WARNING - Clipping input data to the valid range for imshow with RGB data ([0..1] for floats or [0..255] for integers). Got range [-2.117904..2.622571].
2025-05-21 20:52:07,990 - utils.training - ERROR - Error creating visualization: boolean index did not match indexed array along dimension 0; dimension is 240 but corresponding boolean dimension is 120
2025-05-21 20:52:08,090 - matplotlib.image - WARNING - Clipping input data to the valid range for imshow with RGB data ([0..1] for floats or [0..255] for integers). Got range [-2.117904..2.5877128].
2025-05-21 20:52:08,092 - utils.training - ERROR - Error creating visualization: boolean index did not match indexed array along dimension 0; dimension is 240 but corresponding boolean dimension is 120
2025-05-21 20:52:08,192 - matplotlib.image - WARNING - Clipping input data to the valid range for imshow with RGB data ([0..1] for floats or [0..255] for integers). Got range [-2.117904..2.64].
2025-05-21 20:52:08,194 - utils.training - ERROR - Error creating visualization: boolean index did not match indexed array along dimension 0; dimension is 240 but corresponding boolean dimension is 120
2025-05-21 20:52:08,294 - matplotlib.image - WARNING - Clipping input data to the valid range for imshow with RGB data ([0..1] for floats or [0..255] for integers). Got range [-2.117904..2.64].
2025-05-21 20:52:08,296 - utils.training - ERROR - Error creating visualization: boolean index did not match indexed array along dimension 0; dimension is 240 but corresponding boolean dimension is 120
2025-05-21 20:52:08,394 - matplotlib.image - WARNING - Clipping input data to the valid range for imshow with RGB data ([0..1] for floats or [0..255] for integers). Got range [-2.1007793..2.5528543].
2025-05-21 20:52:08,396 - utils.training - ERROR - Error creating visualization: boolean index did not match indexed array along dimension 0; dimension is 240 but corresponding boolean dimension is 120
2025-05-21 20:52:08,487 - matplotlib.image - WARNING - Clipping input data to the valid range for imshow with RGB data ([0..1] for floats or [0..255] for integers). Got range [-2.1007793..2.3959913].
2025-05-21 20:52:08,488 - utils.training - ERROR - Error creating visualization: boolean index did not match indexed array along dimension 0; dimension is 240 but corresponding boolean dimension is 120
2025-05-21 20:52:08,570 - matplotlib.image - WARNING - Clipping input data to the valid range for imshow with RGB data ([0..1] for floats or [0..255] for integers). Got range [-2.117904..2.465708].
2025-05-21 20:52:08,572 - utils.training - ERROR - Error creating visualization: boolean index did not match indexed array along dimension 0; dimension is 240 but corresponding boolean dimension is 120
2025-05-21 20:52:08,658 - matplotlib.image - WARNING - Clipping input data to the valid range for imshow with RGB data ([0..1] for floats or [0..255] for integers). Got range [-2.117904..2.5702832].
2025-05-21 20:52:08,659 - utils.training - ERROR - Error creating visualization: boolean index did not match indexed array along dimension 0; dimension is 240 but corresponding boolean dimension is 120
2025-05-21 20:52:08,751 - matplotlib.image - WARNING - Clipping input data to the valid range for imshow with RGB data ([0..1] for floats or [0..255] for integers). Got range [-2.117904..2.5702832].
2025-05-21 20:52:08,753 - utils.training - ERROR - Error creating visualization: boolean index did not match indexed array along dimension 0; dimension is 240 but corresponding boolean dimension is 120
2025-05-21 20:52:08,837 - matplotlib.image - WARNING - Clipping input data to the valid range for imshow with RGB data ([0..1] for floats or [0..255] for integers). Got range [-2.1007793..2.6051416].
2025-05-21 20:52:08,838 - utils.training - ERROR - Error creating visualization: boolean index did not match indexed array along dimension 0; dimension is 240 but corresponding boolean dimension is 120
2025-05-21 20:52:08,928 - matplotlib.image - WARNING - Clipping input data to the valid range for imshow with RGB data ([0..1] for floats or [0..255] for integers). Got range [-2.0665298..2.535425].
2025-05-21 20:52:08,930 - utils.training - ERROR - Error creating visualization: boolean index did not match indexed array along dimension 0; dimension is 240 but corresponding boolean dimension is 120
2025-05-21 20:52:09,015 - matplotlib.image - WARNING - Clipping input data to the valid range for imshow with RGB data ([0..1] for floats or [0..255] for integers). Got range [-2.0836544..2.5877128].
2025-05-21 20:52:09,017 - utils.training - ERROR - Error creating visualization: boolean index did not match indexed array along dimension 0; dimension is 240 but corresponding boolean dimension is 120
2025-05-21 20:52:09,096 - matplotlib.image - WARNING - Clipping input data to the valid range for imshow with RGB data ([0..1] for floats or [0..255] for integers). Got range [-2.1007793..2.5528543].
2025-05-21 20:52:09,098 - utils.training - ERROR - Error creating visualization: boolean index did not match indexed array along dimension 0; dimension is 240 but corresponding boolean dimension is 120
2025-05-21 20:52:09,190 - matplotlib.image - WARNING - Clipping input data to the valid range for imshow with RGB data ([0..1] for floats or [0..255] for integers). Got range [-2.117904..2.64].
2025-05-21 20:52:09,192 - utils.training - ERROR - Error creating visualization: boolean index did not match indexed array along dimension 0; dimension is 240 but corresponding boolean dimension is 120
2025-05-21 20:52:09,287 - matplotlib.image - WARNING - Clipping input data to the valid range for imshow with RGB data ([0..1] for floats or [0..255] for integers). Got range [-2.117904..2.64].
2025-05-21 20:52:09,289 - utils.training - ERROR - Error creating visualization: boolean index did not match indexed array along dimension 0; dimension is 240 but corresponding boolean dimension is 120
2025-05-21 20:52:09,377 - matplotlib.image - WARNING - Clipping input data to the valid range for imshow with RGB data ([0..1] for floats or [0..255] for integers). Got range [-2.117904..2.64].
2025-05-21 20:52:09,378 - utils.training - ERROR - Error creating visualization: boolean index did not match indexed array along dimension 0; dimension is 240 but corresponding boolean dimension is 120
2025-05-21 20:52:09,462 - matplotlib.image - WARNING - Clipping input data to the valid range for imshow with RGB data ([0..1] for floats or [0..255] for integers). Got range [-2.117904..2.64].
2025-05-21 20:52:09,463 - utils.training - ERROR - Error creating visualization: boolean index did not match indexed array along dimension 0; dimension is 240 but corresponding boolean dimension is 120
2025-05-21 20:52:09,555 - matplotlib.image - WARNING - Clipping input data to the valid range for imshow with RGB data ([0..1] for floats or [0..255] for integers). Got range [-2.117904..2.64].
2025-05-21 20:52:09,557 - utils.training - ERROR - Error creating visualization: boolean index did not match indexed array along dimension 0; dimension is 240 but corresponding boolean dimension is 120
2025-05-21 20:52:09,658 - matplotlib.image - WARNING - Clipping input data to the valid range for imshow with RGB data ([0..1] for floats or [0..255] for integers). Got range [-2.117904..2.64].
2025-05-21 20:52:09,660 - utils.training - ERROR - Error creating visualization: boolean index did not match indexed array along dimension 0; dimension is 240 but corresponding boolean dimension is 120
2025-05-21 20:52:09,755 - matplotlib.image - WARNING - Clipping input data to the valid range for imshow with RGB data ([0..1] for floats or [0..255] for integers). Got range [-2.117904..2.64].
2025-05-21 20:52:09,757 - utils.training - ERROR - Error creating visualization: boolean index did not match indexed array along dimension 0; dimension is 240 but corresponding boolean dimension is 120
2025-05-21 20:52:09,850 - matplotlib.image - WARNING - Clipping input data to the valid range for imshow with RGB data ([0..1] for floats or [0..255] for integers). Got range [-2.0665298..2.64].
2025-05-21 20:52:09,853 - utils.training - ERROR - Error creating visualization: boolean index did not match indexed array along dimension 0; dimension is 240 but corresponding boolean dimension is 120
2025-05-21 20:52:09,947 - matplotlib.image - WARNING - Clipping input data to the valid range for imshow with RGB data ([0..1] for floats or [0..255] for integers). Got range [-2.0836544..2.64].
2025-05-21 20:52:09,949 - utils.training - ERROR - Error creating visualization: boolean index did not match indexed array along dimension 0; dimension is 240 but corresponding boolean dimension is 120
2025-05-21 20:52:10,039 - matplotlib.image - WARNING - Clipping input data to the valid range for imshow with RGB data ([0..1] for floats or [0..255] for integers). Got range [-2.0494049..2.64].
2025-05-21 20:52:10,042 - utils.training - ERROR - Error creating visualization: boolean index did not match indexed array along dimension 0; dimension is 240 but corresponding boolean dimension is 120
2025-05-21 20:52:10,136 - matplotlib.image - WARNING - Clipping input data to the valid range for imshow with RGB data ([0..1] for floats or [0..255] for integers). Got range [-2.0182073..2.64].
2025-05-21 20:52:10,137 - utils.training - ERROR - Error creating visualization: boolean index did not match indexed array along dimension 0; dimension is 240 but corresponding boolean dimension is 120
2025-05-21 20:52:10,229 - matplotlib.image - WARNING - Clipping input data to the valid range for imshow with RGB data ([0..1] for floats or [0..255] for integers). Got range [-1.980906..2.622571].
2025-05-21 20:52:10,230 - utils.training - ERROR - Error creating visualization: boolean index did not match indexed array along dimension 0; dimension is 240 but corresponding boolean dimension is 120
2025-05-21 20:52:10,317 - matplotlib.image - WARNING - Clipping input data to the valid range for imshow with RGB data ([0..1] for floats or [0..255] for integers). Got range [-1.9980307..2.64].
2025-05-21 20:52:10,319 - utils.training - ERROR - Error creating visualization: boolean index did not match indexed array along dimension 0; dimension is 240 but corresponding boolean dimension is 120
2025-05-21 20:52:10,406 - matplotlib.image - WARNING - Clipping input data to the valid range for imshow with RGB data ([0..1] for floats or [0..255] for integers). Got range [-1.9980307..2.622571].
2025-05-21 20:52:10,408 - utils.training - ERROR - Error creating visualization: boolean index did not match indexed array along dimension 0; dimension is 240 but corresponding boolean dimension is 120
2025-05-21 20:52:10,489 - matplotlib.image - WARNING - Clipping input data to the valid range for imshow with RGB data ([0..1] for floats or [0..255] for integers). Got range [-2.0151556..2.64].
2025-05-21 20:52:10,491 - utils.training - ERROR - Error creating visualization: boolean index did not match indexed array along dimension 0; dimension is 240 but corresponding boolean dimension is 120
2025-05-21 20:52:10,587 - matplotlib.image - WARNING - Clipping input data to the valid range for imshow with RGB data ([0..1] for floats or [0..255] for integers). Got range [-2.0151556..2.64].
2025-05-21 20:52:10,589 - utils.training - ERROR - Error creating visualization: boolean index did not match indexed array along dimension 0; dimension is 240 but corresponding boolean dimension is 120
2025-05-21 20:52:10,680 - matplotlib.image - WARNING - Clipping input data to the valid range for imshow with RGB data ([0..1] for floats or [0..255] for integers). Got range [-2.0322802..2.64].
2025-05-21 20:52:10,682 - utils.training - ERROR - Error creating visualization: boolean index did not match indexed array along dimension 0; dimension is 240 but corresponding boolean dimension is 120
2025-05-21 20:52:10,782 - matplotlib.image - WARNING - Clipping input data to the valid range for imshow with RGB data ([0..1] for floats or [0..255] for integers). Got range [-2.0151556..2.622571].
2025-05-21 20:52:10,783 - utils.training - ERROR - Error creating visualization: boolean index did not match indexed array along dimension 0; dimension is 240 but corresponding boolean dimension is 120
2025-05-21 20:52:10,882 - matplotlib.image - WARNING - Clipping input data to the valid range for imshow with RGB data ([0..1] for floats or [0..255] for integers). Got range [-1.9980307..2.6051416].
2025-05-21 20:52:10,884 - utils.training - ERROR - Error creating visualization: boolean index did not match indexed array along dimension 0; dimension is 240 but corresponding boolean dimension is 120
2025-05-21 20:52:10,972 - matplotlib.image - WARNING - Clipping input data to the valid range for imshow with RGB data ([0..1] for floats or [0..255] for integers). Got range [-1.980906..2.64].
2025-05-21 20:52:10,973 - utils.training - ERROR - Error creating visualization: boolean index did not match indexed array along dimension 0; dimension is 240 but corresponding boolean dimension is 120
2025-05-21 20:52:11,065 - matplotlib.image - WARNING - Clipping input data to the valid range for imshow with RGB data ([0..1] for floats or [0..255] for integers). Got range [-2.0151556..2.622571].
2025-05-21 20:52:11,067 - utils.training - ERROR - Error creating visualization: boolean index did not match indexed array along dimension 0; dimension is 240 but corresponding boolean dimension is 120
2025-05-21 20:52:11,160 - matplotlib.image - WARNING - Clipping input data to the valid range for imshow with RGB data ([0..1] for floats or [0..255] for integers). Got range [-2.117904..2.64].
2025-05-21 20:52:11,163 - utils.training - ERROR - Error creating visualization: boolean index did not match indexed array along dimension 0; dimension is 240 but corresponding boolean dimension is 120
2025-05-21 20:52:11,255 - matplotlib.image - WARNING - Clipping input data to the valid range for imshow with RGB data ([0..1] for floats or [0..255] for integers). Got range [-2.117904..2.64].
2025-05-21 20:52:11,257 - utils.training - ERROR - Error creating visualization: boolean index did not match indexed array along dimension 0; dimension is 240 but corresponding boolean dimension is 120
2025-05-21 20:52:11,352 - matplotlib.image - WARNING - Clipping input data to the valid range for imshow with RGB data ([0..1] for floats or [0..255] for integers). Got range [-2.117904..2.64].
2025-05-21 20:52:11,354 - utils.training - ERROR - Error creating visualization: boolean index did not match indexed array along dimension 0; dimension is 240 but corresponding boolean dimension is 120
2025-05-21 20:52:11,448 - matplotlib.image - WARNING - Clipping input data to the valid range for imshow with RGB data ([0..1] for floats or [0..255] for integers). Got range [-2.117904..2.64].
2025-05-21 20:52:11,449 - utils.training - ERROR - Error creating visualization: boolean index did not match indexed array along dimension 0; dimension is 240 but corresponding boolean dimension is 120
2025-05-21 20:52:11,547 - matplotlib.image - WARNING - Clipping input data to the valid range for imshow with RGB data ([0..1] for floats or [0..255] for integers). Got range [-2.117904..2.622571].
2025-05-21 20:52:11,548 - utils.training - ERROR - Error creating visualization: boolean index did not match indexed array along dimension 0; dimension is 240 but corresponding boolean dimension is 120
2025-05-21 20:52:11,644 - matplotlib.image - WARNING - Clipping input data to the valid range for imshow with RGB data ([0..1] for floats or [0..255] for integers). Got range [-2.117904..2.64].
2025-05-21 20:52:11,646 - utils.training - ERROR - Error creating visualization: boolean index did not match indexed array along dimension 0; dimension is 240 but corresponding boolean dimension is 120
2025-05-21 20:52:11,731 - matplotlib.image - WARNING - Clipping input data to the valid range for imshow with RGB data ([0..1] for floats or [0..255] for integers). Got range [-2.117904..2.64].
2025-05-21 20:52:11,732 - utils.training - ERROR - Error creating visualization: boolean index did not match indexed array along dimension 0; dimension is 240 but corresponding boolean dimension is 120
2025-05-21 20:52:11,829 - matplotlib.image - WARNING - Clipping input data to the valid range for imshow with RGB data ([0..1] for floats or [0..255] for integers). Got range [-2.117904..2.64].
2025-05-21 20:52:11,831 - utils.training - ERROR - Error creating visualization: boolean index did not match indexed array along dimension 0; dimension is 240 but corresponding boolean dimension is 120
2025-05-21 20:52:11,923 - matplotlib.image - WARNING - Clipping input data to the valid range for imshow with RGB data ([0..1] for floats or [0..255] for integers). Got range [-2.117904..2.64].
2025-05-21 20:52:11,925 - utils.training - ERROR - Error creating visualization: boolean index did not match indexed array along dimension 0; dimension is 240 but corresponding boolean dimension is 120
2025-05-21 20:52:12,018 - matplotlib.image - WARNING - Clipping input data to the valid range for imshow with RGB data ([0..1] for floats or [0..255] for integers). Got range [-1.9637812..2.2042704].
2025-05-21 20:52:12,019 - utils.training - ERROR - Error creating visualization: boolean index did not match indexed array along dimension 0; dimension is 240 but corresponding boolean dimension is 120
2025-05-21 20:52:12,113 - matplotlib.image - WARNING - Clipping input data to the valid range for imshow with RGB data ([0..1] for floats or [0..255] for integers). Got range [-2.0151556..2.343704].
2025-05-21 20:52:12,115 - utils.training - ERROR - Error creating visualization: boolean index did not match indexed array along dimension 0; dimension is 240 but corresponding boolean dimension is 120
2025-05-21 20:52:12,204 - matplotlib.image - WARNING - Clipping input data to the valid range for imshow with RGB data ([0..1] for floats or [0..255] for integers). Got range [-1.980906..2.343704].
2025-05-21 20:52:12,205 - utils.training - ERROR - Error creating visualization: boolean index did not match indexed array along dimension 0; dimension is 240 but corresponding boolean dimension is 120
2025-05-21 20:52:12,296 - matplotlib.image - WARNING - Clipping input data to the valid range for imshow with RGB data ([0..1] for floats or [0..255] for integers). Got range [-1.9637812..2.343704].
2025-05-21 20:52:12,298 - utils.training - ERROR - Error creating visualization: boolean index did not match indexed array along dimension 0; dimension is 240 but corresponding boolean dimension is 120
2025-05-21 20:52:12,391 - matplotlib.image - WARNING - Clipping input data to the valid range for imshow with RGB data ([0..1] for floats or [0..255] for integers). Got range [-1.8610327..2.343704].
2025-05-21 20:52:12,393 - utils.training - ERROR - Error creating visualization: boolean index did not match indexed array along dimension 0; dimension is 240 but corresponding boolean dimension is 120
2025-05-21 20:52:12,484 - matplotlib.image - WARNING - Clipping input data to the valid range for imshow with RGB data ([0..1] for floats or [0..255] for integers). Got range [-1.7380952..2.2216995].
2025-05-21 20:52:12,486 - utils.training - ERROR - Error creating visualization: boolean index did not match indexed array along dimension 0; dimension is 240 but corresponding boolean dimension is 120
2025-05-21 20:52:12,571 - matplotlib.image - WARNING - Clipping input data to the valid range for imshow with RGB data ([0..1] for floats or [0..255] for integers). Got range [-2.117904..2.64].
2025-05-21 20:52:12,574 - utils.training - ERROR - Error creating visualization: boolean index did not match indexed array along dimension 0; dimension is 240 but corresponding boolean dimension is 120
2025-05-21 20:52:12,671 - matplotlib.image - WARNING - Clipping input data to the valid range for imshow with RGB data ([0..1] for floats or [0..255] for integers). Got range [-2.0836544..2.6051416].
2025-05-21 20:52:12,673 - utils.training - ERROR - Error creating visualization: boolean index did not match indexed array along dimension 0; dimension is 240 but corresponding boolean dimension is 120
2025-05-21 20:52:12,768 - matplotlib.image - WARNING - Clipping input data to the valid range for imshow with RGB data ([0..1] for floats or [0..255] for integers). Got range [-2.117904..2.64].
2025-05-21 20:52:12,769 - utils.training - ERROR - Error creating visualization: boolean index did not match indexed array along dimension 0; dimension is 240 but corresponding boolean dimension is 120
2025-05-21 20:52:12,859 - matplotlib.image - WARNING - Clipping input data to the valid range for imshow with RGB data ([0..1] for floats or [0..255] for integers). Got range [-2.117904..2.6051416].
2025-05-21 20:52:12,861 - utils.training - ERROR - Error creating visualization: boolean index did not match indexed array along dimension 0; dimension is 240 but corresponding boolean dimension is 120
2025-05-21 20:52:12,951 - matplotlib.image - WARNING - Clipping input data to the valid range for imshow with RGB data ([0..1] for floats or [0..255] for integers). Got range [-2.117904..2.5528543].
2025-05-21 20:52:12,953 - utils.training - ERROR - Error creating visualization: boolean index did not match indexed array along dimension 0; dimension is 240 but corresponding boolean dimension is 120
2025-05-21 20:52:13,056 - matplotlib.image - WARNING - Clipping input data to the valid range for imshow with RGB data ([0..1] for floats or [0..255] for integers). Got range [-2.117904..2.535425].
2025-05-21 20:52:13,058 - utils.training - ERROR - Error creating visualization: boolean index did not match indexed array along dimension 0; dimension is 240 but corresponding boolean dimension is 120
2025-05-21 20:52:13,158 - matplotlib.image - WARNING - Clipping input data to the valid range for imshow with RGB data ([0..1] for floats or [0..255] for integers). Got range [-2.117904..2.5528543].
2025-05-21 20:52:13,161 - utils.training - ERROR - Error creating visualization: boolean index did not match indexed array along dimension 0; dimension is 240 but corresponding boolean dimension is 120
2025-05-21 20:52:13,258 - matplotlib.image - WARNING - Clipping input data to the valid range for imshow with RGB data ([0..1] for floats or [0..255] for integers). Got range [-1.5699118..2.622571].
2025-05-21 20:52:13,260 - utils.training - ERROR - Error creating visualization: boolean index did not match indexed array along dimension 0; dimension is 240 but corresponding boolean dimension is 120
2025-05-21 20:52:13,355 - matplotlib.image - WARNING - Clipping input data to the valid range for imshow with RGB data ([0..1] for floats or [0..255] for integers). Got range [-1.5527872..2.64].
2025-05-21 20:52:13,358 - utils.training - ERROR - Error creating visualization: boolean index did not match indexed array along dimension 0; dimension is 240 but corresponding boolean dimension is 120
2025-05-21 20:52:13,444 - matplotlib.image - WARNING - Clipping input data to the valid range for imshow with RGB data ([0..1] for floats or [0..255] for integers). Got range [-1.2445416..2.64].
2025-05-21 20:52:13,445 - utils.training - ERROR - Error creating visualization: boolean index did not match indexed array along dimension 0; dimension is 240 but corresponding boolean dimension is 120
2025-05-21 20:52:13,546 - matplotlib.image - WARNING - Clipping input data to the valid range for imshow with RGB data ([0..1] for floats or [0..255] for integers). Got range [-1.8952821..2.64].
2025-05-21 20:52:13,548 - utils.training - ERROR - Error creating visualization: boolean index did not match indexed array along dimension 0; dimension is 240 but corresponding boolean dimension is 120
2025-05-21 20:52:13,646 - matplotlib.image - WARNING - Clipping input data to the valid range for imshow with RGB data ([0..1] for floats or [0..255] for integers). Got range [-1.3130406..2.622571].
2025-05-21 20:52:13,647 - utils.training - ERROR - Error creating visualization: boolean index did not match indexed array along dimension 0; dimension is 240 but corresponding boolean dimension is 120
2025-05-21 20:52:13,735 - matplotlib.image - WARNING - Clipping input data to the valid range for imshow with RGB data ([0..1] for floats or [0..255] for integers). Got range [-1.9637812..2.64].
2025-05-21 20:52:13,737 - utils.training - ERROR - Error creating visualization: boolean index did not match indexed array along dimension 0; dimension is 240 but corresponding boolean dimension is 120
2025-05-21 20:52:13,838 - matplotlib.image - WARNING - Clipping input data to the valid range for imshow with RGB data ([0..1] for floats or [0..255] for integers). Got range [-2.117904..2.64].
2025-05-21 20:52:13,840 - utils.training - ERROR - Error creating visualization: boolean index did not match indexed array along dimension 0; dimension is 240 but corresponding boolean dimension is 120
2025-05-21 20:52:13,935 - matplotlib.image - WARNING - Clipping input data to the valid range for imshow with RGB data ([0..1] for floats or [0..255] for integers). Got range [-2.0494049..2.64].
2025-05-21 20:52:13,937 - utils.training - ERROR - Error creating visualization: boolean index did not match indexed array along dimension 0; dimension is 240 but corresponding boolean dimension is 120
2025-05-21 20:52:14,029 - matplotlib.image - WARNING - Clipping input data to the valid range for imshow with RGB data ([0..1] for floats or [0..255] for integers). Got range [-2.0665298..2.64].
2025-05-21 20:52:14,031 - utils.training - ERROR - Error creating visualization: boolean index did not match indexed array along dimension 0; dimension is 240 but corresponding boolean dimension is 120
2025-05-21 20:52:14,125 - matplotlib.image - WARNING - Clipping input data to the valid range for imshow with RGB data ([0..1] for floats or [0..255] for integers). Got range [-1.9637812..2.64].
2025-05-21 20:52:14,126 - utils.training - ERROR - Error creating visualization: boolean index did not match indexed array along dimension 0; dimension is 240 but corresponding boolean dimension is 120
2025-05-21 20:52:14,216 - matplotlib.image - WARNING - Clipping input data to the valid range for imshow with RGB data ([0..1] for floats or [0..255] for integers). Got range [-1.8606442..2.4134207].
2025-05-21 20:52:14,218 - utils.training - ERROR - Error creating visualization: boolean index did not match indexed array along dimension 0; dimension is 240 but corresponding boolean dimension is 120
2025-05-21 20:52:14,318 - matplotlib.image - WARNING - Clipping input data to the valid range for imshow with RGB data ([0..1] for floats or [0..255] for integers). Got range [-1.9481792..2.3785625].
2025-05-21 20:52:14,319 - utils.training - ERROR - Error creating visualization: boolean index did not match indexed array along dimension 0; dimension is 240 but corresponding boolean dimension is 120
2025-05-21 20:52:14,415 - matplotlib.image - WARNING - Clipping input data to the valid range for imshow with RGB data ([0..1] for floats or [0..255] for integers). Got range [-1.9131652..2.2739873].
2025-05-21 20:52:14,417 - utils.training - ERROR - Error creating visualization: boolean index did not match indexed array along dimension 0; dimension is 240 but corresponding boolean dimension is 120
2025-05-21 20:52:14,511 - matplotlib.image - WARNING - Clipping input data to the valid range for imshow with RGB data ([0..1] for floats or [0..255] for integers). Got range [-1.9306722..2.3959913].
2025-05-21 20:52:14,514 - utils.training - ERROR - Error creating visualization: boolean index did not match indexed array along dimension 0; dimension is 240 but corresponding boolean dimension is 120
2025-05-21 20:52:14,625 - matplotlib.image - WARNING - Clipping input data to the valid range for imshow with RGB data ([0..1] for floats or [0..255] for integers). Got range [-1.9131652..2.4482791].
2025-05-21 20:52:14,627 - utils.training - ERROR - Error creating visualization: boolean index did not match indexed array along dimension 0; dimension is 240 but corresponding boolean dimension is 120
2025-05-21 20:52:14,723 - matplotlib.image - WARNING - Clipping input data to the valid range for imshow with RGB data ([0..1] for floats or [0..255] for integers). Got range [-1.9131652..2.3959913].
2025-05-21 20:52:14,725 - utils.training - ERROR - Error creating visualization: boolean index did not match indexed array along dimension 0; dimension is 240 but corresponding boolean dimension is 120
2025-05-21 20:52:14,823 - matplotlib.image - WARNING - Clipping input data to the valid range for imshow with RGB data ([0..1] for floats or [0..255] for integers). Got range [-1.8956583..2.4308496].
2025-05-21 20:52:14,824 - utils.training - ERROR - Error creating visualization: boolean index did not match indexed array along dimension 0; dimension is 240 but corresponding boolean dimension is 120
2025-05-21 20:52:14,929 - matplotlib.image - WARNING - Clipping input data to the valid range for imshow with RGB data ([0..1] for floats or [0..255] for integers). Got range [-1.9306722..2.3785625].
2025-05-21 20:52:14,930 - utils.training - ERROR - Error creating visualization: boolean index did not match indexed array along dimension 0; dimension is 240 but corresponding boolean dimension is 120
2025-05-21 20:52:15,026 - matplotlib.image - WARNING - Clipping input data to the valid range for imshow with RGB data ([0..1] for floats or [0..255] for integers). Got range [-1.9481792..2.3611329].
2025-05-21 20:52:15,028 - utils.training - ERROR - Error creating visualization: boolean index did not match indexed array along dimension 0; dimension is 240 but corresponding boolean dimension is 120
2025-05-21 20:52:15,131 - matplotlib.image - WARNING - Clipping input data to the valid range for imshow with RGB data ([0..1] for floats or [0..255] for integers). Got range [-2.117904..2.64].
2025-05-21 20:52:15,133 - utils.training - ERROR - Error creating visualization: boolean index did not match indexed array along dimension 0; dimension is 240 but corresponding boolean dimension is 120
2025-05-21 20:52:15,235 - matplotlib.image - WARNING - Clipping input data to the valid range for imshow with RGB data ([0..1] for floats or [0..255] for integers). Got range [-2.117904..2.64].
2025-05-21 20:52:15,238 - utils.training - ERROR - Error creating visualization: boolean index did not match indexed array along dimension 0; dimension is 240 but corresponding boolean dimension is 120
2025-05-21 20:52:15,334 - matplotlib.image - WARNING - Clipping input data to the valid range for imshow with RGB data ([0..1] for floats or [0..255] for integers). Got range [-2.117904..2.64].
2025-05-21 20:52:15,336 - utils.training - ERROR - Error creating visualization: boolean index did not match indexed array along dimension 0; dimension is 240 but corresponding boolean dimension is 120
2025-05-21 20:52:15,436 - matplotlib.image - WARNING - Clipping input data to the valid range for imshow with RGB data ([0..1] for floats or [0..255] for integers). Got range [-2.117904..2.64].
2025-05-21 20:52:15,438 - utils.training - ERROR - Error creating visualization: boolean index did not match indexed array along dimension 0; dimension is 240 but corresponding boolean dimension is 120
2025-05-21 20:52:15,527 - matplotlib.image - WARNING - Clipping input data to the valid range for imshow with RGB data ([0..1] for floats or [0..255] for integers). Got range [-2.117904..2.64].
2025-05-21 20:52:15,529 - utils.training - ERROR - Error creating visualization: boolean index did not match indexed array along dimension 0; dimension is 240 but corresponding boolean dimension is 120
2025-05-21 20:52:15,633 - matplotlib.image - WARNING - Clipping input data to the valid range for imshow with RGB data ([0..1] for floats or [0..255] for integers). Got range [-2.117904..2.64].
2025-05-21 20:52:15,635 - utils.training - ERROR - Error creating visualization: boolean index did not match indexed array along dimension 0; dimension is 240 but corresponding boolean dimension is 120
2025-05-21 20:52:15,735 - matplotlib.image - WARNING - Clipping input data to the valid range for imshow with RGB data ([0..1] for floats or [0..255] for integers). Got range [-2.117904..2.64].
2025-05-21 20:52:15,736 - utils.training - ERROR - Error creating visualization: boolean index did not match indexed array along dimension 0; dimension is 240 but corresponding boolean dimension is 120
2025-05-21 20:52:15,828 - matplotlib.image - WARNING - Clipping input data to the valid range for imshow with RGB data ([0..1] for floats or [0..255] for integers). Got range [-2.117904..2.64].
2025-05-21 20:52:15,830 - utils.training - ERROR - Error creating visualization: boolean index did not match indexed array along dimension 0; dimension is 240 but corresponding boolean dimension is 120
2025-05-21 20:52:15,918 - matplotlib.image - WARNING - Clipping input data to the valid range for imshow with RGB data ([0..1] for floats or [0..255] for integers). Got range [-1.9980307..2.64].
2025-05-21 20:52:15,920 - utils.training - ERROR - Error creating visualization: boolean index did not match indexed array along dimension 0; dimension is 240 but corresponding boolean dimension is 120
2025-05-21 20:52:16,027 - matplotlib.image - WARNING - Clipping input data to the valid range for imshow with RGB data ([0..1] for floats or [0..255] for integers). Got range [-2.0665298..2.64].
2025-05-21 20:52:16,028 - utils.training - ERROR - Error creating visualization: boolean index did not match indexed array along dimension 0; dimension is 240 but corresponding boolean dimension is 120
2025-05-21 20:52:16,131 - matplotlib.image - WARNING - Clipping input data to the valid range for imshow with RGB data ([0..1] for floats or [0..255] for integers). Got range [-2.0665298..2.64].
2025-05-21 20:52:16,133 - utils.training - ERROR - Error creating visualization: boolean index did not match indexed array along dimension 0; dimension is 240 but corresponding boolean dimension is 120
2025-05-21 20:52:16,242 - matplotlib.image - WARNING - Clipping input data to the valid range for imshow with RGB data ([0..1] for floats or [0..255] for integers). Got range [-2.0494049..2.5877128].
2025-05-21 20:52:16,243 - utils.training - ERROR - Error creating visualization: boolean index did not match indexed array along dimension 0; dimension is 240 but corresponding boolean dimension is 120
2025-05-21 20:52:16,346 - matplotlib.image - WARNING - Clipping input data to the valid range for imshow with RGB data ([0..1] for floats or [0..255] for integers). Got range [-2.0665298..2.6051416].
2025-05-21 20:52:16,348 - utils.training - ERROR - Error creating visualization: boolean index did not match indexed array along dimension 0; dimension is 240 but corresponding boolean dimension is 120
2025-05-21 20:52:16,441 - matplotlib.image - WARNING - Clipping input data to the valid range for imshow with RGB data ([0..1] for floats or [0..255] for integers). Got range [-1.8956583..2.5877128].
2025-05-21 20:52:16,442 - utils.training - ERROR - Error creating visualization: boolean index did not match indexed array along dimension 0; dimension is 240 but corresponding boolean dimension is 120
2025-05-21 20:52:16,541 - matplotlib.image - WARNING - Clipping input data to the valid range for imshow with RGB data ([0..1] for floats or [0..255] for integers). Got range [-1.8781574..2.64].
2025-05-21 20:52:16,543 - utils.training - ERROR - Error creating visualization: boolean index did not match indexed array along dimension 0; dimension is 240 but corresponding boolean dimension is 120
2025-05-21 20:52:16,646 - matplotlib.image - WARNING - Clipping input data to the valid range for imshow with RGB data ([0..1] for floats or [0..255] for integers). Got range [-1.8267832..2.64].
2025-05-21 20:52:16,648 - utils.training - ERROR - Error creating visualization: boolean index did not match indexed array along dimension 0; dimension is 240 but corresponding boolean dimension is 120
2025-05-21 20:52:16,741 - matplotlib.image - WARNING - Clipping input data to the valid range for imshow with RGB data ([0..1] for floats or [0..255] for integers). Got range [-1.8431373..2.465708].
2025-05-21 20:52:16,742 - utils.training - ERROR - Error creating visualization: boolean index did not match indexed array along dimension 0; dimension is 240 but corresponding boolean dimension is 120
2025-05-21 20:52:16,833 - matplotlib.image - WARNING - Clipping input data to the valid range for imshow with RGB data ([0..1] for floats or [0..255] for integers). Got range [-1.8606442..2.64].
2025-05-21 20:52:16,835 - utils.training - ERROR - Error creating visualization: boolean index did not match indexed array along dimension 0; dimension is 240 but corresponding boolean dimension is 120
2025-05-21 20:52:16,927 - matplotlib.image - WARNING - Clipping input data to the valid range for imshow with RGB data ([0..1] for floats or [0..255] for integers). Got range [-1.8044444..2.64].
2025-05-21 20:52:16,928 - utils.training - ERROR - Error creating visualization: boolean index did not match indexed array along dimension 0; dimension is 240 but corresponding boolean dimension is 120
2025-05-21 20:52:17,022 - matplotlib.image - WARNING - Clipping input data to the valid range for imshow with RGB data ([0..1] for floats or [0..255] for integers). Got range [-1.8267832..2.64].
2025-05-21 20:52:17,024 - utils.training - ERROR - Error creating visualization: boolean index did not match indexed array along dimension 0; dimension is 240 but corresponding boolean dimension is 120
2025-05-21 20:52:17,113 - matplotlib.image - WARNING - Clipping input data to the valid range for imshow with RGB data ([0..1] for floats or [0..255] for integers). Got range [-1.843908..2.64].
2025-05-21 20:52:17,114 - utils.training - ERROR - Error creating visualization: boolean index did not match indexed array along dimension 0; dimension is 240 but corresponding boolean dimension is 120
2025-05-21 20:52:17,208 - matplotlib.image - WARNING - Clipping input data to the valid range for imshow with RGB data ([0..1] for floats or [0..255] for integers). Got range [-2.0357141..2.64].
2025-05-21 20:52:17,209 - utils.training - ERROR - Error creating visualization: boolean index did not match indexed array along dimension 0; dimension is 240 but corresponding boolean dimension is 120
2025-05-21 20:52:17,302 - matplotlib.image - WARNING - Clipping input data to the valid range for imshow with RGB data ([0..1] for floats or [0..255] for integers). Got range [-2.0494049..2.64].
2025-05-21 20:52:17,303 - utils.training - ERROR - Error creating visualization: boolean index did not match indexed array along dimension 0; dimension is 240 but corresponding boolean dimension is 120
2025-05-21 20:52:17,399 - matplotlib.image - WARNING - Clipping input data to the valid range for imshow with RGB data ([0..1] for floats or [0..255] for integers). Got range [-2.0494049..2.64].
2025-05-21 20:52:17,401 - utils.training - ERROR - Error creating visualization: boolean index did not match indexed array along dimension 0; dimension is 240 but corresponding boolean dimension is 120
2025-05-21 20:52:17,496 - matplotlib.image - WARNING - Clipping input data to the valid range for imshow with RGB data ([0..1] for floats or [0..255] for integers). Got range [-2.117904..2.5005665].
2025-05-21 20:52:17,498 - utils.training - ERROR - Error creating visualization: boolean index did not match indexed array along dimension 0; dimension is 240 but corresponding boolean dimension is 120
2025-05-21 20:52:17,590 - matplotlib.image - WARNING - Clipping input data to the valid range for imshow with RGB data ([0..1] for floats or [0..255] for integers). Got range [-2.117904..2.535425].
2025-05-21 20:52:17,591 - utils.training - ERROR - Error creating visualization: boolean index did not match indexed array along dimension 0; dimension is 240 but corresponding boolean dimension is 120
2025-05-21 20:52:17,685 - matplotlib.image - WARNING - Clipping input data to the valid range for imshow with RGB data ([0..1] for floats or [0..255] for integers). Got range [-2.117904..2.535425].
2025-05-21 20:52:17,687 - utils.training - ERROR - Error creating visualization: boolean index did not match indexed array along dimension 0; dimension is 240 but corresponding boolean dimension is 120
2025-05-21 20:52:17,777 - matplotlib.image - WARNING - Clipping input data to the valid range for imshow with RGB data ([0..1] for floats or [0..255] for integers). Got range [-2.117904..2.535425].
2025-05-21 20:52:17,779 - utils.training - ERROR - Error creating visualization: boolean index did not match indexed array along dimension 0; dimension is 240 but corresponding boolean dimension is 120
2025-05-21 20:52:17,872 - matplotlib.image - WARNING - Clipping input data to the valid range for imshow with RGB data ([0..1] for floats or [0..255] for integers). Got range [-2.117904..2.5528543].
2025-05-21 20:52:17,873 - utils.training - ERROR - Error creating visualization: boolean index did not match indexed array along dimension 0; dimension is 240 but corresponding boolean dimension is 120
2025-05-21 20:52:17,964 - matplotlib.image - WARNING - Clipping input data to the valid range for imshow with RGB data ([0..1] for floats or [0..255] for integers). Got range [-1.4500387..2.64].
2025-05-21 20:52:17,966 - utils.training - ERROR - Error creating visualization: boolean index did not match indexed array along dimension 0; dimension is 240 but corresponding boolean dimension is 120
2025-05-21 20:52:19,136 - matplotlib.image - WARNING - Clipping input data to the valid range for imshow with RGB data ([0..1] for floats or [0..255] for integers). Got range [-1.5280112..2.64].
2025-05-21 20:52:19,137 - utils.training - ERROR - Error creating visualization: boolean index did not match indexed array along dimension 0; dimension is 240 but corresponding boolean dimension is 120
2025-05-21 20:52:19,268 - matplotlib.image - WARNING - Clipping input data to the valid range for imshow with RGB data ([0..1] for floats or [0..255] for integers). Got range [-1.7069099..2.64].
2025-05-21 20:52:19,270 - utils.training - ERROR - Error creating visualization: boolean index did not match indexed array along dimension 0; dimension is 240 but corresponding boolean dimension is 120
2025-05-21 20:52:19,403 - matplotlib.image - WARNING - Clipping input data to the valid range for imshow with RGB data ([0..1] for floats or [0..255] for integers). Got range [-1.7582842..2.64].
2025-05-21 20:52:19,405 - utils.training - ERROR - Error creating visualization: boolean index did not match indexed array along dimension 0; dimension is 240 but corresponding boolean dimension is 120
2025-05-21 20:52:19,533 - matplotlib.image - WARNING - Clipping input data to the valid range for imshow with RGB data ([0..1] for floats or [0..255] for integers). Got range [-1.7582842..2.64].
2025-05-21 20:52:19,535 - utils.training - ERROR - Error creating visualization: boolean index did not match indexed array along dimension 0; dimension is 240 but corresponding boolean dimension is 120
2025-05-21 20:52:19,653 - matplotlib.image - WARNING - Clipping input data to the valid range for imshow with RGB data ([0..1] for floats or [0..255] for integers). Got range [-2.117904..2.3959913].
2025-05-21 20:52:19,655 - utils.training - ERROR - Error creating visualization: boolean index did not match indexed array along dimension 0; dimension is 240 but corresponding boolean dimension is 120
2025-05-21 20:52:19,773 - matplotlib.image - WARNING - Clipping input data to the valid range for imshow with RGB data ([0..1] for floats or [0..255] for integers). Got range [-2.0836544..2.3088455].
2025-05-21 20:52:19,775 - utils.training - ERROR - Error creating visualization: boolean index did not match indexed array along dimension 0; dimension is 240 but corresponding boolean dimension is 120
2025-05-21 20:52:19,885 - matplotlib.image - WARNING - Clipping input data to the valid range for imshow with RGB data ([0..1] for floats or [0..255] for integers). Got range [-2.0665298..2.0474076].
2025-05-21 20:52:19,887 - utils.training - ERROR - Error creating visualization: boolean index did not match indexed array along dimension 0; dimension is 240 but corresponding boolean dimension is 120
2025-05-21 20:52:20,001 - matplotlib.image - WARNING - Clipping input data to the valid range for imshow with RGB data ([0..1] for floats or [0..255] for integers). Got range [-2.117904..2.1484594].
2025-05-21 20:52:20,003 - utils.training - ERROR - Error creating visualization: boolean index did not match indexed array along dimension 0; dimension is 240 but corresponding boolean dimension is 120
2025-05-21 20:52:20,122 - matplotlib.image - WARNING - Clipping input data to the valid range for imshow with RGB data ([0..1] for floats or [0..255] for integers). Got range [-2.117904..2.343704].
2025-05-21 20:52:20,124 - utils.training - ERROR - Error creating visualization: boolean index did not match indexed array along dimension 0; dimension is 240 but corresponding boolean dimension is 120
2025-05-21 20:52:20,238 - matplotlib.image - WARNING - Clipping input data to the valid range for imshow with RGB data ([0..1] for floats or [0..255] for integers). Got range [-2.0494049..2.64].
2025-05-21 20:52:20,240 - utils.training - ERROR - Error creating visualization: boolean index did not match indexed array along dimension 0; dimension is 240 but corresponding boolean dimension is 120
2025-05-21 20:52:20,349 - matplotlib.image - WARNING - Clipping input data to the valid range for imshow with RGB data ([0..1] for floats or [0..255] for integers). Got range [-2.117904..2.64].
2025-05-21 20:52:20,350 - utils.training - ERROR - Error creating visualization: boolean index did not match indexed array along dimension 0; dimension is 240 but corresponding boolean dimension is 120
2025-05-21 20:52:20,467 - matplotlib.image - WARNING - Clipping input data to the valid range for imshow with RGB data ([0..1] for floats or [0..255] for integers). Got range [-2.0665298..2.64].
2025-05-21 20:52:20,469 - utils.training - ERROR - Error creating visualization: boolean index did not match indexed array along dimension 0; dimension is 240 but corresponding boolean dimension is 120
2025-05-21 20:52:20,586 - matplotlib.image - WARNING - Clipping input data to the valid range for imshow with RGB data ([0..1] for floats or [0..255] for integers). Got range [-2.0665298..2.64].
2025-05-21 20:52:20,587 - utils.training - ERROR - Error creating visualization: boolean index did not match indexed array along dimension 0; dimension is 240 but corresponding boolean dimension is 120
2025-05-21 20:52:20,699 - matplotlib.image - WARNING - Clipping input data to the valid range for imshow with RGB data ([0..1] for floats or [0..255] for integers). Got range [-2.117904..2.64].
2025-05-21 20:52:20,701 - utils.training - ERROR - Error creating visualization: boolean index did not match indexed array along dimension 0; dimension is 240 but corresponding boolean dimension is 120
2025-05-21 20:52:20,815 - matplotlib.image - WARNING - Clipping input data to the valid range for imshow with RGB data ([0..1] for floats or [0..255] for integers). Got range [-2.0494049..2.5528543].
2025-05-21 20:52:20,816 - utils.training - ERROR - Error creating visualization: boolean index did not match indexed array along dimension 0; dimension is 240 but corresponding boolean dimension is 120
2025-05-21 20:52:20,928 - matplotlib.image - WARNING - Clipping input data to the valid range for imshow with RGB data ([0..1] for floats or [0..255] for integers). Got range [-2.0665298..2.5528543].
2025-05-21 20:52:20,931 - utils.training - ERROR - Error creating visualization: boolean index did not match indexed array along dimension 0; dimension is 240 but corresponding boolean dimension is 120
2025-05-21 20:52:21,044 - matplotlib.image - WARNING - Clipping input data to the valid range for imshow with RGB data ([0..1] for floats or [0..255] for integers). Got range [-2.0494049..2.4308496].
2025-05-21 20:52:21,046 - utils.training - ERROR - Error creating visualization: boolean index did not match indexed array along dimension 0; dimension is 240 but corresponding boolean dimension is 120
2025-05-21 20:52:21,162 - matplotlib.image - WARNING - Clipping input data to the valid range for imshow with RGB data ([0..1] for floats or [0..255] for integers). Got range [-2.0494049..2.3785625].
2025-05-21 20:52:21,163 - utils.training - ERROR - Error creating visualization: boolean index did not match indexed array along dimension 0; dimension is 240 but corresponding boolean dimension is 120
2025-05-21 20:52:21,279 - matplotlib.image - WARNING - Clipping input data to the valid range for imshow with RGB data ([0..1] for floats or [0..255] for integers). Got range [-2.0665298..2.3959913].
2025-05-21 20:52:21,281 - utils.training - ERROR - Error creating visualization: boolean index did not match indexed array along dimension 0; dimension is 240 but corresponding boolean dimension is 120
2025-05-21 20:52:21,398 - matplotlib.image - WARNING - Clipping input data to the valid range for imshow with RGB data ([0..1] for floats or [0..255] for integers). Got range [-2.0494049..2.3959913].
2025-05-21 20:52:21,399 - utils.training - ERROR - Error creating visualization: boolean index did not match indexed array along dimension 0; dimension is 240 but corresponding boolean dimension is 120
2025-05-21 20:52:21,512 - matplotlib.image - WARNING - Clipping input data to the valid range for imshow with RGB data ([0..1] for floats or [0..255] for integers). Got range [-2.0494049..2.3785625].
2025-05-21 20:52:21,514 - utils.training - ERROR - Error creating visualization: boolean index did not match indexed array along dimension 0; dimension is 240 but corresponding boolean dimension is 120
2025-05-21 20:52:21,620 - matplotlib.image - WARNING - Clipping input data to the valid range for imshow with RGB data ([0..1] for floats or [0..255] for integers). Got range [-2.117904..2.5528543].
2025-05-21 20:52:21,622 - utils.training - ERROR - Error creating visualization: boolean index did not match indexed array along dimension 0; dimension is 240 but corresponding boolean dimension is 120
2025-05-21 20:52:21,731 - matplotlib.image - WARNING - Clipping input data to the valid range for imshow with RGB data ([0..1] for floats or [0..255] for integers). Got range [-2.0322802..2.3088455].
2025-05-21 20:52:21,733 - utils.training - ERROR - Error creating visualization: boolean index did not match indexed array along dimension 0; dimension is 240 but corresponding boolean dimension is 120
2025-05-21 20:52:21,844 - matplotlib.image - WARNING - Clipping input data to the valid range for imshow with RGB data ([0..1] for floats or [0..255] for integers). Got range [-2.117904..2.6051416].
2025-05-21 20:52:21,846 - utils.training - ERROR - Error creating visualization: boolean index did not match indexed array along dimension 0; dimension is 240 but corresponding boolean dimension is 120
2025-05-21 20:52:21,961 - matplotlib.image - WARNING - Clipping input data to the valid range for imshow with RGB data ([0..1] for floats or [0..255] for integers). Got range [-2.1007793..2.64].
2025-05-21 20:52:21,962 - utils.training - ERROR - Error creating visualization: boolean index did not match indexed array along dimension 0; dimension is 240 but corresponding boolean dimension is 120
2025-05-21 20:52:22,080 - matplotlib.image - WARNING - Clipping input data to the valid range for imshow with RGB data ([0..1] for floats or [0..255] for integers). Got range [-1.9124069..2.4134207].
2025-05-21 20:52:22,082 - utils.training - ERROR - Error creating visualization: boolean index did not match indexed array along dimension 0; dimension is 240 but corresponding boolean dimension is 120
2025-05-21 20:52:22,202 - matplotlib.image - WARNING - Clipping input data to the valid range for imshow with RGB data ([0..1] for floats or [0..255] for integers). Got range [-1.9466565..2.622571].
2025-05-21 20:52:22,203 - utils.training - ERROR - Error creating visualization: boolean index did not match indexed array along dimension 0; dimension is 240 but corresponding boolean dimension is 120
2025-05-21 20:52:22,319 - matplotlib.image - WARNING - Clipping input data to the valid range for imshow with RGB data ([0..1] for floats or [0..255] for integers). Got range [-1.980906..2.622571].
2025-05-21 20:52:22,321 - utils.training - ERROR - Error creating visualization: boolean index did not match indexed array along dimension 0; dimension is 240 but corresponding boolean dimension is 120
2025-05-21 20:52:22,430 - matplotlib.image - WARNING - Clipping input data to the valid range for imshow with RGB data ([0..1] for floats or [0..255] for integers). Got range [-1.9295317..2.5528543].
2025-05-21 20:52:22,431 - utils.training - ERROR - Error creating visualization: boolean index did not match indexed array along dimension 0; dimension is 240 but corresponding boolean dimension is 120
2025-05-21 20:52:22,540 - matplotlib.image - WARNING - Clipping input data to the valid range for imshow with RGB data ([0..1] for floats or [0..255] for integers). Got range [-1.8781574..2.64].
2025-05-21 20:52:22,542 - utils.training - ERROR - Error creating visualization: boolean index did not match indexed array along dimension 0; dimension is 240 but corresponding boolean dimension is 120
2025-05-21 20:52:22,650 - matplotlib.image - WARNING - Clipping input data to the valid range for imshow with RGB data ([0..1] for floats or [0..255] for integers). Got range [-1.9295317..2.64].
2025-05-21 20:52:22,652 - utils.training - ERROR - Error creating visualization: boolean index did not match indexed array along dimension 0; dimension is 240 but corresponding boolean dimension is 120
2025-05-21 20:52:22,773 - matplotlib.image - WARNING - Clipping input data to the valid range for imshow with RGB data ([0..1] for floats or [0..255] for integers). Got range [-1.9124069..2.64].
2025-05-21 20:52:22,775 - utils.training - ERROR - Error creating visualization: boolean index did not match indexed array along dimension 0; dimension is 240 but corresponding boolean dimension is 120
2025-05-21 20:52:22,898 - matplotlib.image - WARNING - Clipping input data to the valid range for imshow with RGB data ([0..1] for floats or [0..255] for integers). Got range [-1.8610327..2.64].
2025-05-21 20:52:22,899 - utils.training - ERROR - Error creating visualization: boolean index did not match indexed array along dimension 0; dimension is 240 but corresponding boolean dimension is 120
2025-05-21 20:52:23,014 - matplotlib.image - WARNING - Clipping input data to the valid range for imshow with RGB data ([0..1] for floats or [0..255] for integers). Got range [-1.8781574..2.622571].
2025-05-21 20:52:23,016 - utils.training - ERROR - Error creating visualization: boolean index did not match indexed array along dimension 0; dimension is 240 but corresponding boolean dimension is 120
2025-05-21 20:52:23,132 - matplotlib.image - WARNING - Clipping input data to the valid range for imshow with RGB data ([0..1] for floats or [0..255] for integers). Got range [-1.8952821..2.64].
2025-05-21 20:52:23,134 - utils.training - ERROR - Error creating visualization: boolean index did not match indexed array along dimension 0; dimension is 240 but corresponding boolean dimension is 120
2025-05-21 20:52:23,248 - matplotlib.image - WARNING - Clipping input data to the valid range for imshow with RGB data ([0..1] for floats or [0..255] for integers). Got range [-1.9124069..2.64].
2025-05-21 20:52:23,249 - utils.training - ERROR - Error creating visualization: boolean index did not match indexed array along dimension 0; dimension is 240 but corresponding boolean dimension is 120
2025-05-21 20:52:23,360 - matplotlib.image - WARNING - Clipping input data to the valid range for imshow with RGB data ([0..1] for floats or [0..255] for integers). Got range [-1.9124069..2.64].
2025-05-21 20:52:23,363 - utils.training - ERROR - Error creating visualization: boolean index did not match indexed array along dimension 0; dimension is 240 but corresponding boolean dimension is 120
2025-05-21 20:52:23,482 - matplotlib.image - WARNING - Clipping input data to the valid range for imshow with RGB data ([0..1] for floats or [0..255] for integers). Got range [-1.843908..2.64].
2025-05-21 20:52:23,484 - utils.training - ERROR - Error creating visualization: boolean index did not match indexed array along dimension 0; dimension is 240 but corresponding boolean dimension is 120
2025-05-21 20:52:23,610 - matplotlib.image - WARNING - Clipping input data to the valid range for imshow with RGB data ([0..1] for floats or [0..255] for integers). Got range [-1.9295317..2.6051416].
2025-05-21 20:52:23,611 - utils.training - ERROR - Error creating visualization: boolean index did not match indexed array along dimension 0; dimension is 240 but corresponding boolean dimension is 120
2025-05-21 20:52:23,734 - matplotlib.image - WARNING - Clipping input data to the valid range for imshow with RGB data ([0..1] for floats or [0..255] for integers). Got range [-1.8952821..2.5528543].
2025-05-21 20:52:23,736 - utils.training - ERROR - Error creating visualization: boolean index did not match indexed array along dimension 0; dimension is 240 but corresponding boolean dimension is 120
2025-05-21 20:52:23,856 - matplotlib.image - WARNING - Clipping input data to the valid range for imshow with RGB data ([0..1] for floats or [0..255] for integers). Got range [-2.0494049..2.64].
2025-05-21 20:52:23,858 - utils.training - ERROR - Error creating visualization: boolean index did not match indexed array along dimension 0; dimension is 240 but corresponding boolean dimension is 120
2025-05-21 20:52:23,968 - matplotlib.image - WARNING - Clipping input data to the valid range for imshow with RGB data ([0..1] for floats or [0..255] for integers). Got range [-2.0322802..2.64].
2025-05-21 20:52:23,969 - utils.training - ERROR - Error creating visualization: boolean index did not match indexed array along dimension 0; dimension is 240 but corresponding boolean dimension is 120
2025-05-21 20:52:24,091 - matplotlib.image - WARNING - Clipping input data to the valid range for imshow with RGB data ([0..1] for floats or [0..255] for integers). Got range [-2.0836544..2.64].
2025-05-21 20:52:24,092 - utils.training - ERROR - Error creating visualization: boolean index did not match indexed array along dimension 0; dimension is 240 but corresponding boolean dimension is 120
2025-05-21 20:52:24,212 - matplotlib.image - WARNING - Clipping input data to the valid range for imshow with RGB data ([0..1] for floats or [0..255] for integers). Got range [-2.1007793..2.2216995].
2025-05-21 20:52:24,214 - utils.training - ERROR - Error creating visualization: boolean index did not match indexed array along dimension 0; dimension is 240 but corresponding boolean dimension is 120
2025-05-21 20:52:24,326 - matplotlib.image - WARNING - Clipping input data to the valid range for imshow with RGB data ([0..1] for floats or [0..255] for integers). Got range [-1.7582842..1.7859696].
2025-05-21 20:52:24,328 - utils.training - ERROR - Error creating visualization: boolean index did not match indexed array along dimension 0; dimension is 240 but corresponding boolean dimension is 120
2025-05-21 20:52:24,439 - matplotlib.image - WARNING - Clipping input data to the valid range for imshow with RGB data ([0..1] for floats or [0..255] for integers). Got range [-1.7240347..1.7162529].
2025-05-21 20:52:24,441 - utils.training - ERROR - Error creating visualization: boolean index did not match indexed array along dimension 0; dimension is 240 but corresponding boolean dimension is 120
2025-05-21 20:52:24,559 - matplotlib.image - WARNING - Clipping input data to the valid range for imshow with RGB data ([0..1] for floats or [0..255] for integers). Got range [-1.7411594..1.8033988].
2025-05-21 20:52:24,561 - utils.training - ERROR - Error creating visualization: boolean index did not match indexed array along dimension 0; dimension is 240 but corresponding boolean dimension is 120
2025-05-21 20:52:24,684 - matplotlib.image - WARNING - Clipping input data to the valid range for imshow with RGB data ([0..1] for floats or [0..255] for integers). Got range [-1.7731092..1.8382572].
2025-05-21 20:52:24,685 - utils.training - ERROR - Error creating visualization: boolean index did not match indexed array along dimension 0; dimension is 240 but corresponding boolean dimension is 120
2025-05-21 20:52:24,805 - matplotlib.image - WARNING - Clipping input data to the valid range for imshow with RGB data ([0..1] for floats or [0..255] for integers). Got range [-1.6897851..1.7511113].
2025-05-21 20:52:24,807 - utils.training - ERROR - Error creating visualization: boolean index did not match indexed array along dimension 0; dimension is 240 but corresponding boolean dimension is 120
2025-05-21 20:52:24,924 - matplotlib.image - WARNING - Clipping input data to the valid range for imshow with RGB data ([0..1] for floats or [0..255] for integers). Got range [-1.7380952..1.5981677].
2025-05-21 20:52:24,926 - utils.training - ERROR - Error creating visualization: boolean index did not match indexed array along dimension 0; dimension is 240 but corresponding boolean dimension is 120
2025-05-21 20:52:25,047 - matplotlib.image - WARNING - Clipping input data to the valid range for imshow with RGB data ([0..1] for floats or [0..255] for integers). Got range [-1.7411594..1.6152923].
2025-05-21 20:52:25,048 - utils.training - ERROR - Error creating visualization: boolean index did not match indexed array along dimension 0; dimension is 240 but corresponding boolean dimension is 120
2025-05-21 20:52:25,164 - matplotlib.image - WARNING - Clipping input data to the valid range for imshow with RGB data ([0..1] for floats or [0..255] for integers). Got range [-2.117904..2.64].
2025-05-21 20:52:25,167 - utils.training - ERROR - Error creating visualization: boolean index did not match indexed array along dimension 0; dimension is 240 but corresponding boolean dimension is 120
2025-05-21 20:52:25,278 - matplotlib.image - WARNING - Clipping input data to the valid range for imshow with RGB data ([0..1] for floats or [0..255] for integers). Got range [-2.117904..2.64].
2025-05-21 20:52:25,282 - utils.training - ERROR - Error creating visualization: boolean index did not match indexed array along dimension 0; dimension is 240 but corresponding boolean dimension is 120
2025-05-21 20:52:25,400 - matplotlib.image - WARNING - Clipping input data to the valid range for imshow with RGB data ([0..1] for floats or [0..255] for integers). Got range [-2.117904..2.64].
2025-05-21 20:52:25,402 - utils.training - ERROR - Error creating visualization: boolean index did not match indexed array along dimension 0; dimension is 240 but corresponding boolean dimension is 120
2025-05-21 20:52:25,516 - matplotlib.image - WARNING - Clipping input data to the valid range for imshow with RGB data ([0..1] for floats or [0..255] for integers). Got range [-2.117904..2.64].
2025-05-21 20:52:25,518 - utils.training - ERROR - Error creating visualization: boolean index did not match indexed array along dimension 0; dimension is 240 but corresponding boolean dimension is 120
2025-05-21 20:52:25,629 - matplotlib.image - WARNING - Clipping input data to the valid range for imshow with RGB data ([0..1] for floats or [0..255] for integers). Got range [-2.117904..2.64].
2025-05-21 20:52:25,632 - utils.training - ERROR - Error creating visualization: boolean index did not match indexed array along dimension 0; dimension is 240 but corresponding boolean dimension is 120
2025-05-21 20:52:25,744 - matplotlib.image - WARNING - Clipping input data to the valid range for imshow with RGB data ([0..1] for floats or [0..255] for integers). Got range [-2.117904..2.1804092].
2025-05-21 20:52:25,746 - utils.training - ERROR - Error creating visualization: boolean index did not match indexed array along dimension 0; dimension is 240 but corresponding boolean dimension is 120
2025-05-21 20:52:25,857 - matplotlib.image - WARNING - Clipping input data to the valid range for imshow with RGB data ([0..1] for floats or [0..255] for integers). Got range [-2.117904..2.129035].
2025-05-21 20:52:25,859 - utils.training - ERROR - Error creating visualization: boolean index did not match indexed array along dimension 0; dimension is 240 but corresponding boolean dimension is 120
2025-05-21 20:52:25,978 - matplotlib.image - WARNING - Clipping input data to the valid range for imshow with RGB data ([0..1] for floats or [0..255] for integers). Got range [-2.117904..2.2489083].
2025-05-21 20:52:25,980 - utils.training - ERROR - Error creating visualization: boolean index did not match indexed array along dimension 0; dimension is 240 but corresponding boolean dimension is 120
2025-05-21 20:52:26,101 - matplotlib.image - WARNING - Clipping input data to the valid range for imshow with RGB data ([0..1] for floats or [0..255] for integers). Got range [-2.117904..2.3959913].
2025-05-21 20:52:26,104 - utils.training - ERROR - Error creating visualization: boolean index did not match indexed array along dimension 0; dimension is 240 but corresponding boolean dimension is 120
2025-05-21 20:52:26,217 - matplotlib.image - WARNING - Clipping input data to the valid range for imshow with RGB data ([0..1] for floats or [0..255] for integers). Got range [-2.117904..2.5702832].
2025-05-21 20:52:26,219 - utils.training - ERROR - Error creating visualization: boolean index did not match indexed array along dimension 0; dimension is 240 but corresponding boolean dimension is 120
2025-05-21 20:52:26,335 - matplotlib.image - WARNING - Clipping input data to the valid range for imshow with RGB data ([0..1] for floats or [0..255] for integers). Got range [-2.117904..2.64].
2025-05-21 20:52:26,336 - utils.training - ERROR - Error creating visualization: boolean index did not match indexed array along dimension 0; dimension is 240 but corresponding boolean dimension is 120
2025-05-21 20:52:26,447 - matplotlib.image - WARNING - Clipping input data to the valid range for imshow with RGB data ([0..1] for floats or [0..255] for integers). Got range [-2.117904..2.64].
2025-05-21 20:52:26,449 - utils.training - ERROR - Error creating visualization: boolean index did not match indexed array along dimension 0; dimension is 240 but corresponding boolean dimension is 120
2025-05-21 20:52:26,559 - matplotlib.image - WARNING - Clipping input data to the valid range for imshow with RGB data ([0..1] for floats or [0..255] for integers). Got range [-2.117904..2.64].
2025-05-21 20:52:26,561 - utils.training - ERROR - Error creating visualization: boolean index did not match indexed array along dimension 0; dimension is 240 but corresponding boolean dimension is 120
2025-05-21 20:52:26,679 - matplotlib.image - WARNING - Clipping input data to the valid range for imshow with RGB data ([0..1] for floats or [0..255] for integers). Got range [-2.117904..2.64].
2025-05-21 20:52:26,680 - utils.training - ERROR - Error creating visualization: boolean index did not match indexed array along dimension 0; dimension is 240 but corresponding boolean dimension is 120
2025-05-21 20:52:26,793 - matplotlib.image - WARNING - Clipping input data to the valid range for imshow with RGB data ([0..1] for floats or [0..255] for integers). Got range [-2.117904..2.64].
2025-05-21 20:52:26,794 - utils.training - ERROR - Error creating visualization: boolean index did not match indexed array along dimension 0; dimension is 240 but corresponding boolean dimension is 120
2025-05-21 20:52:26,912 - matplotlib.image - WARNING - Clipping input data to the valid range for imshow with RGB data ([0..1] for floats or [0..255] for integers). Got range [-2.117904..2.64].
2025-05-21 20:52:26,914 - utils.training - ERROR - Error creating visualization: boolean index did not match indexed array along dimension 0; dimension is 240 but corresponding boolean dimension is 120
2025-05-21 20:52:27,028 - matplotlib.image - WARNING - Clipping input data to the valid range for imshow with RGB data ([0..1] for floats or [0..255] for integers). Got range [-2.117904..2.64].
2025-05-21 20:52:27,030 - utils.training - ERROR - Error creating visualization: boolean index did not match indexed array along dimension 0; dimension is 240 but corresponding boolean dimension is 120
2025-05-21 20:52:27,134 - matplotlib.image - WARNING - Clipping input data to the valid range for imshow with RGB data ([0..1] for floats or [0..255] for integers). Got range [-2.117904..2.64].
2025-05-21 20:52:27,137 - utils.training - ERROR - Error creating visualization: boolean index did not match indexed array along dimension 0; dimension is 240 but corresponding boolean dimension is 120
2025-05-21 20:52:32,473 - utils.training - INFO - Epoch 2 validation - Loss: 2.9087
2025-05-21 20:52:32,474 - utils.training - INFO - No improvement for 2 epochs.
2025-05-21 20:53:46,873 - utils.training - INFO - Epoch 3 training - Loss: 2.9021
2025-05-21 20:53:47,127 - matplotlib.image - WARNING - Clipping input data to the valid range for imshow with RGB data ([0..1] for floats or [0..255] for integers). Got range [-2.0322802..2.64].
2025-05-21 20:53:47,129 - utils.training - ERROR - Error creating visualization: boolean index did not match indexed array along dimension 0; dimension is 240 but corresponding boolean dimension is 120
2025-05-21 20:53:47,228 - matplotlib.image - WARNING - Clipping input data to the valid range for imshow with RGB data ([0..1] for floats or [0..255] for integers). Got range [-2.0494049..2.64].
2025-05-21 20:53:47,230 - utils.training - ERROR - Error creating visualization: boolean index did not match indexed array along dimension 0; dimension is 240 but corresponding boolean dimension is 120
2025-05-21 20:53:47,315 - matplotlib.image - WARNING - Clipping input data to the valid range for imshow with RGB data ([0..1] for floats or [0..255] for integers). Got range [-2.0322802..2.64].
2025-05-21 20:53:47,317 - utils.training - ERROR - Error creating visualization: boolean index did not match indexed array along dimension 0; dimension is 240 but corresponding boolean dimension is 120
2025-05-21 20:53:47,410 - matplotlib.image - WARNING - Clipping input data to the valid range for imshow with RGB data ([0..1] for floats or [0..255] for integers). Got range [-2.0494049..2.64].
2025-05-21 20:53:47,412 - utils.training - ERROR - Error creating visualization: boolean index did not match indexed array along dimension 0; dimension is 240 but corresponding boolean dimension is 120
2025-05-21 20:53:47,507 - matplotlib.image - WARNING - Clipping input data to the valid range for imshow with RGB data ([0..1] for floats or [0..255] for integers). Got range [-2.0151556..2.64].
2025-05-21 20:53:47,509 - utils.training - ERROR - Error creating visualization: boolean index did not match indexed array along dimension 0; dimension is 240 but corresponding boolean dimension is 120
2025-05-21 20:53:47,598 - matplotlib.image - WARNING - Clipping input data to the valid range for imshow with RGB data ([0..1] for floats or [0..255] for integers). Got range [-2.0322802..2.64].
2025-05-21 20:53:47,601 - utils.training - ERROR - Error creating visualization: boolean index did not match indexed array along dimension 0; dimension is 240 but corresponding boolean dimension is 120
2025-05-21 20:53:47,691 - matplotlib.image - WARNING - Clipping input data to the valid range for imshow with RGB data ([0..1] for floats or [0..255] for integers). Got range [-2.0494049..2.64].
2025-05-21 20:53:47,694 - utils.training - ERROR - Error creating visualization: boolean index did not match indexed array along dimension 0; dimension is 240 but corresponding boolean dimension is 120
2025-05-21 20:53:47,798 - matplotlib.image - WARNING - Clipping input data to the valid range for imshow with RGB data ([0..1] for floats or [0..255] for integers). Got range [-2.0665298..2.64].
2025-05-21 20:53:47,800 - utils.training - ERROR - Error creating visualization: boolean index did not match indexed array along dimension 0; dimension is 240 but corresponding boolean dimension is 120
2025-05-21 20:53:47,887 - matplotlib.image - WARNING - Clipping input data to the valid range for imshow with RGB data ([0..1] for floats or [0..255] for integers). Got range [-2.1007793..2.64].
2025-05-21 20:53:47,889 - utils.training - ERROR - Error creating visualization: boolean index did not match indexed array along dimension 0; dimension is 240 but corresponding boolean dimension is 120
2025-05-21 20:53:47,970 - matplotlib.image - WARNING - Clipping input data to the valid range for imshow with RGB data ([0..1] for floats or [0..255] for integers). Got range [-2.1007793..2.64].
2025-05-21 20:53:47,972 - utils.training - ERROR - Error creating visualization: boolean index did not match indexed array along dimension 0; dimension is 240 but corresponding boolean dimension is 120
2025-05-21 20:53:48,061 - matplotlib.image - WARNING - Clipping input data to the valid range for imshow with RGB data ([0..1] for floats or [0..255] for integers). Got range [-2.0665298..2.64].
2025-05-21 20:53:48,063 - utils.training - ERROR - Error creating visualization: boolean index did not match indexed array along dimension 0; dimension is 240 but corresponding boolean dimension is 120
2025-05-21 20:53:48,157 - matplotlib.image - WARNING - Clipping input data to the valid range for imshow with RGB data ([0..1] for floats or [0..255] for integers). Got range [-2.0836544..2.64].
2025-05-21 20:53:48,159 - utils.training - ERROR - Error creating visualization: boolean index did not match indexed array along dimension 0; dimension is 240 but corresponding boolean dimension is 120
2025-05-21 20:53:48,243 - matplotlib.image - WARNING - Clipping input data to the valid range for imshow with RGB data ([0..1] for floats or [0..255] for integers). Got range [-1.9637812..2.64].
2025-05-21 20:53:48,245 - utils.training - ERROR - Error creating visualization: boolean index did not match indexed array along dimension 0; dimension is 240 but corresponding boolean dimension is 120
2025-05-21 20:53:48,345 - matplotlib.image - WARNING - Clipping input data to the valid range for imshow with RGB data ([0..1] for floats or [0..255] for integers). Got range [-2.0182073..2.64].
2025-05-21 20:53:48,347 - utils.training - ERROR - Error creating visualization: boolean index did not match indexed array along dimension 0; dimension is 240 but corresponding boolean dimension is 120
2025-05-21 20:53:48,441 - matplotlib.image - WARNING - Clipping input data to the valid range for imshow with RGB data ([0..1] for floats or [0..255] for integers). Got range [-1.8610327..2.64].
2025-05-21 20:53:48,444 - utils.training - ERROR - Error creating visualization: boolean index did not match indexed array along dimension 0; dimension is 240 but corresponding boolean dimension is 120
2025-05-21 20:53:48,528 - matplotlib.image - WARNING - Clipping input data to the valid range for imshow with RGB data ([0..1] for floats or [0..255] for integers). Got range [-2.117904..2.64].
2025-05-21 20:53:48,530 - utils.training - ERROR - Error creating visualization: boolean index did not match indexed array along dimension 0; dimension is 240 but corresponding boolean dimension is 120
2025-05-21 20:53:48,611 - matplotlib.image - WARNING - Clipping input data to the valid range for imshow with RGB data ([0..1] for floats or [0..255] for integers). Got range [-2.117904..2.64].
2025-05-21 20:53:48,614 - utils.training - ERROR - Error creating visualization: boolean index did not match indexed array along dimension 0; dimension is 240 but corresponding boolean dimension is 120
2025-05-21 20:53:48,703 - matplotlib.image - WARNING - Clipping input data to the valid range for imshow with RGB data ([0..1] for floats or [0..255] for integers). Got range [-2.117904..2.64].
2025-05-21 20:53:48,705 - utils.training - ERROR - Error creating visualization: boolean index did not match indexed array along dimension 0; dimension is 240 but corresponding boolean dimension is 120
2025-05-21 20:53:48,802 - matplotlib.image - WARNING - Clipping input data to the valid range for imshow with RGB data ([0..1] for floats or [0..255] for integers). Got range [-2.117904..2.64].
2025-05-21 20:53:48,804 - utils.training - ERROR - Error creating visualization: boolean index did not match indexed array along dimension 0; dimension is 240 but corresponding boolean dimension is 120
2025-05-21 20:53:48,900 - matplotlib.image - WARNING - Clipping input data to the valid range for imshow with RGB data ([0..1] for floats or [0..255] for integers). Got range [-2.117904..2.64].
2025-05-21 20:53:48,902 - utils.training - ERROR - Error creating visualization: boolean index did not match indexed array along dimension 0; dimension is 240 but corresponding boolean dimension is 120
2025-05-21 20:53:48,990 - matplotlib.image - WARNING - Clipping input data to the valid range for imshow with RGB data ([0..1] for floats or [0..255] for integers). Got range [-2.117904..2.64].
2025-05-21 20:53:48,992 - utils.training - ERROR - Error creating visualization: boolean index did not match indexed array along dimension 0; dimension is 240 but corresponding boolean dimension is 120
2025-05-21 20:53:49,076 - matplotlib.image - WARNING - Clipping input data to the valid range for imshow with RGB data ([0..1] for floats or [0..255] for integers). Got range [-2.117904..2.64].
2025-05-21 20:53:49,079 - utils.training - ERROR - Error creating visualization: boolean index did not match indexed array along dimension 0; dimension is 240 but corresponding boolean dimension is 120
2025-05-21 20:53:49,174 - matplotlib.image - WARNING - Clipping input data to the valid range for imshow with RGB data ([0..1] for floats or [0..255] for integers). Got range [-2.117904..2.64].
2025-05-21 20:53:49,176 - utils.training - ERROR - Error creating visualization: boolean index did not match indexed array along dimension 0; dimension is 240 but corresponding boolean dimension is 120
2025-05-21 20:53:49,271 - matplotlib.image - WARNING - Clipping input data to the valid range for imshow with RGB data ([0..1] for floats or [0..255] for integers). Got range [-2.117904..2.64].
2025-05-21 20:53:49,273 - utils.training - ERROR - Error creating visualization: boolean index did not match indexed array along dimension 0; dimension is 240 but corresponding boolean dimension is 120
2025-05-21 20:53:49,356 - matplotlib.image - WARNING - Clipping input data to the valid range for imshow with RGB data ([0..1] for floats or [0..255] for integers). Got range [-2.117904..2.64].
2025-05-21 20:53:49,358 - utils.training - ERROR - Error creating visualization: boolean index did not match indexed array along dimension 0; dimension is 240 but corresponding boolean dimension is 120
2025-05-21 20:53:49,452 - matplotlib.image - WARNING - Clipping input data to the valid range for imshow with RGB data ([0..1] for floats or [0..255] for integers). Got range [-2.117904..2.622571].
2025-05-21 20:53:49,454 - utils.training - ERROR - Error creating visualization: boolean index did not match indexed array along dimension 0; dimension is 240 but corresponding boolean dimension is 120
2025-05-21 20:53:49,548 - matplotlib.image - WARNING - Clipping input data to the valid range for imshow with RGB data ([0..1] for floats or [0..255] for integers). Got range [-2.117904..2.5877128].
2025-05-21 20:53:49,551 - utils.training - ERROR - Error creating visualization: boolean index did not match indexed array along dimension 0; dimension is 240 but corresponding boolean dimension is 120
2025-05-21 20:53:49,653 - matplotlib.image - WARNING - Clipping input data to the valid range for imshow with RGB data ([0..1] for floats or [0..255] for integers). Got range [-2.117904..2.64].
2025-05-21 20:53:49,656 - utils.training - ERROR - Error creating visualization: boolean index did not match indexed array along dimension 0; dimension is 240 but corresponding boolean dimension is 120
2025-05-21 20:53:49,743 - matplotlib.image - WARNING - Clipping input data to the valid range for imshow with RGB data ([0..1] for floats or [0..255] for integers). Got range [-2.117904..2.64].
2025-05-21 20:53:49,744 - utils.training - ERROR - Error creating visualization: boolean index did not match indexed array along dimension 0; dimension is 240 but corresponding boolean dimension is 120
2025-05-21 20:53:49,863 - matplotlib.image - WARNING - Clipping input data to the valid range for imshow with RGB data ([0..1] for floats or [0..255] for integers). Got range [-2.1007793..2.5528543].
2025-05-21 20:53:49,865 - utils.training - ERROR - Error creating visualization: boolean index did not match indexed array along dimension 0; dimension is 240 but corresponding boolean dimension is 120
2025-05-21 20:53:49,967 - matplotlib.image - WARNING - Clipping input data to the valid range for imshow with RGB data ([0..1] for floats or [0..255] for integers). Got range [-2.1007793..2.3959913].
2025-05-21 20:53:49,970 - utils.training - ERROR - Error creating visualization: boolean index did not match indexed array along dimension 0; dimension is 240 but corresponding boolean dimension is 120
2025-05-21 20:53:50,058 - matplotlib.image - WARNING - Clipping input data to the valid range for imshow with RGB data ([0..1] for floats or [0..255] for integers). Got range [-2.117904..2.465708].
2025-05-21 20:53:50,061 - utils.training - ERROR - Error creating visualization: boolean index did not match indexed array along dimension 0; dimension is 240 but corresponding boolean dimension is 120
2025-05-21 20:53:50,166 - matplotlib.image - WARNING - Clipping input data to the valid range for imshow with RGB data ([0..1] for floats or [0..255] for integers). Got range [-2.117904..2.5702832].
2025-05-21 20:53:50,169 - utils.training - ERROR - Error creating visualization: boolean index did not match indexed array along dimension 0; dimension is 240 but corresponding boolean dimension is 120
2025-05-21 20:53:50,280 - matplotlib.image - WARNING - Clipping input data to the valid range for imshow with RGB data ([0..1] for floats or [0..255] for integers). Got range [-2.117904..2.5702832].
2025-05-21 20:53:50,281 - utils.training - ERROR - Error creating visualization: boolean index did not match indexed array along dimension 0; dimension is 240 but corresponding boolean dimension is 120
2025-05-21 20:53:50,384 - matplotlib.image - WARNING - Clipping input data to the valid range for imshow with RGB data ([0..1] for floats or [0..255] for integers). Got range [-2.1007793..2.6051416].
2025-05-21 20:53:50,386 - utils.training - ERROR - Error creating visualization: boolean index did not match indexed array along dimension 0; dimension is 240 but corresponding boolean dimension is 120
2025-05-21 20:53:50,480 - matplotlib.image - WARNING - Clipping input data to the valid range for imshow with RGB data ([0..1] for floats or [0..255] for integers). Got range [-2.0665298..2.535425].
2025-05-21 20:53:50,482 - utils.training - ERROR - Error creating visualization: boolean index did not match indexed array along dimension 0; dimension is 240 but corresponding boolean dimension is 120
2025-05-21 20:53:50,574 - matplotlib.image - WARNING - Clipping input data to the valid range for imshow with RGB data ([0..1] for floats or [0..255] for integers). Got range [-2.0836544..2.5877128].
2025-05-21 20:53:50,577 - utils.training - ERROR - Error creating visualization: boolean index did not match indexed array along dimension 0; dimension is 240 but corresponding boolean dimension is 120
2025-05-21 20:53:50,673 - matplotlib.image - WARNING - Clipping input data to the valid range for imshow with RGB data ([0..1] for floats or [0..255] for integers). Got range [-2.1007793..2.5528543].
2025-05-21 20:53:50,675 - utils.training - ERROR - Error creating visualization: boolean index did not match indexed array along dimension 0; dimension is 240 but corresponding boolean dimension is 120
2025-05-21 20:53:50,756 - matplotlib.image - WARNING - Clipping input data to the valid range for imshow with RGB data ([0..1] for floats or [0..255] for integers). Got range [-2.117904..2.64].
2025-05-21 20:53:50,758 - utils.training - ERROR - Error creating visualization: boolean index did not match indexed array along dimension 0; dimension is 240 but corresponding boolean dimension is 120
2025-05-21 20:53:50,847 - matplotlib.image - WARNING - Clipping input data to the valid range for imshow with RGB data ([0..1] for floats or [0..255] for integers). Got range [-2.117904..2.64].
2025-05-21 20:53:50,849 - utils.training - ERROR - Error creating visualization: boolean index did not match indexed array along dimension 0; dimension is 240 but corresponding boolean dimension is 120
2025-05-21 20:53:50,941 - matplotlib.image - WARNING - Clipping input data to the valid range for imshow with RGB data ([0..1] for floats or [0..255] for integers). Got range [-2.117904..2.64].
2025-05-21 20:53:50,943 - utils.training - ERROR - Error creating visualization: boolean index did not match indexed array along dimension 0; dimension is 240 but corresponding boolean dimension is 120
2025-05-21 20:53:51,033 - matplotlib.image - WARNING - Clipping input data to the valid range for imshow with RGB data ([0..1] for floats or [0..255] for integers). Got range [-2.117904..2.64].
2025-05-21 20:53:51,036 - utils.training - ERROR - Error creating visualization: boolean index did not match indexed array along dimension 0; dimension is 240 but corresponding boolean dimension is 120
2025-05-21 20:53:51,131 - matplotlib.image - WARNING - Clipping input data to the valid range for imshow with RGB data ([0..1] for floats or [0..255] for integers). Got range [-2.117904..2.64].
2025-05-21 20:53:51,134 - utils.training - ERROR - Error creating visualization: boolean index did not match indexed array along dimension 0; dimension is 240 but corresponding boolean dimension is 120
2025-05-21 20:53:51,217 - matplotlib.image - WARNING - Clipping input data to the valid range for imshow with RGB data ([0..1] for floats or [0..255] for integers). Got range [-2.117904..2.64].
2025-05-21 20:53:51,219 - utils.training - ERROR - Error creating visualization: boolean index did not match indexed array along dimension 0; dimension is 240 but corresponding boolean dimension is 120
2025-05-21 20:53:51,312 - matplotlib.image - WARNING - Clipping input data to the valid range for imshow with RGB data ([0..1] for floats or [0..255] for integers). Got range [-2.117904..2.64].
2025-05-21 20:53:51,314 - utils.training - ERROR - Error creating visualization: boolean index did not match indexed array along dimension 0; dimension is 240 but corresponding boolean dimension is 120
2025-05-21 20:53:51,409 - matplotlib.image - WARNING - Clipping input data to the valid range for imshow with RGB data ([0..1] for floats or [0..255] for integers). Got range [-2.0665298..2.64].
2025-05-21 20:53:51,411 - utils.training - ERROR - Error creating visualization: boolean index did not match indexed array along dimension 0; dimension is 240 but corresponding boolean dimension is 120
2025-05-21 20:53:51,504 - matplotlib.image - WARNING - Clipping input data to the valid range for imshow with RGB data ([0..1] for floats or [0..255] for integers). Got range [-2.0836544..2.64].
2025-05-21 20:53:51,506 - utils.training - ERROR - Error creating visualization: boolean index did not match indexed array along dimension 0; dimension is 240 but corresponding boolean dimension is 120
2025-05-21 20:53:51,610 - matplotlib.image - WARNING - Clipping input data to the valid range for imshow with RGB data ([0..1] for floats or [0..255] for integers). Got range [-2.0494049..2.64].
2025-05-21 20:53:51,613 - utils.training - ERROR - Error creating visualization: boolean index did not match indexed array along dimension 0; dimension is 240 but corresponding boolean dimension is 120
2025-05-21 20:53:51,698 - matplotlib.image - WARNING - Clipping input data to the valid range for imshow with RGB data ([0..1] for floats or [0..255] for integers). Got range [-2.0182073..2.64].
2025-05-21 20:53:51,700 - utils.training - ERROR - Error creating visualization: boolean index did not match indexed array along dimension 0; dimension is 240 but corresponding boolean dimension is 120
2025-05-21 20:53:51,793 - matplotlib.image - WARNING - Clipping input data to the valid range for imshow with RGB data ([0..1] for floats or [0..255] for integers). Got range [-1.980906..2.622571].
2025-05-21 20:53:51,796 - utils.training - ERROR - Error creating visualization: boolean index did not match indexed array along dimension 0; dimension is 240 but corresponding boolean dimension is 120
2025-05-21 20:53:51,899 - matplotlib.image - WARNING - Clipping input data to the valid range for imshow with RGB data ([0..1] for floats or [0..255] for integers). Got range [-1.9980307..2.64].
2025-05-21 20:53:51,902 - utils.training - ERROR - Error creating visualization: boolean index did not match indexed array along dimension 0; dimension is 240 but corresponding boolean dimension is 120
2025-05-21 20:53:51,999 - matplotlib.image - WARNING - Clipping input data to the valid range for imshow with RGB data ([0..1] for floats or [0..255] for integers). Got range [-1.9980307..2.622571].
2025-05-21 20:53:52,001 - utils.training - ERROR - Error creating visualization: boolean index did not match indexed array along dimension 0; dimension is 240 but corresponding boolean dimension is 120
2025-05-21 20:53:52,088 - matplotlib.image - WARNING - Clipping input data to the valid range for imshow with RGB data ([0..1] for floats or [0..255] for integers). Got range [-2.0151556..2.64].
2025-05-21 20:53:52,090 - utils.training - ERROR - Error creating visualization: boolean index did not match indexed array along dimension 0; dimension is 240 but corresponding boolean dimension is 120
2025-05-21 20:53:52,192 - matplotlib.image - WARNING - Clipping input data to the valid range for imshow with RGB data ([0..1] for floats or [0..255] for integers). Got range [-2.0151556..2.64].
2025-05-21 20:53:52,197 - utils.training - ERROR - Error creating visualization: boolean index did not match indexed array along dimension 0; dimension is 240 but corresponding boolean dimension is 120
2025-05-21 20:53:52,282 - matplotlib.image - WARNING - Clipping input data to the valid range for imshow with RGB data ([0..1] for floats or [0..255] for integers). Got range [-2.0322802..2.64].
2025-05-21 20:53:52,284 - utils.training - ERROR - Error creating visualization: boolean index did not match indexed array along dimension 0; dimension is 240 but corresponding boolean dimension is 120
2025-05-21 20:53:52,392 - matplotlib.image - WARNING - Clipping input data to the valid range for imshow with RGB data ([0..1] for floats or [0..255] for integers). Got range [-2.0151556..2.622571].
2025-05-21 20:53:52,394 - utils.training - ERROR - Error creating visualization: boolean index did not match indexed array along dimension 0; dimension is 240 but corresponding boolean dimension is 120
2025-05-21 20:53:52,493 - matplotlib.image - WARNING - Clipping input data to the valid range for imshow with RGB data ([0..1] for floats or [0..255] for integers). Got range [-1.9980307..2.6051416].
2025-05-21 20:53:52,496 - utils.training - ERROR - Error creating visualization: boolean index did not match indexed array along dimension 0; dimension is 240 but corresponding boolean dimension is 120
2025-05-21 20:53:52,586 - matplotlib.image - WARNING - Clipping input data to the valid range for imshow with RGB data ([0..1] for floats or [0..255] for integers). Got range [-1.980906..2.64].
2025-05-21 20:53:52,589 - utils.training - ERROR - Error creating visualization: boolean index did not match indexed array along dimension 0; dimension is 240 but corresponding boolean dimension is 120
2025-05-21 20:53:52,676 - matplotlib.image - WARNING - Clipping input data to the valid range for imshow with RGB data ([0..1] for floats or [0..255] for integers). Got range [-2.0151556..2.622571].
2025-05-21 20:53:52,678 - utils.training - ERROR - Error creating visualization: boolean index did not match indexed array along dimension 0; dimension is 240 but corresponding boolean dimension is 120
2025-05-21 20:53:52,772 - matplotlib.image - WARNING - Clipping input data to the valid range for imshow with RGB data ([0..1] for floats or [0..255] for integers). Got range [-2.117904..2.64].
2025-05-21 20:53:52,774 - utils.training - ERROR - Error creating visualization: boolean index did not match indexed array along dimension 0; dimension is 240 but corresponding boolean dimension is 120
2025-05-21 20:53:52,868 - matplotlib.image - WARNING - Clipping input data to the valid range for imshow with RGB data ([0..1] for floats or [0..255] for integers). Got range [-2.117904..2.64].
2025-05-21 20:53:52,870 - utils.training - ERROR - Error creating visualization: boolean index did not match indexed array along dimension 0; dimension is 240 but corresponding boolean dimension is 120
2025-05-21 20:53:52,960 - matplotlib.image - WARNING - Clipping input data to the valid range for imshow with RGB data ([0..1] for floats or [0..255] for integers). Got range [-2.117904..2.64].
2025-05-21 20:53:52,962 - utils.training - ERROR - Error creating visualization: boolean index did not match indexed array along dimension 0; dimension is 240 but corresponding boolean dimension is 120
2025-05-21 20:53:53,056 - matplotlib.image - WARNING - Clipping input data to the valid range for imshow with RGB data ([0..1] for floats or [0..255] for integers). Got range [-2.117904..2.64].
2025-05-21 20:53:53,059 - utils.training - ERROR - Error creating visualization: boolean index did not match indexed array along dimension 0; dimension is 240 but corresponding boolean dimension is 120
2025-05-21 20:53:53,165 - matplotlib.image - WARNING - Clipping input data to the valid range for imshow with RGB data ([0..1] for floats or [0..255] for integers). Got range [-2.117904..2.622571].
2025-05-21 20:53:53,168 - utils.training - ERROR - Error creating visualization: boolean index did not match indexed array along dimension 0; dimension is 240 but corresponding boolean dimension is 120
2025-05-21 20:53:53,251 - matplotlib.image - WARNING - Clipping input data to the valid range for imshow with RGB data ([0..1] for floats or [0..255] for integers). Got range [-2.117904..2.64].
2025-05-21 20:53:53,254 - utils.training - ERROR - Error creating visualization: boolean index did not match indexed array along dimension 0; dimension is 240 but corresponding boolean dimension is 120
2025-05-21 20:53:53,347 - matplotlib.image - WARNING - Clipping input data to the valid range for imshow with RGB data ([0..1] for floats or [0..255] for integers). Got range [-2.117904..2.64].
2025-05-21 20:53:53,349 - utils.training - ERROR - Error creating visualization: boolean index did not match indexed array along dimension 0; dimension is 240 but corresponding boolean dimension is 120
2025-05-21 20:53:53,437 - matplotlib.image - WARNING - Clipping input data to the valid range for imshow with RGB data ([0..1] for floats or [0..255] for integers). Got range [-2.117904..2.64].
2025-05-21 20:53:53,439 - utils.training - ERROR - Error creating visualization: boolean index did not match indexed array along dimension 0; dimension is 240 but corresponding boolean dimension is 120
2025-05-21 20:53:53,627 - matplotlib.image - WARNING - Clipping input data to the valid range for imshow with RGB data ([0..1] for floats or [0..255] for integers). Got range [-2.117904..2.64].
2025-05-21 20:53:53,628 - utils.training - ERROR - Error creating visualization: boolean index did not match indexed array along dimension 0; dimension is 240 but corresponding boolean dimension is 120
2025-05-21 20:53:53,717 - matplotlib.image - WARNING - Clipping input data to the valid range for imshow with RGB data ([0..1] for floats or [0..255] for integers). Got range [-1.9637812..2.2042704].
2025-05-21 20:53:53,720 - utils.training - ERROR - Error creating visualization: boolean index did not match indexed array along dimension 0; dimension is 240 but corresponding boolean dimension is 120
2025-05-21 20:53:53,814 - matplotlib.image - WARNING - Clipping input data to the valid range for imshow with RGB data ([0..1] for floats or [0..255] for integers). Got range [-2.0151556..2.343704].
2025-05-21 20:53:53,819 - utils.training - ERROR - Error creating visualization: boolean index did not match indexed array along dimension 0; dimension is 240 but corresponding boolean dimension is 120
2025-05-21 20:53:53,913 - matplotlib.image - WARNING - Clipping input data to the valid range for imshow with RGB data ([0..1] for floats or [0..255] for integers). Got range [-1.980906..2.343704].
2025-05-21 20:53:53,916 - utils.training - ERROR - Error creating visualization: boolean index did not match indexed array along dimension 0; dimension is 240 but corresponding boolean dimension is 120
2025-05-21 20:53:54,007 - matplotlib.image - WARNING - Clipping input data to the valid range for imshow with RGB data ([0..1] for floats or [0..255] for integers). Got range [-1.9637812..2.343704].
2025-05-21 20:53:54,010 - utils.training - ERROR - Error creating visualization: boolean index did not match indexed array along dimension 0; dimension is 240 but corresponding boolean dimension is 120
2025-05-21 20:53:54,104 - matplotlib.image - WARNING - Clipping input data to the valid range for imshow with RGB data ([0..1] for floats or [0..255] for integers). Got range [-1.8610327..2.343704].
2025-05-21 20:53:54,107 - utils.training - ERROR - Error creating visualization: boolean index did not match indexed array along dimension 0; dimension is 240 but corresponding boolean dimension is 120
2025-05-21 20:53:54,193 - matplotlib.image - WARNING - Clipping input data to the valid range for imshow with RGB data ([0..1] for floats or [0..255] for integers). Got range [-1.7380952..2.2216995].
2025-05-21 20:53:54,196 - utils.training - ERROR - Error creating visualization: boolean index did not match indexed array along dimension 0; dimension is 240 but corresponding boolean dimension is 120
2025-05-21 20:53:54,290 - matplotlib.image - WARNING - Clipping input data to the valid range for imshow with RGB data ([0..1] for floats or [0..255] for integers). Got range [-2.117904..2.64].
2025-05-21 20:53:54,292 - utils.training - ERROR - Error creating visualization: boolean index did not match indexed array along dimension 0; dimension is 240 but corresponding boolean dimension is 120
2025-05-21 20:53:54,381 - matplotlib.image - WARNING - Clipping input data to the valid range for imshow with RGB data ([0..1] for floats or [0..255] for integers). Got range [-2.0836544..2.6051416].
2025-05-21 20:53:54,383 - utils.training - ERROR - Error creating visualization: boolean index did not match indexed array along dimension 0; dimension is 240 but corresponding boolean dimension is 120
2025-05-21 20:53:56,365 - matplotlib.image - WARNING - Clipping input data to the valid range for imshow with RGB data ([0..1] for floats or [0..255] for integers). Got range [-2.117904..2.64].
2025-05-21 20:53:56,367 - utils.training - ERROR - Error creating visualization: boolean index did not match indexed array along dimension 0; dimension is 240 but corresponding boolean dimension is 120
2025-05-21 20:53:56,606 - matplotlib.image - WARNING - Clipping input data to the valid range for imshow with RGB data ([0..1] for floats or [0..255] for integers). Got range [-2.117904..2.6051416].
2025-05-21 20:53:56,608 - utils.training - ERROR - Error creating visualization: boolean index did not match indexed array along dimension 0; dimension is 240 but corresponding boolean dimension is 120
2025-05-21 20:53:56,813 - matplotlib.image - WARNING - Clipping input data to the valid range for imshow with RGB data ([0..1] for floats or [0..255] for integers). Got range [-2.117904..2.5528543].
2025-05-21 20:53:56,814 - utils.training - ERROR - Error creating visualization: boolean index did not match indexed array along dimension 0; dimension is 240 but corresponding boolean dimension is 120
2025-05-21 20:53:56,987 - matplotlib.image - WARNING - Clipping input data to the valid range for imshow with RGB data ([0..1] for floats or [0..255] for integers). Got range [-2.117904..2.535425].
2025-05-21 20:53:56,992 - utils.training - ERROR - Error creating visualization: boolean index did not match indexed array along dimension 0; dimension is 240 but corresponding boolean dimension is 120
2025-05-21 20:53:57,142 - matplotlib.image - WARNING - Clipping input data to the valid range for imshow with RGB data ([0..1] for floats or [0..255] for integers). Got range [-2.117904..2.5528543].
2025-05-21 20:53:57,144 - utils.training - ERROR - Error creating visualization: boolean index did not match indexed array along dimension 0; dimension is 240 but corresponding boolean dimension is 120
2025-05-21 20:53:57,281 - matplotlib.image - WARNING - Clipping input data to the valid range for imshow with RGB data ([0..1] for floats or [0..255] for integers). Got range [-1.5699118..2.622571].
2025-05-21 20:53:57,283 - utils.training - ERROR - Error creating visualization: boolean index did not match indexed array along dimension 0; dimension is 240 but corresponding boolean dimension is 120
2025-05-21 20:53:57,409 - matplotlib.image - WARNING - Clipping input data to the valid range for imshow with RGB data ([0..1] for floats or [0..255] for integers). Got range [-1.5527872..2.64].
2025-05-21 20:53:57,410 - utils.training - ERROR - Error creating visualization: boolean index did not match indexed array along dimension 0; dimension is 240 but corresponding boolean dimension is 120
2025-05-21 20:53:57,539 - matplotlib.image - WARNING - Clipping input data to the valid range for imshow with RGB data ([0..1] for floats or [0..255] for integers). Got range [-1.2445416..2.64].
2025-05-21 20:53:57,543 - utils.training - ERROR - Error creating visualization: boolean index did not match indexed array along dimension 0; dimension is 240 but corresponding boolean dimension is 120
2025-05-21 20:53:57,664 - matplotlib.image - WARNING - Clipping input data to the valid range for imshow with RGB data ([0..1] for floats or [0..255] for integers). Got range [-1.8952821..2.64].
2025-05-21 20:53:57,667 - utils.training - ERROR - Error creating visualization: boolean index did not match indexed array along dimension 0; dimension is 240 but corresponding boolean dimension is 120
2025-05-21 20:53:57,792 - matplotlib.image - WARNING - Clipping input data to the valid range for imshow with RGB data ([0..1] for floats or [0..255] for integers). Got range [-1.3130406..2.622571].
2025-05-21 20:53:57,794 - utils.training - ERROR - Error creating visualization: boolean index did not match indexed array along dimension 0; dimension is 240 but corresponding boolean dimension is 120
2025-05-21 20:53:57,914 - matplotlib.image - WARNING - Clipping input data to the valid range for imshow with RGB data ([0..1] for floats or [0..255] for integers). Got range [-1.9637812..2.64].
2025-05-21 20:53:57,916 - utils.training - ERROR - Error creating visualization: boolean index did not match indexed array along dimension 0; dimension is 240 but corresponding boolean dimension is 120
2025-05-21 20:53:58,028 - matplotlib.image - WARNING - Clipping input data to the valid range for imshow with RGB data ([0..1] for floats or [0..255] for integers). Got range [-2.117904..2.64].
2025-05-21 20:53:58,030 - utils.training - ERROR - Error creating visualization: boolean index did not match indexed array along dimension 0; dimension is 240 but corresponding boolean dimension is 120
2025-05-21 20:53:58,150 - matplotlib.image - WARNING - Clipping input data to the valid range for imshow with RGB data ([0..1] for floats or [0..255] for integers). Got range [-2.0494049..2.64].
2025-05-21 20:53:58,152 - utils.training - ERROR - Error creating visualization: boolean index did not match indexed array along dimension 0; dimension is 240 but corresponding boolean dimension is 120
2025-05-21 20:53:58,261 - matplotlib.image - WARNING - Clipping input data to the valid range for imshow with RGB data ([0..1] for floats or [0..255] for integers). Got range [-2.0665298..2.64].
2025-05-21 20:53:58,263 - utils.training - ERROR - Error creating visualization: boolean index did not match indexed array along dimension 0; dimension is 240 but corresponding boolean dimension is 120
2025-05-21 20:53:58,378 - matplotlib.image - WARNING - Clipping input data to the valid range for imshow with RGB data ([0..1] for floats or [0..255] for integers). Got range [-1.9637812..2.64].
2025-05-21 20:53:58,380 - utils.training - ERROR - Error creating visualization: boolean index did not match indexed array along dimension 0; dimension is 240 but corresponding boolean dimension is 120
2025-05-21 20:53:58,497 - matplotlib.image - WARNING - Clipping input data to the valid range for imshow with RGB data ([0..1] for floats or [0..255] for integers). Got range [-1.8606442..2.4134207].
2025-05-21 20:53:58,500 - utils.training - ERROR - Error creating visualization: boolean index did not match indexed array along dimension 0; dimension is 240 but corresponding boolean dimension is 120
2025-05-21 20:53:58,613 - matplotlib.image - WARNING - Clipping input data to the valid range for imshow with RGB data ([0..1] for floats or [0..255] for integers). Got range [-1.9481792..2.3785625].
2025-05-21 20:53:58,615 - utils.training - ERROR - Error creating visualization: boolean index did not match indexed array along dimension 0; dimension is 240 but corresponding boolean dimension is 120
2025-05-21 20:53:58,719 - matplotlib.image - WARNING - Clipping input data to the valid range for imshow with RGB data ([0..1] for floats or [0..255] for integers). Got range [-1.9131652..2.2739873].
2025-05-21 20:53:58,721 - utils.training - ERROR - Error creating visualization: boolean index did not match indexed array along dimension 0; dimension is 240 but corresponding boolean dimension is 120
2025-05-21 20:53:58,837 - matplotlib.image - WARNING - Clipping input data to the valid range for imshow with RGB data ([0..1] for floats or [0..255] for integers). Got range [-1.9306722..2.3959913].
2025-05-21 20:53:58,838 - utils.training - ERROR - Error creating visualization: boolean index did not match indexed array along dimension 0; dimension is 240 but corresponding boolean dimension is 120
2025-05-21 20:53:58,955 - matplotlib.image - WARNING - Clipping input data to the valid range for imshow with RGB data ([0..1] for floats or [0..255] for integers). Got range [-1.9131652..2.4482791].
2025-05-21 20:53:58,956 - utils.training - ERROR - Error creating visualization: boolean index did not match indexed array along dimension 0; dimension is 240 but corresponding boolean dimension is 120
2025-05-21 20:53:59,068 - matplotlib.image - WARNING - Clipping input data to the valid range for imshow with RGB data ([0..1] for floats or [0..255] for integers). Got range [-1.9131652..2.3959913].
2025-05-21 20:53:59,070 - utils.training - ERROR - Error creating visualization: boolean index did not match indexed array along dimension 0; dimension is 240 but corresponding boolean dimension is 120
2025-05-21 20:53:59,181 - matplotlib.image - WARNING - Clipping input data to the valid range for imshow with RGB data ([0..1] for floats or [0..255] for integers). Got range [-1.8956583..2.4308496].
2025-05-21 20:53:59,183 - utils.training - ERROR - Error creating visualization: boolean index did not match indexed array along dimension 0; dimension is 240 but corresponding boolean dimension is 120
2025-05-21 20:53:59,294 - matplotlib.image - WARNING - Clipping input data to the valid range for imshow with RGB data ([0..1] for floats or [0..255] for integers). Got range [-1.9306722..2.3785625].
2025-05-21 20:53:59,295 - utils.training - ERROR - Error creating visualization: boolean index did not match indexed array along dimension 0; dimension is 240 but corresponding boolean dimension is 120
2025-05-21 20:53:59,408 - matplotlib.image - WARNING - Clipping input data to the valid range for imshow with RGB data ([0..1] for floats or [0..255] for integers). Got range [-1.9481792..2.3611329].
2025-05-21 20:53:59,411 - utils.training - ERROR - Error creating visualization: boolean index did not match indexed array along dimension 0; dimension is 240 but corresponding boolean dimension is 120
2025-05-21 20:53:59,519 - matplotlib.image - WARNING - Clipping input data to the valid range for imshow with RGB data ([0..1] for floats or [0..255] for integers). Got range [-2.117904..2.64].
2025-05-21 20:53:59,521 - utils.training - ERROR - Error creating visualization: boolean index did not match indexed array along dimension 0; dimension is 240 but corresponding boolean dimension is 120
2025-05-21 20:53:59,635 - matplotlib.image - WARNING - Clipping input data to the valid range for imshow with RGB data ([0..1] for floats or [0..255] for integers). Got range [-2.117904..2.64].
2025-05-21 20:53:59,636 - utils.training - ERROR - Error creating visualization: boolean index did not match indexed array along dimension 0; dimension is 240 but corresponding boolean dimension is 120
2025-05-21 20:53:59,747 - matplotlib.image - WARNING - Clipping input data to the valid range for imshow with RGB data ([0..1] for floats or [0..255] for integers). Got range [-2.117904..2.64].
2025-05-21 20:53:59,750 - utils.training - ERROR - Error creating visualization: boolean index did not match indexed array along dimension 0; dimension is 240 but corresponding boolean dimension is 120
2025-05-21 20:53:59,868 - matplotlib.image - WARNING - Clipping input data to the valid range for imshow with RGB data ([0..1] for floats or [0..255] for integers). Got range [-2.117904..2.64].
2025-05-21 20:53:59,869 - utils.training - ERROR - Error creating visualization: boolean index did not match indexed array along dimension 0; dimension is 240 but corresponding boolean dimension is 120
2025-05-21 20:53:59,989 - matplotlib.image - WARNING - Clipping input data to the valid range for imshow with RGB data ([0..1] for floats or [0..255] for integers). Got range [-2.117904..2.64].
2025-05-21 20:53:59,991 - utils.training - ERROR - Error creating visualization: boolean index did not match indexed array along dimension 0; dimension is 240 but corresponding boolean dimension is 120
2025-05-21 20:54:00,104 - matplotlib.image - WARNING - Clipping input data to the valid range for imshow with RGB data ([0..1] for floats or [0..255] for integers). Got range [-2.117904..2.64].
2025-05-21 20:54:00,106 - utils.training - ERROR - Error creating visualization: boolean index did not match indexed array along dimension 0; dimension is 240 but corresponding boolean dimension is 120
2025-05-21 20:54:00,221 - matplotlib.image - WARNING - Clipping input data to the valid range for imshow with RGB data ([0..1] for floats or [0..255] for integers). Got range [-2.117904..2.64].
2025-05-21 20:54:00,223 - utils.training - ERROR - Error creating visualization: boolean index did not match indexed array along dimension 0; dimension is 240 but corresponding boolean dimension is 120
2025-05-21 20:54:00,335 - matplotlib.image - WARNING - Clipping input data to the valid range for imshow with RGB data ([0..1] for floats or [0..255] for integers). Got range [-2.117904..2.64].
2025-05-21 20:54:00,336 - utils.training - ERROR - Error creating visualization: boolean index did not match indexed array along dimension 0; dimension is 240 but corresponding boolean dimension is 120
2025-05-21 20:54:00,452 - matplotlib.image - WARNING - Clipping input data to the valid range for imshow with RGB data ([0..1] for floats or [0..255] for integers). Got range [-1.9980307..2.64].
2025-05-21 20:54:00,454 - utils.training - ERROR - Error creating visualization: boolean index did not match indexed array along dimension 0; dimension is 240 but corresponding boolean dimension is 120
2025-05-21 20:54:00,584 - matplotlib.image - WARNING - Clipping input data to the valid range for imshow with RGB data ([0..1] for floats or [0..255] for integers). Got range [-2.0665298..2.64].
2025-05-21 20:54:00,589 - utils.training - ERROR - Error creating visualization: boolean index did not match indexed array along dimension 0; dimension is 240 but corresponding boolean dimension is 120
2025-05-21 20:54:00,722 - matplotlib.image - WARNING - Clipping input data to the valid range for imshow with RGB data ([0..1] for floats or [0..255] for integers). Got range [-2.0665298..2.64].
2025-05-21 20:54:00,724 - utils.training - ERROR - Error creating visualization: boolean index did not match indexed array along dimension 0; dimension is 240 but corresponding boolean dimension is 120
2025-05-21 20:54:00,852 - matplotlib.image - WARNING - Clipping input data to the valid range for imshow with RGB data ([0..1] for floats or [0..255] for integers). Got range [-2.0494049..2.5877128].
2025-05-21 20:54:00,854 - utils.training - ERROR - Error creating visualization: boolean index did not match indexed array along dimension 0; dimension is 240 but corresponding boolean dimension is 120
2025-05-21 20:54:00,974 - matplotlib.image - WARNING - Clipping input data to the valid range for imshow with RGB data ([0..1] for floats or [0..255] for integers). Got range [-2.0665298..2.6051416].
2025-05-21 20:54:00,980 - utils.training - ERROR - Error creating visualization: boolean index did not match indexed array along dimension 0; dimension is 240 but corresponding boolean dimension is 120
2025-05-21 20:54:01,096 - matplotlib.image - WARNING - Clipping input data to the valid range for imshow with RGB data ([0..1] for floats or [0..255] for integers). Got range [-1.8956583..2.5877128].
2025-05-21 20:54:01,098 - utils.training - ERROR - Error creating visualization: boolean index did not match indexed array along dimension 0; dimension is 240 but corresponding boolean dimension is 120
2025-05-21 20:54:01,210 - matplotlib.image - WARNING - Clipping input data to the valid range for imshow with RGB data ([0..1] for floats or [0..255] for integers). Got range [-1.8781574..2.64].
2025-05-21 20:54:01,212 - utils.training - ERROR - Error creating visualization: boolean index did not match indexed array along dimension 0; dimension is 240 but corresponding boolean dimension is 120
2025-05-21 20:54:01,322 - matplotlib.image - WARNING - Clipping input data to the valid range for imshow with RGB data ([0..1] for floats or [0..255] for integers). Got range [-1.8267832..2.64].
2025-05-21 20:54:01,324 - utils.training - ERROR - Error creating visualization: boolean index did not match indexed array along dimension 0; dimension is 240 but corresponding boolean dimension is 120
2025-05-21 20:54:01,442 - matplotlib.image - WARNING - Clipping input data to the valid range for imshow with RGB data ([0..1] for floats or [0..255] for integers). Got range [-1.8431373..2.465708].
2025-05-21 20:54:01,444 - utils.training - ERROR - Error creating visualization: boolean index did not match indexed array along dimension 0; dimension is 240 but corresponding boolean dimension is 120
2025-05-21 20:54:01,563 - matplotlib.image - WARNING - Clipping input data to the valid range for imshow with RGB data ([0..1] for floats or [0..255] for integers). Got range [-1.8606442..2.64].
2025-05-21 20:54:01,565 - utils.training - ERROR - Error creating visualization: boolean index did not match indexed array along dimension 0; dimension is 240 but corresponding boolean dimension is 120
2025-05-21 20:54:01,680 - matplotlib.image - WARNING - Clipping input data to the valid range for imshow with RGB data ([0..1] for floats or [0..255] for integers). Got range [-1.8044444..2.64].
2025-05-21 20:54:01,683 - utils.training - ERROR - Error creating visualization: boolean index did not match indexed array along dimension 0; dimension is 240 but corresponding boolean dimension is 120
2025-05-21 20:54:01,797 - matplotlib.image - WARNING - Clipping input data to the valid range for imshow with RGB data ([0..1] for floats or [0..255] for integers). Got range [-1.8267832..2.64].
2025-05-21 20:54:01,801 - utils.training - ERROR - Error creating visualization: boolean index did not match indexed array along dimension 0; dimension is 240 but corresponding boolean dimension is 120
2025-05-21 20:54:01,913 - matplotlib.image - WARNING - Clipping input data to the valid range for imshow with RGB data ([0..1] for floats or [0..255] for integers). Got range [-1.843908..2.64].
2025-05-21 20:54:01,915 - utils.training - ERROR - Error creating visualization: boolean index did not match indexed array along dimension 0; dimension is 240 but corresponding boolean dimension is 120
2025-05-21 20:54:02,037 - matplotlib.image - WARNING - Clipping input data to the valid range for imshow with RGB data ([0..1] for floats or [0..255] for integers). Got range [-2.0357141..2.64].
2025-05-21 20:54:02,042 - utils.training - ERROR - Error creating visualization: boolean index did not match indexed array along dimension 0; dimension is 240 but corresponding boolean dimension is 120
2025-05-21 20:54:02,163 - matplotlib.image - WARNING - Clipping input data to the valid range for imshow with RGB data ([0..1] for floats or [0..255] for integers). Got range [-2.0494049..2.64].
2025-05-21 20:54:02,165 - utils.training - ERROR - Error creating visualization: boolean index did not match indexed array along dimension 0; dimension is 240 but corresponding boolean dimension is 120
2025-05-21 20:54:02,295 - matplotlib.image - WARNING - Clipping input data to the valid range for imshow with RGB data ([0..1] for floats or [0..255] for integers). Got range [-2.0494049..2.64].
2025-05-21 20:54:02,296 - utils.training - ERROR - Error creating visualization: boolean index did not match indexed array along dimension 0; dimension is 240 but corresponding boolean dimension is 120
2025-05-21 20:54:02,409 - matplotlib.image - WARNING - Clipping input data to the valid range for imshow with RGB data ([0..1] for floats or [0..255] for integers). Got range [-2.117904..2.5005665].
2025-05-21 20:54:02,410 - utils.training - ERROR - Error creating visualization: boolean index did not match indexed array along dimension 0; dimension is 240 but corresponding boolean dimension is 120
2025-05-21 20:54:02,526 - matplotlib.image - WARNING - Clipping input data to the valid range for imshow with RGB data ([0..1] for floats or [0..255] for integers). Got range [-2.117904..2.535425].
2025-05-21 20:54:02,529 - utils.training - ERROR - Error creating visualization: boolean index did not match indexed array along dimension 0; dimension is 240 but corresponding boolean dimension is 120
2025-05-21 20:54:02,650 - matplotlib.image - WARNING - Clipping input data to the valid range for imshow with RGB data ([0..1] for floats or [0..255] for integers). Got range [-2.117904..2.535425].
2025-05-21 20:54:02,653 - utils.training - ERROR - Error creating visualization: boolean index did not match indexed array along dimension 0; dimension is 240 but corresponding boolean dimension is 120
2025-05-21 20:54:02,772 - matplotlib.image - WARNING - Clipping input data to the valid range for imshow with RGB data ([0..1] for floats or [0..255] for integers). Got range [-2.117904..2.535425].
2025-05-21 20:54:02,773 - utils.training - ERROR - Error creating visualization: boolean index did not match indexed array along dimension 0; dimension is 240 but corresponding boolean dimension is 120
2025-05-21 20:54:02,894 - matplotlib.image - WARNING - Clipping input data to the valid range for imshow with RGB data ([0..1] for floats or [0..255] for integers). Got range [-2.117904..2.5528543].
2025-05-21 20:54:02,896 - utils.training - ERROR - Error creating visualization: boolean index did not match indexed array along dimension 0; dimension is 240 but corresponding boolean dimension is 120
2025-05-21 20:54:03,010 - matplotlib.image - WARNING - Clipping input data to the valid range for imshow with RGB data ([0..1] for floats or [0..255] for integers). Got range [-1.4500387..2.64].
2025-05-21 20:54:03,012 - utils.training - ERROR - Error creating visualization: boolean index did not match indexed array along dimension 0; dimension is 240 but corresponding boolean dimension is 120
2025-05-21 20:54:03,124 - matplotlib.image - WARNING - Clipping input data to the valid range for imshow with RGB data ([0..1] for floats or [0..255] for integers). Got range [-1.5280112..2.64].
2025-05-21 20:54:03,126 - utils.training - ERROR - Error creating visualization: boolean index did not match indexed array along dimension 0; dimension is 240 but corresponding boolean dimension is 120
2025-05-21 20:54:03,241 - matplotlib.image - WARNING - Clipping input data to the valid range for imshow with RGB data ([0..1] for floats or [0..255] for integers). Got range [-1.7069099..2.64].
2025-05-21 20:54:03,244 - utils.training - ERROR - Error creating visualization: boolean index did not match indexed array along dimension 0; dimension is 240 but corresponding boolean dimension is 120
2025-05-21 20:54:03,367 - matplotlib.image - WARNING - Clipping input data to the valid range for imshow with RGB data ([0..1] for floats or [0..255] for integers). Got range [-1.7582842..2.64].
2025-05-21 20:54:03,369 - utils.training - ERROR - Error creating visualization: boolean index did not match indexed array along dimension 0; dimension is 240 but corresponding boolean dimension is 120
2025-05-21 20:54:03,488 - matplotlib.image - WARNING - Clipping input data to the valid range for imshow with RGB data ([0..1] for floats or [0..255] for integers). Got range [-1.7582842..2.64].
2025-05-21 20:54:03,490 - utils.training - ERROR - Error creating visualization: boolean index did not match indexed array along dimension 0; dimension is 240 but corresponding boolean dimension is 120
2025-05-21 20:54:03,601 - matplotlib.image - WARNING - Clipping input data to the valid range for imshow with RGB data ([0..1] for floats or [0..255] for integers). Got range [-2.117904..2.3959913].
2025-05-21 20:54:03,602 - utils.training - ERROR - Error creating visualization: boolean index did not match indexed array along dimension 0; dimension is 240 but corresponding boolean dimension is 120
2025-05-21 20:54:03,715 - matplotlib.image - WARNING - Clipping input data to the valid range for imshow with RGB data ([0..1] for floats or [0..255] for integers). Got range [-2.0836544..2.3088455].
2025-05-21 20:54:03,716 - utils.training - ERROR - Error creating visualization: boolean index did not match indexed array along dimension 0; dimension is 240 but corresponding boolean dimension is 120
2025-05-21 20:54:03,829 - matplotlib.image - WARNING - Clipping input data to the valid range for imshow with RGB data ([0..1] for floats or [0..255] for integers). Got range [-2.0665298..2.0474076].
2025-05-21 20:54:03,830 - utils.training - ERROR - Error creating visualization: boolean index did not match indexed array along dimension 0; dimension is 240 but corresponding boolean dimension is 120
2025-05-21 20:54:03,949 - matplotlib.image - WARNING - Clipping input data to the valid range for imshow with RGB data ([0..1] for floats or [0..255] for integers). Got range [-2.117904..2.1484594].
2025-05-21 20:54:03,951 - utils.training - ERROR - Error creating visualization: boolean index did not match indexed array along dimension 0; dimension is 240 but corresponding boolean dimension is 120
2025-05-21 20:54:04,064 - matplotlib.image - WARNING - Clipping input data to the valid range for imshow with RGB data ([0..1] for floats or [0..255] for integers). Got range [-2.117904..2.343704].
2025-05-21 20:54:04,067 - utils.training - ERROR - Error creating visualization: boolean index did not match indexed array along dimension 0; dimension is 240 but corresponding boolean dimension is 120
2025-05-21 20:54:04,181 - matplotlib.image - WARNING - Clipping input data to the valid range for imshow with RGB data ([0..1] for floats or [0..255] for integers). Got range [-2.0494049..2.64].
2025-05-21 20:54:04,182 - utils.training - ERROR - Error creating visualization: boolean index did not match indexed array along dimension 0; dimension is 240 but corresponding boolean dimension is 120
2025-05-21 20:54:04,302 - matplotlib.image - WARNING - Clipping input data to the valid range for imshow with RGB data ([0..1] for floats or [0..255] for integers). Got range [-2.117904..2.64].
2025-05-21 20:54:04,304 - utils.training - ERROR - Error creating visualization: boolean index did not match indexed array along dimension 0; dimension is 240 but corresponding boolean dimension is 120
2025-05-21 20:54:04,412 - matplotlib.image - WARNING - Clipping input data to the valid range for imshow with RGB data ([0..1] for floats or [0..255] for integers). Got range [-2.0665298..2.64].
2025-05-21 20:54:04,414 - utils.training - ERROR - Error creating visualization: boolean index did not match indexed array along dimension 0; dimension is 240 but corresponding boolean dimension is 120
2025-05-21 20:54:04,529 - matplotlib.image - WARNING - Clipping input data to the valid range for imshow with RGB data ([0..1] for floats or [0..255] for integers). Got range [-2.0665298..2.64].
2025-05-21 20:54:04,531 - utils.training - ERROR - Error creating visualization: boolean index did not match indexed array along dimension 0; dimension is 240 but corresponding boolean dimension is 120
2025-05-21 20:54:04,646 - matplotlib.image - WARNING - Clipping input data to the valid range for imshow with RGB data ([0..1] for floats or [0..255] for integers). Got range [-2.117904..2.64].
2025-05-21 20:54:04,647 - utils.training - ERROR - Error creating visualization: boolean index did not match indexed array along dimension 0; dimension is 240 but corresponding boolean dimension is 120
2025-05-21 20:54:04,769 - matplotlib.image - WARNING - Clipping input data to the valid range for imshow with RGB data ([0..1] for floats or [0..255] for integers). Got range [-2.0494049..2.5528543].
2025-05-21 20:54:04,770 - utils.training - ERROR - Error creating visualization: boolean index did not match indexed array along dimension 0; dimension is 240 but corresponding boolean dimension is 120
2025-05-21 20:54:04,886 - matplotlib.image - WARNING - Clipping input data to the valid range for imshow with RGB data ([0..1] for floats or [0..255] for integers). Got range [-2.0665298..2.5528543].
2025-05-21 20:54:04,887 - utils.training - ERROR - Error creating visualization: boolean index did not match indexed array along dimension 0; dimension is 240 but corresponding boolean dimension is 120
2025-05-21 20:54:04,999 - matplotlib.image - WARNING - Clipping input data to the valid range for imshow with RGB data ([0..1] for floats or [0..255] for integers). Got range [-2.0494049..2.4308496].
2025-05-21 20:54:05,001 - utils.training - ERROR - Error creating visualization: boolean index did not match indexed array along dimension 0; dimension is 240 but corresponding boolean dimension is 120
2025-05-21 20:54:05,133 - matplotlib.image - WARNING - Clipping input data to the valid range for imshow with RGB data ([0..1] for floats or [0..255] for integers). Got range [-2.0494049..2.3785625].
2025-05-21 20:54:05,141 - utils.training - ERROR - Error creating visualization: boolean index did not match indexed array along dimension 0; dimension is 240 but corresponding boolean dimension is 120
2025-05-21 20:54:05,264 - matplotlib.image - WARNING - Clipping input data to the valid range for imshow with RGB data ([0..1] for floats or [0..255] for integers). Got range [-2.0665298..2.3959913].
2025-05-21 20:54:05,266 - utils.training - ERROR - Error creating visualization: boolean index did not match indexed array along dimension 0; dimension is 240 but corresponding boolean dimension is 120
2025-05-21 20:54:05,379 - matplotlib.image - WARNING - Clipping input data to the valid range for imshow with RGB data ([0..1] for floats or [0..255] for integers). Got range [-2.0494049..2.3959913].
2025-05-21 20:54:05,381 - utils.training - ERROR - Error creating visualization: boolean index did not match indexed array along dimension 0; dimension is 240 but corresponding boolean dimension is 120
2025-05-21 20:54:05,491 - matplotlib.image - WARNING - Clipping input data to the valid range for imshow with RGB data ([0..1] for floats or [0..255] for integers). Got range [-2.0494049..2.3785625].
2025-05-21 20:54:05,492 - utils.training - ERROR - Error creating visualization: boolean index did not match indexed array along dimension 0; dimension is 240 but corresponding boolean dimension is 120
2025-05-21 20:54:05,615 - matplotlib.image - WARNING - Clipping input data to the valid range for imshow with RGB data ([0..1] for floats or [0..255] for integers). Got range [-2.117904..2.5528543].
2025-05-21 20:54:05,616 - utils.training - ERROR - Error creating visualization: boolean index did not match indexed array along dimension 0; dimension is 240 but corresponding boolean dimension is 120
2025-05-21 20:54:05,724 - matplotlib.image - WARNING - Clipping input data to the valid range for imshow with RGB data ([0..1] for floats or [0..255] for integers). Got range [-2.0322802..2.3088455].
2025-05-21 20:54:05,725 - utils.training - ERROR - Error creating visualization: boolean index did not match indexed array along dimension 0; dimension is 240 but corresponding boolean dimension is 120
2025-05-21 20:54:05,832 - matplotlib.image - WARNING - Clipping input data to the valid range for imshow with RGB data ([0..1] for floats or [0..255] for integers). Got range [-2.117904..2.6051416].
2025-05-21 20:54:05,833 - utils.training - ERROR - Error creating visualization: boolean index did not match indexed array along dimension 0; dimension is 240 but corresponding boolean dimension is 120
2025-05-21 20:54:05,950 - matplotlib.image - WARNING - Clipping input data to the valid range for imshow with RGB data ([0..1] for floats or [0..255] for integers). Got range [-2.1007793..2.64].
2025-05-21 20:54:05,951 - utils.training - ERROR - Error creating visualization: boolean index did not match indexed array along dimension 0; dimension is 240 but corresponding boolean dimension is 120
2025-05-21 20:54:06,065 - matplotlib.image - WARNING - Clipping input data to the valid range for imshow with RGB data ([0..1] for floats or [0..255] for integers). Got range [-1.9124069..2.4134207].
2025-05-21 20:54:06,066 - utils.training - ERROR - Error creating visualization: boolean index did not match indexed array along dimension 0; dimension is 240 but corresponding boolean dimension is 120
2025-05-21 20:54:06,184 - matplotlib.image - WARNING - Clipping input data to the valid range for imshow with RGB data ([0..1] for floats or [0..255] for integers). Got range [-1.9466565..2.622571].
2025-05-21 20:54:06,185 - utils.training - ERROR - Error creating visualization: boolean index did not match indexed array along dimension 0; dimension is 240 but corresponding boolean dimension is 120
2025-05-21 20:54:06,308 - matplotlib.image - WARNING - Clipping input data to the valid range for imshow with RGB data ([0..1] for floats or [0..255] for integers). Got range [-1.980906..2.622571].
2025-05-21 20:54:06,309 - utils.training - ERROR - Error creating visualization: boolean index did not match indexed array along dimension 0; dimension is 240 but corresponding boolean dimension is 120
2025-05-21 20:54:06,423 - matplotlib.image - WARNING - Clipping input data to the valid range for imshow with RGB data ([0..1] for floats or [0..255] for integers). Got range [-1.9295317..2.5528543].
2025-05-21 20:54:06,426 - utils.training - ERROR - Error creating visualization: boolean index did not match indexed array along dimension 0; dimension is 240 but corresponding boolean dimension is 120
2025-05-21 20:54:06,539 - matplotlib.image - WARNING - Clipping input data to the valid range for imshow with RGB data ([0..1] for floats or [0..255] for integers). Got range [-1.8781574..2.64].
2025-05-21 20:54:06,540 - utils.training - ERROR - Error creating visualization: boolean index did not match indexed array along dimension 0; dimension is 240 but corresponding boolean dimension is 120
2025-05-21 20:54:06,658 - matplotlib.image - WARNING - Clipping input data to the valid range for imshow with RGB data ([0..1] for floats or [0..255] for integers). Got range [-1.9295317..2.64].
2025-05-21 20:54:06,660 - utils.training - ERROR - Error creating visualization: boolean index did not match indexed array along dimension 0; dimension is 240 but corresponding boolean dimension is 120
2025-05-21 20:54:06,774 - matplotlib.image - WARNING - Clipping input data to the valid range for imshow with RGB data ([0..1] for floats or [0..255] for integers). Got range [-1.9124069..2.64].
2025-05-21 20:54:06,775 - utils.training - ERROR - Error creating visualization: boolean index did not match indexed array along dimension 0; dimension is 240 but corresponding boolean dimension is 120
2025-05-21 20:54:06,894 - matplotlib.image - WARNING - Clipping input data to the valid range for imshow with RGB data ([0..1] for floats or [0..255] for integers). Got range [-1.8610327..2.64].
2025-05-21 20:54:06,895 - utils.training - ERROR - Error creating visualization: boolean index did not match indexed array along dimension 0; dimension is 240 but corresponding boolean dimension is 120
2025-05-21 20:54:07,005 - matplotlib.image - WARNING - Clipping input data to the valid range for imshow with RGB data ([0..1] for floats or [0..255] for integers). Got range [-1.8781574..2.622571].
2025-05-21 20:54:07,007 - utils.training - ERROR - Error creating visualization: boolean index did not match indexed array along dimension 0; dimension is 240 but corresponding boolean dimension is 120
2025-05-21 20:54:07,127 - matplotlib.image - WARNING - Clipping input data to the valid range for imshow with RGB data ([0..1] for floats or [0..255] for integers). Got range [-1.8952821..2.64].
2025-05-21 20:54:07,128 - utils.training - ERROR - Error creating visualization: boolean index did not match indexed array along dimension 0; dimension is 240 but corresponding boolean dimension is 120
2025-05-21 20:54:07,244 - matplotlib.image - WARNING - Clipping input data to the valid range for imshow with RGB data ([0..1] for floats or [0..255] for integers). Got range [-1.9124069..2.64].
2025-05-21 20:54:07,246 - utils.training - ERROR - Error creating visualization: boolean index did not match indexed array along dimension 0; dimension is 240 but corresponding boolean dimension is 120
2025-05-21 20:54:07,361 - matplotlib.image - WARNING - Clipping input data to the valid range for imshow with RGB data ([0..1] for floats or [0..255] for integers). Got range [-1.9124069..2.64].
2025-05-21 20:54:07,363 - utils.training - ERROR - Error creating visualization: boolean index did not match indexed array along dimension 0; dimension is 240 but corresponding boolean dimension is 120
2025-05-21 20:54:07,479 - matplotlib.image - WARNING - Clipping input data to the valid range for imshow with RGB data ([0..1] for floats or [0..255] for integers). Got range [-1.843908..2.64].
2025-05-21 20:54:07,481 - utils.training - ERROR - Error creating visualization: boolean index did not match indexed array along dimension 0; dimension is 240 but corresponding boolean dimension is 120
2025-05-21 20:54:07,596 - matplotlib.image - WARNING - Clipping input data to the valid range for imshow with RGB data ([0..1] for floats or [0..255] for integers). Got range [-1.9295317..2.6051416].
2025-05-21 20:54:07,598 - utils.training - ERROR - Error creating visualization: boolean index did not match indexed array along dimension 0; dimension is 240 but corresponding boolean dimension is 120
2025-05-21 20:54:07,715 - matplotlib.image - WARNING - Clipping input data to the valid range for imshow with RGB data ([0..1] for floats or [0..255] for integers). Got range [-1.8952821..2.5528543].
2025-05-21 20:54:07,717 - utils.training - ERROR - Error creating visualization: boolean index did not match indexed array along dimension 0; dimension is 240 but corresponding boolean dimension is 120
2025-05-21 20:54:07,828 - matplotlib.image - WARNING - Clipping input data to the valid range for imshow with RGB data ([0..1] for floats or [0..255] for integers). Got range [-2.0494049..2.64].
2025-05-21 20:54:07,829 - utils.training - ERROR - Error creating visualization: boolean index did not match indexed array along dimension 0; dimension is 240 but corresponding boolean dimension is 120
2025-05-21 20:54:07,945 - matplotlib.image - WARNING - Clipping input data to the valid range for imshow with RGB data ([0..1] for floats or [0..255] for integers). Got range [-2.0322802..2.64].
2025-05-21 20:54:07,947 - utils.training - ERROR - Error creating visualization: boolean index did not match indexed array along dimension 0; dimension is 240 but corresponding boolean dimension is 120
2025-05-21 20:54:08,059 - matplotlib.image - WARNING - Clipping input data to the valid range for imshow with RGB data ([0..1] for floats or [0..255] for integers). Got range [-2.0836544..2.64].
2025-05-21 20:54:08,061 - utils.training - ERROR - Error creating visualization: boolean index did not match indexed array along dimension 0; dimension is 240 but corresponding boolean dimension is 120
2025-05-21 20:54:08,181 - matplotlib.image - WARNING - Clipping input data to the valid range for imshow with RGB data ([0..1] for floats or [0..255] for integers). Got range [-2.1007793..2.2216995].
2025-05-21 20:54:08,183 - utils.training - ERROR - Error creating visualization: boolean index did not match indexed array along dimension 0; dimension is 240 but corresponding boolean dimension is 120
2025-05-21 20:54:08,297 - matplotlib.image - WARNING - Clipping input data to the valid range for imshow with RGB data ([0..1] for floats or [0..255] for integers). Got range [-1.7582842..1.7859696].
2025-05-21 20:54:08,299 - utils.training - ERROR - Error creating visualization: boolean index did not match indexed array along dimension 0; dimension is 240 but corresponding boolean dimension is 120
2025-05-21 20:54:08,405 - matplotlib.image - WARNING - Clipping input data to the valid range for imshow with RGB data ([0..1] for floats or [0..255] for integers). Got range [-1.7240347..1.7162529].
2025-05-21 20:54:08,407 - utils.training - ERROR - Error creating visualization: boolean index did not match indexed array along dimension 0; dimension is 240 but corresponding boolean dimension is 120
2025-05-21 20:54:08,530 - matplotlib.image - WARNING - Clipping input data to the valid range for imshow with RGB data ([0..1] for floats or [0..255] for integers). Got range [-1.7411594..1.8033988].
2025-05-21 20:54:08,532 - utils.training - ERROR - Error creating visualization: boolean index did not match indexed array along dimension 0; dimension is 240 but corresponding boolean dimension is 120
2025-05-21 20:54:08,648 - matplotlib.image - WARNING - Clipping input data to the valid range for imshow with RGB data ([0..1] for floats or [0..255] for integers). Got range [-1.7731092..1.8382572].
2025-05-21 20:54:08,650 - utils.training - ERROR - Error creating visualization: boolean index did not match indexed array along dimension 0; dimension is 240 but corresponding boolean dimension is 120
2025-05-21 20:54:08,771 - matplotlib.image - WARNING - Clipping input data to the valid range for imshow with RGB data ([0..1] for floats or [0..255] for integers). Got range [-1.6897851..1.7511113].
2025-05-21 20:54:08,773 - utils.training - ERROR - Error creating visualization: boolean index did not match indexed array along dimension 0; dimension is 240 but corresponding boolean dimension is 120
2025-05-21 20:54:08,888 - matplotlib.image - WARNING - Clipping input data to the valid range for imshow with RGB data ([0..1] for floats or [0..255] for integers). Got range [-1.7380952..1.5981677].
2025-05-21 20:54:08,890 - utils.training - ERROR - Error creating visualization: boolean index did not match indexed array along dimension 0; dimension is 240 but corresponding boolean dimension is 120
2025-05-21 20:54:09,005 - matplotlib.image - WARNING - Clipping input data to the valid range for imshow with RGB data ([0..1] for floats or [0..255] for integers). Got range [-1.7411594..1.6152923].
2025-05-21 20:54:09,007 - utils.training - ERROR - Error creating visualization: boolean index did not match indexed array along dimension 0; dimension is 240 but corresponding boolean dimension is 120
2025-05-21 20:54:09,126 - matplotlib.image - WARNING - Clipping input data to the valid range for imshow with RGB data ([0..1] for floats or [0..255] for integers). Got range [-2.117904..2.64].
2025-05-21 20:54:09,127 - utils.training - ERROR - Error creating visualization: boolean index did not match indexed array along dimension 0; dimension is 240 but corresponding boolean dimension is 120
2025-05-21 20:54:09,241 - matplotlib.image - WARNING - Clipping input data to the valid range for imshow with RGB data ([0..1] for floats or [0..255] for integers). Got range [-2.117904..2.64].
2025-05-21 20:54:09,244 - utils.training - ERROR - Error creating visualization: boolean index did not match indexed array along dimension 0; dimension is 240 but corresponding boolean dimension is 120
2025-05-21 20:54:09,366 - matplotlib.image - WARNING - Clipping input data to the valid range for imshow with RGB data ([0..1] for floats or [0..255] for integers). Got range [-2.117904..2.64].
2025-05-21 20:54:09,367 - utils.training - ERROR - Error creating visualization: boolean index did not match indexed array along dimension 0; dimension is 240 but corresponding boolean dimension is 120
2025-05-21 20:54:09,489 - matplotlib.image - WARNING - Clipping input data to the valid range for imshow with RGB data ([0..1] for floats or [0..255] for integers). Got range [-2.117904..2.64].
2025-05-21 20:54:09,491 - utils.training - ERROR - Error creating visualization: boolean index did not match indexed array along dimension 0; dimension is 240 but corresponding boolean dimension is 120
2025-05-21 20:54:09,605 - matplotlib.image - WARNING - Clipping input data to the valid range for imshow with RGB data ([0..1] for floats or [0..255] for integers). Got range [-2.117904..2.64].
2025-05-21 20:54:09,607 - utils.training - ERROR - Error creating visualization: boolean index did not match indexed array along dimension 0; dimension is 240 but corresponding boolean dimension is 120
2025-05-21 20:54:09,712 - matplotlib.image - WARNING - Clipping input data to the valid range for imshow with RGB data ([0..1] for floats or [0..255] for integers). Got range [-2.117904..2.1804092].
2025-05-21 20:54:09,714 - utils.training - ERROR - Error creating visualization: boolean index did not match indexed array along dimension 0; dimension is 240 but corresponding boolean dimension is 120
2025-05-21 20:54:09,835 - matplotlib.image - WARNING - Clipping input data to the valid range for imshow with RGB data ([0..1] for floats or [0..255] for integers). Got range [-2.117904..2.129035].
2025-05-21 20:54:09,837 - utils.training - ERROR - Error creating visualization: boolean index did not match indexed array along dimension 0; dimension is 240 but corresponding boolean dimension is 120
2025-05-21 20:54:09,960 - matplotlib.image - WARNING - Clipping input data to the valid range for imshow with RGB data ([0..1] for floats or [0..255] for integers). Got range [-2.117904..2.2489083].
2025-05-21 20:54:09,962 - utils.training - ERROR - Error creating visualization: boolean index did not match indexed array along dimension 0; dimension is 240 but corresponding boolean dimension is 120
2025-05-21 20:54:10,078 - matplotlib.image - WARNING - Clipping input data to the valid range for imshow with RGB data ([0..1] for floats or [0..255] for integers). Got range [-2.117904..2.3959913].
2025-05-21 20:54:10,081 - utils.training - ERROR - Error creating visualization: boolean index did not match indexed array along dimension 0; dimension is 240 but corresponding boolean dimension is 120
2025-05-21 20:54:10,200 - matplotlib.image - WARNING - Clipping input data to the valid range for imshow with RGB data ([0..1] for floats or [0..255] for integers). Got range [-2.117904..2.5702832].
2025-05-21 20:54:10,202 - utils.training - ERROR - Error creating visualization: boolean index did not match indexed array along dimension 0; dimension is 240 but corresponding boolean dimension is 120
2025-05-21 20:54:10,315 - matplotlib.image - WARNING - Clipping input data to the valid range for imshow with RGB data ([0..1] for floats or [0..255] for integers). Got range [-2.117904..2.64].
2025-05-21 20:54:10,316 - utils.training - ERROR - Error creating visualization: boolean index did not match indexed array along dimension 0; dimension is 240 but corresponding boolean dimension is 120
2025-05-21 20:54:10,427 - matplotlib.image - WARNING - Clipping input data to the valid range for imshow with RGB data ([0..1] for floats or [0..255] for integers). Got range [-2.117904..2.64].
2025-05-21 20:54:10,429 - utils.training - ERROR - Error creating visualization: boolean index did not match indexed array along dimension 0; dimension is 240 but corresponding boolean dimension is 120
2025-05-21 20:54:10,544 - matplotlib.image - WARNING - Clipping input data to the valid range for imshow with RGB data ([0..1] for floats or [0..255] for integers). Got range [-2.117904..2.64].
2025-05-21 20:54:10,546 - utils.training - ERROR - Error creating visualization: boolean index did not match indexed array along dimension 0; dimension is 240 but corresponding boolean dimension is 120
2025-05-21 20:54:10,660 - matplotlib.image - WARNING - Clipping input data to the valid range for imshow with RGB data ([0..1] for floats or [0..255] for integers). Got range [-2.117904..2.64].
2025-05-21 20:54:10,662 - utils.training - ERROR - Error creating visualization: boolean index did not match indexed array along dimension 0; dimension is 240 but corresponding boolean dimension is 120
2025-05-21 20:54:10,777 - matplotlib.image - WARNING - Clipping input data to the valid range for imshow with RGB data ([0..1] for floats or [0..255] for integers). Got range [-2.117904..2.64].
2025-05-21 20:54:10,779 - utils.training - ERROR - Error creating visualization: boolean index did not match indexed array along dimension 0; dimension is 240 but corresponding boolean dimension is 120
2025-05-21 20:54:10,894 - matplotlib.image - WARNING - Clipping input data to the valid range for imshow with RGB data ([0..1] for floats or [0..255] for integers). Got range [-2.117904..2.64].
2025-05-21 20:54:10,895 - utils.training - ERROR - Error creating visualization: boolean index did not match indexed array along dimension 0; dimension is 240 but corresponding boolean dimension is 120
2025-05-21 20:54:11,014 - matplotlib.image - WARNING - Clipping input data to the valid range for imshow with RGB data ([0..1] for floats or [0..255] for integers). Got range [-2.117904..2.64].
2025-05-21 20:54:11,016 - utils.training - ERROR - Error creating visualization: boolean index did not match indexed array along dimension 0; dimension is 240 but corresponding boolean dimension is 120
2025-05-21 20:54:11,128 - matplotlib.image - WARNING - Clipping input data to the valid range for imshow with RGB data ([0..1] for floats or [0..255] for integers). Got range [-2.117904..2.64].
2025-05-21 20:54:11,130 - utils.training - ERROR - Error creating visualization: boolean index did not match indexed array along dimension 0; dimension is 240 but corresponding boolean dimension is 120
2025-05-21 20:54:16,641 - utils.training - INFO - Epoch 3 validation - Loss: 2.7756
2025-05-21 20:54:16,642 - utils.training - INFO - Validation loss improved by 0.065028. Saving model...
2025-05-21 20:54:16,706 - utils.training - INFO - Saved checkpoint and metrics to checkpoints/mamba_binary
2025-05-21 20:55:30,330 - utils.training - INFO - Epoch 4 training - Loss: 2.9018
2025-05-21 20:55:30,638 - matplotlib.image - WARNING - Clipping input data to the valid range for imshow with RGB data ([0..1] for floats or [0..255] for integers). Got range [-2.0322802..2.64].
2025-05-21 20:55:30,640 - utils.training - ERROR - Error creating visualization: boolean index did not match indexed array along dimension 0; dimension is 240 but corresponding boolean dimension is 120
2025-05-21 20:55:30,741 - matplotlib.image - WARNING - Clipping input data to the valid range for imshow with RGB data ([0..1] for floats or [0..255] for integers). Got range [-2.0494049..2.64].
2025-05-21 20:55:30,743 - utils.training - ERROR - Error creating visualization: boolean index did not match indexed array along dimension 0; dimension is 240 but corresponding boolean dimension is 120
2025-05-21 20:55:30,833 - matplotlib.image - WARNING - Clipping input data to the valid range for imshow with RGB data ([0..1] for floats or [0..255] for integers). Got range [-2.0322802..2.64].
2025-05-21 20:55:30,835 - utils.training - ERROR - Error creating visualization: boolean index did not match indexed array along dimension 0; dimension is 240 but corresponding boolean dimension is 120
2025-05-21 20:55:30,925 - matplotlib.image - WARNING - Clipping input data to the valid range for imshow with RGB data ([0..1] for floats or [0..255] for integers). Got range [-2.0494049..2.64].
2025-05-21 20:55:30,927 - utils.training - ERROR - Error creating visualization: boolean index did not match indexed array along dimension 0; dimension is 240 but corresponding boolean dimension is 120
2025-05-21 20:55:31,007 - matplotlib.image - WARNING - Clipping input data to the valid range for imshow with RGB data ([0..1] for floats or [0..255] for integers). Got range [-2.0151556..2.64].
2025-05-21 20:55:31,009 - utils.training - ERROR - Error creating visualization: boolean index did not match indexed array along dimension 0; dimension is 240 but corresponding boolean dimension is 120
2025-05-21 20:55:31,107 - matplotlib.image - WARNING - Clipping input data to the valid range for imshow with RGB data ([0..1] for floats or [0..255] for integers). Got range [-2.0322802..2.64].
2025-05-21 20:55:31,109 - utils.training - ERROR - Error creating visualization: boolean index did not match indexed array along dimension 0; dimension is 240 but corresponding boolean dimension is 120
2025-05-21 20:55:31,192 - matplotlib.image - WARNING - Clipping input data to the valid range for imshow with RGB data ([0..1] for floats or [0..255] for integers). Got range [-2.0494049..2.64].
2025-05-21 20:55:31,194 - utils.training - ERROR - Error creating visualization: boolean index did not match indexed array along dimension 0; dimension is 240 but corresponding boolean dimension is 120
2025-05-21 20:55:31,285 - matplotlib.image - WARNING - Clipping input data to the valid range for imshow with RGB data ([0..1] for floats or [0..255] for integers). Got range [-2.0665298..2.64].
2025-05-21 20:55:31,287 - utils.training - ERROR - Error creating visualization: boolean index did not match indexed array along dimension 0; dimension is 240 but corresponding boolean dimension is 120
2025-05-21 20:55:31,373 - matplotlib.image - WARNING - Clipping input data to the valid range for imshow with RGB data ([0..1] for floats or [0..255] for integers). Got range [-2.1007793..2.64].
2025-05-21 20:55:31,375 - utils.training - ERROR - Error creating visualization: boolean index did not match indexed array along dimension 0; dimension is 240 but corresponding boolean dimension is 120
2025-05-21 20:55:31,469 - matplotlib.image - WARNING - Clipping input data to the valid range for imshow with RGB data ([0..1] for floats or [0..255] for integers). Got range [-2.1007793..2.64].
2025-05-21 20:55:31,471 - utils.training - ERROR - Error creating visualization: boolean index did not match indexed array along dimension 0; dimension is 240 but corresponding boolean dimension is 120
2025-05-21 20:55:31,553 - matplotlib.image - WARNING - Clipping input data to the valid range for imshow with RGB data ([0..1] for floats or [0..255] for integers). Got range [-2.0665298..2.64].
2025-05-21 20:55:31,555 - utils.training - ERROR - Error creating visualization: boolean index did not match indexed array along dimension 0; dimension is 240 but corresponding boolean dimension is 120
2025-05-21 20:55:31,637 - matplotlib.image - WARNING - Clipping input data to the valid range for imshow with RGB data ([0..1] for floats or [0..255] for integers). Got range [-2.0836544..2.64].
2025-05-21 20:55:31,639 - utils.training - ERROR - Error creating visualization: boolean index did not match indexed array along dimension 0; dimension is 240 but corresponding boolean dimension is 120
2025-05-21 20:55:31,724 - matplotlib.image - WARNING - Clipping input data to the valid range for imshow with RGB data ([0..1] for floats or [0..255] for integers). Got range [-1.9637812..2.64].
2025-05-21 20:55:31,726 - utils.training - ERROR - Error creating visualization: boolean index did not match indexed array along dimension 0; dimension is 240 but corresponding boolean dimension is 120
2025-05-21 20:55:31,829 - matplotlib.image - WARNING - Clipping input data to the valid range for imshow with RGB data ([0..1] for floats or [0..255] for integers). Got range [-2.0182073..2.64].
2025-05-21 20:55:31,831 - utils.training - ERROR - Error creating visualization: boolean index did not match indexed array along dimension 0; dimension is 240 but corresponding boolean dimension is 120
2025-05-21 20:55:31,932 - matplotlib.image - WARNING - Clipping input data to the valid range for imshow with RGB data ([0..1] for floats or [0..255] for integers). Got range [-1.8610327..2.64].
2025-05-21 20:55:31,934 - utils.training - ERROR - Error creating visualization: boolean index did not match indexed array along dimension 0; dimension is 240 but corresponding boolean dimension is 120
2025-05-21 20:55:32,024 - matplotlib.image - WARNING - Clipping input data to the valid range for imshow with RGB data ([0..1] for floats or [0..255] for integers). Got range [-2.117904..2.64].
2025-05-21 20:55:32,026 - utils.training - ERROR - Error creating visualization: boolean index did not match indexed array along dimension 0; dimension is 240 but corresponding boolean dimension is 120
2025-05-21 20:55:32,103 - matplotlib.image - WARNING - Clipping input data to the valid range for imshow with RGB data ([0..1] for floats or [0..255] for integers). Got range [-2.117904..2.64].
2025-05-21 20:55:32,105 - utils.training - ERROR - Error creating visualization: boolean index did not match indexed array along dimension 0; dimension is 240 but corresponding boolean dimension is 120
2025-05-21 20:55:32,193 - matplotlib.image - WARNING - Clipping input data to the valid range for imshow with RGB data ([0..1] for floats or [0..255] for integers). Got range [-2.117904..2.64].
2025-05-21 20:55:32,195 - utils.training - ERROR - Error creating visualization: boolean index did not match indexed array along dimension 0; dimension is 240 but corresponding boolean dimension is 120
2025-05-21 20:55:32,291 - matplotlib.image - WARNING - Clipping input data to the valid range for imshow with RGB data ([0..1] for floats or [0..255] for integers). Got range [-2.117904..2.64].
2025-05-21 20:55:32,293 - utils.training - ERROR - Error creating visualization: boolean index did not match indexed array along dimension 0; dimension is 240 but corresponding boolean dimension is 120
2025-05-21 20:55:32,397 - matplotlib.image - WARNING - Clipping input data to the valid range for imshow with RGB data ([0..1] for floats or [0..255] for integers). Got range [-2.117904..2.64].
2025-05-21 20:55:32,399 - utils.training - ERROR - Error creating visualization: boolean index did not match indexed array along dimension 0; dimension is 240 but corresponding boolean dimension is 120
2025-05-21 20:55:32,480 - matplotlib.image - WARNING - Clipping input data to the valid range for imshow with RGB data ([0..1] for floats or [0..255] for integers). Got range [-2.117904..2.64].
2025-05-21 20:55:32,482 - utils.training - ERROR - Error creating visualization: boolean index did not match indexed array along dimension 0; dimension is 240 but corresponding boolean dimension is 120
2025-05-21 20:55:32,579 - matplotlib.image - WARNING - Clipping input data to the valid range for imshow with RGB data ([0..1] for floats or [0..255] for integers). Got range [-2.117904..2.64].
2025-05-21 20:55:32,581 - utils.training - ERROR - Error creating visualization: boolean index did not match indexed array along dimension 0; dimension is 240 but corresponding boolean dimension is 120
2025-05-21 20:55:32,685 - matplotlib.image - WARNING - Clipping input data to the valid range for imshow with RGB data ([0..1] for floats or [0..255] for integers). Got range [-2.117904..2.64].
2025-05-21 20:55:32,687 - utils.training - ERROR - Error creating visualization: boolean index did not match indexed array along dimension 0; dimension is 240 but corresponding boolean dimension is 120
2025-05-21 20:55:32,772 - matplotlib.image - WARNING - Clipping input data to the valid range for imshow with RGB data ([0..1] for floats or [0..255] for integers). Got range [-2.117904..2.64].
2025-05-21 20:55:32,774 - utils.training - ERROR - Error creating visualization: boolean index did not match indexed array along dimension 0; dimension is 240 but corresponding boolean dimension is 120
2025-05-21 20:55:32,865 - matplotlib.image - WARNING - Clipping input data to the valid range for imshow with RGB data ([0..1] for floats or [0..255] for integers). Got range [-2.117904..2.64].
2025-05-21 20:55:32,867 - utils.training - ERROR - Error creating visualization: boolean index did not match indexed array along dimension 0; dimension is 240 but corresponding boolean dimension is 120
2025-05-21 20:55:32,946 - matplotlib.image - WARNING - Clipping input data to the valid range for imshow with RGB data ([0..1] for floats or [0..255] for integers). Got range [-2.117904..2.622571].
2025-05-21 20:55:32,948 - utils.training - ERROR - Error creating visualization: boolean index did not match indexed array along dimension 0; dimension is 240 but corresponding boolean dimension is 120
2025-05-21 20:55:33,028 - matplotlib.image - WARNING - Clipping input data to the valid range for imshow with RGB data ([0..1] for floats or [0..255] for integers). Got range [-2.117904..2.5877128].
2025-05-21 20:55:33,030 - utils.training - ERROR - Error creating visualization: boolean index did not match indexed array along dimension 0; dimension is 240 but corresponding boolean dimension is 120
2025-05-21 20:55:33,123 - matplotlib.image - WARNING - Clipping input data to the valid range for imshow with RGB data ([0..1] for floats or [0..255] for integers). Got range [-2.117904..2.64].
2025-05-21 20:55:33,127 - utils.training - ERROR - Error creating visualization: boolean index did not match indexed array along dimension 0; dimension is 240 but corresponding boolean dimension is 120
2025-05-21 20:55:33,244 - matplotlib.image - WARNING - Clipping input data to the valid range for imshow with RGB data ([0..1] for floats or [0..255] for integers). Got range [-2.117904..2.64].
2025-05-21 20:55:33,246 - utils.training - ERROR - Error creating visualization: boolean index did not match indexed array along dimension 0; dimension is 240 but corresponding boolean dimension is 120
2025-05-21 20:55:33,347 - matplotlib.image - WARNING - Clipping input data to the valid range for imshow with RGB data ([0..1] for floats or [0..255] for integers). Got range [-2.1007793..2.5528543].
2025-05-21 20:55:33,349 - utils.training - ERROR - Error creating visualization: boolean index did not match indexed array along dimension 0; dimension is 240 but corresponding boolean dimension is 120
2025-05-21 20:55:33,446 - matplotlib.image - WARNING - Clipping input data to the valid range for imshow with RGB data ([0..1] for floats or [0..255] for integers). Got range [-2.1007793..2.3959913].
2025-05-21 20:55:33,449 - utils.training - ERROR - Error creating visualization: boolean index did not match indexed array along dimension 0; dimension is 240 but corresponding boolean dimension is 120
2025-05-21 20:55:33,538 - matplotlib.image - WARNING - Clipping input data to the valid range for imshow with RGB data ([0..1] for floats or [0..255] for integers). Got range [-2.117904..2.465708].
2025-05-21 20:55:33,540 - utils.training - ERROR - Error creating visualization: boolean index did not match indexed array along dimension 0; dimension is 240 but corresponding boolean dimension is 120
2025-05-21 20:55:33,636 - matplotlib.image - WARNING - Clipping input data to the valid range for imshow with RGB data ([0..1] for floats or [0..255] for integers). Got range [-2.117904..2.5702832].
2025-05-21 20:55:33,638 - utils.training - ERROR - Error creating visualization: boolean index did not match indexed array along dimension 0; dimension is 240 but corresponding boolean dimension is 120
2025-05-21 20:55:33,741 - matplotlib.image - WARNING - Clipping input data to the valid range for imshow with RGB data ([0..1] for floats or [0..255] for integers). Got range [-2.117904..2.5702832].
2025-05-21 20:55:33,743 - utils.training - ERROR - Error creating visualization: boolean index did not match indexed array along dimension 0; dimension is 240 but corresponding boolean dimension is 120
2025-05-21 20:55:33,845 - matplotlib.image - WARNING - Clipping input data to the valid range for imshow with RGB data ([0..1] for floats or [0..255] for integers). Got range [-2.1007793..2.6051416].
2025-05-21 20:55:33,848 - utils.training - ERROR - Error creating visualization: boolean index did not match indexed array along dimension 0; dimension is 240 but corresponding boolean dimension is 120
2025-05-21 20:55:33,948 - matplotlib.image - WARNING - Clipping input data to the valid range for imshow with RGB data ([0..1] for floats or [0..255] for integers). Got range [-2.0665298..2.535425].
2025-05-21 20:55:33,950 - utils.training - ERROR - Error creating visualization: boolean index did not match indexed array along dimension 0; dimension is 240 but corresponding boolean dimension is 120
2025-05-21 20:55:34,033 - matplotlib.image - WARNING - Clipping input data to the valid range for imshow with RGB data ([0..1] for floats or [0..255] for integers). Got range [-2.0836544..2.5877128].
2025-05-21 20:55:34,035 - utils.training - ERROR - Error creating visualization: boolean index did not match indexed array along dimension 0; dimension is 240 but corresponding boolean dimension is 120
2025-05-21 20:55:34,128 - matplotlib.image - WARNING - Clipping input data to the valid range for imshow with RGB data ([0..1] for floats or [0..255] for integers). Got range [-2.1007793..2.5528543].
2025-05-21 20:55:34,130 - utils.training - ERROR - Error creating visualization: boolean index did not match indexed array along dimension 0; dimension is 240 but corresponding boolean dimension is 120
2025-05-21 20:55:34,236 - matplotlib.image - WARNING - Clipping input data to the valid range for imshow with RGB data ([0..1] for floats or [0..255] for integers). Got range [-2.117904..2.64].
2025-05-21 20:55:34,238 - utils.training - ERROR - Error creating visualization: boolean index did not match indexed array along dimension 0; dimension is 240 but corresponding boolean dimension is 120
2025-05-21 20:55:34,332 - matplotlib.image - WARNING - Clipping input data to the valid range for imshow with RGB data ([0..1] for floats or [0..255] for integers). Got range [-2.117904..2.64].
2025-05-21 20:55:34,334 - utils.training - ERROR - Error creating visualization: boolean index did not match indexed array along dimension 0; dimension is 240 but corresponding boolean dimension is 120
2025-05-21 20:55:34,418 - matplotlib.image - WARNING - Clipping input data to the valid range for imshow with RGB data ([0..1] for floats or [0..255] for integers). Got range [-2.117904..2.64].
2025-05-21 20:55:34,419 - utils.training - ERROR - Error creating visualization: boolean index did not match indexed array along dimension 0; dimension is 240 but corresponding boolean dimension is 120
2025-05-21 20:55:34,508 - matplotlib.image - WARNING - Clipping input data to the valid range for imshow with RGB data ([0..1] for floats or [0..255] for integers). Got range [-2.117904..2.64].
2025-05-21 20:55:34,510 - utils.training - ERROR - Error creating visualization: boolean index did not match indexed array along dimension 0; dimension is 240 but corresponding boolean dimension is 120
2025-05-21 20:55:34,597 - matplotlib.image - WARNING - Clipping input data to the valid range for imshow with RGB data ([0..1] for floats or [0..255] for integers). Got range [-2.117904..2.64].
2025-05-21 20:55:34,600 - utils.training - ERROR - Error creating visualization: boolean index did not match indexed array along dimension 0; dimension is 240 but corresponding boolean dimension is 120
2025-05-21 20:55:34,692 - matplotlib.image - WARNING - Clipping input data to the valid range for imshow with RGB data ([0..1] for floats or [0..255] for integers). Got range [-2.117904..2.64].
2025-05-21 20:55:34,694 - utils.training - ERROR - Error creating visualization: boolean index did not match indexed array along dimension 0; dimension is 240 but corresponding boolean dimension is 120
2025-05-21 20:55:34,785 - matplotlib.image - WARNING - Clipping input data to the valid range for imshow with RGB data ([0..1] for floats or [0..255] for integers). Got range [-2.117904..2.64].
2025-05-21 20:55:34,787 - utils.training - ERROR - Error creating visualization: boolean index did not match indexed array along dimension 0; dimension is 240 but corresponding boolean dimension is 120
2025-05-21 20:55:34,880 - matplotlib.image - WARNING - Clipping input data to the valid range for imshow with RGB data ([0..1] for floats or [0..255] for integers). Got range [-2.0665298..2.64].
2025-05-21 20:55:34,882 - utils.training - ERROR - Error creating visualization: boolean index did not match indexed array along dimension 0; dimension is 240 but corresponding boolean dimension is 120
2025-05-21 20:55:34,972 - matplotlib.image - WARNING - Clipping input data to the valid range for imshow with RGB data ([0..1] for floats or [0..255] for integers). Got range [-2.0836544..2.64].
2025-05-21 20:55:34,974 - utils.training - ERROR - Error creating visualization: boolean index did not match indexed array along dimension 0; dimension is 240 but corresponding boolean dimension is 120
2025-05-21 20:55:35,060 - matplotlib.image - WARNING - Clipping input data to the valid range for imshow with RGB data ([0..1] for floats or [0..255] for integers). Got range [-2.0494049..2.64].
2025-05-21 20:55:35,063 - utils.training - ERROR - Error creating visualization: boolean index did not match indexed array along dimension 0; dimension is 240 but corresponding boolean dimension is 120
2025-05-21 20:55:35,174 - matplotlib.image - WARNING - Clipping input data to the valid range for imshow with RGB data ([0..1] for floats or [0..255] for integers). Got range [-2.0182073..2.64].
2025-05-21 20:55:35,176 - utils.training - ERROR - Error creating visualization: boolean index did not match indexed array along dimension 0; dimension is 240 but corresponding boolean dimension is 120
2025-05-21 20:55:35,256 - matplotlib.image - WARNING - Clipping input data to the valid range for imshow with RGB data ([0..1] for floats or [0..255] for integers). Got range [-1.980906..2.622571].
2025-05-21 20:55:35,258 - utils.training - ERROR - Error creating visualization: boolean index did not match indexed array along dimension 0; dimension is 240 but corresponding boolean dimension is 120
2025-05-21 20:55:35,340 - matplotlib.image - WARNING - Clipping input data to the valid range for imshow with RGB data ([0..1] for floats or [0..255] for integers). Got range [-1.9980307..2.64].
2025-05-21 20:55:35,342 - utils.training - ERROR - Error creating visualization: boolean index did not match indexed array along dimension 0; dimension is 240 but corresponding boolean dimension is 120
2025-05-21 20:55:35,436 - matplotlib.image - WARNING - Clipping input data to the valid range for imshow with RGB data ([0..1] for floats or [0..255] for integers). Got range [-1.9980307..2.622571].
2025-05-21 20:55:35,438 - utils.training - ERROR - Error creating visualization: boolean index did not match indexed array along dimension 0; dimension is 240 but corresponding boolean dimension is 120
2025-05-21 20:55:35,547 - matplotlib.image - WARNING - Clipping input data to the valid range for imshow with RGB data ([0..1] for floats or [0..255] for integers). Got range [-2.0151556..2.64].
2025-05-21 20:55:35,549 - utils.training - ERROR - Error creating visualization: boolean index did not match indexed array along dimension 0; dimension is 240 but corresponding boolean dimension is 120
2025-05-21 20:55:35,647 - matplotlib.image - WARNING - Clipping input data to the valid range for imshow with RGB data ([0..1] for floats or [0..255] for integers). Got range [-2.0151556..2.64].
2025-05-21 20:55:35,649 - utils.training - ERROR - Error creating visualization: boolean index did not match indexed array along dimension 0; dimension is 240 but corresponding boolean dimension is 120
2025-05-21 20:55:35,740 - matplotlib.image - WARNING - Clipping input data to the valid range for imshow with RGB data ([0..1] for floats or [0..255] for integers). Got range [-2.0322802..2.64].
2025-05-21 20:55:35,741 - utils.training - ERROR - Error creating visualization: boolean index did not match indexed array along dimension 0; dimension is 240 but corresponding boolean dimension is 120
2025-05-21 20:55:35,835 - matplotlib.image - WARNING - Clipping input data to the valid range for imshow with RGB data ([0..1] for floats or [0..255] for integers). Got range [-2.0151556..2.622571].
2025-05-21 20:55:35,837 - utils.training - ERROR - Error creating visualization: boolean index did not match indexed array along dimension 0; dimension is 240 but corresponding boolean dimension is 120
2025-05-21 20:55:37,718 - matplotlib.image - WARNING - Clipping input data to the valid range for imshow with RGB data ([0..1] for floats or [0..255] for integers). Got range [-1.9980307..2.6051416].
2025-05-21 20:55:37,721 - utils.training - ERROR - Error creating visualization: boolean index did not match indexed array along dimension 0; dimension is 240 but corresponding boolean dimension is 120
2025-05-21 20:55:37,866 - matplotlib.image - WARNING - Clipping input data to the valid range for imshow with RGB data ([0..1] for floats or [0..255] for integers). Got range [-1.980906..2.64].
2025-05-21 20:55:37,868 - utils.training - ERROR - Error creating visualization: boolean index did not match indexed array along dimension 0; dimension is 240 but corresponding boolean dimension is 120
2025-05-21 20:55:38,016 - matplotlib.image - WARNING - Clipping input data to the valid range for imshow with RGB data ([0..1] for floats or [0..255] for integers). Got range [-2.0151556..2.622571].
2025-05-21 20:55:38,018 - utils.training - ERROR - Error creating visualization: boolean index did not match indexed array along dimension 0; dimension is 240 but corresponding boolean dimension is 120
2025-05-21 20:55:38,154 - matplotlib.image - WARNING - Clipping input data to the valid range for imshow with RGB data ([0..1] for floats or [0..255] for integers). Got range [-2.117904..2.64].
2025-05-21 20:55:38,156 - utils.training - ERROR - Error creating visualization: boolean index did not match indexed array along dimension 0; dimension is 240 but corresponding boolean dimension is 120
2025-05-21 20:55:38,293 - matplotlib.image - WARNING - Clipping input data to the valid range for imshow with RGB data ([0..1] for floats or [0..255] for integers). Got range [-2.117904..2.64].
2025-05-21 20:55:38,295 - utils.training - ERROR - Error creating visualization: boolean index did not match indexed array along dimension 0; dimension is 240 but corresponding boolean dimension is 120
2025-05-21 20:55:38,416 - matplotlib.image - WARNING - Clipping input data to the valid range for imshow with RGB data ([0..1] for floats or [0..255] for integers). Got range [-2.117904..2.64].
2025-05-21 20:55:38,417 - utils.training - ERROR - Error creating visualization: boolean index did not match indexed array along dimension 0; dimension is 240 but corresponding boolean dimension is 120
2025-05-21 20:55:38,543 - matplotlib.image - WARNING - Clipping input data to the valid range for imshow with RGB data ([0..1] for floats or [0..255] for integers). Got range [-2.117904..2.64].
2025-05-21 20:55:38,544 - utils.training - ERROR - Error creating visualization: boolean index did not match indexed array along dimension 0; dimension is 240 but corresponding boolean dimension is 120
2025-05-21 20:55:38,668 - matplotlib.image - WARNING - Clipping input data to the valid range for imshow with RGB data ([0..1] for floats or [0..255] for integers). Got range [-2.117904..2.622571].
2025-05-21 20:55:38,670 - utils.training - ERROR - Error creating visualization: boolean index did not match indexed array along dimension 0; dimension is 240 but corresponding boolean dimension is 120
2025-05-21 20:55:38,780 - matplotlib.image - WARNING - Clipping input data to the valid range for imshow with RGB data ([0..1] for floats or [0..255] for integers). Got range [-2.117904..2.64].
2025-05-21 20:55:38,783 - utils.training - ERROR - Error creating visualization: boolean index did not match indexed array along dimension 0; dimension is 240 but corresponding boolean dimension is 120
2025-05-21 20:55:38,897 - matplotlib.image - WARNING - Clipping input data to the valid range for imshow with RGB data ([0..1] for floats or [0..255] for integers). Got range [-2.117904..2.64].
2025-05-21 20:55:38,899 - utils.training - ERROR - Error creating visualization: boolean index did not match indexed array along dimension 0; dimension is 240 but corresponding boolean dimension is 120
2025-05-21 20:55:39,020 - matplotlib.image - WARNING - Clipping input data to the valid range for imshow with RGB data ([0..1] for floats or [0..255] for integers). Got range [-2.117904..2.64].
2025-05-21 20:55:39,022 - utils.training - ERROR - Error creating visualization: boolean index did not match indexed array along dimension 0; dimension is 240 but corresponding boolean dimension is 120
2025-05-21 20:55:39,136 - matplotlib.image - WARNING - Clipping input data to the valid range for imshow with RGB data ([0..1] for floats or [0..255] for integers). Got range [-2.117904..2.64].
2025-05-21 20:55:39,138 - utils.training - ERROR - Error creating visualization: boolean index did not match indexed array along dimension 0; dimension is 240 but corresponding boolean dimension is 120
2025-05-21 20:55:39,260 - matplotlib.image - WARNING - Clipping input data to the valid range for imshow with RGB data ([0..1] for floats or [0..255] for integers). Got range [-1.9637812..2.2042704].
2025-05-21 20:55:39,263 - utils.training - ERROR - Error creating visualization: boolean index did not match indexed array along dimension 0; dimension is 240 but corresponding boolean dimension is 120
2025-05-21 20:55:39,380 - matplotlib.image - WARNING - Clipping input data to the valid range for imshow with RGB data ([0..1] for floats or [0..255] for integers). Got range [-2.0151556..2.343704].
2025-05-21 20:55:39,382 - utils.training - ERROR - Error creating visualization: boolean index did not match indexed array along dimension 0; dimension is 240 but corresponding boolean dimension is 120
2025-05-21 20:55:39,494 - matplotlib.image - WARNING - Clipping input data to the valid range for imshow with RGB data ([0..1] for floats or [0..255] for integers). Got range [-1.980906..2.343704].
2025-05-21 20:55:39,496 - utils.training - ERROR - Error creating visualization: boolean index did not match indexed array along dimension 0; dimension is 240 but corresponding boolean dimension is 120
2025-05-21 20:55:39,613 - matplotlib.image - WARNING - Clipping input data to the valid range for imshow with RGB data ([0..1] for floats or [0..255] for integers). Got range [-1.9637812..2.343704].
2025-05-21 20:55:39,615 - utils.training - ERROR - Error creating visualization: boolean index did not match indexed array along dimension 0; dimension is 240 but corresponding boolean dimension is 120
2025-05-21 20:55:39,739 - matplotlib.image - WARNING - Clipping input data to the valid range for imshow with RGB data ([0..1] for floats or [0..255] for integers). Got range [-1.8610327..2.343704].
2025-05-21 20:55:39,741 - utils.training - ERROR - Error creating visualization: boolean index did not match indexed array along dimension 0; dimension is 240 but corresponding boolean dimension is 120
2025-05-21 20:55:39,864 - matplotlib.image - WARNING - Clipping input data to the valid range for imshow with RGB data ([0..1] for floats or [0..255] for integers). Got range [-1.7380952..2.2216995].
2025-05-21 20:55:39,866 - utils.training - ERROR - Error creating visualization: boolean index did not match indexed array along dimension 0; dimension is 240 but corresponding boolean dimension is 120
2025-05-21 20:55:39,981 - matplotlib.image - WARNING - Clipping input data to the valid range for imshow with RGB data ([0..1] for floats or [0..255] for integers). Got range [-2.117904..2.64].
2025-05-21 20:55:39,983 - utils.training - ERROR - Error creating visualization: boolean index did not match indexed array along dimension 0; dimension is 240 but corresponding boolean dimension is 120
2025-05-21 20:55:40,094 - matplotlib.image - WARNING - Clipping input data to the valid range for imshow with RGB data ([0..1] for floats or [0..255] for integers). Got range [-2.0836544..2.6051416].
2025-05-21 20:55:40,096 - utils.training - ERROR - Error creating visualization: boolean index did not match indexed array along dimension 0; dimension is 240 but corresponding boolean dimension is 120
2025-05-21 20:55:40,214 - matplotlib.image - WARNING - Clipping input data to the valid range for imshow with RGB data ([0..1] for floats or [0..255] for integers). Got range [-2.117904..2.64].
2025-05-21 20:55:40,216 - utils.training - ERROR - Error creating visualization: boolean index did not match indexed array along dimension 0; dimension is 240 but corresponding boolean dimension is 120
2025-05-21 20:55:40,331 - matplotlib.image - WARNING - Clipping input data to the valid range for imshow with RGB data ([0..1] for floats or [0..255] for integers). Got range [-2.117904..2.6051416].
2025-05-21 20:55:40,333 - utils.training - ERROR - Error creating visualization: boolean index did not match indexed array along dimension 0; dimension is 240 but corresponding boolean dimension is 120
2025-05-21 20:55:40,466 - matplotlib.image - WARNING - Clipping input data to the valid range for imshow with RGB data ([0..1] for floats or [0..255] for integers). Got range [-2.117904..2.5528543].
2025-05-21 20:55:40,473 - utils.training - ERROR - Error creating visualization: boolean index did not match indexed array along dimension 0; dimension is 240 but corresponding boolean dimension is 120
2025-05-21 20:55:40,610 - matplotlib.image - WARNING - Clipping input data to the valid range for imshow with RGB data ([0..1] for floats or [0..255] for integers). Got range [-2.117904..2.535425].
2025-05-21 20:55:40,613 - utils.training - ERROR - Error creating visualization: boolean index did not match indexed array along dimension 0; dimension is 240 but corresponding boolean dimension is 120
2025-05-21 20:55:40,739 - matplotlib.image - WARNING - Clipping input data to the valid range for imshow with RGB data ([0..1] for floats or [0..255] for integers). Got range [-2.117904..2.5528543].
2025-05-21 20:55:40,740 - utils.training - ERROR - Error creating visualization: boolean index did not match indexed array along dimension 0; dimension is 240 but corresponding boolean dimension is 120
2025-05-21 20:55:40,915 - matplotlib.image - WARNING - Clipping input data to the valid range for imshow with RGB data ([0..1] for floats or [0..255] for integers). Got range [-1.5699118..2.622571].
2025-05-21 20:55:40,916 - utils.training - ERROR - Error creating visualization: boolean index did not match indexed array along dimension 0; dimension is 240 but corresponding boolean dimension is 120
2025-05-21 20:55:41,070 - matplotlib.image - WARNING - Clipping input data to the valid range for imshow with RGB data ([0..1] for floats or [0..255] for integers). Got range [-1.5527872..2.64].
2025-05-21 20:55:41,071 - utils.training - ERROR - Error creating visualization: boolean index did not match indexed array along dimension 0; dimension is 240 but corresponding boolean dimension is 120
2025-05-21 20:55:41,243 - matplotlib.image - WARNING - Clipping input data to the valid range for imshow with RGB data ([0..1] for floats or [0..255] for integers). Got range [-1.2445416..2.64].
2025-05-21 20:55:41,245 - utils.training - ERROR - Error creating visualization: boolean index did not match indexed array along dimension 0; dimension is 240 but corresponding boolean dimension is 120
2025-05-21 20:55:41,343 - matplotlib.image - WARNING - Clipping input data to the valid range for imshow with RGB data ([0..1] for floats or [0..255] for integers). Got range [-1.8952821..2.64].
2025-05-21 20:55:41,345 - utils.training - ERROR - Error creating visualization: boolean index did not match indexed array along dimension 0; dimension is 240 but corresponding boolean dimension is 120
2025-05-21 20:55:41,452 - matplotlib.image - WARNING - Clipping input data to the valid range for imshow with RGB data ([0..1] for floats or [0..255] for integers). Got range [-1.3130406..2.622571].
2025-05-21 20:55:41,453 - utils.training - ERROR - Error creating visualization: boolean index did not match indexed array along dimension 0; dimension is 240 but corresponding boolean dimension is 120
2025-05-21 20:55:41,564 - matplotlib.image - WARNING - Clipping input data to the valid range for imshow with RGB data ([0..1] for floats or [0..255] for integers). Got range [-1.9637812..2.64].
2025-05-21 20:55:41,565 - utils.training - ERROR - Error creating visualization: boolean index did not match indexed array along dimension 0; dimension is 240 but corresponding boolean dimension is 120
2025-05-21 20:55:41,683 - matplotlib.image - WARNING - Clipping input data to the valid range for imshow with RGB data ([0..1] for floats or [0..255] for integers). Got range [-2.117904..2.64].
2025-05-21 20:55:41,686 - utils.training - ERROR - Error creating visualization: boolean index did not match indexed array along dimension 0; dimension is 240 but corresponding boolean dimension is 120
2025-05-21 20:55:41,776 - matplotlib.image - WARNING - Clipping input data to the valid range for imshow with RGB data ([0..1] for floats or [0..255] for integers). Got range [-2.0494049..2.64].
2025-05-21 20:55:41,779 - utils.training - ERROR - Error creating visualization: boolean index did not match indexed array along dimension 0; dimension is 240 but corresponding boolean dimension is 120
2025-05-21 20:55:41,875 - matplotlib.image - WARNING - Clipping input data to the valid range for imshow with RGB data ([0..1] for floats or [0..255] for integers). Got range [-2.0665298..2.64].
2025-05-21 20:55:41,876 - utils.training - ERROR - Error creating visualization: boolean index did not match indexed array along dimension 0; dimension is 240 but corresponding boolean dimension is 120
2025-05-21 20:55:41,976 - matplotlib.image - WARNING - Clipping input data to the valid range for imshow with RGB data ([0..1] for floats or [0..255] for integers). Got range [-1.9637812..2.64].
2025-05-21 20:55:41,978 - utils.training - ERROR - Error creating visualization: boolean index did not match indexed array along dimension 0; dimension is 240 but corresponding boolean dimension is 120
2025-05-21 20:55:42,068 - matplotlib.image - WARNING - Clipping input data to the valid range for imshow with RGB data ([0..1] for floats or [0..255] for integers). Got range [-1.8606442..2.4134207].
2025-05-21 20:55:42,070 - utils.training - ERROR - Error creating visualization: boolean index did not match indexed array along dimension 0; dimension is 240 but corresponding boolean dimension is 120
2025-05-21 20:55:42,169 - matplotlib.image - WARNING - Clipping input data to the valid range for imshow with RGB data ([0..1] for floats or [0..255] for integers). Got range [-1.9481792..2.3785625].
2025-05-21 20:55:42,171 - utils.training - ERROR - Error creating visualization: boolean index did not match indexed array along dimension 0; dimension is 240 but corresponding boolean dimension is 120
2025-05-21 20:55:42,259 - matplotlib.image - WARNING - Clipping input data to the valid range for imshow with RGB data ([0..1] for floats or [0..255] for integers). Got range [-1.9131652..2.2739873].
2025-05-21 20:55:42,260 - utils.training - ERROR - Error creating visualization: boolean index did not match indexed array along dimension 0; dimension is 240 but corresponding boolean dimension is 120
2025-05-21 20:55:42,359 - matplotlib.image - WARNING - Clipping input data to the valid range for imshow with RGB data ([0..1] for floats or [0..255] for integers). Got range [-1.9306722..2.3959913].
2025-05-21 20:55:42,360 - utils.training - ERROR - Error creating visualization: boolean index did not match indexed array along dimension 0; dimension is 240 but corresponding boolean dimension is 120
2025-05-21 20:55:42,455 - matplotlib.image - WARNING - Clipping input data to the valid range for imshow with RGB data ([0..1] for floats or [0..255] for integers). Got range [-1.9131652..2.4482791].
2025-05-21 20:55:42,457 - utils.training - ERROR - Error creating visualization: boolean index did not match indexed array along dimension 0; dimension is 240 but corresponding boolean dimension is 120
2025-05-21 20:55:42,546 - matplotlib.image - WARNING - Clipping input data to the valid range for imshow with RGB data ([0..1] for floats or [0..255] for integers). Got range [-1.9131652..2.3959913].
2025-05-21 20:55:42,547 - utils.training - ERROR - Error creating visualization: boolean index did not match indexed array along dimension 0; dimension is 240 but corresponding boolean dimension is 120
2025-05-21 20:55:42,639 - matplotlib.image - WARNING - Clipping input data to the valid range for imshow with RGB data ([0..1] for floats or [0..255] for integers). Got range [-1.8956583..2.4308496].
2025-05-21 20:55:42,641 - utils.training - ERROR - Error creating visualization: boolean index did not match indexed array along dimension 0; dimension is 240 but corresponding boolean dimension is 120
2025-05-21 20:55:42,745 - matplotlib.image - WARNING - Clipping input data to the valid range for imshow with RGB data ([0..1] for floats or [0..255] for integers). Got range [-1.9306722..2.3785625].
2025-05-21 20:55:42,748 - utils.training - ERROR - Error creating visualization: boolean index did not match indexed array along dimension 0; dimension is 240 but corresponding boolean dimension is 120
2025-05-21 20:55:42,839 - matplotlib.image - WARNING - Clipping input data to the valid range for imshow with RGB data ([0..1] for floats or [0..255] for integers). Got range [-1.9481792..2.3611329].
2025-05-21 20:55:42,841 - utils.training - ERROR - Error creating visualization: boolean index did not match indexed array along dimension 0; dimension is 240 but corresponding boolean dimension is 120
2025-05-21 20:55:42,946 - matplotlib.image - WARNING - Clipping input data to the valid range for imshow with RGB data ([0..1] for floats or [0..255] for integers). Got range [-2.117904..2.64].
2025-05-21 20:55:42,949 - utils.training - ERROR - Error creating visualization: boolean index did not match indexed array along dimension 0; dimension is 240 but corresponding boolean dimension is 120
2025-05-21 20:55:43,044 - matplotlib.image - WARNING - Clipping input data to the valid range for imshow with RGB data ([0..1] for floats or [0..255] for integers). Got range [-2.117904..2.64].
2025-05-21 20:55:43,045 - utils.training - ERROR - Error creating visualization: boolean index did not match indexed array along dimension 0; dimension is 240 but corresponding boolean dimension is 120
2025-05-21 20:55:43,140 - matplotlib.image - WARNING - Clipping input data to the valid range for imshow with RGB data ([0..1] for floats or [0..255] for integers). Got range [-2.117904..2.64].
2025-05-21 20:55:43,141 - utils.training - ERROR - Error creating visualization: boolean index did not match indexed array along dimension 0; dimension is 240 but corresponding boolean dimension is 120
2025-05-21 20:55:43,252 - matplotlib.image - WARNING - Clipping input data to the valid range for imshow with RGB data ([0..1] for floats or [0..255] for integers). Got range [-2.117904..2.64].
2025-05-21 20:55:43,255 - utils.training - ERROR - Error creating visualization: boolean index did not match indexed array along dimension 0; dimension is 240 but corresponding boolean dimension is 120
2025-05-21 20:55:43,347 - matplotlib.image - WARNING - Clipping input data to the valid range for imshow with RGB data ([0..1] for floats or [0..255] for integers). Got range [-2.117904..2.64].
2025-05-21 20:55:43,350 - utils.training - ERROR - Error creating visualization: boolean index did not match indexed array along dimension 0; dimension is 240 but corresponding boolean dimension is 120
2025-05-21 20:55:43,443 - matplotlib.image - WARNING - Clipping input data to the valid range for imshow with RGB data ([0..1] for floats or [0..255] for integers). Got range [-2.117904..2.64].
2025-05-21 20:55:43,445 - utils.training - ERROR - Error creating visualization: boolean index did not match indexed array along dimension 0; dimension is 240 but corresponding boolean dimension is 120
2025-05-21 20:55:43,537 - matplotlib.image - WARNING - Clipping input data to the valid range for imshow with RGB data ([0..1] for floats or [0..255] for integers). Got range [-2.117904..2.64].
2025-05-21 20:55:43,540 - utils.training - ERROR - Error creating visualization: boolean index did not match indexed array along dimension 0; dimension is 240 but corresponding boolean dimension is 120
2025-05-21 20:55:43,645 - matplotlib.image - WARNING - Clipping input data to the valid range for imshow with RGB data ([0..1] for floats or [0..255] for integers). Got range [-2.117904..2.64].
2025-05-21 20:55:43,646 - utils.training - ERROR - Error creating visualization: boolean index did not match indexed array along dimension 0; dimension is 240 but corresponding boolean dimension is 120
2025-05-21 20:55:43,761 - matplotlib.image - WARNING - Clipping input data to the valid range for imshow with RGB data ([0..1] for floats or [0..255] for integers). Got range [-1.9980307..2.64].
2025-05-21 20:55:43,763 - utils.training - ERROR - Error creating visualization: boolean index did not match indexed array along dimension 0; dimension is 240 but corresponding boolean dimension is 120
2025-05-21 20:55:43,852 - matplotlib.image - WARNING - Clipping input data to the valid range for imshow with RGB data ([0..1] for floats or [0..255] for integers). Got range [-2.0665298..2.64].
2025-05-21 20:55:43,854 - utils.training - ERROR - Error creating visualization: boolean index did not match indexed array along dimension 0; dimension is 240 but corresponding boolean dimension is 120
2025-05-21 20:55:43,941 - matplotlib.image - WARNING - Clipping input data to the valid range for imshow with RGB data ([0..1] for floats or [0..255] for integers). Got range [-2.0665298..2.64].
2025-05-21 20:55:43,942 - utils.training - ERROR - Error creating visualization: boolean index did not match indexed array along dimension 0; dimension is 240 but corresponding boolean dimension is 120
2025-05-21 20:55:44,076 - matplotlib.image - WARNING - Clipping input data to the valid range for imshow with RGB data ([0..1] for floats or [0..255] for integers). Got range [-2.0494049..2.5877128].
2025-05-21 20:55:44,077 - utils.training - ERROR - Error creating visualization: boolean index did not match indexed array along dimension 0; dimension is 240 but corresponding boolean dimension is 120
2025-05-21 20:55:44,182 - matplotlib.image - WARNING - Clipping input data to the valid range for imshow with RGB data ([0..1] for floats or [0..255] for integers). Got range [-2.0665298..2.6051416].
2025-05-21 20:55:44,184 - utils.training - ERROR - Error creating visualization: boolean index did not match indexed array along dimension 0; dimension is 240 but corresponding boolean dimension is 120
2025-05-21 20:55:44,291 - matplotlib.image - WARNING - Clipping input data to the valid range for imshow with RGB data ([0..1] for floats or [0..255] for integers). Got range [-1.8956583..2.5877128].
2025-05-21 20:55:44,292 - utils.training - ERROR - Error creating visualization: boolean index did not match indexed array along dimension 0; dimension is 240 but corresponding boolean dimension is 120
2025-05-21 20:55:44,390 - matplotlib.image - WARNING - Clipping input data to the valid range for imshow with RGB data ([0..1] for floats or [0..255] for integers). Got range [-1.8781574..2.64].
2025-05-21 20:55:44,391 - utils.training - ERROR - Error creating visualization: boolean index did not match indexed array along dimension 0; dimension is 240 but corresponding boolean dimension is 120
2025-05-21 20:55:44,479 - matplotlib.image - WARNING - Clipping input data to the valid range for imshow with RGB data ([0..1] for floats or [0..255] for integers). Got range [-1.8267832..2.64].
2025-05-21 20:55:44,480 - utils.training - ERROR - Error creating visualization: boolean index did not match indexed array along dimension 0; dimension is 240 but corresponding boolean dimension is 120
2025-05-21 20:55:44,595 - matplotlib.image - WARNING - Clipping input data to the valid range for imshow with RGB data ([0..1] for floats or [0..255] for integers). Got range [-1.8431373..2.465708].
2025-05-21 20:55:44,597 - utils.training - ERROR - Error creating visualization: boolean index did not match indexed array along dimension 0; dimension is 240 but corresponding boolean dimension is 120
2025-05-21 20:55:44,701 - matplotlib.image - WARNING - Clipping input data to the valid range for imshow with RGB data ([0..1] for floats or [0..255] for integers). Got range [-1.8606442..2.64].
2025-05-21 20:55:44,703 - utils.training - ERROR - Error creating visualization: boolean index did not match indexed array along dimension 0; dimension is 240 but corresponding boolean dimension is 120
2025-05-21 20:55:44,808 - matplotlib.image - WARNING - Clipping input data to the valid range for imshow with RGB data ([0..1] for floats or [0..255] for integers). Got range [-1.8044444..2.64].
2025-05-21 20:55:44,810 - utils.training - ERROR - Error creating visualization: boolean index did not match indexed array along dimension 0; dimension is 240 but corresponding boolean dimension is 120
2025-05-21 20:55:44,899 - matplotlib.image - WARNING - Clipping input data to the valid range for imshow with RGB data ([0..1] for floats or [0..255] for integers). Got range [-1.8267832..2.64].
2025-05-21 20:55:44,901 - utils.training - ERROR - Error creating visualization: boolean index did not match indexed array along dimension 0; dimension is 240 but corresponding boolean dimension is 120
2025-05-21 20:55:45,001 - matplotlib.image - WARNING - Clipping input data to the valid range for imshow with RGB data ([0..1] for floats or [0..255] for integers). Got range [-1.843908..2.64].
2025-05-21 20:55:45,003 - utils.training - ERROR - Error creating visualization: boolean index did not match indexed array along dimension 0; dimension is 240 but corresponding boolean dimension is 120
2025-05-21 20:55:45,106 - matplotlib.image - WARNING - Clipping input data to the valid range for imshow with RGB data ([0..1] for floats or [0..255] for integers). Got range [-2.0357141..2.64].
2025-05-21 20:55:45,107 - utils.training - ERROR - Error creating visualization: boolean index did not match indexed array along dimension 0; dimension is 240 but corresponding boolean dimension is 120
2025-05-21 20:55:45,201 - matplotlib.image - WARNING - Clipping input data to the valid range for imshow with RGB data ([0..1] for floats or [0..255] for integers). Got range [-2.0494049..2.64].
2025-05-21 20:55:45,202 - utils.training - ERROR - Error creating visualization: boolean index did not match indexed array along dimension 0; dimension is 240 but corresponding boolean dimension is 120
2025-05-21 20:55:45,306 - matplotlib.image - WARNING - Clipping input data to the valid range for imshow with RGB data ([0..1] for floats or [0..255] for integers). Got range [-2.0494049..2.64].
2025-05-21 20:55:45,307 - utils.training - ERROR - Error creating visualization: boolean index did not match indexed array along dimension 0; dimension is 240 but corresponding boolean dimension is 120
2025-05-21 20:55:45,409 - matplotlib.image - WARNING - Clipping input data to the valid range for imshow with RGB data ([0..1] for floats or [0..255] for integers). Got range [-2.117904..2.5005665].
2025-05-21 20:55:45,411 - utils.training - ERROR - Error creating visualization: boolean index did not match indexed array along dimension 0; dimension is 240 but corresponding boolean dimension is 120
2025-05-21 20:55:45,515 - matplotlib.image - WARNING - Clipping input data to the valid range for imshow with RGB data ([0..1] for floats or [0..255] for integers). Got range [-2.117904..2.535425].
2025-05-21 20:55:45,517 - utils.training - ERROR - Error creating visualization: boolean index did not match indexed array along dimension 0; dimension is 240 but corresponding boolean dimension is 120
2025-05-21 20:55:45,630 - matplotlib.image - WARNING - Clipping input data to the valid range for imshow with RGB data ([0..1] for floats or [0..255] for integers). Got range [-2.117904..2.535425].
2025-05-21 20:55:45,632 - utils.training - ERROR - Error creating visualization: boolean index did not match indexed array along dimension 0; dimension is 240 but corresponding boolean dimension is 120
2025-05-21 20:55:45,740 - matplotlib.image - WARNING - Clipping input data to the valid range for imshow with RGB data ([0..1] for floats or [0..255] for integers). Got range [-2.117904..2.535425].
2025-05-21 20:55:45,742 - utils.training - ERROR - Error creating visualization: boolean index did not match indexed array along dimension 0; dimension is 240 but corresponding boolean dimension is 120
2025-05-21 20:55:45,862 - matplotlib.image - WARNING - Clipping input data to the valid range for imshow with RGB data ([0..1] for floats or [0..255] for integers). Got range [-2.117904..2.5528543].
2025-05-21 20:55:45,864 - utils.training - ERROR - Error creating visualization: boolean index did not match indexed array along dimension 0; dimension is 240 but corresponding boolean dimension is 120
2025-05-21 20:55:45,957 - matplotlib.image - WARNING - Clipping input data to the valid range for imshow with RGB data ([0..1] for floats or [0..255] for integers). Got range [-1.4500387..2.64].
2025-05-21 20:55:45,959 - utils.training - ERROR - Error creating visualization: boolean index did not match indexed array along dimension 0; dimension is 240 but corresponding boolean dimension is 120
2025-05-21 20:55:46,067 - matplotlib.image - WARNING - Clipping input data to the valid range for imshow with RGB data ([0..1] for floats or [0..255] for integers). Got range [-1.5280112..2.64].
2025-05-21 20:55:46,069 - utils.training - ERROR - Error creating visualization: boolean index did not match indexed array along dimension 0; dimension is 240 but corresponding boolean dimension is 120
2025-05-21 20:55:46,170 - matplotlib.image - WARNING - Clipping input data to the valid range for imshow with RGB data ([0..1] for floats or [0..255] for integers). Got range [-1.7069099..2.64].
2025-05-21 20:55:46,172 - utils.training - ERROR - Error creating visualization: boolean index did not match indexed array along dimension 0; dimension is 240 but corresponding boolean dimension is 120
2025-05-21 20:55:46,272 - matplotlib.image - WARNING - Clipping input data to the valid range for imshow with RGB data ([0..1] for floats or [0..255] for integers). Got range [-1.7582842..2.64].
2025-05-21 20:55:46,274 - utils.training - ERROR - Error creating visualization: boolean index did not match indexed array along dimension 0; dimension is 240 but corresponding boolean dimension is 120
2025-05-21 20:55:46,368 - matplotlib.image - WARNING - Clipping input data to the valid range for imshow with RGB data ([0..1] for floats or [0..255] for integers). Got range [-1.7582842..2.64].
2025-05-21 20:55:46,370 - utils.training - ERROR - Error creating visualization: boolean index did not match indexed array along dimension 0; dimension is 240 but corresponding boolean dimension is 120
2025-05-21 20:55:46,485 - matplotlib.image - WARNING - Clipping input data to the valid range for imshow with RGB data ([0..1] for floats or [0..255] for integers). Got range [-2.117904..2.3959913].
2025-05-21 20:55:46,487 - utils.training - ERROR - Error creating visualization: boolean index did not match indexed array along dimension 0; dimension is 240 but corresponding boolean dimension is 120
2025-05-21 20:55:46,613 - matplotlib.image - WARNING - Clipping input data to the valid range for imshow with RGB data ([0..1] for floats or [0..255] for integers). Got range [-2.0836544..2.3088455].
2025-05-21 20:55:46,615 - utils.training - ERROR - Error creating visualization: boolean index did not match indexed array along dimension 0; dimension is 240 but corresponding boolean dimension is 120
2025-05-21 20:55:46,704 - matplotlib.image - WARNING - Clipping input data to the valid range for imshow with RGB data ([0..1] for floats or [0..255] for integers). Got range [-2.0665298..2.0474076].
2025-05-21 20:55:46,705 - utils.training - ERROR - Error creating visualization: boolean index did not match indexed array along dimension 0; dimension is 240 but corresponding boolean dimension is 120
2025-05-21 20:55:46,802 - matplotlib.image - WARNING - Clipping input data to the valid range for imshow with RGB data ([0..1] for floats or [0..255] for integers). Got range [-2.117904..2.1484594].
2025-05-21 20:55:46,804 - utils.training - ERROR - Error creating visualization: boolean index did not match indexed array along dimension 0; dimension is 240 but corresponding boolean dimension is 120
2025-05-21 20:55:46,911 - matplotlib.image - WARNING - Clipping input data to the valid range for imshow with RGB data ([0..1] for floats or [0..255] for integers). Got range [-2.117904..2.343704].
2025-05-21 20:55:46,913 - utils.training - ERROR - Error creating visualization: boolean index did not match indexed array along dimension 0; dimension is 240 but corresponding boolean dimension is 120
2025-05-21 20:55:47,018 - matplotlib.image - WARNING - Clipping input data to the valid range for imshow with RGB data ([0..1] for floats or [0..255] for integers). Got range [-2.0494049..2.64].
2025-05-21 20:55:47,019 - utils.training - ERROR - Error creating visualization: boolean index did not match indexed array along dimension 0; dimension is 240 but corresponding boolean dimension is 120
2025-05-21 20:55:47,125 - matplotlib.image - WARNING - Clipping input data to the valid range for imshow with RGB data ([0..1] for floats or [0..255] for integers). Got range [-2.117904..2.64].
2025-05-21 20:55:47,128 - utils.training - ERROR - Error creating visualization: boolean index did not match indexed array along dimension 0; dimension is 240 but corresponding boolean dimension is 120
2025-05-21 20:55:47,237 - matplotlib.image - WARNING - Clipping input data to the valid range for imshow with RGB data ([0..1] for floats or [0..255] for integers). Got range [-2.0665298..2.64].
2025-05-21 20:55:47,239 - utils.training - ERROR - Error creating visualization: boolean index did not match indexed array along dimension 0; dimension is 240 but corresponding boolean dimension is 120
2025-05-21 20:55:47,322 - matplotlib.image - WARNING - Clipping input data to the valid range for imshow with RGB data ([0..1] for floats or [0..255] for integers). Got range [-2.0665298..2.64].
2025-05-21 20:55:47,324 - utils.training - ERROR - Error creating visualization: boolean index did not match indexed array along dimension 0; dimension is 240 but corresponding boolean dimension is 120
2025-05-21 20:55:47,421 - matplotlib.image - WARNING - Clipping input data to the valid range for imshow with RGB data ([0..1] for floats or [0..255] for integers). Got range [-2.117904..2.64].
2025-05-21 20:55:47,423 - utils.training - ERROR - Error creating visualization: boolean index did not match indexed array along dimension 0; dimension is 240 but corresponding boolean dimension is 120
2025-05-21 20:55:47,531 - matplotlib.image - WARNING - Clipping input data to the valid range for imshow with RGB data ([0..1] for floats or [0..255] for integers). Got range [-2.0494049..2.5528543].
2025-05-21 20:55:47,533 - utils.training - ERROR - Error creating visualization: boolean index did not match indexed array along dimension 0; dimension is 240 but corresponding boolean dimension is 120
2025-05-21 20:55:47,628 - matplotlib.image - WARNING - Clipping input data to the valid range for imshow with RGB data ([0..1] for floats or [0..255] for integers). Got range [-2.0665298..2.5528543].
2025-05-21 20:55:47,630 - utils.training - ERROR - Error creating visualization: boolean index did not match indexed array along dimension 0; dimension is 240 but corresponding boolean dimension is 120
2025-05-21 20:55:47,741 - matplotlib.image - WARNING - Clipping input data to the valid range for imshow with RGB data ([0..1] for floats or [0..255] for integers). Got range [-2.0494049..2.4308496].
2025-05-21 20:55:47,742 - utils.training - ERROR - Error creating visualization: boolean index did not match indexed array along dimension 0; dimension is 240 but corresponding boolean dimension is 120
2025-05-21 20:55:47,853 - matplotlib.image - WARNING - Clipping input data to the valid range for imshow with RGB data ([0..1] for floats or [0..255] for integers). Got range [-2.0494049..2.3785625].
2025-05-21 20:55:47,856 - utils.training - ERROR - Error creating visualization: boolean index did not match indexed array along dimension 0; dimension is 240 but corresponding boolean dimension is 120
2025-05-21 20:55:47,961 - matplotlib.image - WARNING - Clipping input data to the valid range for imshow with RGB data ([0..1] for floats or [0..255] for integers). Got range [-2.0665298..2.3959913].
2025-05-21 20:55:47,963 - utils.training - ERROR - Error creating visualization: boolean index did not match indexed array along dimension 0; dimension is 240 but corresponding boolean dimension is 120
2025-05-21 20:55:48,056 - matplotlib.image - WARNING - Clipping input data to the valid range for imshow with RGB data ([0..1] for floats or [0..255] for integers). Got range [-2.0494049..2.3959913].
2025-05-21 20:55:48,058 - utils.training - ERROR - Error creating visualization: boolean index did not match indexed array along dimension 0; dimension is 240 but corresponding boolean dimension is 120
2025-05-21 20:55:48,169 - matplotlib.image - WARNING - Clipping input data to the valid range for imshow with RGB data ([0..1] for floats or [0..255] for integers). Got range [-2.0494049..2.3785625].
2025-05-21 20:55:48,171 - utils.training - ERROR - Error creating visualization: boolean index did not match indexed array along dimension 0; dimension is 240 but corresponding boolean dimension is 120
2025-05-21 20:55:48,309 - matplotlib.image - WARNING - Clipping input data to the valid range for imshow with RGB data ([0..1] for floats or [0..255] for integers). Got range [-2.117904..2.5528543].
2025-05-21 20:55:48,310 - utils.training - ERROR - Error creating visualization: boolean index did not match indexed array along dimension 0; dimension is 240 but corresponding boolean dimension is 120
2025-05-21 20:55:48,432 - matplotlib.image - WARNING - Clipping input data to the valid range for imshow with RGB data ([0..1] for floats or [0..255] for integers). Got range [-2.0322802..2.3088455].
2025-05-21 20:55:48,433 - utils.training - ERROR - Error creating visualization: boolean index did not match indexed array along dimension 0; dimension is 240 but corresponding boolean dimension is 120
2025-05-21 20:55:48,524 - matplotlib.image - WARNING - Clipping input data to the valid range for imshow with RGB data ([0..1] for floats or [0..255] for integers). Got range [-2.117904..2.6051416].
2025-05-21 20:55:48,526 - utils.training - ERROR - Error creating visualization: boolean index did not match indexed array along dimension 0; dimension is 240 but corresponding boolean dimension is 120
2025-05-21 20:55:48,630 - matplotlib.image - WARNING - Clipping input data to the valid range for imshow with RGB data ([0..1] for floats or [0..255] for integers). Got range [-2.1007793..2.64].
2025-05-21 20:55:48,633 - utils.training - ERROR - Error creating visualization: boolean index did not match indexed array along dimension 0; dimension is 240 but corresponding boolean dimension is 120
2025-05-21 20:55:48,748 - matplotlib.image - WARNING - Clipping input data to the valid range for imshow with RGB data ([0..1] for floats or [0..255] for integers). Got range [-1.9124069..2.4134207].
2025-05-21 20:55:48,750 - utils.training - ERROR - Error creating visualization: boolean index did not match indexed array along dimension 0; dimension is 240 but corresponding boolean dimension is 120
2025-05-21 20:55:48,859 - matplotlib.image - WARNING - Clipping input data to the valid range for imshow with RGB data ([0..1] for floats or [0..255] for integers). Got range [-1.9466565..2.622571].
2025-05-21 20:55:48,861 - utils.training - ERROR - Error creating visualization: boolean index did not match indexed array along dimension 0; dimension is 240 but corresponding boolean dimension is 120
2025-05-21 20:55:48,975 - matplotlib.image - WARNING - Clipping input data to the valid range for imshow with RGB data ([0..1] for floats or [0..255] for integers). Got range [-1.980906..2.622571].
2025-05-21 20:55:48,979 - utils.training - ERROR - Error creating visualization: boolean index did not match indexed array along dimension 0; dimension is 240 but corresponding boolean dimension is 120
2025-05-21 20:55:49,117 - matplotlib.image - WARNING - Clipping input data to the valid range for imshow with RGB data ([0..1] for floats or [0..255] for integers). Got range [-1.9295317..2.5528543].
2025-05-21 20:55:49,119 - utils.training - ERROR - Error creating visualization: boolean index did not match indexed array along dimension 0; dimension is 240 but corresponding boolean dimension is 120
2025-05-21 20:55:49,223 - matplotlib.image - WARNING - Clipping input data to the valid range for imshow with RGB data ([0..1] for floats or [0..255] for integers). Got range [-1.8781574..2.64].
2025-05-21 20:55:49,225 - utils.training - ERROR - Error creating visualization: boolean index did not match indexed array along dimension 0; dimension is 240 but corresponding boolean dimension is 120
2025-05-21 20:55:50,030 - matplotlib.image - WARNING - Clipping input data to the valid range for imshow with RGB data ([0..1] for floats or [0..255] for integers). Got range [-1.9295317..2.64].
2025-05-21 20:55:50,111 - utils.training - ERROR - Error creating visualization: boolean index did not match indexed array along dimension 0; dimension is 240 but corresponding boolean dimension is 120
2025-05-21 20:58:59,474 - matplotlib.image - WARNING - Clipping input data to the valid range for imshow with RGB data ([0..1] for floats or [0..255] for integers). Got range [-1.9124069..2.64].
2025-05-21 20:58:59,497 - utils.training - ERROR - Error creating visualization: boolean index did not match indexed array along dimension 0; dimension is 240 but corresponding boolean dimension is 120
2025-05-21 21:13:06,552 - matplotlib.image - WARNING - Clipping input data to the valid range for imshow with RGB data ([0..1] for floats or [0..255] for integers). Got range [-1.8610327..2.64].
2025-05-21 21:13:06,969 - utils.training - ERROR - Error creating visualization: boolean index did not match indexed array along dimension 0; dimension is 240 but corresponding boolean dimension is 120
