2025-05-20 21:00:10,682 - __main__ - INFO - Starting Mamba-based binary video segmentation training
2025-05-20 21:00:10,682 - __main__ - INFO - Using configuration from: configs/mamba_binary_efficient.yaml
2025-05-20 21:00:10,690 - __main__ - INFO - Set random seed to 42
2025-05-20 21:00:10,930 - __main__ - INFO - Using device: cuda
2025-05-20 21:00:10,930 - __main__ - INFO - Building Mamba-based binary segmentation model...
2025-05-20 21:00:12,145 - __main__ - INFO - Model has 472,421 trainable parameters
2025-05-20 21:00:12,165 - __main__ - INFO - Creating data loaders...
2025-05-20 21:00:12,737 - __main__ - INFO - Created dataloaders - Train: 2094 batches, Val: 995 batches
2025-05-20 21:00:12,737 - __main__ - INFO - Creating optimizer: AdamW
2025-05-20 21:00:12,737 - __main__ - INFO - Created OneCycleLR scheduler with max_lr=5e-05
2025-05-20 21:00:12,782 - __main__ - INFO - Starting training loop...
2025-05-20 21:00:12,782 - utils.training - INFO - Starting training from epoch 0
2025-05-20 21:01:18,600 - utils.training - INFO - Epoch 0 training - Loss: 2.5162
2025-05-20 21:01:18,824 - matplotlib.image - WARNING - Clipping input data to the valid range for imshow with RGB data ([0..1] for floats or [0..255] for integers). Got range [-2.0322802..2.64].
2025-05-20 21:01:18,826 - matplotlib.image - WARNING - Clipping input data to the valid range for imshow with RGB data ([0..1] for floats or [0..255] for integers). Got range [-2.0322802..2.64].
2025-05-20 21:01:18,830 - matplotlib.image - WARNING - Clipping input data to the valid range for imshow with RGB data ([0..1] for floats or [0..255] for integers). Got range [-2.0322802..140.19325].
2025-05-20 21:01:18,982 - matplotlib.image - WARNING - Clipping input data to the valid range for imshow with RGB data ([0..1] for floats or [0..255] for integers). Got range [-2.0322802..2.64].
2025-05-20 21:01:18,984 - matplotlib.image - WARNING - Clipping input data to the valid range for imshow with RGB data ([0..1] for floats or [0..255] for integers). Got range [-2.0322802..2.64].
2025-05-20 21:01:18,986 - matplotlib.image - WARNING - Clipping input data to the valid range for imshow with RGB data ([0..1] for floats or [0..255] for integers). Got range [-2.0322802..140.20023].
2025-05-20 21:01:19,157 - matplotlib.image - WARNING - Clipping input data to the valid range for imshow with RGB data ([0..1] for floats or [0..255] for integers). Got range [-2.0494049..2.64].
2025-05-20 21:01:19,159 - matplotlib.image - WARNING - Clipping input data to the valid range for imshow with RGB data ([0..1] for floats or [0..255] for integers). Got range [-2.0494049..2.64].
2025-05-20 21:01:19,161 - matplotlib.image - WARNING - Clipping input data to the valid range for imshow with RGB data ([0..1] for floats or [0..255] for integers). Got range [-2.0494049..140.21417].
2025-05-20 21:01:19,289 - matplotlib.image - WARNING - Clipping input data to the valid range for imshow with RGB data ([0..1] for floats or [0..255] for integers). Got range [-2.0322802..2.64].
2025-05-20 21:01:19,290 - matplotlib.image - WARNING - Clipping input data to the valid range for imshow with RGB data ([0..1] for floats or [0..255] for integers). Got range [-2.0322802..2.64].
2025-05-20 21:01:19,292 - matplotlib.image - WARNING - Clipping input data to the valid range for imshow with RGB data ([0..1] for floats or [0..255] for integers). Got range [-2.0322802..140.18628].
2025-05-20 21:01:19,456 - matplotlib.image - WARNING - Clipping input data to the valid range for imshow with RGB data ([0..1] for floats or [0..255] for integers). Got range [-2.0322802..2.64].
2025-05-20 21:01:19,458 - matplotlib.image - WARNING - Clipping input data to the valid range for imshow with RGB data ([0..1] for floats or [0..255] for integers). Got range [-2.0322802..2.64].
2025-05-20 21:01:19,461 - matplotlib.image - WARNING - Clipping input data to the valid range for imshow with RGB data ([0..1] for floats or [0..255] for integers). Got range [-2.0322802..140.19325].
2025-05-20 21:01:19,591 - matplotlib.image - WARNING - Clipping input data to the valid range for imshow with RGB data ([0..1] for floats or [0..255] for integers). Got range [-2.0322802..2.64].
2025-05-20 21:01:19,592 - matplotlib.image - WARNING - Clipping input data to the valid range for imshow with RGB data ([0..1] for floats or [0..255] for integers). Got range [-2.0322802..2.64].
2025-05-20 21:01:19,595 - matplotlib.image - WARNING - Clipping input data to the valid range for imshow with RGB data ([0..1] for floats or [0..255] for integers). Got range [-2.0322802..140.17233].
2025-05-20 21:01:19,773 - matplotlib.image - WARNING - Clipping input data to the valid range for imshow with RGB data ([0..1] for floats or [0..255] for integers). Got range [-2.0494049..2.64].
2025-05-20 21:01:19,775 - matplotlib.image - WARNING - Clipping input data to the valid range for imshow with RGB data ([0..1] for floats or [0..255] for integers). Got range [-2.0494049..2.64].
2025-05-20 21:01:19,778 - matplotlib.image - WARNING - Clipping input data to the valid range for imshow with RGB data ([0..1] for floats or [0..255] for integers). Got range [-2.0494049..140.13748].
2025-05-20 21:01:19,909 - matplotlib.image - WARNING - Clipping input data to the valid range for imshow with RGB data ([0..1] for floats or [0..255] for integers). Got range [-2.0494049..2.64].
2025-05-20 21:01:19,910 - matplotlib.image - WARNING - Clipping input data to the valid range for imshow with RGB data ([0..1] for floats or [0..255] for integers). Got range [-2.0494049..2.64].
2025-05-20 21:01:19,913 - matplotlib.image - WARNING - Clipping input data to the valid range for imshow with RGB data ([0..1] for floats or [0..255] for integers). Got range [-2.0494049..140.13748].
2025-05-20 21:01:20,088 - matplotlib.image - WARNING - Clipping input data to the valid range for imshow with RGB data ([0..1] for floats or [0..255] for integers). Got range [-2.0151556..2.64].
2025-05-20 21:01:20,090 - matplotlib.image - WARNING - Clipping input data to the valid range for imshow with RGB data ([0..1] for floats or [0..255] for integers). Got range [-2.0151556..2.64].
2025-05-20 21:01:20,093 - matplotlib.image - WARNING - Clipping input data to the valid range for imshow with RGB data ([0..1] for floats or [0..255] for integers). Got range [-2.0151556..140.14445].
2025-05-20 21:01:20,224 - matplotlib.image - WARNING - Clipping input data to the valid range for imshow with RGB data ([0..1] for floats or [0..255] for integers). Got range [-2.0151556..2.64].
2025-05-20 21:01:20,225 - matplotlib.image - WARNING - Clipping input data to the valid range for imshow with RGB data ([0..1] for floats or [0..255] for integers). Got range [-2.0151556..2.64].
2025-05-20 21:01:20,228 - matplotlib.image - WARNING - Clipping input data to the valid range for imshow with RGB data ([0..1] for floats or [0..255] for integers). Got range [-2.0151556..140.15143].
2025-05-20 21:01:20,574 - matplotlib.image - WARNING - Clipping input data to the valid range for imshow with RGB data ([0..1] for floats or [0..255] for integers). Got range [-2.0322802..2.64].
2025-05-20 21:01:20,576 - matplotlib.image - WARNING - Clipping input data to the valid range for imshow with RGB data ([0..1] for floats or [0..255] for integers). Got range [-2.0322802..2.64].
2025-05-20 21:01:20,578 - matplotlib.image - WARNING - Clipping input data to the valid range for imshow with RGB data ([0..1] for floats or [0..255] for integers). Got range [-2.0322802..140.17233].
2025-05-20 21:01:20,704 - matplotlib.image - WARNING - Clipping input data to the valid range for imshow with RGB data ([0..1] for floats or [0..255] for integers). Got range [-2.0322802..2.64].
2025-05-20 21:01:20,705 - matplotlib.image - WARNING - Clipping input data to the valid range for imshow with RGB data ([0..1] for floats or [0..255] for integers). Got range [-2.0322802..2.64].
2025-05-20 21:01:20,708 - matplotlib.image - WARNING - Clipping input data to the valid range for imshow with RGB data ([0..1] for floats or [0..255] for integers). Got range [-2.0322802..140.17233].
2025-05-20 21:01:20,878 - matplotlib.image - WARNING - Clipping input data to the valid range for imshow with RGB data ([0..1] for floats or [0..255] for integers). Got range [-2.0494049..2.64].
2025-05-20 21:01:20,880 - matplotlib.image - WARNING - Clipping input data to the valid range for imshow with RGB data ([0..1] for floats or [0..255] for integers). Got range [-2.0494049..2.64].
2025-05-20 21:01:20,883 - matplotlib.image - WARNING - Clipping input data to the valid range for imshow with RGB data ([0..1] for floats or [0..255] for integers). Got range [-2.0494049..140.24902].
2025-05-20 21:01:21,014 - matplotlib.image - WARNING - Clipping input data to the valid range for imshow with RGB data ([0..1] for floats or [0..255] for integers). Got range [-2.0322802..2.64].
2025-05-20 21:01:21,015 - matplotlib.image - WARNING - Clipping input data to the valid range for imshow with RGB data ([0..1] for floats or [0..255] for integers). Got range [-2.0322802..2.64].
2025-05-20 21:01:21,018 - matplotlib.image - WARNING - Clipping input data to the valid range for imshow with RGB data ([0..1] for floats or [0..255] for integers). Got range [-2.0322802..140.22812].
2025-05-20 21:01:21,200 - matplotlib.image - WARNING - Clipping input data to the valid range for imshow with RGB data ([0..1] for floats or [0..255] for integers). Got range [-2.0665298..2.64].
2025-05-20 21:01:21,202 - matplotlib.image - WARNING - Clipping input data to the valid range for imshow with RGB data ([0..1] for floats or [0..255] for integers). Got range [-2.0665298..2.64].
2025-05-20 21:01:21,204 - matplotlib.image - WARNING - Clipping input data to the valid range for imshow with RGB data ([0..1] for floats or [0..255] for integers). Got range [-2.0665298..109.056].
2025-05-20 21:01:21,339 - matplotlib.image - WARNING - Clipping input data to the valid range for imshow with RGB data ([0..1] for floats or [0..255] for integers). Got range [-2.0665298..2.64].
2025-05-20 21:01:21,340 - matplotlib.image - WARNING - Clipping input data to the valid range for imshow with RGB data ([0..1] for floats or [0..255] for integers). Got range [-2.0665298..2.64].
2025-05-20 21:01:21,343 - matplotlib.image - WARNING - Clipping input data to the valid range for imshow with RGB data ([0..1] for floats or [0..255] for integers). Got range [-2.0494049..109.056].
2025-05-20 21:01:21,531 - matplotlib.image - WARNING - Clipping input data to the valid range for imshow with RGB data ([0..1] for floats or [0..255] for integers). Got range [-2.1007793..2.64].
2025-05-20 21:01:21,533 - matplotlib.image - WARNING - Clipping input data to the valid range for imshow with RGB data ([0..1] for floats or [0..255] for integers). Got range [-2.1007793..2.64].
2025-05-20 21:01:21,535 - matplotlib.image - WARNING - Clipping input data to the valid range for imshow with RGB data ([0..1] for floats or [0..255] for integers). Got range [-2.0494049..109.056].
2025-05-20 21:01:21,692 - matplotlib.image - WARNING - Clipping input data to the valid range for imshow with RGB data ([0..1] for floats or [0..255] for integers). Got range [-2.0836544..2.64].
2025-05-20 21:01:21,693 - matplotlib.image - WARNING - Clipping input data to the valid range for imshow with RGB data ([0..1] for floats or [0..255] for integers). Got range [-2.0836544..2.64].
2025-05-20 21:01:21,696 - matplotlib.image - WARNING - Clipping input data to the valid range for imshow with RGB data ([0..1] for floats or [0..255] for integers). Got range [-2.0322802..109.056].
2025-05-20 21:01:21,882 - matplotlib.image - WARNING - Clipping input data to the valid range for imshow with RGB data ([0..1] for floats or [0..255] for integers). Got range [-2.1007793..2.64].
2025-05-20 21:01:21,883 - matplotlib.image - WARNING - Clipping input data to the valid range for imshow with RGB data ([0..1] for floats or [0..255] for integers). Got range [-2.1007793..2.64].
2025-05-20 21:01:21,886 - matplotlib.image - WARNING - Clipping input data to the valid range for imshow with RGB data ([0..1] for floats or [0..255] for integers). Got range [-1.9980307..109.056].
2025-05-20 21:01:22,031 - matplotlib.image - WARNING - Clipping input data to the valid range for imshow with RGB data ([0..1] for floats or [0..255] for integers). Got range [-2.1007793..2.64].
2025-05-20 21:01:22,032 - matplotlib.image - WARNING - Clipping input data to the valid range for imshow with RGB data ([0..1] for floats or [0..255] for integers). Got range [-2.1007793..2.64].
2025-05-20 21:01:22,034 - matplotlib.image - WARNING - Clipping input data to the valid range for imshow with RGB data ([0..1] for floats or [0..255] for integers). Got range [-2.0322802..109.056].
2025-05-20 21:01:22,234 - matplotlib.image - WARNING - Clipping input data to the valid range for imshow with RGB data ([0..1] for floats or [0..255] for integers). Got range [-2.0665298..2.64].
2025-05-20 21:01:22,236 - matplotlib.image - WARNING - Clipping input data to the valid range for imshow with RGB data ([0..1] for floats or [0..255] for integers). Got range [-2.0665298..2.64].
2025-05-20 21:01:22,239 - matplotlib.image - WARNING - Clipping input data to the valid range for imshow with RGB data ([0..1] for floats or [0..255] for integers). Got range [-2.0665298..109.056].
2025-05-20 21:01:22,369 - matplotlib.image - WARNING - Clipping input data to the valid range for imshow with RGB data ([0..1] for floats or [0..255] for integers). Got range [-2.117904..2.64].
2025-05-20 21:01:22,371 - matplotlib.image - WARNING - Clipping input data to the valid range for imshow with RGB data ([0..1] for floats or [0..255] for integers). Got range [-2.117904..2.64].
2025-05-20 21:01:22,373 - matplotlib.image - WARNING - Clipping input data to the valid range for imshow with RGB data ([0..1] for floats or [0..255] for integers). Got range [-2.0836544..109.056].
2025-05-20 21:01:22,670 - matplotlib.image - WARNING - Clipping input data to the valid range for imshow with RGB data ([0..1] for floats or [0..255] for integers). Got range [-2.0836544..2.64].
2025-05-20 21:01:22,671 - matplotlib.image - WARNING - Clipping input data to the valid range for imshow with RGB data ([0..1] for floats or [0..255] for integers). Got range [-2.0836544..2.64].
2025-05-20 21:01:22,673 - matplotlib.image - WARNING - Clipping input data to the valid range for imshow with RGB data ([0..1] for floats or [0..255] for integers). Got range [-2.0494049..109.056].
2025-05-20 21:01:22,800 - matplotlib.image - WARNING - Clipping input data to the valid range for imshow with RGB data ([0..1] for floats or [0..255] for integers). Got range [-2.0665298..2.64].
2025-05-20 21:01:22,801 - matplotlib.image - WARNING - Clipping input data to the valid range for imshow with RGB data ([0..1] for floats or [0..255] for integers). Got range [-2.0665298..2.64].
2025-05-20 21:01:22,803 - matplotlib.image - WARNING - Clipping input data to the valid range for imshow with RGB data ([0..1] for floats or [0..255] for integers). Got range [-2.0665298..109.056].
2025-05-20 21:01:22,996 - matplotlib.image - WARNING - Clipping input data to the valid range for imshow with RGB data ([0..1] for floats or [0..255] for integers). Got range [-1.9637812..2.64].
2025-05-20 21:01:22,997 - matplotlib.image - WARNING - Clipping input data to the valid range for imshow with RGB data ([0..1] for floats or [0..255] for integers). Got range [-1.9637812..2.64].
2025-05-20 21:01:22,999 - matplotlib.image - WARNING - Clipping input data to the valid range for imshow with RGB data ([0..1] for floats or [0..255] for integers). Got range [-1.9637812..140.256].
2025-05-20 21:01:23,133 - matplotlib.image - WARNING - Clipping input data to the valid range for imshow with RGB data ([0..1] for floats or [0..255] for integers). Got range [-1.9637812..2.64].
2025-05-20 21:01:23,134 - matplotlib.image - WARNING - Clipping input data to the valid range for imshow with RGB data ([0..1] for floats or [0..255] for integers). Got range [-1.9637812..2.64].
2025-05-20 21:01:23,136 - matplotlib.image - WARNING - Clipping input data to the valid range for imshow with RGB data ([0..1] for floats or [0..255] for integers). Got range [-1.9637812..140.256].
2025-05-20 21:01:23,367 - matplotlib.image - WARNING - Clipping input data to the valid range for imshow with RGB data ([0..1] for floats or [0..255] for integers). Got range [-2.0182073..2.64].
2025-05-20 21:01:23,369 - matplotlib.image - WARNING - Clipping input data to the valid range for imshow with RGB data ([0..1] for floats or [0..255] for integers). Got range [-2.0182073..2.64].
2025-05-20 21:01:23,372 - matplotlib.image - WARNING - Clipping input data to the valid range for imshow with RGB data ([0..1] for floats or [0..255] for integers). Got range [-1.843908..140.256].
2025-05-20 21:01:23,503 - matplotlib.image - WARNING - Clipping input data to the valid range for imshow with RGB data ([0..1] for floats or [0..255] for integers). Got range [-1.9131652..2.64].
2025-05-20 21:01:23,505 - matplotlib.image - WARNING - Clipping input data to the valid range for imshow with RGB data ([0..1] for floats or [0..255] for integers). Got range [-1.9131652..2.64].
2025-05-20 21:01:23,507 - matplotlib.image - WARNING - Clipping input data to the valid range for imshow with RGB data ([0..1] for floats or [0..255] for integers). Got range [-1.8781574..140.256].
2025-05-20 21:01:23,759 - matplotlib.image - WARNING - Clipping input data to the valid range for imshow with RGB data ([0..1] for floats or [0..255] for integers). Got range [-1.8610327..2.64].
2025-05-20 21:01:23,760 - matplotlib.image - WARNING - Clipping input data to the valid range for imshow with RGB data ([0..1] for floats or [0..255] for integers). Got range [-1.8610327..2.64].
2025-05-20 21:01:23,763 - matplotlib.image - WARNING - Clipping input data to the valid range for imshow with RGB data ([0..1] for floats or [0..255] for integers). Got range [-1.8610327..140.256].
2025-05-20 21:01:23,898 - matplotlib.image - WARNING - Clipping input data to the valid range for imshow with RGB data ([0..1] for floats or [0..255] for integers). Got range [-1.8610327..2.64].
2025-05-20 21:01:23,899 - matplotlib.image - WARNING - Clipping input data to the valid range for imshow with RGB data ([0..1] for floats or [0..255] for integers). Got range [-1.8610327..2.64].
2025-05-20 21:01:23,902 - matplotlib.image - WARNING - Clipping input data to the valid range for imshow with RGB data ([0..1] for floats or [0..255] for integers). Got range [-1.8610327..140.256].
2025-05-20 21:01:24,154 - matplotlib.image - WARNING - Clipping input data to the valid range for imshow with RGB data ([0..1] for floats or [0..255] for integers). Got range [-2.117904..2.64].
2025-05-20 21:01:24,155 - matplotlib.image - WARNING - Clipping input data to the valid range for imshow with RGB data ([0..1] for floats or [0..255] for integers). Got range [-2.117904..2.64].
2025-05-20 21:01:24,158 - matplotlib.image - WARNING - Clipping input data to the valid range for imshow with RGB data ([0..1] for floats or [0..255] for integers). Got range [-2.117904..140.256].
2025-05-20 21:01:24,294 - matplotlib.image - WARNING - Clipping input data to the valid range for imshow with RGB data ([0..1] for floats or [0..255] for integers). Got range [-2.117904..2.64].
2025-05-20 21:01:24,295 - matplotlib.image - WARNING - Clipping input data to the valid range for imshow with RGB data ([0..1] for floats or [0..255] for integers). Got range [-2.117904..2.64].
2025-05-20 21:01:24,298 - matplotlib.image - WARNING - Clipping input data to the valid range for imshow with RGB data ([0..1] for floats or [0..255] for integers). Got range [-2.117904..140.256].
2025-05-20 21:01:24,560 - matplotlib.image - WARNING - Clipping input data to the valid range for imshow with RGB data ([0..1] for floats or [0..255] for integers). Got range [-2.117904..2.64].
2025-05-20 21:01:24,562 - matplotlib.image - WARNING - Clipping input data to the valid range for imshow with RGB data ([0..1] for floats or [0..255] for integers). Got range [-2.117904..2.64].
2025-05-20 21:01:24,564 - matplotlib.image - WARNING - Clipping input data to the valid range for imshow with RGB data ([0..1] for floats or [0..255] for integers). Got range [-2.117904..140.256].
2025-05-20 21:01:24,793 - matplotlib.image - WARNING - Clipping input data to the valid range for imshow with RGB data ([0..1] for floats or [0..255] for integers). Got range [-2.117904..2.64].
2025-05-20 21:01:24,794 - matplotlib.image - WARNING - Clipping input data to the valid range for imshow with RGB data ([0..1] for floats or [0..255] for integers). Got range [-2.117904..2.64].
2025-05-20 21:01:24,796 - matplotlib.image - WARNING - Clipping input data to the valid range for imshow with RGB data ([0..1] for floats or [0..255] for integers). Got range [-2.117904..140.256].
2025-05-20 21:01:25,001 - matplotlib.image - WARNING - Clipping input data to the valid range for imshow with RGB data ([0..1] for floats or [0..255] for integers). Got range [-2.117904..2.64].
2025-05-20 21:01:25,003 - matplotlib.image - WARNING - Clipping input data to the valid range for imshow with RGB data ([0..1] for floats or [0..255] for integers). Got range [-2.117904..2.64].
2025-05-20 21:01:25,005 - matplotlib.image - WARNING - Clipping input data to the valid range for imshow with RGB data ([0..1] for floats or [0..255] for integers). Got range [-2.117904..140.256].
2025-05-20 21:01:25,138 - matplotlib.image - WARNING - Clipping input data to the valid range for imshow with RGB data ([0..1] for floats or [0..255] for integers). Got range [-2.117904..2.64].
2025-05-20 21:01:25,139 - matplotlib.image - WARNING - Clipping input data to the valid range for imshow with RGB data ([0..1] for floats or [0..255] for integers). Got range [-2.117904..2.64].
2025-05-20 21:01:25,141 - matplotlib.image - WARNING - Clipping input data to the valid range for imshow with RGB data ([0..1] for floats or [0..255] for integers). Got range [-2.117904..140.256].
2025-05-20 21:01:25,328 - matplotlib.image - WARNING - Clipping input data to the valid range for imshow with RGB data ([0..1] for floats or [0..255] for integers). Got range [-2.117904..2.64].
2025-05-20 21:01:25,330 - matplotlib.image - WARNING - Clipping input data to the valid range for imshow with RGB data ([0..1] for floats or [0..255] for integers). Got range [-2.117904..2.64].
2025-05-20 21:01:25,332 - matplotlib.image - WARNING - Clipping input data to the valid range for imshow with RGB data ([0..1] for floats or [0..255] for integers). Got range [-2.117904..140.256].
2025-05-20 21:01:25,472 - matplotlib.image - WARNING - Clipping input data to the valid range for imshow with RGB data ([0..1] for floats or [0..255] for integers). Got range [-2.117904..2.64].
2025-05-20 21:01:25,474 - matplotlib.image - WARNING - Clipping input data to the valid range for imshow with RGB data ([0..1] for floats or [0..255] for integers). Got range [-2.117904..2.64].
2025-05-20 21:01:25,476 - matplotlib.image - WARNING - Clipping input data to the valid range for imshow with RGB data ([0..1] for floats or [0..255] for integers). Got range [-2.117904..140.256].
2025-05-20 21:01:25,648 - matplotlib.image - WARNING - Clipping input data to the valid range for imshow with RGB data ([0..1] for floats or [0..255] for integers). Got range [-2.117904..2.64].
2025-05-20 21:01:25,649 - matplotlib.image - WARNING - Clipping input data to the valid range for imshow with RGB data ([0..1] for floats or [0..255] for integers). Got range [-2.117904..2.64].
2025-05-20 21:01:25,652 - matplotlib.image - WARNING - Clipping input data to the valid range for imshow with RGB data ([0..1] for floats or [0..255] for integers). Got range [-2.117904..140.256].
2025-05-20 21:01:25,788 - matplotlib.image - WARNING - Clipping input data to the valid range for imshow with RGB data ([0..1] for floats or [0..255] for integers). Got range [-2.117904..2.64].
2025-05-20 21:01:25,789 - matplotlib.image - WARNING - Clipping input data to the valid range for imshow with RGB data ([0..1] for floats or [0..255] for integers). Got range [-2.117904..2.64].
2025-05-20 21:01:25,791 - matplotlib.image - WARNING - Clipping input data to the valid range for imshow with RGB data ([0..1] for floats or [0..255] for integers). Got range [-2.117904..140.256].
2025-05-20 21:01:25,976 - matplotlib.image - WARNING - Clipping input data to the valid range for imshow with RGB data ([0..1] for floats or [0..255] for integers). Got range [-2.117904..2.64].
2025-05-20 21:01:25,978 - matplotlib.image - WARNING - Clipping input data to the valid range for imshow with RGB data ([0..1] for floats or [0..255] for integers). Got range [-2.117904..2.64].
2025-05-20 21:01:25,980 - matplotlib.image - WARNING - Clipping input data to the valid range for imshow with RGB data ([0..1] for floats or [0..255] for integers). Got range [-2.117904..108.94445].
2025-05-20 21:01:26,128 - matplotlib.image - WARNING - Clipping input data to the valid range for imshow with RGB data ([0..1] for floats or [0..255] for integers). Got range [-2.117904..2.64].
2025-05-20 21:01:26,129 - matplotlib.image - WARNING - Clipping input data to the valid range for imshow with RGB data ([0..1] for floats or [0..255] for integers). Got range [-2.117904..2.64].
2025-05-20 21:01:26,131 - matplotlib.image - WARNING - Clipping input data to the valid range for imshow with RGB data ([0..1] for floats or [0..255] for integers). Got range [-2.117904..108.97234].
2025-05-20 21:01:26,317 - matplotlib.image - WARNING - Clipping input data to the valid range for imshow with RGB data ([0..1] for floats or [0..255] for integers). Got range [-2.117904..2.64].
2025-05-20 21:01:26,318 - matplotlib.image - WARNING - Clipping input data to the valid range for imshow with RGB data ([0..1] for floats or [0..255] for integers). Got range [-2.117904..2.64].
2025-05-20 21:01:26,321 - matplotlib.image - WARNING - Clipping input data to the valid range for imshow with RGB data ([0..1] for floats or [0..255] for integers). Got range [-2.117904..109.01417].
2025-05-20 21:01:26,477 - matplotlib.image - WARNING - Clipping input data to the valid range for imshow with RGB data ([0..1] for floats or [0..255] for integers). Got range [-2.117904..2.64].
2025-05-20 21:01:26,479 - matplotlib.image - WARNING - Clipping input data to the valid range for imshow with RGB data ([0..1] for floats or [0..255] for integers). Got range [-2.117904..2.64].
2025-05-20 21:01:26,481 - matplotlib.image - WARNING - Clipping input data to the valid range for imshow with RGB data ([0..1] for floats or [0..255] for integers). Got range [-2.117904..109.028114].
2025-05-20 21:01:26,666 - matplotlib.image - WARNING - Clipping input data to the valid range for imshow with RGB data ([0..1] for floats or [0..255] for integers). Got range [-2.117904..2.64].
2025-05-20 21:01:26,667 - matplotlib.image - WARNING - Clipping input data to the valid range for imshow with RGB data ([0..1] for floats or [0..255] for integers). Got range [-2.117904..2.64].
2025-05-20 21:01:26,670 - matplotlib.image - WARNING - Clipping input data to the valid range for imshow with RGB data ([0..1] for floats or [0..255] for integers). Got range [-2.117904..108.84685].
2025-05-20 21:01:26,929 - matplotlib.image - WARNING - Clipping input data to the valid range for imshow with RGB data ([0..1] for floats or [0..255] for integers). Got range [-2.117904..2.64].
2025-05-20 21:01:26,931 - matplotlib.image - WARNING - Clipping input data to the valid range for imshow with RGB data ([0..1] for floats or [0..255] for integers). Got range [-2.117904..2.64].
2025-05-20 21:01:26,934 - matplotlib.image - WARNING - Clipping input data to the valid range for imshow with RGB data ([0..1] for floats or [0..255] for integers). Got range [-2.117904..108.87473].
2025-05-20 21:01:27,113 - matplotlib.image - WARNING - Clipping input data to the valid range for imshow with RGB data ([0..1] for floats or [0..255] for integers). Got range [-2.117904..2.64].
2025-05-20 21:01:27,115 - matplotlib.image - WARNING - Clipping input data to the valid range for imshow with RGB data ([0..1] for floats or [0..255] for integers). Got range [-2.117904..2.64].
2025-05-20 21:01:27,117 - matplotlib.image - WARNING - Clipping input data to the valid range for imshow with RGB data ([0..1] for floats or [0..255] for integers). Got range [-2.117904..108.95142].
2025-05-20 21:01:27,255 - matplotlib.image - WARNING - Clipping input data to the valid range for imshow with RGB data ([0..1] for floats or [0..255] for integers). Got range [-2.117904..2.64].
2025-05-20 21:01:27,256 - matplotlib.image - WARNING - Clipping input data to the valid range for imshow with RGB data ([0..1] for floats or [0..255] for integers). Got range [-2.117904..2.64].
2025-05-20 21:01:27,258 - matplotlib.image - WARNING - Clipping input data to the valid range for imshow with RGB data ([0..1] for floats or [0..255] for integers). Got range [-2.117904..108.84685].
2025-05-20 21:01:27,436 - matplotlib.image - WARNING - Clipping input data to the valid range for imshow with RGB data ([0..1] for floats or [0..255] for integers). Got range [-2.117904..2.64].
2025-05-20 21:01:27,437 - matplotlib.image - WARNING - Clipping input data to the valid range for imshow with RGB data ([0..1] for floats or [0..255] for integers). Got range [-2.117904..2.64].
2025-05-20 21:01:27,440 - matplotlib.image - WARNING - Clipping input data to the valid range for imshow with RGB data ([0..1] for floats or [0..255] for integers). Got range [-2.117904..108.88171].
2025-05-20 21:01:27,594 - matplotlib.image - WARNING - Clipping input data to the valid range for imshow with RGB data ([0..1] for floats or [0..255] for integers). Got range [-2.117904..2.622571].
2025-05-20 21:01:27,595 - matplotlib.image - WARNING - Clipping input data to the valid range for imshow with RGB data ([0..1] for floats or [0..255] for integers). Got range [-2.117904..2.622571].
2025-05-20 21:01:27,597 - matplotlib.image - WARNING - Clipping input data to the valid range for imshow with RGB data ([0..1] for floats or [0..255] for integers). Got range [-2.117904..108.89565].
2025-05-20 21:01:27,786 - matplotlib.image - WARNING - Clipping input data to the valid range for imshow with RGB data ([0..1] for floats or [0..255] for integers). Got range [-2.117904..2.622571].
2025-05-20 21:01:27,787 - matplotlib.image - WARNING - Clipping input data to the valid range for imshow with RGB data ([0..1] for floats or [0..255] for integers). Got range [-2.117904..2.622571].
2025-05-20 21:01:27,790 - matplotlib.image - WARNING - Clipping input data to the valid range for imshow with RGB data ([0..1] for floats or [0..255] for integers). Got range [-2.117904..109.01417].
2025-05-20 21:01:27,939 - matplotlib.image - WARNING - Clipping input data to the valid range for imshow with RGB data ([0..1] for floats or [0..255] for integers). Got range [-2.117904..2.6051416].
2025-05-20 21:01:27,941 - matplotlib.image - WARNING - Clipping input data to the valid range for imshow with RGB data ([0..1] for floats or [0..255] for integers). Got range [-2.117904..2.6051416].
2025-05-20 21:01:27,943 - matplotlib.image - WARNING - Clipping input data to the valid range for imshow with RGB data ([0..1] for floats or [0..255] for integers). Got range [-2.117904..108.96537].
2025-05-20 21:01:28,167 - matplotlib.image - WARNING - Clipping input data to the valid range for imshow with RGB data ([0..1] for floats or [0..255] for integers). Got range [-2.117904..2.5877128].
2025-05-20 21:01:28,169 - matplotlib.image - WARNING - Clipping input data to the valid range for imshow with RGB data ([0..1] for floats or [0..255] for integers). Got range [-2.117904..2.5877128].
2025-05-20 21:01:28,172 - matplotlib.image - WARNING - Clipping input data to the valid range for imshow with RGB data ([0..1] for floats or [0..255] for integers). Got range [-2.117904..108.90959].
2025-05-20 21:01:28,309 - matplotlib.image - WARNING - Clipping input data to the valid range for imshow with RGB data ([0..1] for floats or [0..255] for integers). Got range [-2.117904..2.622571].
2025-05-20 21:01:28,310 - matplotlib.image - WARNING - Clipping input data to the valid range for imshow with RGB data ([0..1] for floats or [0..255] for integers). Got range [-2.117904..2.622571].
2025-05-20 21:01:28,312 - matplotlib.image - WARNING - Clipping input data to the valid range for imshow with RGB data ([0..1] for floats or [0..255] for integers). Got range [-2.117904..108.98628].
2025-05-20 21:01:28,499 - matplotlib.image - WARNING - Clipping input data to the valid range for imshow with RGB data ([0..1] for floats or [0..255] for integers). Got range [-2.117904..2.64].
2025-05-20 21:01:28,500 - matplotlib.image - WARNING - Clipping input data to the valid range for imshow with RGB data ([0..1] for floats or [0..255] for integers). Got range [-2.117904..2.64].
2025-05-20 21:01:28,503 - matplotlib.image - WARNING - Clipping input data to the valid range for imshow with RGB data ([0..1] for floats or [0..255] for integers). Got range [-2.117904..108.839874].
2025-05-20 21:01:28,646 - matplotlib.image - WARNING - Clipping input data to the valid range for imshow with RGB data ([0..1] for floats or [0..255] for integers). Got range [-2.117904..2.64].
2025-05-20 21:01:28,648 - matplotlib.image - WARNING - Clipping input data to the valid range for imshow with RGB data ([0..1] for floats or [0..255] for integers). Got range [-2.117904..2.64].
2025-05-20 21:01:28,650 - matplotlib.image - WARNING - Clipping input data to the valid range for imshow with RGB data ([0..1] for floats or [0..255] for integers). Got range [-2.117904..108.86777].
2025-05-20 21:01:28,953 - matplotlib.image - WARNING - Clipping input data to the valid range for imshow with RGB data ([0..1] for floats or [0..255] for integers). Got range [-2.117904..2.64].
2025-05-20 21:01:28,954 - matplotlib.image - WARNING - Clipping input data to the valid range for imshow with RGB data ([0..1] for floats or [0..255] for integers). Got range [-2.117904..2.64].
2025-05-20 21:01:28,957 - matplotlib.image - WARNING - Clipping input data to the valid range for imshow with RGB data ([0..1] for floats or [0..255] for integers). Got range [-2.117904..108.95142].
2025-05-20 21:01:29,088 - matplotlib.image - WARNING - Clipping input data to the valid range for imshow with RGB data ([0..1] for floats or [0..255] for integers). Got range [-2.117904..2.64].
2025-05-20 21:01:29,089 - matplotlib.image - WARNING - Clipping input data to the valid range for imshow with RGB data ([0..1] for floats or [0..255] for integers). Got range [-2.117904..2.64].
2025-05-20 21:01:29,092 - matplotlib.image - WARNING - Clipping input data to the valid range for imshow with RGB data ([0..1] for floats or [0..255] for integers). Got range [-2.117904..108.96537].
2025-05-20 21:01:29,275 - matplotlib.image - WARNING - Clipping input data to the valid range for imshow with RGB data ([0..1] for floats or [0..255] for integers). Got range [-2.1007793..2.5528543].
2025-05-20 21:01:29,277 - matplotlib.image - WARNING - Clipping input data to the valid range for imshow with RGB data ([0..1] for floats or [0..255] for integers). Got range [-2.1007793..2.5528543].
2025-05-20 21:01:29,279 - matplotlib.image - WARNING - Clipping input data to the valid range for imshow with RGB data ([0..1] for floats or [0..255] for integers). Got range [-2.1007793..108.916565].
2025-05-20 21:01:29,428 - matplotlib.image - WARNING - Clipping input data to the valid range for imshow with RGB data ([0..1] for floats or [0..255] for integers). Got range [-2.117904..2.535425].
2025-05-20 21:01:29,429 - matplotlib.image - WARNING - Clipping input data to the valid range for imshow with RGB data ([0..1] for floats or [0..255] for integers). Got range [-2.117904..2.535425].
2025-05-20 21:01:29,432 - matplotlib.image - WARNING - Clipping input data to the valid range for imshow with RGB data ([0..1] for floats or [0..255] for integers). Got range [-2.117904..108.92354].
2025-05-20 21:01:29,642 - matplotlib.image - WARNING - Clipping input data to the valid range for imshow with RGB data ([0..1] for floats or [0..255] for integers). Got range [-2.1007793..2.3959913].
2025-05-20 21:01:29,644 - matplotlib.image - WARNING - Clipping input data to the valid range for imshow with RGB data ([0..1] for floats or [0..255] for integers). Got range [-2.1007793..2.3959913].
2025-05-20 21:01:29,647 - matplotlib.image - WARNING - Clipping input data to the valid range for imshow with RGB data ([0..1] for floats or [0..255] for integers). Got range [-2.1007793..108.916565].
2025-05-20 21:01:29,786 - matplotlib.image - WARNING - Clipping input data to the valid range for imshow with RGB data ([0..1] for floats or [0..255] for integers). Got range [-2.1007793..2.3262744].
2025-05-20 21:01:29,787 - matplotlib.image - WARNING - Clipping input data to the valid range for imshow with RGB data ([0..1] for floats or [0..255] for integers). Got range [-2.1007793..2.3262744].
2025-05-20 21:01:29,790 - matplotlib.image - WARNING - Clipping input data to the valid range for imshow with RGB data ([0..1] for floats or [0..255] for integers). Got range [-2.1007793..108.916565].
2025-05-20 21:01:29,996 - matplotlib.image - WARNING - Clipping input data to the valid range for imshow with RGB data ([0..1] for floats or [0..255] for integers). Got range [-2.117904..2.465708].
2025-05-20 21:01:29,998 - matplotlib.image - WARNING - Clipping input data to the valid range for imshow with RGB data ([0..1] for floats or [0..255] for integers). Got range [-2.117904..2.465708].
2025-05-20 21:01:30,001 - matplotlib.image - WARNING - Clipping input data to the valid range for imshow with RGB data ([0..1] for floats or [0..255] for integers). Got range [-2.117904..108.89565].
2025-05-20 21:01:30,134 - matplotlib.image - WARNING - Clipping input data to the valid range for imshow with RGB data ([0..1] for floats or [0..255] for integers). Got range [-2.117904..2.5005665].
2025-05-20 21:01:30,135 - matplotlib.image - WARNING - Clipping input data to the valid range for imshow with RGB data ([0..1] for floats or [0..255] for integers). Got range [-2.117904..2.5005665].
2025-05-20 21:01:30,138 - matplotlib.image - WARNING - Clipping input data to the valid range for imshow with RGB data ([0..1] for floats or [0..255] for integers). Got range [-2.117904..108.89565].
2025-05-20 21:01:30,348 - matplotlib.image - WARNING - Clipping input data to the valid range for imshow with RGB data ([0..1] for floats or [0..255] for integers). Got range [-2.117904..2.5702832].
2025-05-20 21:01:30,349 - matplotlib.image - WARNING - Clipping input data to the valid range for imshow with RGB data ([0..1] for floats or [0..255] for integers). Got range [-2.117904..2.5702832].
2025-05-20 21:01:30,351 - matplotlib.image - WARNING - Clipping input data to the valid range for imshow with RGB data ([0..1] for floats or [0..255] for integers). Got range [-2.117904..108.937485].
2025-05-20 21:01:30,496 - matplotlib.image - WARNING - Clipping input data to the valid range for imshow with RGB data ([0..1] for floats or [0..255] for integers). Got range [-2.117904..2.622571].
2025-05-20 21:01:30,497 - matplotlib.image - WARNING - Clipping input data to the valid range for imshow with RGB data ([0..1] for floats or [0..255] for integers). Got range [-2.117904..2.622571].
2025-05-20 21:01:30,500 - matplotlib.image - WARNING - Clipping input data to the valid range for imshow with RGB data ([0..1] for floats or [0..255] for integers). Got range [-2.117904..108.937485].
2025-05-20 21:01:30,726 - matplotlib.image - WARNING - Clipping input data to the valid range for imshow with RGB data ([0..1] for floats or [0..255] for integers). Got range [-2.117904..2.5702832].
2025-05-20 21:01:30,728 - matplotlib.image - WARNING - Clipping input data to the valid range for imshow with RGB data ([0..1] for floats or [0..255] for integers). Got range [-2.117904..2.5702832].
2025-05-20 21:01:30,730 - matplotlib.image - WARNING - Clipping input data to the valid range for imshow with RGB data ([0..1] for floats or [0..255] for integers). Got range [-2.117904..108.94445].
2025-05-20 21:01:30,969 - matplotlib.image - WARNING - Clipping input data to the valid range for imshow with RGB data ([0..1] for floats or [0..255] for integers). Got range [-2.117904..2.6051416].
2025-05-20 21:01:30,970 - matplotlib.image - WARNING - Clipping input data to the valid range for imshow with RGB data ([0..1] for floats or [0..255] for integers). Got range [-2.117904..2.6051416].
2025-05-20 21:01:30,973 - matplotlib.image - WARNING - Clipping input data to the valid range for imshow with RGB data ([0..1] for floats or [0..255] for integers). Got range [-2.117904..108.94445].
2025-05-20 21:01:31,200 - matplotlib.image - WARNING - Clipping input data to the valid range for imshow with RGB data ([0..1] for floats or [0..255] for integers). Got range [-2.1007793..2.6051416].
2025-05-20 21:01:31,203 - matplotlib.image - WARNING - Clipping input data to the valid range for imshow with RGB data ([0..1] for floats or [0..255] for integers). Got range [-2.1007793..2.6051416].
2025-05-20 21:01:31,206 - matplotlib.image - WARNING - Clipping input data to the valid range for imshow with RGB data ([0..1] for floats or [0..255] for integers). Got range [-2.1007793..108.9584].
2025-05-20 21:01:31,366 - matplotlib.image - WARNING - Clipping input data to the valid range for imshow with RGB data ([0..1] for floats or [0..255] for integers). Got range [-2.1007793..2.6051416].
2025-05-20 21:01:31,367 - matplotlib.image - WARNING - Clipping input data to the valid range for imshow with RGB data ([0..1] for floats or [0..255] for integers). Got range [-2.1007793..2.6051416].
2025-05-20 21:01:31,370 - matplotlib.image - WARNING - Clipping input data to the valid range for imshow with RGB data ([0..1] for floats or [0..255] for integers). Got range [-2.1007793..108.95142].
2025-05-20 21:01:31,593 - matplotlib.image - WARNING - Clipping input data to the valid range for imshow with RGB data ([0..1] for floats or [0..255] for integers). Got range [-2.0665298..2.535425].
2025-05-20 21:01:31,594 - matplotlib.image - WARNING - Clipping input data to the valid range for imshow with RGB data ([0..1] for floats or [0..255] for integers). Got range [-2.0665298..2.535425].
2025-05-20 21:01:31,597 - matplotlib.image - WARNING - Clipping input data to the valid range for imshow with RGB data ([0..1] for floats or [0..255] for integers). Got range [-2.0665298..108.96537].
2025-05-20 21:01:31,735 - matplotlib.image - WARNING - Clipping input data to the valid range for imshow with RGB data ([0..1] for floats or [0..255] for integers). Got range [-2.0836544..2.5702832].
2025-05-20 21:01:31,737 - matplotlib.image - WARNING - Clipping input data to the valid range for imshow with RGB data ([0..1] for floats or [0..255] for integers). Got range [-2.0836544..2.5702832].
2025-05-20 21:01:31,739 - matplotlib.image - WARNING - Clipping input data to the valid range for imshow with RGB data ([0..1] for floats or [0..255] for integers). Got range [-2.0836544..108.9584].
2025-05-20 21:01:32,009 - matplotlib.image - WARNING - Clipping input data to the valid range for imshow with RGB data ([0..1] for floats or [0..255] for integers). Got range [-2.0836544..2.5877128].
2025-05-20 21:01:32,010 - matplotlib.image - WARNING - Clipping input data to the valid range for imshow with RGB data ([0..1] for floats or [0..255] for integers). Got range [-2.0836544..2.5877128].
2025-05-20 21:01:32,014 - matplotlib.image - WARNING - Clipping input data to the valid range for imshow with RGB data ([0..1] for floats or [0..255] for integers). Got range [-2.0836544..108.96537].
2025-05-20 21:01:32,169 - matplotlib.image - WARNING - Clipping input data to the valid range for imshow with RGB data ([0..1] for floats or [0..255] for integers). Got range [-2.0665298..2.6051416].
2025-05-20 21:01:32,171 - matplotlib.image - WARNING - Clipping input data to the valid range for imshow with RGB data ([0..1] for floats or [0..255] for integers). Got range [-2.0665298..2.6051416].
2025-05-20 21:01:32,173 - matplotlib.image - WARNING - Clipping input data to the valid range for imshow with RGB data ([0..1] for floats or [0..255] for integers). Got range [-2.0665298..108.9584].
2025-05-20 21:01:32,391 - matplotlib.image - WARNING - Clipping input data to the valid range for imshow with RGB data ([0..1] for floats or [0..255] for integers). Got range [-2.1007793..2.5528543].
2025-05-20 21:01:32,392 - matplotlib.image - WARNING - Clipping input data to the valid range for imshow with RGB data ([0..1] for floats or [0..255] for integers). Got range [-2.1007793..2.5528543].
2025-05-20 21:01:32,395 - matplotlib.image - WARNING - Clipping input data to the valid range for imshow with RGB data ([0..1] for floats or [0..255] for integers). Got range [-2.1007793..108.95142].
2025-05-20 21:01:32,537 - matplotlib.image - WARNING - Clipping input data to the valid range for imshow with RGB data ([0..1] for floats or [0..255] for integers). Got range [-2.1007793..2.5877128].
2025-05-20 21:01:32,538 - matplotlib.image - WARNING - Clipping input data to the valid range for imshow with RGB data ([0..1] for floats or [0..255] for integers). Got range [-2.1007793..2.5877128].
2025-05-20 21:01:32,540 - matplotlib.image - WARNING - Clipping input data to the valid range for imshow with RGB data ([0..1] for floats or [0..255] for integers). Got range [-2.1007793..108.94445].
2025-05-20 21:01:32,755 - matplotlib.image - WARNING - Clipping input data to the valid range for imshow with RGB data ([0..1] for floats or [0..255] for integers). Got range [-2.117904..2.64].
2025-05-20 21:01:32,756 - matplotlib.image - WARNING - Clipping input data to the valid range for imshow with RGB data ([0..1] for floats or [0..255] for integers). Got range [-2.117904..2.64].
2025-05-20 21:01:32,759 - matplotlib.image - WARNING - Clipping input data to the valid range for imshow with RGB data ([0..1] for floats or [0..255] for integers). Got range [-2.117904..109.056].
2025-05-20 21:01:32,921 - matplotlib.image - WARNING - Clipping input data to the valid range for imshow with RGB data ([0..1] for floats or [0..255] for integers). Got range [-2.117904..2.64].
2025-05-20 21:01:32,922 - matplotlib.image - WARNING - Clipping input data to the valid range for imshow with RGB data ([0..1] for floats or [0..255] for integers). Got range [-2.117904..2.64].
2025-05-20 21:01:32,924 - matplotlib.image - WARNING - Clipping input data to the valid range for imshow with RGB data ([0..1] for floats or [0..255] for integers). Got range [-2.117904..109.056].
2025-05-20 21:01:33,160 - matplotlib.image - WARNING - Clipping input data to the valid range for imshow with RGB data ([0..1] for floats or [0..255] for integers). Got range [-2.117904..2.64].
2025-05-20 21:01:33,163 - matplotlib.image - WARNING - Clipping input data to the valid range for imshow with RGB data ([0..1] for floats or [0..255] for integers). Got range [-2.117904..2.64].
2025-05-20 21:01:33,166 - matplotlib.image - WARNING - Clipping input data to the valid range for imshow with RGB data ([0..1] for floats or [0..255] for integers). Got range [-2.117904..109.056].
2025-05-20 21:01:33,310 - matplotlib.image - WARNING - Clipping input data to the valid range for imshow with RGB data ([0..1] for floats or [0..255] for integers). Got range [-2.117904..2.64].
2025-05-20 21:01:33,412 - matplotlib.image - WARNING - Clipping input data to the valid range for imshow with RGB data ([0..1] for floats or [0..255] for integers). Got range [-2.117904..2.64].
2025-05-20 21:01:33,414 - matplotlib.image - WARNING - Clipping input data to the valid range for imshow with RGB data ([0..1] for floats or [0..255] for integers). Got range [-2.117904..109.056].
2025-05-20 21:01:33,630 - matplotlib.image - WARNING - Clipping input data to the valid range for imshow with RGB data ([0..1] for floats or [0..255] for integers). Got range [-2.117904..2.64].
2025-05-20 21:01:33,632 - matplotlib.image - WARNING - Clipping input data to the valid range for imshow with RGB data ([0..1] for floats or [0..255] for integers). Got range [-2.117904..2.64].
2025-05-20 21:01:33,634 - matplotlib.image - WARNING - Clipping input data to the valid range for imshow with RGB data ([0..1] for floats or [0..255] for integers). Got range [-2.117904..109.056].
2025-05-20 21:01:33,774 - matplotlib.image - WARNING - Clipping input data to the valid range for imshow with RGB data ([0..1] for floats or [0..255] for integers). Got range [-2.117904..2.64].
2025-05-20 21:01:33,775 - matplotlib.image - WARNING - Clipping input data to the valid range for imshow with RGB data ([0..1] for floats or [0..255] for integers). Got range [-2.117904..2.64].
2025-05-20 21:01:33,777 - matplotlib.image - WARNING - Clipping input data to the valid range for imshow with RGB data ([0..1] for floats or [0..255] for integers). Got range [-2.117904..109.056].
2025-05-20 21:01:34,030 - matplotlib.image - WARNING - Clipping input data to the valid range for imshow with RGB data ([0..1] for floats or [0..255] for integers). Got range [-2.117904..2.64].
2025-05-20 21:01:34,032 - matplotlib.image - WARNING - Clipping input data to the valid range for imshow with RGB data ([0..1] for floats or [0..255] for integers). Got range [-2.117904..2.64].
2025-05-20 21:01:34,034 - matplotlib.image - WARNING - Clipping input data to the valid range for imshow with RGB data ([0..1] for floats or [0..255] for integers). Got range [-2.117904..109.056].
2025-05-20 21:01:34,176 - matplotlib.image - WARNING - Clipping input data to the valid range for imshow with RGB data ([0..1] for floats or [0..255] for integers). Got range [-2.117904..2.64].
2025-05-20 21:01:34,178 - matplotlib.image - WARNING - Clipping input data to the valid range for imshow with RGB data ([0..1] for floats or [0..255] for integers). Got range [-2.117904..2.64].
2025-05-20 21:01:34,180 - matplotlib.image - WARNING - Clipping input data to the valid range for imshow with RGB data ([0..1] for floats or [0..255] for integers). Got range [-2.117904..109.056].
2025-05-20 21:01:34,380 - matplotlib.image - WARNING - Clipping input data to the valid range for imshow with RGB data ([0..1] for floats or [0..255] for integers). Got range [-2.117904..2.64].
2025-05-20 21:01:34,382 - matplotlib.image - WARNING - Clipping input data to the valid range for imshow with RGB data ([0..1] for floats or [0..255] for integers). Got range [-2.117904..2.64].
2025-05-20 21:01:34,385 - matplotlib.image - WARNING - Clipping input data to the valid range for imshow with RGB data ([0..1] for floats or [0..255] for integers). Got range [-2.117904..109.056].
2025-05-20 21:01:34,527 - matplotlib.image - WARNING - Clipping input data to the valid range for imshow with RGB data ([0..1] for floats or [0..255] for integers). Got range [-2.117904..2.64].
2025-05-20 21:01:34,528 - matplotlib.image - WARNING - Clipping input data to the valid range for imshow with RGB data ([0..1] for floats or [0..255] for integers). Got range [-2.117904..2.64].
2025-05-20 21:01:34,530 - matplotlib.image - WARNING - Clipping input data to the valid range for imshow with RGB data ([0..1] for floats or [0..255] for integers). Got range [-2.117904..109.056].
2025-05-20 21:01:34,725 - matplotlib.image - WARNING - Clipping input data to the valid range for imshow with RGB data ([0..1] for floats or [0..255] for integers). Got range [-2.117904..2.64].
2025-05-20 21:01:34,726 - matplotlib.image - WARNING - Clipping input data to the valid range for imshow with RGB data ([0..1] for floats or [0..255] for integers). Got range [-2.117904..2.64].
2025-05-20 21:01:34,729 - matplotlib.image - WARNING - Clipping input data to the valid range for imshow with RGB data ([0..1] for floats or [0..255] for integers). Got range [-2.117904..109.056].
2025-05-20 21:01:34,890 - matplotlib.image - WARNING - Clipping input data to the valid range for imshow with RGB data ([0..1] for floats or [0..255] for integers). Got range [-2.117904..2.64].
2025-05-20 21:01:34,892 - matplotlib.image - WARNING - Clipping input data to the valid range for imshow with RGB data ([0..1] for floats or [0..255] for integers). Got range [-2.117904..2.64].
2025-05-20 21:01:34,894 - matplotlib.image - WARNING - Clipping input data to the valid range for imshow with RGB data ([0..1] for floats or [0..255] for integers). Got range [-2.117904..109.03509].
2025-05-20 21:01:35,079 - matplotlib.image - WARNING - Clipping input data to the valid range for imshow with RGB data ([0..1] for floats or [0..255] for integers). Got range [-2.117904..2.64].
2025-05-20 21:01:35,080 - matplotlib.image - WARNING - Clipping input data to the valid range for imshow with RGB data ([0..1] for floats or [0..255] for integers). Got range [-2.117904..2.64].
2025-05-20 21:01:35,083 - matplotlib.image - WARNING - Clipping input data to the valid range for imshow with RGB data ([0..1] for floats or [0..255] for integers). Got range [-2.117904..109.04205].
2025-05-20 21:01:35,250 - matplotlib.image - WARNING - Clipping input data to the valid range for imshow with RGB data ([0..1] for floats or [0..255] for integers). Got range [-2.117904..2.64].
2025-05-20 21:01:35,252 - matplotlib.image - WARNING - Clipping input data to the valid range for imshow with RGB data ([0..1] for floats or [0..255] for integers). Got range [-2.117904..2.64].
2025-05-20 21:01:35,254 - matplotlib.image - WARNING - Clipping input data to the valid range for imshow with RGB data ([0..1] for floats or [0..255] for integers). Got range [-2.117904..109.028114].
2025-05-20 21:01:35,443 - matplotlib.image - WARNING - Clipping input data to the valid range for imshow with RGB data ([0..1] for floats or [0..255] for integers). Got range [-2.0665298..2.64].
2025-05-20 21:01:35,445 - matplotlib.image - WARNING - Clipping input data to the valid range for imshow with RGB data ([0..1] for floats or [0..255] for integers). Got range [-2.0665298..2.64].
2025-05-20 21:01:35,448 - matplotlib.image - WARNING - Clipping input data to the valid range for imshow with RGB data ([0..1] for floats or [0..255] for integers). Got range [-2.0665298..109.056].
2025-05-20 21:01:35,586 - matplotlib.image - WARNING - Clipping input data to the valid range for imshow with RGB data ([0..1] for floats or [0..255] for integers). Got range [-2.1007793..2.64].
2025-05-20 21:01:35,587 - matplotlib.image - WARNING - Clipping input data to the valid range for imshow with RGB data ([0..1] for floats or [0..255] for integers). Got range [-2.1007793..2.64].
2025-05-20 21:01:35,590 - matplotlib.image - WARNING - Clipping input data to the valid range for imshow with RGB data ([0..1] for floats or [0..255] for integers). Got range [-2.1007793..109.056].
2025-05-20 21:01:35,945 - matplotlib.image - WARNING - Clipping input data to the valid range for imshow with RGB data ([0..1] for floats or [0..255] for integers). Got range [-2.0836544..2.64].
2025-05-20 21:01:35,949 - matplotlib.image - WARNING - Clipping input data to the valid range for imshow with RGB data ([0..1] for floats or [0..255] for integers). Got range [-2.0836544..2.64].
2025-05-20 21:01:35,951 - matplotlib.image - WARNING - Clipping input data to the valid range for imshow with RGB data ([0..1] for floats or [0..255] for integers). Got range [-2.0357141..109.056].
2025-05-20 21:01:36,088 - matplotlib.image - WARNING - Clipping input data to the valid range for imshow with RGB data ([0..1] for floats or [0..255] for integers). Got range [-2.1007793..2.64].
2025-05-20 21:01:36,089 - matplotlib.image - WARNING - Clipping input data to the valid range for imshow with RGB data ([0..1] for floats or [0..255] for integers). Got range [-2.1007793..2.64].
2025-05-20 21:01:36,091 - matplotlib.image - WARNING - Clipping input data to the valid range for imshow with RGB data ([0..1] for floats or [0..255] for integers). Got range [-2.0494049..109.056].
2025-05-20 21:01:36,294 - matplotlib.image - WARNING - Clipping input data to the valid range for imshow with RGB data ([0..1] for floats or [0..255] for integers). Got range [-2.0494049..2.64].
2025-05-20 21:01:36,295 - matplotlib.image - WARNING - Clipping input data to the valid range for imshow with RGB data ([0..1] for floats or [0..255] for integers). Got range [-2.0494049..2.64].
2025-05-20 21:01:36,297 - matplotlib.image - WARNING - Clipping input data to the valid range for imshow with RGB data ([0..1] for floats or [0..255] for integers). Got range [-2.0494049..109.056].
2025-05-20 21:01:36,445 - matplotlib.image - WARNING - Clipping input data to the valid range for imshow with RGB data ([0..1] for floats or [0..255] for integers). Got range [-2.0836544..2.64].
2025-05-20 21:01:36,447 - matplotlib.image - WARNING - Clipping input data to the valid range for imshow with RGB data ([0..1] for floats or [0..255] for integers). Got range [-2.0836544..2.64].
2025-05-20 21:01:36,449 - matplotlib.image - WARNING - Clipping input data to the valid range for imshow with RGB data ([0..1] for floats or [0..255] for integers). Got range [-2.0836544..109.056].
2025-05-20 21:01:36,647 - matplotlib.image - WARNING - Clipping input data to the valid range for imshow with RGB data ([0..1] for floats or [0..255] for integers). Got range [-2.0182073..2.64].
2025-05-20 21:01:36,649 - matplotlib.image - WARNING - Clipping input data to the valid range for imshow with RGB data ([0..1] for floats or [0..255] for integers). Got range [-2.0182073..2.64].
2025-05-20 21:01:36,652 - matplotlib.image - WARNING - Clipping input data to the valid range for imshow with RGB data ([0..1] for floats or [0..255] for integers). Got range [-1.9466565..109.056].
2025-05-20 21:01:36,809 - matplotlib.image - WARNING - Clipping input data to the valid range for imshow with RGB data ([0..1] for floats or [0..255] for integers). Got range [-1.9980307..2.64].
2025-05-20 21:01:36,811 - matplotlib.image - WARNING - Clipping input data to the valid range for imshow with RGB data ([0..1] for floats or [0..255] for integers). Got range [-1.9980307..2.64].
2025-05-20 21:01:36,813 - matplotlib.image - WARNING - Clipping input data to the valid range for imshow with RGB data ([0..1] for floats or [0..255] for integers). Got range [-1.9466565..109.056].
2025-05-20 21:01:36,991 - matplotlib.image - WARNING - Clipping input data to the valid range for imshow with RGB data ([0..1] for floats or [0..255] for integers). Got range [-1.980906..2.622571].
2025-05-20 21:01:36,992 - matplotlib.image - WARNING - Clipping input data to the valid range for imshow with RGB data ([0..1] for floats or [0..255] for integers). Got range [-1.980906..2.622571].
2025-05-20 21:01:36,994 - matplotlib.image - WARNING - Clipping input data to the valid range for imshow with RGB data ([0..1] for floats or [0..255] for integers). Got range [-1.980906..109.04205].
2025-05-20 21:01:37,160 - matplotlib.image - WARNING - Clipping input data to the valid range for imshow with RGB data ([0..1] for floats or [0..255] for integers). Got range [-1.980906..2.6051416].
2025-05-20 21:01:37,161 - matplotlib.image - WARNING - Clipping input data to the valid range for imshow with RGB data ([0..1] for floats or [0..255] for integers). Got range [-1.980906..2.6051416].
2025-05-20 21:01:37,164 - matplotlib.image - WARNING - Clipping input data to the valid range for imshow with RGB data ([0..1] for floats or [0..255] for integers). Got range [-1.980906..109.04205].
2025-05-20 21:01:37,366 - matplotlib.image - WARNING - Clipping input data to the valid range for imshow with RGB data ([0..1] for floats or [0..255] for integers). Got range [-1.9980307..2.64].
2025-05-20 21:01:37,368 - matplotlib.image - WARNING - Clipping input data to the valid range for imshow with RGB data ([0..1] for floats or [0..255] for integers). Got range [-1.9980307..2.64].
2025-05-20 21:01:37,370 - matplotlib.image - WARNING - Clipping input data to the valid range for imshow with RGB data ([0..1] for floats or [0..255] for integers). Got range [-1.9980307..109.056].
2025-05-20 21:01:37,539 - matplotlib.image - WARNING - Clipping input data to the valid range for imshow with RGB data ([0..1] for floats or [0..255] for integers). Got range [-1.9980307..2.622571].
2025-05-20 21:01:37,542 - matplotlib.image - WARNING - Clipping input data to the valid range for imshow with RGB data ([0..1] for floats or [0..255] for integers). Got range [-1.9980307..2.622571].
2025-05-20 21:01:37,548 - matplotlib.image - WARNING - Clipping input data to the valid range for imshow with RGB data ([0..1] for floats or [0..255] for integers). Got range [-1.9980307..109.028114].
2025-05-20 21:01:37,767 - matplotlib.image - WARNING - Clipping input data to the valid range for imshow with RGB data ([0..1] for floats or [0..255] for integers). Got range [-1.9980307..2.622571].
2025-05-20 21:01:37,769 - matplotlib.image - WARNING - Clipping input data to the valid range for imshow with RGB data ([0..1] for floats or [0..255] for integers). Got range [-1.9980307..2.622571].
2025-05-20 21:01:37,772 - matplotlib.image - WARNING - Clipping input data to the valid range for imshow with RGB data ([0..1] for floats or [0..255] for integers). Got range [-1.9980307..109.03509].
2025-05-20 21:01:37,942 - matplotlib.image - WARNING - Clipping input data to the valid range for imshow with RGB data ([0..1] for floats or [0..255] for integers). Got range [-2.0151556..2.622571].
2025-05-20 21:01:37,944 - matplotlib.image - WARNING - Clipping input data to the valid range for imshow with RGB data ([0..1] for floats or [0..255] for integers). Got range [-2.0151556..2.622571].
2025-05-20 21:01:37,947 - matplotlib.image - WARNING - Clipping input data to the valid range for imshow with RGB data ([0..1] for floats or [0..255] for integers). Got range [-2.0151556..109.04205].
2025-05-20 21:01:38,359 - matplotlib.image - WARNING - Clipping input data to the valid range for imshow with RGB data ([0..1] for floats or [0..255] for integers). Got range [-2.0151556..2.64].
2025-05-20 21:01:38,361 - matplotlib.image - WARNING - Clipping input data to the valid range for imshow with RGB data ([0..1] for floats or [0..255] for integers). Got range [-2.0151556..2.64].
2025-05-20 21:01:38,364 - matplotlib.image - WARNING - Clipping input data to the valid range for imshow with RGB data ([0..1] for floats or [0..255] for integers). Got range [-2.0151556..109.056].
2025-05-20 21:01:38,518 - matplotlib.image - WARNING - Clipping input data to the valid range for imshow with RGB data ([0..1] for floats or [0..255] for integers). Got range [-1.9980307..2.64].
2025-05-20 21:01:38,520 - matplotlib.image - WARNING - Clipping input data to the valid range for imshow with RGB data ([0..1] for floats or [0..255] for integers). Got range [-1.9980307..2.64].
2025-05-20 21:01:38,522 - matplotlib.image - WARNING - Clipping input data to the valid range for imshow with RGB data ([0..1] for floats or [0..255] for integers). Got range [-1.9980307..109.056].
2025-05-20 21:01:38,731 - matplotlib.image - WARNING - Clipping input data to the valid range for imshow with RGB data ([0..1] for floats or [0..255] for integers). Got range [-2.0151556..2.64].
2025-05-20 21:01:38,732 - matplotlib.image - WARNING - Clipping input data to the valid range for imshow with RGB data ([0..1] for floats or [0..255] for integers). Got range [-2.0151556..2.64].
2025-05-20 21:01:38,735 - matplotlib.image - WARNING - Clipping input data to the valid range for imshow with RGB data ([0..1] for floats or [0..255] for integers). Got range [-2.0151556..109.056].
2025-05-20 21:01:38,895 - matplotlib.image - WARNING - Clipping input data to the valid range for imshow with RGB data ([0..1] for floats or [0..255] for integers). Got range [-2.0151556..2.64].
2025-05-20 21:01:38,896 - matplotlib.image - WARNING - Clipping input data to the valid range for imshow with RGB data ([0..1] for floats or [0..255] for integers). Got range [-2.0151556..2.64].
2025-05-20 21:01:38,899 - matplotlib.image - WARNING - Clipping input data to the valid range for imshow with RGB data ([0..1] for floats or [0..255] for integers). Got range [-2.0151556..109.04903].
2025-05-20 21:01:39,122 - matplotlib.image - WARNING - Clipping input data to the valid range for imshow with RGB data ([0..1] for floats or [0..255] for integers). Got range [-2.0322802..2.64].
2025-05-20 21:01:39,124 - matplotlib.image - WARNING - Clipping input data to the valid range for imshow with RGB data ([0..1] for floats or [0..255] for integers). Got range [-2.0322802..2.64].
2025-05-20 21:01:39,126 - matplotlib.image - WARNING - Clipping input data to the valid range for imshow with RGB data ([0..1] for floats or [0..255] for integers). Got range [-2.0322802..109.028114].
2025-05-20 21:01:39,291 - matplotlib.image - WARNING - Clipping input data to the valid range for imshow with RGB data ([0..1] for floats or [0..255] for integers). Got range [-1.9980307..2.622571].
2025-05-20 21:01:39,293 - matplotlib.image - WARNING - Clipping input data to the valid range for imshow with RGB data ([0..1] for floats or [0..255] for integers). Got range [-1.9980307..2.622571].
2025-05-20 21:01:39,295 - matplotlib.image - WARNING - Clipping input data to the valid range for imshow with RGB data ([0..1] for floats or [0..255] for integers). Got range [-1.9980307..109.028114].
2025-05-20 21:01:39,509 - matplotlib.image - WARNING - Clipping input data to the valid range for imshow with RGB data ([0..1] for floats or [0..255] for integers). Got range [-2.0151556..2.622571].
2025-05-20 21:01:39,510 - matplotlib.image - WARNING - Clipping input data to the valid range for imshow with RGB data ([0..1] for floats or [0..255] for integers). Got range [-2.0151556..2.622571].
2025-05-20 21:01:39,513 - matplotlib.image - WARNING - Clipping input data to the valid range for imshow with RGB data ([0..1] for floats or [0..255] for integers). Got range [-2.0151556..109.04205].
2025-05-20 21:01:39,682 - matplotlib.image - WARNING - Clipping input data to the valid range for imshow with RGB data ([0..1] for floats or [0..255] for integers). Got range [-1.9980307..2.5877128].
2025-05-20 21:01:39,683 - matplotlib.image - WARNING - Clipping input data to the valid range for imshow with RGB data ([0..1] for floats or [0..255] for integers). Got range [-1.9980307..2.5877128].
2025-05-20 21:01:39,685 - matplotlib.image - WARNING - Clipping input data to the valid range for imshow with RGB data ([0..1] for floats or [0..255] for integers). Got range [-1.9980307..109.028114].
2025-05-20 21:01:39,901 - matplotlib.image - WARNING - Clipping input data to the valid range for imshow with RGB data ([0..1] for floats or [0..255] for integers). Got range [-1.9980307..2.6051416].
2025-05-20 21:01:39,902 - matplotlib.image - WARNING - Clipping input data to the valid range for imshow with RGB data ([0..1] for floats or [0..255] for integers). Got range [-1.9980307..2.6051416].
2025-05-20 21:01:39,905 - matplotlib.image - WARNING - Clipping input data to the valid range for imshow with RGB data ([0..1] for floats or [0..255] for integers). Got range [-1.9980307..109.04205].
2025-05-20 21:01:40,052 - matplotlib.image - WARNING - Clipping input data to the valid range for imshow with RGB data ([0..1] for floats or [0..255] for integers). Got range [-2.0151556..2.622571].
2025-05-20 21:01:40,054 - matplotlib.image - WARNING - Clipping input data to the valid range for imshow with RGB data ([0..1] for floats or [0..255] for integers). Got range [-2.0151556..2.622571].
2025-05-20 21:01:40,056 - matplotlib.image - WARNING - Clipping input data to the valid range for imshow with RGB data ([0..1] for floats or [0..255] for integers). Got range [-2.0151556..109.04205].
2025-05-20 21:01:40,268 - matplotlib.image - WARNING - Clipping input data to the valid range for imshow with RGB data ([0..1] for floats or [0..255] for integers). Got range [-1.980906..2.64].
2025-05-20 21:01:40,269 - matplotlib.image - WARNING - Clipping input data to the valid range for imshow with RGB data ([0..1] for floats or [0..255] for integers). Got range [-1.980906..2.64].
2025-05-20 21:01:40,272 - matplotlib.image - WARNING - Clipping input data to the valid range for imshow with RGB data ([0..1] for floats or [0..255] for integers). Got range [-1.980906..109.04903].
2025-05-20 21:01:40,553 - matplotlib.image - WARNING - Clipping input data to the valid range for imshow with RGB data ([0..1] for floats or [0..255] for integers). Got range [-1.9637812..2.622571].
2025-05-20 21:01:40,554 - matplotlib.image - WARNING - Clipping input data to the valid range for imshow with RGB data ([0..1] for floats or [0..255] for integers). Got range [-1.9637812..2.622571].
2025-05-20 21:01:40,557 - matplotlib.image - WARNING - Clipping input data to the valid range for imshow with RGB data ([0..1] for floats or [0..255] for integers). Got range [-1.9637812..109.04903].
2025-05-20 21:01:40,739 - matplotlib.image - WARNING - Clipping input data to the valid range for imshow with RGB data ([0..1] for floats or [0..255] for integers). Got range [-2.0151556..2.622571].
2025-05-20 21:01:40,740 - matplotlib.image - WARNING - Clipping input data to the valid range for imshow with RGB data ([0..1] for floats or [0..255] for integers). Got range [-2.0151556..2.622571].
2025-05-20 21:01:40,743 - matplotlib.image - WARNING - Clipping input data to the valid range for imshow with RGB data ([0..1] for floats or [0..255] for integers). Got range [-2.0151556..109.04903].
2025-05-20 21:01:40,892 - matplotlib.image - WARNING - Clipping input data to the valid range for imshow with RGB data ([0..1] for floats or [0..255] for integers). Got range [-2.0151556..2.64].
2025-05-20 21:01:40,893 - matplotlib.image - WARNING - Clipping input data to the valid range for imshow with RGB data ([0..1] for floats or [0..255] for integers). Got range [-2.0151556..2.64].
2025-05-20 21:01:40,895 - matplotlib.image - WARNING - Clipping input data to the valid range for imshow with RGB data ([0..1] for floats or [0..255] for integers). Got range [-2.0151556..109.056].
2025-05-20 21:01:41,079 - matplotlib.image - WARNING - Clipping input data to the valid range for imshow with RGB data ([0..1] for floats or [0..255] for integers). Got range [-2.117904..2.64].
2025-05-20 21:01:41,080 - matplotlib.image - WARNING - Clipping input data to the valid range for imshow with RGB data ([0..1] for floats or [0..255] for integers). Got range [-2.117904..2.64].
2025-05-20 21:01:41,082 - matplotlib.image - WARNING - Clipping input data to the valid range for imshow with RGB data ([0..1] for floats or [0..255] for integers). Got range [-2.117904..108.75622].
2025-05-20 21:01:41,251 - matplotlib.image - WARNING - Clipping input data to the valid range for imshow with RGB data ([0..1] for floats or [0..255] for integers). Got range [-2.117904..2.64].
2025-05-20 21:01:41,253 - matplotlib.image - WARNING - Clipping input data to the valid range for imshow with RGB data ([0..1] for floats or [0..255] for integers). Got range [-2.117904..2.64].
2025-05-20 21:01:41,255 - matplotlib.image - WARNING - Clipping input data to the valid range for imshow with RGB data ([0..1] for floats or [0..255] for integers). Got range [-2.117904..108.749245].
2025-05-20 21:01:41,455 - matplotlib.image - WARNING - Clipping input data to the valid range for imshow with RGB data ([0..1] for floats or [0..255] for integers). Got range [-2.117904..2.64].
2025-05-20 21:01:41,456 - matplotlib.image - WARNING - Clipping input data to the valid range for imshow with RGB data ([0..1] for floats or [0..255] for integers). Got range [-2.117904..2.64].
2025-05-20 21:01:41,459 - matplotlib.image - WARNING - Clipping input data to the valid range for imshow with RGB data ([0..1] for floats or [0..255] for integers). Got range [-2.117904..108.7841].
2025-05-20 21:01:41,636 - matplotlib.image - WARNING - Clipping input data to the valid range for imshow with RGB data ([0..1] for floats or [0..255] for integers). Got range [-2.117904..2.64].
2025-05-20 21:01:41,638 - matplotlib.image - WARNING - Clipping input data to the valid range for imshow with RGB data ([0..1] for floats or [0..255] for integers). Got range [-2.117904..2.64].
2025-05-20 21:01:41,640 - matplotlib.image - WARNING - Clipping input data to the valid range for imshow with RGB data ([0..1] for floats or [0..255] for integers). Got range [-2.117904..108.79805].
2025-05-20 21:01:41,843 - matplotlib.image - WARNING - Clipping input data to the valid range for imshow with RGB data ([0..1] for floats or [0..255] for integers). Got range [-2.117904..2.64].
2025-05-20 21:01:41,844 - matplotlib.image - WARNING - Clipping input data to the valid range for imshow with RGB data ([0..1] for floats or [0..255] for integers). Got range [-2.117904..2.64].
2025-05-20 21:01:41,846 - matplotlib.image - WARNING - Clipping input data to the valid range for imshow with RGB data ([0..1] for floats or [0..255] for integers). Got range [-2.117904..108.916565].
2025-05-20 21:01:42,014 - matplotlib.image - WARNING - Clipping input data to the valid range for imshow with RGB data ([0..1] for floats or [0..255] for integers). Got range [-2.117904..2.64].
2025-05-20 21:01:42,015 - matplotlib.image - WARNING - Clipping input data to the valid range for imshow with RGB data ([0..1] for floats or [0..255] for integers). Got range [-2.117904..2.64].
2025-05-20 21:01:42,017 - matplotlib.image - WARNING - Clipping input data to the valid range for imshow with RGB data ([0..1] for floats or [0..255] for integers). Got range [-2.117904..108.89565].
2025-05-20 21:01:42,214 - matplotlib.image - WARNING - Clipping input data to the valid range for imshow with RGB data ([0..1] for floats or [0..255] for integers). Got range [-2.117904..2.64].
2025-05-20 21:01:42,215 - matplotlib.image - WARNING - Clipping input data to the valid range for imshow with RGB data ([0..1] for floats or [0..255] for integers). Got range [-2.117904..2.64].
2025-05-20 21:01:42,218 - matplotlib.image - WARNING - Clipping input data to the valid range for imshow with RGB data ([0..1] for floats or [0..255] for integers). Got range [-2.117904..109.056].
2025-05-20 21:01:42,374 - matplotlib.image - WARNING - Clipping input data to the valid range for imshow with RGB data ([0..1] for floats or [0..255] for integers). Got range [-2.117904..2.64].
2025-05-20 21:01:42,376 - matplotlib.image - WARNING - Clipping input data to the valid range for imshow with RGB data ([0..1] for floats or [0..255] for integers). Got range [-2.117904..2.64].
2025-05-20 21:01:42,378 - matplotlib.image - WARNING - Clipping input data to the valid range for imshow with RGB data ([0..1] for floats or [0..255] for integers). Got range [-2.117904..109.04903].
2025-05-20 21:01:42,581 - matplotlib.image - WARNING - Clipping input data to the valid range for imshow with RGB data ([0..1] for floats or [0..255] for integers). Got range [-2.117904..2.622571].
2025-05-20 21:01:42,583 - matplotlib.image - WARNING - Clipping input data to the valid range for imshow with RGB data ([0..1] for floats or [0..255] for integers). Got range [-2.117904..2.622571].
2025-05-20 21:01:42,586 - matplotlib.image - WARNING - Clipping input data to the valid range for imshow with RGB data ([0..1] for floats or [0..255] for integers). Got range [-2.117904..109.03509].
2025-05-20 21:01:42,732 - matplotlib.image - WARNING - Clipping input data to the valid range for imshow with RGB data ([0..1] for floats or [0..255] for integers). Got range [-2.117904..2.64].
2025-05-20 21:01:42,733 - matplotlib.image - WARNING - Clipping input data to the valid range for imshow with RGB data ([0..1] for floats or [0..255] for integers). Got range [-2.117904..2.64].
2025-05-20 21:01:42,736 - matplotlib.image - WARNING - Clipping input data to the valid range for imshow with RGB data ([0..1] for floats or [0..255] for integers). Got range [-2.117904..109.056].
2025-05-20 21:01:43,067 - matplotlib.image - WARNING - Clipping input data to the valid range for imshow with RGB data ([0..1] for floats or [0..255] for integers). Got range [-2.117904..2.64].
2025-05-20 21:01:43,069 - matplotlib.image - WARNING - Clipping input data to the valid range for imshow with RGB data ([0..1] for floats or [0..255] for integers). Got range [-2.117904..2.64].
2025-05-20 21:01:43,071 - matplotlib.image - WARNING - Clipping input data to the valid range for imshow with RGB data ([0..1] for floats or [0..255] for integers). Got range [-2.117904..108.993256].
2025-05-20 21:01:43,216 - matplotlib.image - WARNING - Clipping input data to the valid range for imshow with RGB data ([0..1] for floats or [0..255] for integers). Got range [-2.117904..2.64].
2025-05-20 21:01:43,218 - matplotlib.image - WARNING - Clipping input data to the valid range for imshow with RGB data ([0..1] for floats or [0..255] for integers). Got range [-2.117904..2.64].
2025-05-20 21:01:43,220 - matplotlib.image - WARNING - Clipping input data to the valid range for imshow with RGB data ([0..1] for floats or [0..255] for integers). Got range [-2.117904..108.93051].
2025-05-20 21:01:43,419 - matplotlib.image - WARNING - Clipping input data to the valid range for imshow with RGB data ([0..1] for floats or [0..255] for integers). Got range [-2.117904..2.64].
2025-05-20 21:01:43,421 - matplotlib.image - WARNING - Clipping input data to the valid range for imshow with RGB data ([0..1] for floats or [0..255] for integers). Got range [-2.117904..2.64].
2025-05-20 21:01:43,424 - matplotlib.image - WARNING - Clipping input data to the valid range for imshow with RGB data ([0..1] for floats or [0..255] for integers). Got range [-2.117904..109.0072].
2025-05-20 21:01:43,561 - matplotlib.image - WARNING - Clipping input data to the valid range for imshow with RGB data ([0..1] for floats or [0..255] for integers). Got range [-2.117904..2.64].
2025-05-20 21:01:43,563 - matplotlib.image - WARNING - Clipping input data to the valid range for imshow with RGB data ([0..1] for floats or [0..255] for integers). Got range [-2.117904..2.64].
2025-05-20 21:01:43,565 - matplotlib.image - WARNING - Clipping input data to the valid range for imshow with RGB data ([0..1] for floats or [0..255] for integers). Got range [-2.117904..109.02114].
2025-05-20 21:01:43,759 - matplotlib.image - WARNING - Clipping input data to the valid range for imshow with RGB data ([0..1] for floats or [0..255] for integers). Got range [-2.117904..2.64].
2025-05-20 21:01:43,761 - matplotlib.image - WARNING - Clipping input data to the valid range for imshow with RGB data ([0..1] for floats or [0..255] for integers). Got range [-2.117904..2.64].
2025-05-20 21:01:43,764 - matplotlib.image - WARNING - Clipping input data to the valid range for imshow with RGB data ([0..1] for floats or [0..255] for integers). Got range [-2.117904..109.02114].
2025-05-20 21:01:43,906 - matplotlib.image - WARNING - Clipping input data to the valid range for imshow with RGB data ([0..1] for floats or [0..255] for integers). Got range [-2.117904..2.64].
2025-05-20 21:01:43,907 - matplotlib.image - WARNING - Clipping input data to the valid range for imshow with RGB data ([0..1] for floats or [0..255] for integers). Got range [-2.117904..2.64].
2025-05-20 21:01:43,910 - matplotlib.image - WARNING - Clipping input data to the valid range for imshow with RGB data ([0..1] for floats or [0..255] for integers). Got range [-2.117904..109.02114].
2025-05-20 21:01:44,120 - matplotlib.image - WARNING - Clipping input data to the valid range for imshow with RGB data ([0..1] for floats or [0..255] for integers). Got range [-2.117904..2.64].
2025-05-20 21:01:44,122 - matplotlib.image - WARNING - Clipping input data to the valid range for imshow with RGB data ([0..1] for floats or [0..255] for integers). Got range [-2.117904..2.64].
2025-05-20 21:01:44,125 - matplotlib.image - WARNING - Clipping input data to the valid range for imshow with RGB data ([0..1] for floats or [0..255] for integers). Got range [-2.117904..109.056].
2025-05-20 21:01:44,273 - matplotlib.image - WARNING - Clipping input data to the valid range for imshow with RGB data ([0..1] for floats or [0..255] for integers). Got range [-2.117904..2.64].
2025-05-20 21:01:44,275 - matplotlib.image - WARNING - Clipping input data to the valid range for imshow with RGB data ([0..1] for floats or [0..255] for integers). Got range [-2.117904..2.64].
2025-05-20 21:01:44,277 - matplotlib.image - WARNING - Clipping input data to the valid range for imshow with RGB data ([0..1] for floats or [0..255] for integers). Got range [-2.117904..108.97931].
2025-05-20 21:01:44,493 - matplotlib.image - WARNING - Clipping input data to the valid range for imshow with RGB data ([0..1] for floats or [0..255] for integers). Got range [-1.9637812..2.2042704].
2025-05-20 21:01:44,495 - matplotlib.image - WARNING - Clipping input data to the valid range for imshow with RGB data ([0..1] for floats or [0..255] for integers). Got range [-1.9637812..2.2042704].
2025-05-20 21:01:44,497 - matplotlib.image - WARNING - Clipping input data to the valid range for imshow with RGB data ([0..1] for floats or [0..255] for integers). Got range [-1.9637812..108.88171].
2025-05-20 21:01:44,641 - matplotlib.image - WARNING - Clipping input data to the valid range for imshow with RGB data ([0..1] for floats or [0..255] for integers). Got range [-1.9637812..2.2391288].
2025-05-20 21:01:44,643 - matplotlib.image - WARNING - Clipping input data to the valid range for imshow with RGB data ([0..1] for floats or [0..255] for integers). Got range [-1.9637812..2.2391288].
2025-05-20 21:01:44,645 - matplotlib.image - WARNING - Clipping input data to the valid range for imshow with RGB data ([0..1] for floats or [0..255] for integers). Got range [-1.9637812..108.89565].
2025-05-20 21:01:44,860 - matplotlib.image - WARNING - Clipping input data to the valid range for imshow with RGB data ([0..1] for floats or [0..255] for integers). Got range [-2.0151556..2.343704].
2025-05-20 21:01:44,862 - matplotlib.image - WARNING - Clipping input data to the valid range for imshow with RGB data ([0..1] for floats or [0..255] for integers). Got range [-2.0151556..2.343704].
2025-05-20 21:01:44,864 - matplotlib.image - WARNING - Clipping input data to the valid range for imshow with RGB data ([0..1] for floats or [0..255] for integers). Got range [-2.0151556..108.937485].
2025-05-20 21:01:45,007 - matplotlib.image - WARNING - Clipping input data to the valid range for imshow with RGB data ([0..1] for floats or [0..255] for integers). Got range [-2.0322802..2.3785625].
2025-05-20 21:01:45,008 - matplotlib.image - WARNING - Clipping input data to the valid range for imshow with RGB data ([0..1] for floats or [0..255] for integers). Got range [-2.0322802..2.3785625].
2025-05-20 21:01:45,011 - matplotlib.image - WARNING - Clipping input data to the valid range for imshow with RGB data ([0..1] for floats or [0..255] for integers). Got range [-2.0322802..108.95142].
2025-05-20 21:01:45,333 - matplotlib.image - WARNING - Clipping input data to the valid range for imshow with RGB data ([0..1] for floats or [0..255] for integers). Got range [-1.980906..2.343704].
2025-05-20 21:01:45,334 - matplotlib.image - WARNING - Clipping input data to the valid range for imshow with RGB data ([0..1] for floats or [0..255] for integers). Got range [-1.980906..2.343704].
2025-05-20 21:01:45,337 - matplotlib.image - WARNING - Clipping input data to the valid range for imshow with RGB data ([0..1] for floats or [0..255] for integers). Got range [-1.980906..108.937485].
2025-05-20 21:01:45,476 - matplotlib.image - WARNING - Clipping input data to the valid range for imshow with RGB data ([0..1] for floats or [0..255] for integers). Got range [-1.980906..2.4134207].
2025-05-20 21:01:45,477 - matplotlib.image - WARNING - Clipping input data to the valid range for imshow with RGB data ([0..1] for floats or [0..255] for integers). Got range [-1.980906..2.4134207].
2025-05-20 21:01:45,479 - matplotlib.image - WARNING - Clipping input data to the valid range for imshow with RGB data ([0..1] for floats or [0..255] for integers). Got range [-1.980906..108.96537].
2025-05-20 21:01:45,744 - matplotlib.image - WARNING - Clipping input data to the valid range for imshow with RGB data ([0..1] for floats or [0..255] for integers). Got range [-1.9637812..2.343704].
2025-05-20 21:01:45,746 - matplotlib.image - WARNING - Clipping input data to the valid range for imshow with RGB data ([0..1] for floats or [0..255] for integers). Got range [-1.9637812..2.343704].
2025-05-20 21:01:45,748 - matplotlib.image - WARNING - Clipping input data to the valid range for imshow with RGB data ([0..1] for floats or [0..255] for integers). Got range [-1.9637812..108.937485].
2025-05-20 21:01:45,906 - matplotlib.image - WARNING - Clipping input data to the valid range for imshow with RGB data ([0..1] for floats or [0..255] for integers). Got range [-1.9980307..2.3262744].
2025-05-20 21:01:45,908 - matplotlib.image - WARNING - Clipping input data to the valid range for imshow with RGB data ([0..1] for floats or [0..255] for integers). Got range [-1.9980307..2.3262744].
2025-05-20 21:01:45,910 - matplotlib.image - WARNING - Clipping input data to the valid range for imshow with RGB data ([0..1] for floats or [0..255] for integers). Got range [-1.9980307..108.93051].
2025-05-20 21:01:46,284 - matplotlib.image - WARNING - Clipping input data to the valid range for imshow with RGB data ([0..1] for floats or [0..255] for integers). Got range [-1.8610327..2.343704].
2025-05-20 21:01:46,285 - matplotlib.image - WARNING - Clipping input data to the valid range for imshow with RGB data ([0..1] for floats or [0..255] for integers). Got range [-1.8610327..2.343704].
2025-05-20 21:01:46,288 - matplotlib.image - WARNING - Clipping input data to the valid range for imshow with RGB data ([0..1] for floats or [0..255] for integers). Got range [-1.8610327..108.937485].
2025-05-20 21:01:46,434 - matplotlib.image - WARNING - Clipping input data to the valid range for imshow with RGB data ([0..1] for floats or [0..255] for integers). Got range [-1.8267832..2.3088455].
2025-05-20 21:01:46,436 - matplotlib.image - WARNING - Clipping input data to the valid range for imshow with RGB data ([0..1] for floats or [0..255] for integers). Got range [-1.8267832..2.3088455].
2025-05-20 21:01:46,438 - matplotlib.image - WARNING - Clipping input data to the valid range for imshow with RGB data ([0..1] for floats or [0..255] for integers). Got range [-1.8267832..108.92354].
2025-05-20 21:01:46,633 - matplotlib.image - WARNING - Clipping input data to the valid range for imshow with RGB data ([0..1] for floats or [0..255] for integers). Got range [-1.7380952..2.2216995].
2025-05-20 21:01:46,635 - matplotlib.image - WARNING - Clipping input data to the valid range for imshow with RGB data ([0..1] for floats or [0..255] for integers). Got range [-1.7380952..2.2216995].
2025-05-20 21:01:46,637 - matplotlib.image - WARNING - Clipping input data to the valid range for imshow with RGB data ([0..1] for floats or [0..255] for integers). Got range [-1.5630252..108.88868].
2025-05-20 21:01:46,790 - matplotlib.image - WARNING - Clipping input data to the valid range for imshow with RGB data ([0..1] for floats or [0..255] for integers). Got range [-1.6505601..2.186841].
2025-05-20 21:01:46,791 - matplotlib.image - WARNING - Clipping input data to the valid range for imshow with RGB data ([0..1] for floats or [0..255] for integers). Got range [-1.6505601..2.186841].
2025-05-20 21:01:46,794 - matplotlib.image - WARNING - Clipping input data to the valid range for imshow with RGB data ([0..1] for floats or [0..255] for integers). Got range [-1.5280112..108.87473].
2025-05-20 21:01:46,995 - matplotlib.image - WARNING - Clipping input data to the valid range for imshow with RGB data ([0..1] for floats or [0..255] for integers). Got range [-2.117904..2.64].
2025-05-20 21:01:46,997 - matplotlib.image - WARNING - Clipping input data to the valid range for imshow with RGB data ([0..1] for floats or [0..255] for integers). Got range [-2.117904..2.64].
2025-05-20 21:01:47,000 - matplotlib.image - WARNING - Clipping input data to the valid range for imshow with RGB data ([0..1] for floats or [0..255] for integers). Got range [-2.0836544..153.51598].
2025-05-20 21:01:47,148 - matplotlib.image - WARNING - Clipping input data to the valid range for imshow with RGB data ([0..1] for floats or [0..255] for integers). Got range [-2.1007793..2.64].
2025-05-20 21:01:47,149 - matplotlib.image - WARNING - Clipping input data to the valid range for imshow with RGB data ([0..1] for floats or [0..255] for integers). Got range [-2.1007793..2.64].
2025-05-20 21:01:47,152 - matplotlib.image - WARNING - Clipping input data to the valid range for imshow with RGB data ([0..1] for floats or [0..255] for integers). Got range [-2.0836544..153.47487].
2025-05-20 21:01:47,343 - matplotlib.image - WARNING - Clipping input data to the valid range for imshow with RGB data ([0..1] for floats or [0..255] for integers). Got range [-2.0836544..2.6051416].
2025-05-20 21:01:47,345 - matplotlib.image - WARNING - Clipping input data to the valid range for imshow with RGB data ([0..1] for floats or [0..255] for integers). Got range [-2.0836544..2.6051416].
2025-05-20 21:01:47,348 - matplotlib.image - WARNING - Clipping input data to the valid range for imshow with RGB data ([0..1] for floats or [0..255] for integers). Got range [-2.0836544..153.54337].
2025-05-20 21:01:47,487 - matplotlib.image - WARNING - Clipping input data to the valid range for imshow with RGB data ([0..1] for floats or [0..255] for integers). Got range [-2.117904..2.5877128].
2025-05-20 21:01:47,489 - matplotlib.image - WARNING - Clipping input data to the valid range for imshow with RGB data ([0..1] for floats or [0..255] for integers). Got range [-2.117904..2.5877128].
2025-05-20 21:01:47,491 - matplotlib.image - WARNING - Clipping input data to the valid range for imshow with RGB data ([0..1] for floats or [0..255] for integers). Got range [-2.1007793..153.54337].
2025-05-20 21:01:47,799 - matplotlib.image - WARNING - Clipping input data to the valid range for imshow with RGB data ([0..1] for floats or [0..255] for integers). Got range [-2.117904..2.64].
2025-05-20 21:01:47,800 - matplotlib.image - WARNING - Clipping input data to the valid range for imshow with RGB data ([0..1] for floats or [0..255] for integers). Got range [-2.117904..2.64].
2025-05-20 21:01:47,803 - matplotlib.image - WARNING - Clipping input data to the valid range for imshow with RGB data ([0..1] for floats or [0..255] for integers). Got range [-2.1007793..153.41322].
2025-05-20 21:01:47,935 - matplotlib.image - WARNING - Clipping input data to the valid range for imshow with RGB data ([0..1] for floats or [0..255] for integers). Got range [-2.117904..2.622571].
2025-05-20 21:01:47,936 - matplotlib.image - WARNING - Clipping input data to the valid range for imshow with RGB data ([0..1] for floats or [0..255] for integers). Got range [-2.117904..2.622571].
2025-05-20 21:01:47,939 - matplotlib.image - WARNING - Clipping input data to the valid range for imshow with RGB data ([0..1] for floats or [0..255] for integers). Got range [-2.117904..153.36526].
2025-05-20 21:01:48,130 - matplotlib.image - WARNING - Clipping input data to the valid range for imshow with RGB data ([0..1] for floats or [0..255] for integers). Got range [-2.117904..2.6051416].
2025-05-20 21:01:48,132 - matplotlib.image - WARNING - Clipping input data to the valid range for imshow with RGB data ([0..1] for floats or [0..255] for integers). Got range [-2.117904..2.6051416].
2025-05-20 21:01:48,136 - matplotlib.image - WARNING - Clipping input data to the valid range for imshow with RGB data ([0..1] for floats or [0..255] for integers). Got range [-2.0836544..153.54337].
2025-05-20 21:01:48,291 - matplotlib.image - WARNING - Clipping input data to the valid range for imshow with RGB data ([0..1] for floats or [0..255] for integers). Got range [-2.117904..2.5702832].
2025-05-20 21:01:48,292 - matplotlib.image - WARNING - Clipping input data to the valid range for imshow with RGB data ([0..1] for floats or [0..255] for integers). Got range [-2.117904..2.5702832].
2025-05-20 21:01:48,295 - matplotlib.image - WARNING - Clipping input data to the valid range for imshow with RGB data ([0..1] for floats or [0..255] for integers). Got range [-2.1007793..153.42007].
2025-05-20 21:01:48,484 - matplotlib.image - WARNING - Clipping input data to the valid range for imshow with RGB data ([0..1] for floats or [0..255] for integers). Got range [-2.117904..2.5528543].
2025-05-20 21:01:48,486 - matplotlib.image - WARNING - Clipping input data to the valid range for imshow with RGB data ([0..1] for floats or [0..255] for integers). Got range [-2.117904..2.5528543].
2025-05-20 21:01:48,488 - matplotlib.image - WARNING - Clipping input data to the valid range for imshow with RGB data ([0..1] for floats or [0..255] for integers). Got range [-2.117904..153.36526].
2025-05-20 21:01:48,641 - matplotlib.image - WARNING - Clipping input data to the valid range for imshow with RGB data ([0..1] for floats or [0..255] for integers). Got range [-2.117904..2.535425].
2025-05-20 21:01:48,643 - matplotlib.image - WARNING - Clipping input data to the valid range for imshow with RGB data ([0..1] for floats or [0..255] for integers). Got range [-2.117904..2.535425].
2025-05-20 21:01:48,645 - matplotlib.image - WARNING - Clipping input data to the valid range for imshow with RGB data ([0..1] for floats or [0..255] for integers). Got range [-2.117904..153.42007].
2025-05-20 21:01:48,842 - matplotlib.image - WARNING - Clipping input data to the valid range for imshow with RGB data ([0..1] for floats or [0..255] for integers). Got range [-2.117904..2.535425].
2025-05-20 21:01:48,844 - matplotlib.image - WARNING - Clipping input data to the valid range for imshow with RGB data ([0..1] for floats or [0..255] for integers). Got range [-2.117904..2.535425].
2025-05-20 21:01:48,847 - matplotlib.image - WARNING - Clipping input data to the valid range for imshow with RGB data ([0..1] for floats or [0..255] for integers). Got range [-2.1007793..153.39952].
2025-05-20 21:01:48,988 - matplotlib.image - WARNING - Clipping input data to the valid range for imshow with RGB data ([0..1] for floats or [0..255] for integers). Got range [-2.117904..2.465708].
2025-05-20 21:01:48,989 - matplotlib.image - WARNING - Clipping input data to the valid range for imshow with RGB data ([0..1] for floats or [0..255] for integers). Got range [-2.117904..2.465708].
2025-05-20 21:01:48,992 - matplotlib.image - WARNING - Clipping input data to the valid range for imshow with RGB data ([0..1] for floats or [0..255] for integers). Got range [-2.0836544..153.42693].
2025-05-20 21:01:49,190 - matplotlib.image - WARNING - Clipping input data to the valid range for imshow with RGB data ([0..1] for floats or [0..255] for integers). Got range [-2.117904..2.5528543].
2025-05-20 21:01:49,192 - matplotlib.image - WARNING - Clipping input data to the valid range for imshow with RGB data ([0..1] for floats or [0..255] for integers). Got range [-2.117904..2.5528543].
2025-05-20 21:01:49,194 - matplotlib.image - WARNING - Clipping input data to the valid range for imshow with RGB data ([0..1] for floats or [0..255] for integers). Got range [-2.1007793..153.44061].
2025-05-20 21:01:49,337 - matplotlib.image - WARNING - Clipping input data to the valid range for imshow with RGB data ([0..1] for floats or [0..255] for integers). Got range [-2.117904..2.535425].
2025-05-20 21:01:49,339 - matplotlib.image - WARNING - Clipping input data to the valid range for imshow with RGB data ([0..1] for floats or [0..255] for integers). Got range [-2.117904..2.535425].
2025-05-20 21:01:49,341 - matplotlib.image - WARNING - Clipping input data to the valid range for imshow with RGB data ([0..1] for floats or [0..255] for integers). Got range [-2.0836544..153.45432].
2025-05-20 21:01:49,546 - matplotlib.image - WARNING - Clipping input data to the valid range for imshow with RGB data ([0..1] for floats or [0..255] for integers). Got range [-1.5699118..2.622571].
2025-05-20 21:01:49,548 - matplotlib.image - WARNING - Clipping input data to the valid range for imshow with RGB data ([0..1] for floats or [0..255] for integers). Got range [-1.5699118..2.622571].
2025-05-20 21:01:49,550 - matplotlib.image - WARNING - Clipping input data to the valid range for imshow with RGB data ([0..1] for floats or [0..255] for integers). Got range [-1.5699118..108.937485].
2025-05-20 21:01:49,851 - matplotlib.image - WARNING - Clipping input data to the valid range for imshow with RGB data ([0..1] for floats or [0..255] for integers). Got range [-1.6555357..2.64].
2025-05-20 21:01:49,853 - matplotlib.image - WARNING - Clipping input data to the valid range for imshow with RGB data ([0..1] for floats or [0..255] for integers). Got range [-1.6555357..2.64].
2025-05-20 21:01:49,856 - matplotlib.image - WARNING - Clipping input data to the valid range for imshow with RGB data ([0..1] for floats or [0..255] for integers). Got range [-1.6555357..108.93051].
2025-05-20 21:01:50,078 - matplotlib.image - WARNING - Clipping input data to the valid range for imshow with RGB data ([0..1] for floats or [0..255] for integers). Got range [-1.5527872..2.64].
2025-05-20 21:01:50,079 - matplotlib.image - WARNING - Clipping input data to the valid range for imshow with RGB data ([0..1] for floats or [0..255] for integers). Got range [-1.5527872..2.64].
2025-05-20 21:01:50,081 - matplotlib.image - WARNING - Clipping input data to the valid range for imshow with RGB data ([0..1] for floats or [0..255] for integers). Got range [-1.5527872..109.00023].
2025-05-20 21:01:50,229 - matplotlib.image - WARNING - Clipping input data to the valid range for imshow with RGB data ([0..1] for floats or [0..255] for integers). Got range [-1.5870366..2.64].
2025-05-20 21:01:50,230 - matplotlib.image - WARNING - Clipping input data to the valid range for imshow with RGB data ([0..1] for floats or [0..255] for integers). Got range [-1.5870366..2.64].
2025-05-20 21:01:50,232 - matplotlib.image - WARNING - Clipping input data to the valid range for imshow with RGB data ([0..1] for floats or [0..255] for integers). Got range [-1.5870366..108.92354].
2025-05-20 21:01:50,442 - matplotlib.image - WARNING - Clipping input data to the valid range for imshow with RGB data ([0..1] for floats or [0..255] for integers). Got range [-1.2445416..2.64].
2025-05-20 21:01:50,443 - matplotlib.image - WARNING - Clipping input data to the valid range for imshow with RGB data ([0..1] for floats or [0..255] for integers). Got range [-1.2445416..2.64].
2025-05-20 21:01:50,446 - matplotlib.image - WARNING - Clipping input data to the valid range for imshow with RGB data ([0..1] for floats or [0..255] for integers). Got range [-1.2445416..109.02114].
2025-05-20 21:01:50,605 - matplotlib.image - WARNING - Clipping input data to the valid range for imshow with RGB data ([0..1] for floats or [0..255] for integers). Got range [-1.2445416..2.64].
2025-05-20 21:01:50,606 - matplotlib.image - WARNING - Clipping input data to the valid range for imshow with RGB data ([0..1] for floats or [0..255] for integers). Got range [-1.2445416..2.64].
2025-05-20 21:01:50,609 - matplotlib.image - WARNING - Clipping input data to the valid range for imshow with RGB data ([0..1] for floats or [0..255] for integers). Got range [-1.2445416..108.993256].
2025-05-20 21:01:50,838 - matplotlib.image - WARNING - Clipping input data to the valid range for imshow with RGB data ([0..1] for floats or [0..255] for integers). Got range [-1.8952821..2.64].
2025-05-20 21:01:50,839 - matplotlib.image - WARNING - Clipping input data to the valid range for imshow with RGB data ([0..1] for floats or [0..255] for integers). Got range [-1.8952821..2.64].
2025-05-20 21:01:50,842 - matplotlib.image - WARNING - Clipping input data to the valid range for imshow with RGB data ([0..1] for floats or [0..255] for integers). Got range [-1.8952821..108.97931].
2025-05-20 21:01:50,990 - matplotlib.image - WARNING - Clipping input data to the valid range for imshow with RGB data ([0..1] for floats or [0..255] for integers). Got range [-1.7411594..2.64].
2025-05-20 21:01:50,992 - matplotlib.image - WARNING - Clipping input data to the valid range for imshow with RGB data ([0..1] for floats or [0..255] for integers). Got range [-1.7411594..2.64].
2025-05-20 21:01:50,994 - matplotlib.image - WARNING - Clipping input data to the valid range for imshow with RGB data ([0..1] for floats or [0..255] for integers). Got range [-1.7411594..109.00023].
2025-05-20 21:01:51,216 - matplotlib.image - WARNING - Clipping input data to the valid range for imshow with RGB data ([0..1] for floats or [0..255] for integers). Got range [-1.3130406..2.622571].
2025-05-20 21:01:51,217 - matplotlib.image - WARNING - Clipping input data to the valid range for imshow with RGB data ([0..1] for floats or [0..255] for integers). Got range [-1.3130406..2.622571].
2025-05-20 21:01:51,220 - matplotlib.image - WARNING - Clipping input data to the valid range for imshow with RGB data ([0..1] for floats or [0..255] for integers). Got range [-1.3130406..108.993256].
2025-05-20 21:01:51,370 - matplotlib.image - WARNING - Clipping input data to the valid range for imshow with RGB data ([0..1] for floats or [0..255] for integers). Got range [-1.3130406..2.64].
2025-05-20 21:01:51,371 - matplotlib.image - WARNING - Clipping input data to the valid range for imshow with RGB data ([0..1] for floats or [0..255] for integers). Got range [-1.3130406..2.64].
2025-05-20 21:01:51,374 - matplotlib.image - WARNING - Clipping input data to the valid range for imshow with RGB data ([0..1] for floats or [0..255] for integers). Got range [-1.3130406..109.01417].
2025-05-20 21:01:51,598 - matplotlib.image - WARNING - Clipping input data to the valid range for imshow with RGB data ([0..1] for floats or [0..255] for integers). Got range [-1.9637812..2.64].
2025-05-20 21:01:51,600 - matplotlib.image - WARNING - Clipping input data to the valid range for imshow with RGB data ([0..1] for floats or [0..255] for integers). Got range [-1.9637812..2.64].
2025-05-20 21:01:51,602 - matplotlib.image - WARNING - Clipping input data to the valid range for imshow with RGB data ([0..1] for floats or [0..255] for integers). Got range [-1.9637812..109.056].
2025-05-20 21:01:51,739 - matplotlib.image - WARNING - Clipping input data to the valid range for imshow with RGB data ([0..1] for floats or [0..255] for integers). Got range [-1.9295317..2.64].
2025-05-20 21:01:51,740 - matplotlib.image - WARNING - Clipping input data to the valid range for imshow with RGB data ([0..1] for floats or [0..255] for integers). Got range [-1.9295317..2.64].
2025-05-20 21:01:51,743 - matplotlib.image - WARNING - Clipping input data to the valid range for imshow with RGB data ([0..1] for floats or [0..255] for integers). Got range [-1.9295317..109.056].
2025-05-20 21:01:51,946 - matplotlib.image - WARNING - Clipping input data to the valid range for imshow with RGB data ([0..1] for floats or [0..255] for integers). Got range [-2.117904..2.64].
2025-05-20 21:01:51,948 - matplotlib.image - WARNING - Clipping input data to the valid range for imshow with RGB data ([0..1] for floats or [0..255] for integers). Got range [-2.117904..2.64].
2025-05-20 21:01:51,950 - matplotlib.image - WARNING - Clipping input data to the valid range for imshow with RGB data ([0..1] for floats or [0..255] for integers). Got range [-2.117904..109.056].
2025-05-20 21:01:52,188 - matplotlib.image - WARNING - Clipping input data to the valid range for imshow with RGB data ([0..1] for floats or [0..255] for integers). Got range [-2.0836544..2.64].
2025-05-20 21:01:52,189 - matplotlib.image - WARNING - Clipping input data to the valid range for imshow with RGB data ([0..1] for floats or [0..255] for integers). Got range [-2.0836544..2.64].
2025-05-20 21:01:52,192 - matplotlib.image - WARNING - Clipping input data to the valid range for imshow with RGB data ([0..1] for floats or [0..255] for integers). Got range [-2.0836544..109.056].
2025-05-20 21:01:52,394 - matplotlib.image - WARNING - Clipping input data to the valid range for imshow with RGB data ([0..1] for floats or [0..255] for integers). Got range [-2.0494049..2.64].
2025-05-20 21:01:52,395 - matplotlib.image - WARNING - Clipping input data to the valid range for imshow with RGB data ([0..1] for floats or [0..255] for integers). Got range [-2.0494049..2.64].
2025-05-20 21:01:52,398 - matplotlib.image - WARNING - Clipping input data to the valid range for imshow with RGB data ([0..1] for floats or [0..255] for integers). Got range [-2.0494049..109.056].
2025-05-20 21:01:52,532 - matplotlib.image - WARNING - Clipping input data to the valid range for imshow with RGB data ([0..1] for floats or [0..255] for integers). Got range [-2.0494049..2.64].
2025-05-20 21:01:52,533 - matplotlib.image - WARNING - Clipping input data to the valid range for imshow with RGB data ([0..1] for floats or [0..255] for integers). Got range [-2.0494049..2.64].
2025-05-20 21:01:52,535 - matplotlib.image - WARNING - Clipping input data to the valid range for imshow with RGB data ([0..1] for floats or [0..255] for integers). Got range [-2.0494049..109.056].
2025-05-20 21:01:52,814 - matplotlib.image - WARNING - Clipping input data to the valid range for imshow with RGB data ([0..1] for floats or [0..255] for integers). Got range [-2.0665298..2.64].
2025-05-20 21:01:52,816 - matplotlib.image - WARNING - Clipping input data to the valid range for imshow with RGB data ([0..1] for floats or [0..255] for integers). Got range [-2.0665298..2.64].
2025-05-20 21:01:52,818 - matplotlib.image - WARNING - Clipping input data to the valid range for imshow with RGB data ([0..1] for floats or [0..255] for integers). Got range [-2.0151556..109.056].
2025-05-20 21:01:52,948 - matplotlib.image - WARNING - Clipping input data to the valid range for imshow with RGB data ([0..1] for floats or [0..255] for integers). Got range [-2.0151556..2.64].
2025-05-20 21:01:52,949 - matplotlib.image - WARNING - Clipping input data to the valid range for imshow with RGB data ([0..1] for floats or [0..255] for integers). Got range [-2.0151556..2.64].
2025-05-20 21:01:52,951 - matplotlib.image - WARNING - Clipping input data to the valid range for imshow with RGB data ([0..1] for floats or [0..255] for integers). Got range [-1.9980307..109.056].
2025-05-20 21:01:53,190 - matplotlib.image - WARNING - Clipping input data to the valid range for imshow with RGB data ([0..1] for floats or [0..255] for integers). Got range [-1.9637812..2.64].
2025-05-20 21:01:53,192 - matplotlib.image - WARNING - Clipping input data to the valid range for imshow with RGB data ([0..1] for floats or [0..255] for integers). Got range [-1.9637812..2.64].
2025-05-20 21:01:53,194 - matplotlib.image - WARNING - Clipping input data to the valid range for imshow with RGB data ([0..1] for floats or [0..255] for integers). Got range [-1.9637812..109.04903].
2025-05-20 21:01:53,330 - matplotlib.image - WARNING - Clipping input data to the valid range for imshow with RGB data ([0..1] for floats or [0..255] for integers). Got range [-1.9980307..2.64].
2025-05-20 21:01:53,331 - matplotlib.image - WARNING - Clipping input data to the valid range for imshow with RGB data ([0..1] for floats or [0..255] for integers). Got range [-1.9980307..2.64].
2025-05-20 21:01:53,333 - matplotlib.image - WARNING - Clipping input data to the valid range for imshow with RGB data ([0..1] for floats or [0..255] for integers). Got range [-1.9980307..109.04205].
2025-05-20 21:01:53,579 - matplotlib.image - WARNING - Clipping input data to the valid range for imshow with RGB data ([0..1] for floats or [0..255] for integers). Got range [-1.8606442..2.4134207].
2025-05-20 21:01:53,581 - matplotlib.image - WARNING - Clipping input data to the valid range for imshow with RGB data ([0..1] for floats or [0..255] for integers). Got range [-1.8606442..2.4134207].
2025-05-20 21:01:53,583 - matplotlib.image - WARNING - Clipping input data to the valid range for imshow with RGB data ([0..1] for floats or [0..255] for integers). Got range [-1.8606442..108.693474].
2025-05-20 21:01:53,740 - matplotlib.image - WARNING - Clipping input data to the valid range for imshow with RGB data ([0..1] for floats or [0..255] for integers). Got range [-1.8781512..2.2739873].
2025-05-20 21:01:53,742 - matplotlib.image - WARNING - Clipping input data to the valid range for imshow with RGB data ([0..1] for floats or [0..255] for integers). Got range [-1.8781512..2.2739873].
2025-05-20 21:01:53,744 - matplotlib.image - WARNING - Clipping input data to the valid range for imshow with RGB data ([0..1] for floats or [0..255] for integers). Got range [-1.8256302..108.714386].
2025-05-20 21:01:54,001 - matplotlib.image - WARNING - Clipping input data to the valid range for imshow with RGB data ([0..1] for floats or [0..255] for integers). Got range [-1.9481792..2.3785625].
2025-05-20 21:01:54,003 - matplotlib.image - WARNING - Clipping input data to the valid range for imshow with RGB data ([0..1] for floats or [0..255] for integers). Got range [-1.9481792..2.3785625].
2025-05-20 21:01:54,005 - matplotlib.image - WARNING - Clipping input data to the valid range for imshow with RGB data ([0..1] for floats or [0..255] for integers). Got range [-1.9481792..108.7841].
2025-05-20 21:01:54,149 - matplotlib.image - WARNING - Clipping input data to the valid range for imshow with RGB data ([0..1] for floats or [0..255] for integers). Got range [-1.9131652..2.3262744].
2025-05-20 21:01:54,150 - matplotlib.image - WARNING - Clipping input data to the valid range for imshow with RGB data ([0..1] for floats or [0..255] for integers). Got range [-1.9131652..2.3262744].
2025-05-20 21:01:54,153 - matplotlib.image - WARNING - Clipping input data to the valid range for imshow with RGB data ([0..1] for floats or [0..255] for integers). Got range [-1.9131652..108.770164].
2025-05-20 21:01:54,405 - matplotlib.image - WARNING - Clipping input data to the valid range for imshow with RGB data ([0..1] for floats or [0..255] for integers). Got range [-1.9131652..2.2739873].
2025-05-20 21:01:54,407 - matplotlib.image - WARNING - Clipping input data to the valid range for imshow with RGB data ([0..1] for floats or [0..255] for integers). Got range [-1.9131652..2.2739873].
2025-05-20 21:01:54,409 - matplotlib.image - WARNING - Clipping input data to the valid range for imshow with RGB data ([0..1] for floats or [0..255] for integers). Got range [-1.9131652..108.749245].
2025-05-20 21:01:54,552 - matplotlib.image - WARNING - Clipping input data to the valid range for imshow with RGB data ([0..1] for floats or [0..255] for integers). Got range [-1.8606442..2.4134207].
2025-05-20 21:01:54,553 - matplotlib.image - WARNING - Clipping input data to the valid range for imshow with RGB data ([0..1] for floats or [0..255] for integers). Got range [-1.8606442..2.4134207].
2025-05-20 21:01:54,555 - matplotlib.image - WARNING - Clipping input data to the valid range for imshow with RGB data ([0..1] for floats or [0..255] for integers). Got range [-1.8606442..108.77713].
2025-05-20 21:01:54,907 - matplotlib.image - WARNING - Clipping input data to the valid range for imshow with RGB data ([0..1] for floats or [0..255] for integers). Got range [-1.9306722..2.3959913].
2025-05-20 21:01:54,908 - matplotlib.image - WARNING - Clipping input data to the valid range for imshow with RGB data ([0..1] for floats or [0..255] for integers). Got range [-1.9306722..2.3959913].
2025-05-20 21:01:54,911 - matplotlib.image - WARNING - Clipping input data to the valid range for imshow with RGB data ([0..1] for floats or [0..255] for integers). Got range [-1.9306722..108.6865].
2025-05-20 21:01:55,050 - matplotlib.image - WARNING - Clipping input data to the valid range for imshow with RGB data ([0..1] for floats or [0..255] for integers). Got range [-1.9131652..2.2914162].
2025-05-20 21:01:55,051 - matplotlib.image - WARNING - Clipping input data to the valid range for imshow with RGB data ([0..1] for floats or [0..255] for integers). Got range [-1.9131652..2.2914162].
2025-05-20 21:01:55,053 - matplotlib.image - WARNING - Clipping input data to the valid range for imshow with RGB data ([0..1] for floats or [0..255] for integers). Got range [-1.9131652..108.693474].
2025-05-20 21:01:55,311 - matplotlib.image - WARNING - Clipping input data to the valid range for imshow with RGB data ([0..1] for floats or [0..255] for integers). Got range [-1.9131652..2.4482791].
2025-05-20 21:01:55,313 - matplotlib.image - WARNING - Clipping input data to the valid range for imshow with RGB data ([0..1] for floats or [0..255] for integers). Got range [-1.9131652..2.4482791].
2025-05-20 21:01:55,315 - matplotlib.image - WARNING - Clipping input data to the valid range for imshow with RGB data ([0..1] for floats or [0..255] for integers). Got range [-1.9131652..108.70741].
2025-05-20 21:01:55,454 - matplotlib.image - WARNING - Clipping input data to the valid range for imshow with RGB data ([0..1] for floats or [0..255] for integers). Got range [-1.9306722..2.4831376].
2025-05-20 21:01:55,456 - matplotlib.image - WARNING - Clipping input data to the valid range for imshow with RGB data ([0..1] for floats or [0..255] for integers). Got range [-1.9306722..2.4831376].
2025-05-20 21:01:55,458 - matplotlib.image - WARNING - Clipping input data to the valid range for imshow with RGB data ([0..1] for floats or [0..255] for integers). Got range [-1.9131652..108.693474].
2025-05-20 21:01:55,715 - matplotlib.image - WARNING - Clipping input data to the valid range for imshow with RGB data ([0..1] for floats or [0..255] for integers). Got range [-1.9131652..2.3959913].
2025-05-20 21:01:55,717 - matplotlib.image - WARNING - Clipping input data to the valid range for imshow with RGB data ([0..1] for floats or [0..255] for integers). Got range [-1.9131652..2.3959913].
2025-05-20 21:01:55,719 - matplotlib.image - WARNING - Clipping input data to the valid range for imshow with RGB data ([0..1] for floats or [0..255] for integers). Got range [-1.9131652..108.770164].
2025-05-20 21:01:55,858 - matplotlib.image - WARNING - Clipping input data to the valid range for imshow with RGB data ([0..1] for floats or [0..255] for integers). Got range [-1.9306722..2.4831376].
2025-05-20 21:01:55,859 - matplotlib.image - WARNING - Clipping input data to the valid range for imshow with RGB data ([0..1] for floats or [0..255] for integers). Got range [-1.9306722..2.4831376].
2025-05-20 21:01:55,862 - matplotlib.image - WARNING - Clipping input data to the valid range for imshow with RGB data ([0..1] for floats or [0..255] for integers). Got range [-1.9306722..108.76319].
2025-05-20 21:01:56,135 - matplotlib.image - WARNING - Clipping input data to the valid range for imshow with RGB data ([0..1] for floats or [0..255] for integers). Got range [-1.8956583..2.4308496].
2025-05-20 21:01:56,137 - matplotlib.image - WARNING - Clipping input data to the valid range for imshow with RGB data ([0..1] for floats or [0..255] for integers). Got range [-1.8956583..2.4308496].
2025-05-20 21:01:56,140 - matplotlib.image - WARNING - Clipping input data to the valid range for imshow with RGB data ([0..1] for floats or [0..255] for integers). Got range [-1.8956583..108.79108].
2025-05-20 21:01:56,278 - matplotlib.image - WARNING - Clipping input data to the valid range for imshow with RGB data ([0..1] for floats or [0..255] for integers). Got range [-1.8956583..2.343704].
2025-05-20 21:01:56,279 - matplotlib.image - WARNING - Clipping input data to the valid range for imshow with RGB data ([0..1] for floats or [0..255] for integers). Got range [-1.8956583..2.343704].
2025-05-20 21:01:56,281 - matplotlib.image - WARNING - Clipping input data to the valid range for imshow with RGB data ([0..1] for floats or [0..255] for integers). Got range [-1.8956583..108.75622].
2025-05-20 21:01:56,529 - matplotlib.image - WARNING - Clipping input data to the valid range for imshow with RGB data ([0..1] for floats or [0..255] for integers). Got range [-1.9306722..2.3785625].
2025-05-20 21:01:56,530 - matplotlib.image - WARNING - Clipping input data to the valid range for imshow with RGB data ([0..1] for floats or [0..255] for integers). Got range [-1.9306722..2.3785625].
2025-05-20 21:01:56,532 - matplotlib.image - WARNING - Clipping input data to the valid range for imshow with RGB data ([0..1] for floats or [0..255] for integers). Got range [-1.9306722..108.75622].
2025-05-20 21:01:56,679 - matplotlib.image - WARNING - Clipping input data to the valid range for imshow with RGB data ([0..1] for floats or [0..255] for integers). Got range [-1.9656862..2.4134207].
2025-05-20 21:01:56,680 - matplotlib.image - WARNING - Clipping input data to the valid range for imshow with RGB data ([0..1] for floats or [0..255] for integers). Got range [-1.9656862..2.4134207].
2025-05-20 21:01:56,682 - matplotlib.image - WARNING - Clipping input data to the valid range for imshow with RGB data ([0..1] for floats or [0..255] for integers). Got range [-1.9656862..108.72833].
2025-05-20 21:01:56,924 - matplotlib.image - WARNING - Clipping input data to the valid range for imshow with RGB data ([0..1] for floats or [0..255] for integers). Got range [-1.9481792..2.3611329].
2025-05-20 21:01:56,926 - matplotlib.image - WARNING - Clipping input data to the valid range for imshow with RGB data ([0..1] for floats or [0..255] for integers). Got range [-1.9481792..2.3611329].
2025-05-20 21:01:56,928 - matplotlib.image - WARNING - Clipping input data to the valid range for imshow with RGB data ([0..1] for floats or [0..255] for integers). Got range [-1.9481792..108.81896].
2025-05-20 21:01:57,068 - matplotlib.image - WARNING - Clipping input data to the valid range for imshow with RGB data ([0..1] for floats or [0..255] for integers). Got range [-1.9306722..2.465708].
2025-05-20 21:01:57,069 - matplotlib.image - WARNING - Clipping input data to the valid range for imshow with RGB data ([0..1] for floats or [0..255] for integers). Got range [-1.9306722..2.465708].
2025-05-20 21:01:57,071 - matplotlib.image - WARNING - Clipping input data to the valid range for imshow with RGB data ([0..1] for floats or [0..255] for integers). Got range [-1.9306722..108.81896].
2025-05-20 21:01:57,482 - matplotlib.image - WARNING - Clipping input data to the valid range for imshow with RGB data ([0..1] for floats or [0..255] for integers). Got range [-2.117904..2.64].
2025-05-20 21:01:57,483 - matplotlib.image - WARNING - Clipping input data to the valid range for imshow with RGB data ([0..1] for floats or [0..255] for integers). Got range [-2.117904..2.64].
2025-05-20 21:01:57,486 - matplotlib.image - WARNING - Clipping input data to the valid range for imshow with RGB data ([0..1] for floats or [0..255] for integers). Got range [-2.117904..153.87216].
2025-05-20 21:01:57,629 - matplotlib.image - WARNING - Clipping input data to the valid range for imshow with RGB data ([0..1] for floats or [0..255] for integers). Got range [-2.117904..2.64].
2025-05-20 21:01:57,631 - matplotlib.image - WARNING - Clipping input data to the valid range for imshow with RGB data ([0..1] for floats or [0..255] for integers). Got range [-2.117904..2.64].
2025-05-20 21:01:57,633 - matplotlib.image - WARNING - Clipping input data to the valid range for imshow with RGB data ([0..1] for floats or [0..255] for integers). Got range [-2.117904..153.89272].
2025-05-20 21:01:57,875 - matplotlib.image - WARNING - Clipping input data to the valid range for imshow with RGB data ([0..1] for floats or [0..255] for integers). Got range [-2.117904..2.64].
2025-05-20 21:01:57,876 - matplotlib.image - WARNING - Clipping input data to the valid range for imshow with RGB data ([0..1] for floats or [0..255] for integers). Got range [-2.117904..2.64].
2025-05-20 21:01:57,879 - matplotlib.image - WARNING - Clipping input data to the valid range for imshow with RGB data ([0..1] for floats or [0..255] for integers). Got range [-2.117904..153.88586].
2025-05-20 21:01:58,022 - matplotlib.image - WARNING - Clipping input data to the valid range for imshow with RGB data ([0..1] for floats or [0..255] for integers). Got range [-2.117904..2.64].
2025-05-20 21:01:58,023 - matplotlib.image - WARNING - Clipping input data to the valid range for imshow with RGB data ([0..1] for floats or [0..255] for integers). Got range [-2.117904..2.64].
2025-05-20 21:01:58,026 - matplotlib.image - WARNING - Clipping input data to the valid range for imshow with RGB data ([0..1] for floats or [0..255] for integers). Got range [-2.117904..153.88586].
2025-05-20 21:01:58,281 - matplotlib.image - WARNING - Clipping input data to the valid range for imshow with RGB data ([0..1] for floats or [0..255] for integers). Got range [-2.117904..2.64].
2025-05-20 21:01:58,283 - matplotlib.image - WARNING - Clipping input data to the valid range for imshow with RGB data ([0..1] for floats or [0..255] for integers). Got range [-2.117904..2.64].
2025-05-20 21:01:58,285 - matplotlib.image - WARNING - Clipping input data to the valid range for imshow with RGB data ([0..1] for floats or [0..255] for integers). Got range [-2.117904..153.88586].
2025-05-20 21:01:58,421 - matplotlib.image - WARNING - Clipping input data to the valid range for imshow with RGB data ([0..1] for floats or [0..255] for integers). Got range [-2.117904..2.64].
2025-05-20 21:01:58,423 - matplotlib.image - WARNING - Clipping input data to the valid range for imshow with RGB data ([0..1] for floats or [0..255] for integers). Got range [-2.117904..2.64].
2025-05-20 21:01:58,426 - matplotlib.image - WARNING - Clipping input data to the valid range for imshow with RGB data ([0..1] for floats or [0..255] for integers). Got range [-2.117904..153.88586].
2025-05-20 21:01:58,706 - matplotlib.image - WARNING - Clipping input data to the valid range for imshow with RGB data ([0..1] for floats or [0..255] for integers). Got range [-2.117904..2.64].
2025-05-20 21:01:58,707 - matplotlib.image - WARNING - Clipping input data to the valid range for imshow with RGB data ([0..1] for floats or [0..255] for integers). Got range [-2.117904..2.64].
2025-05-20 21:01:58,710 - matplotlib.image - WARNING - Clipping input data to the valid range for imshow with RGB data ([0..1] for floats or [0..255] for integers). Got range [-2.117904..153.61871].
2025-05-20 21:01:58,853 - matplotlib.image - WARNING - Clipping input data to the valid range for imshow with RGB data ([0..1] for floats or [0..255] for integers). Got range [-2.117904..2.64].
2025-05-20 21:01:58,854 - matplotlib.image - WARNING - Clipping input data to the valid range for imshow with RGB data ([0..1] for floats or [0..255] for integers). Got range [-2.117904..2.64].
2025-05-20 21:01:58,857 - matplotlib.image - WARNING - Clipping input data to the valid range for imshow with RGB data ([0..1] for floats or [0..255] for integers). Got range [-2.117904..153.59132].
2025-05-20 21:01:59,044 - matplotlib.image - WARNING - Clipping input data to the valid range for imshow with RGB data ([0..1] for floats or [0..255] for integers). Got range [-2.117904..2.64].
2025-05-20 21:01:59,046 - matplotlib.image - WARNING - Clipping input data to the valid range for imshow with RGB data ([0..1] for floats or [0..255] for integers). Got range [-2.117904..2.64].
2025-05-20 21:01:59,049 - matplotlib.image - WARNING - Clipping input data to the valid range for imshow with RGB data ([0..1] for floats or [0..255] for integers). Got range [-2.117904..153.73517].
2025-05-20 21:01:59,207 - matplotlib.image - WARNING - Clipping input data to the valid range for imshow with RGB data ([0..1] for floats or [0..255] for integers). Got range [-2.117904..2.64].
2025-05-20 21:01:59,209 - matplotlib.image - WARNING - Clipping input data to the valid range for imshow with RGB data ([0..1] for floats or [0..255] for integers). Got range [-2.117904..2.64].
2025-05-20 21:01:59,212 - matplotlib.image - WARNING - Clipping input data to the valid range for imshow with RGB data ([0..1] for floats or [0..255] for integers). Got range [-2.117904..153.80367].
2025-05-20 21:01:59,406 - matplotlib.image - WARNING - Clipping input data to the valid range for imshow with RGB data ([0..1] for floats or [0..255] for integers). Got range [-2.117904..2.64].
2025-05-20 21:01:59,407 - matplotlib.image - WARNING - Clipping input data to the valid range for imshow with RGB data ([0..1] for floats or [0..255] for integers). Got range [-2.117904..2.64].
2025-05-20 21:01:59,411 - matplotlib.image - WARNING - Clipping input data to the valid range for imshow with RGB data ([0..1] for floats or [0..255] for integers). Got range [-2.117904..153.89957].
2025-05-20 21:01:59,686 - matplotlib.image - WARNING - Clipping input data to the valid range for imshow with RGB data ([0..1] for floats or [0..255] for integers). Got range [-2.117904..2.64].
2025-05-20 21:01:59,688 - matplotlib.image - WARNING - Clipping input data to the valid range for imshow with RGB data ([0..1] for floats or [0..255] for integers). Got range [-2.117904..2.64].
2025-05-20 21:01:59,691 - matplotlib.image - WARNING - Clipping input data to the valid range for imshow with RGB data ([0..1] for floats or [0..255] for integers). Got range [-2.117904..153.89957].
2025-05-20 21:01:59,872 - matplotlib.image - WARNING - Clipping input data to the valid range for imshow with RGB data ([0..1] for floats or [0..255] for integers). Got range [-2.117904..2.64].
2025-05-20 21:01:59,873 - matplotlib.image - WARNING - Clipping input data to the valid range for imshow with RGB data ([0..1] for floats or [0..255] for integers). Got range [-2.117904..2.64].
2025-05-20 21:01:59,876 - matplotlib.image - WARNING - Clipping input data to the valid range for imshow with RGB data ([0..1] for floats or [0..255] for integers). Got range [-2.117904..153.83107].
2025-05-20 21:02:00,029 - matplotlib.image - WARNING - Clipping input data to the valid range for imshow with RGB data ([0..1] for floats or [0..255] for integers). Got range [-2.117904..2.64].
2025-05-20 21:02:00,030 - matplotlib.image - WARNING - Clipping input data to the valid range for imshow with RGB data ([0..1] for floats or [0..255] for integers). Got range [-2.117904..2.64].
2025-05-20 21:02:00,033 - matplotlib.image - WARNING - Clipping input data to the valid range for imshow with RGB data ([0..1] for floats or [0..255] for integers). Got range [-2.117904..153.85161].
2025-05-20 21:02:00,224 - matplotlib.image - WARNING - Clipping input data to the valid range for imshow with RGB data ([0..1] for floats or [0..255] for integers). Got range [-2.117904..2.64].
2025-05-20 21:02:00,225 - matplotlib.image - WARNING - Clipping input data to the valid range for imshow with RGB data ([0..1] for floats or [0..255] for integers). Got range [-2.117904..2.64].
2025-05-20 21:02:00,228 - matplotlib.image - WARNING - Clipping input data to the valid range for imshow with RGB data ([0..1] for floats or [0..255] for integers). Got range [-2.117904..153.73517].
2025-05-20 21:02:00,383 - matplotlib.image - WARNING - Clipping input data to the valid range for imshow with RGB data ([0..1] for floats or [0..255] for integers). Got range [-2.117904..2.64].
2025-05-20 21:02:00,384 - matplotlib.image - WARNING - Clipping input data to the valid range for imshow with RGB data ([0..1] for floats or [0..255] for integers). Got range [-2.117904..2.64].
2025-05-20 21:02:00,387 - matplotlib.image - WARNING - Clipping input data to the valid range for imshow with RGB data ([0..1] for floats or [0..255] for integers). Got range [-2.117904..153.74887].
2025-05-20 21:02:00,571 - matplotlib.image - WARNING - Clipping input data to the valid range for imshow with RGB data ([0..1] for floats or [0..255] for integers). Got range [-1.9980307..2.64].
2025-05-20 21:02:00,572 - matplotlib.image - WARNING - Clipping input data to the valid range for imshow with RGB data ([0..1] for floats or [0..255] for integers). Got range [-1.9980307..2.64].
2025-05-20 21:02:00,574 - matplotlib.image - WARNING - Clipping input data to the valid range for imshow with RGB data ([0..1] for floats or [0..255] for integers). Got range [-1.9980307..140.256].
2025-05-20 21:02:00,736 - matplotlib.image - WARNING - Clipping input data to the valid range for imshow with RGB data ([0..1] for floats or [0..255] for integers). Got range [-2.0494049..2.64].
2025-05-20 21:02:00,737 - matplotlib.image - WARNING - Clipping input data to the valid range for imshow with RGB data ([0..1] for floats or [0..255] for integers). Got range [-2.0494049..2.64].
2025-05-20 21:02:00,740 - matplotlib.image - WARNING - Clipping input data to the valid range for imshow with RGB data ([0..1] for floats or [0..255] for integers). Got range [-2.0494049..140.256].
2025-05-20 21:02:00,949 - matplotlib.image - WARNING - Clipping input data to the valid range for imshow with RGB data ([0..1] for floats or [0..255] for integers). Got range [-2.0665298..2.64].
2025-05-20 21:02:00,950 - matplotlib.image - WARNING - Clipping input data to the valid range for imshow with RGB data ([0..1] for floats or [0..255] for integers). Got range [-2.0665298..2.64].
2025-05-20 21:02:00,953 - matplotlib.image - WARNING - Clipping input data to the valid range for imshow with RGB data ([0..1] for floats or [0..255] for integers). Got range [-2.0494049..140.256].
2025-05-20 21:02:01,099 - matplotlib.image - WARNING - Clipping input data to the valid range for imshow with RGB data ([0..1] for floats or [0..255] for integers). Got range [-2.0665298..2.64].
2025-05-20 21:02:01,101 - matplotlib.image - WARNING - Clipping input data to the valid range for imshow with RGB data ([0..1] for floats or [0..255] for integers). Got range [-2.0665298..2.64].
2025-05-20 21:02:01,103 - matplotlib.image - WARNING - Clipping input data to the valid range for imshow with RGB data ([0..1] for floats or [0..255] for integers). Got range [-2.0665298..140.256].
2025-05-20 21:02:01,282 - matplotlib.image - WARNING - Clipping input data to the valid range for imshow with RGB data ([0..1] for floats or [0..255] for integers). Got range [-2.0665298..2.64].
2025-05-20 21:02:01,283 - matplotlib.image - WARNING - Clipping input data to the valid range for imshow with RGB data ([0..1] for floats or [0..255] for integers). Got range [-2.0665298..2.64].
2025-05-20 21:02:01,285 - matplotlib.image - WARNING - Clipping input data to the valid range for imshow with RGB data ([0..1] for floats or [0..255] for integers). Got range [-2.0665298..140.256].
2025-05-20 21:02:01,456 - matplotlib.image - WARNING - Clipping input data to the valid range for imshow with RGB data ([0..1] for floats or [0..255] for integers). Got range [-2.0665298..2.64].
2025-05-20 21:02:01,458 - matplotlib.image - WARNING - Clipping input data to the valid range for imshow with RGB data ([0..1] for floats or [0..255] for integers). Got range [-2.0665298..2.64].
2025-05-20 21:02:01,460 - matplotlib.image - WARNING - Clipping input data to the valid range for imshow with RGB data ([0..1] for floats or [0..255] for integers). Got range [-2.0665298..140.256].
2025-05-20 21:02:01,649 - matplotlib.image - WARNING - Clipping input data to the valid range for imshow with RGB data ([0..1] for floats or [0..255] for integers). Got range [-2.0494049..2.5877128].
2025-05-20 21:02:01,651 - matplotlib.image - WARNING - Clipping input data to the valid range for imshow with RGB data ([0..1] for floats or [0..255] for integers). Got range [-2.0494049..2.5877128].
2025-05-20 21:02:01,654 - matplotlib.image - WARNING - Clipping input data to the valid range for imshow with RGB data ([0..1] for floats or [0..255] for integers). Got range [-2.0494049..140.23509].
2025-05-20 21:02:01,940 - matplotlib.image - WARNING - Clipping input data to the valid range for imshow with RGB data ([0..1] for floats or [0..255] for integers). Got range [-2.0494049..2.6051416].
2025-05-20 21:02:01,941 - matplotlib.image - WARNING - Clipping input data to the valid range for imshow with RGB data ([0..1] for floats or [0..255] for integers). Got range [-2.0494049..2.6051416].
2025-05-20 21:02:01,944 - matplotlib.image - WARNING - Clipping input data to the valid range for imshow with RGB data ([0..1] for floats or [0..255] for integers). Got range [-2.0494049..140.24205].
2025-05-20 21:02:02,148 - matplotlib.image - WARNING - Clipping input data to the valid range for imshow with RGB data ([0..1] for floats or [0..255] for integers). Got range [-2.0665298..2.6051416].
2025-05-20 21:02:02,150 - matplotlib.image - WARNING - Clipping input data to the valid range for imshow with RGB data ([0..1] for floats or [0..255] for integers). Got range [-2.0665298..2.6051416].
2025-05-20 21:02:02,153 - matplotlib.image - WARNING - Clipping input data to the valid range for imshow with RGB data ([0..1] for floats or [0..255] for integers). Got range [-2.0665298..140.24205].
2025-05-20 21:02:02,297 - matplotlib.image - WARNING - Clipping input data to the valid range for imshow with RGB data ([0..1] for floats or [0..255] for integers). Got range [-2.0322802..2.6051416].
2025-05-20 21:02:02,298 - matplotlib.image - WARNING - Clipping input data to the valid range for imshow with RGB data ([0..1] for floats or [0..255] for integers). Got range [-2.0322802..2.6051416].
2025-05-20 21:02:02,301 - matplotlib.image - WARNING - Clipping input data to the valid range for imshow with RGB data ([0..1] for floats or [0..255] for integers). Got range [-2.0322802..140.24205].
2025-05-20 21:02:02,496 - matplotlib.image - WARNING - Clipping input data to the valid range for imshow with RGB data ([0..1] for floats or [0..255] for integers). Got range [-1.8956583..2.5877128].
2025-05-20 21:02:02,498 - matplotlib.image - WARNING - Clipping input data to the valid range for imshow with RGB data ([0..1] for floats or [0..255] for integers). Got range [-1.8956583..2.5877128].
2025-05-20 21:02:02,501 - matplotlib.image - WARNING - Clipping input data to the valid range for imshow with RGB data ([0..1] for floats or [0..255] for integers). Got range [-1.8956583..153.89272].
2025-05-20 21:02:02,630 - matplotlib.image - WARNING - Clipping input data to the valid range for imshow with RGB data ([0..1] for floats or [0..255] for integers). Got range [-1.8956583..2.5702832].
2025-05-20 21:02:02,632 - matplotlib.image - WARNING - Clipping input data to the valid range for imshow with RGB data ([0..1] for floats or [0..255] for integers). Got range [-1.8956583..2.5702832].
2025-05-20 21:02:02,635 - matplotlib.image - WARNING - Clipping input data to the valid range for imshow with RGB data ([0..1] for floats or [0..255] for integers). Got range [-1.8956583..153.89957].
2025-05-20 21:02:02,811 - matplotlib.image - WARNING - Clipping input data to the valid range for imshow with RGB data ([0..1] for floats or [0..255] for integers). Got range [-1.8781574..2.64].
2025-05-20 21:02:02,813 - matplotlib.image - WARNING - Clipping input data to the valid range for imshow with RGB data ([0..1] for floats or [0..255] for integers). Got range [-1.8781574..2.64].
2025-05-20 21:02:02,815 - matplotlib.image - WARNING - Clipping input data to the valid range for imshow with RGB data ([0..1] for floats or [0..255] for integers). Got range [-1.8781574..153.89957].
2025-05-20 21:02:02,961 - matplotlib.image - WARNING - Clipping input data to the valid range for imshow with RGB data ([0..1] for floats or [0..255] for integers). Got range [-1.8781574..2.622571].
2025-05-20 21:02:02,962 - matplotlib.image - WARNING - Clipping input data to the valid range for imshow with RGB data ([0..1] for floats or [0..255] for integers). Got range [-1.8781574..2.622571].
2025-05-20 21:02:02,965 - matplotlib.image - WARNING - Clipping input data to the valid range for imshow with RGB data ([0..1] for floats or [0..255] for integers). Got range [-1.8781574..153.89957].
2025-05-20 21:02:03,189 - matplotlib.image - WARNING - Clipping input data to the valid range for imshow with RGB data ([0..1] for floats or [0..255] for integers). Got range [-1.8267832..2.64].
2025-05-20 21:02:03,191 - matplotlib.image - WARNING - Clipping input data to the valid range for imshow with RGB data ([0..1] for floats or [0..255] for integers). Got range [-1.8267832..2.64].
2025-05-20 21:02:03,193 - matplotlib.image - WARNING - Clipping input data to the valid range for imshow with RGB data ([0..1] for floats or [0..255] for integers). Got range [-1.8267832..153.89272].
2025-05-20 21:02:03,322 - matplotlib.image - WARNING - Clipping input data to the valid range for imshow with RGB data ([0..1] for floats or [0..255] for integers). Got range [-1.8267832..2.64].
2025-05-20 21:02:03,323 - matplotlib.image - WARNING - Clipping input data to the valid range for imshow with RGB data ([0..1] for floats or [0..255] for integers). Got range [-1.8267832..2.64].
2025-05-20 21:02:03,326 - matplotlib.image - WARNING - Clipping input data to the valid range for imshow with RGB data ([0..1] for floats or [0..255] for integers). Got range [-1.8267832..153.89272].
2025-05-20 21:02:03,524 - matplotlib.image - WARNING - Clipping input data to the valid range for imshow with RGB data ([0..1] for floats or [0..255] for integers). Got range [-1.8431373..2.465708].
2025-05-20 21:02:03,525 - matplotlib.image - WARNING - Clipping input data to the valid range for imshow with RGB data ([0..1] for floats or [0..255] for integers). Got range [-1.8431373..2.465708].
2025-05-20 21:02:03,528 - matplotlib.image - WARNING - Clipping input data to the valid range for imshow with RGB data ([0..1] for floats or [0..255] for integers). Got range [-1.8431373..153.46117].
2025-05-20 21:02:03,655 - matplotlib.image - WARNING - Clipping input data to the valid range for imshow with RGB data ([0..1] for floats or [0..255] for integers). Got range [-1.8956583..2.3935575].
2025-05-20 21:02:03,657 - matplotlib.image - WARNING - Clipping input data to the valid range for imshow with RGB data ([0..1] for floats or [0..255] for integers). Got range [-1.8956583..2.3935575].
2025-05-20 21:02:03,659 - matplotlib.image - WARNING - Clipping input data to the valid range for imshow with RGB data ([0..1] for floats or [0..255] for integers). Got range [-1.8956583..139.79587].
2025-05-20 21:02:03,854 - matplotlib.image - WARNING - Clipping input data to the valid range for imshow with RGB data ([0..1] for floats or [0..255] for integers). Got range [-1.8606442..2.64].
2025-05-20 21:02:03,855 - matplotlib.image - WARNING - Clipping input data to the valid range for imshow with RGB data ([0..1] for floats or [0..255] for integers). Got range [-1.8606442..2.64].
2025-05-20 21:02:03,858 - matplotlib.image - WARNING - Clipping input data to the valid range for imshow with RGB data ([0..1] for floats or [0..255] for integers). Got range [-1.8606442..153.68721].
2025-05-20 21:02:04,133 - matplotlib.image - WARNING - Clipping input data to the valid range for imshow with RGB data ([0..1] for floats or [0..255] for integers). Got range [-1.8606442..2.64].
2025-05-20 21:02:04,134 - matplotlib.image - WARNING - Clipping input data to the valid range for imshow with RGB data ([0..1] for floats or [0..255] for integers). Got range [-1.8606442..2.64].
2025-05-20 21:02:04,137 - matplotlib.image - WARNING - Clipping input data to the valid range for imshow with RGB data ([0..1] for floats or [0..255] for integers). Got range [-1.8606442..153.89272].
2025-05-20 21:02:04,343 - matplotlib.image - WARNING - Clipping input data to the valid range for imshow with RGB data ([0..1] for floats or [0..255] for integers). Got range [-1.8044444..2.64].
2025-05-20 21:02:04,344 - matplotlib.image - WARNING - Clipping input data to the valid range for imshow with RGB data ([0..1] for floats or [0..255] for integers). Got range [-1.8044444..2.64].
2025-05-20 21:02:04,346 - matplotlib.image - WARNING - Clipping input data to the valid range for imshow with RGB data ([0..1] for floats or [0..255] for integers). Got range [-1.8044444..108.67953].
2025-05-20 21:02:04,481 - matplotlib.image - WARNING - Clipping input data to the valid range for imshow with RGB data ([0..1] for floats or [0..255] for integers). Got range [-1.8044444..2.64].
2025-05-20 21:02:04,482 - matplotlib.image - WARNING - Clipping input data to the valid range for imshow with RGB data ([0..1] for floats or [0..255] for integers). Got range [-1.8044444..2.64].
2025-05-20 21:02:04,485 - matplotlib.image - WARNING - Clipping input data to the valid range for imshow with RGB data ([0..1] for floats or [0..255] for integers). Got range [-1.8044444..139.63551].
2025-05-20 21:02:04,714 - matplotlib.image - WARNING - Clipping input data to the valid range for imshow with RGB data ([0..1] for floats or [0..255] for integers). Got range [-1.8267832..2.64].
2025-05-20 21:02:04,715 - matplotlib.image - WARNING - Clipping input data to the valid range for imshow with RGB data ([0..1] for floats or [0..255] for integers). Got range [-1.8267832..2.64].
2025-05-20 21:02:04,717 - matplotlib.image - WARNING - Clipping input data to the valid range for imshow with RGB data ([0..1] for floats or [0..255] for integers). Got range [-1.8267832..108.94445].
2025-05-20 21:02:04,846 - matplotlib.image - WARNING - Clipping input data to the valid range for imshow with RGB data ([0..1] for floats or [0..255] for integers). Got range [-1.843908..2.64].
2025-05-20 21:02:04,847 - matplotlib.image - WARNING - Clipping input data to the valid range for imshow with RGB data ([0..1] for floats or [0..255] for integers). Got range [-1.843908..2.64].
2025-05-20 21:02:04,849 - matplotlib.image - WARNING - Clipping input data to the valid range for imshow with RGB data ([0..1] for floats or [0..255] for integers). Got range [-1.843908..108.937485].
2025-05-20 21:02:05,053 - matplotlib.image - WARNING - Clipping input data to the valid range for imshow with RGB data ([0..1] for floats or [0..255] for integers). Got range [-1.843908..2.64].
2025-05-20 21:02:05,054 - matplotlib.image - WARNING - Clipping input data to the valid range for imshow with RGB data ([0..1] for floats or [0..255] for integers). Got range [-1.843908..2.64].
2025-05-20 21:02:05,056 - matplotlib.image - WARNING - Clipping input data to the valid range for imshow with RGB data ([0..1] for floats or [0..255] for integers). Got range [-1.843908..140.24205].
2025-05-20 21:02:05,190 - matplotlib.image - WARNING - Clipping input data to the valid range for imshow with RGB data ([0..1] for floats or [0..255] for integers). Got range [-1.843908..2.64].
2025-05-20 21:02:05,192 - matplotlib.image - WARNING - Clipping input data to the valid range for imshow with RGB data ([0..1] for floats or [0..255] for integers). Got range [-1.843908..2.64].
2025-05-20 21:02:05,194 - matplotlib.image - WARNING - Clipping input data to the valid range for imshow with RGB data ([0..1] for floats or [0..255] for integers). Got range [-1.843908..140.1793].
2025-05-20 21:02:05,424 - matplotlib.image - WARNING - Clipping input data to the valid range for imshow with RGB data ([0..1] for floats or [0..255] for integers). Got range [-2.0357141..2.64].
2025-05-20 21:02:05,425 - matplotlib.image - WARNING - Clipping input data to the valid range for imshow with RGB data ([0..1] for floats or [0..255] for integers). Got range [-2.0357141..2.64].
2025-05-20 21:02:05,428 - matplotlib.image - WARNING - Clipping input data to the valid range for imshow with RGB data ([0..1] for floats or [0..255] for integers). Got range [-2.0357141..140.03291].
2025-05-20 21:02:05,580 - matplotlib.image - WARNING - Clipping input data to the valid range for imshow with RGB data ([0..1] for floats or [0..255] for integers). Got range [-2.0665298..2.64].
2025-05-20 21:02:05,581 - matplotlib.image - WARNING - Clipping input data to the valid range for imshow with RGB data ([0..1] for floats or [0..255] for integers). Got range [-2.0665298..2.64].
2025-05-20 21:02:05,584 - matplotlib.image - WARNING - Clipping input data to the valid range for imshow with RGB data ([0..1] for floats or [0..255] for integers). Got range [-2.0665298..140.03987].
2025-05-20 21:02:05,817 - matplotlib.image - WARNING - Clipping input data to the valid range for imshow with RGB data ([0..1] for floats or [0..255] for integers). Got range [-2.0494049..2.64].
2025-05-20 21:02:05,818 - matplotlib.image - WARNING - Clipping input data to the valid range for imshow with RGB data ([0..1] for floats or [0..255] for integers). Got range [-2.0494049..2.64].
2025-05-20 21:02:05,821 - matplotlib.image - WARNING - Clipping input data to the valid range for imshow with RGB data ([0..1] for floats or [0..255] for integers). Got range [-2.0494049..140.01897].
2025-05-20 21:02:05,966 - matplotlib.image - WARNING - Clipping input data to the valid range for imshow with RGB data ([0..1] for floats or [0..255] for integers). Got range [-2.0357141..2.64].
2025-05-20 21:02:05,967 - matplotlib.image - WARNING - Clipping input data to the valid range for imshow with RGB data ([0..1] for floats or [0..255] for integers). Got range [-2.0357141..2.64].
2025-05-20 21:02:05,970 - matplotlib.image - WARNING - Clipping input data to the valid range for imshow with RGB data ([0..1] for floats or [0..255] for integers). Got range [-2.0357141..139.97015].
2025-05-20 21:02:06,190 - matplotlib.image - WARNING - Clipping input data to the valid range for imshow with RGB data ([0..1] for floats or [0..255] for integers). Got range [-2.0494049..2.64].
2025-05-20 21:02:06,191 - matplotlib.image - WARNING - Clipping input data to the valid range for imshow with RGB data ([0..1] for floats or [0..255] for integers). Got range [-2.0494049..2.64].
2025-05-20 21:02:06,194 - matplotlib.image - WARNING - Clipping input data to the valid range for imshow with RGB data ([0..1] for floats or [0..255] for integers). Got range [-2.0494049..140.06776].
2025-05-20 21:02:06,338 - matplotlib.image - WARNING - Clipping input data to the valid range for imshow with RGB data ([0..1] for floats or [0..255] for integers). Got range [-2.0357141..2.64].
2025-05-20 21:02:06,339 - matplotlib.image - WARNING - Clipping input data to the valid range for imshow with RGB data ([0..1] for floats or [0..255] for integers). Got range [-2.0357141..2.64].
2025-05-20 21:02:06,342 - matplotlib.image - WARNING - Clipping input data to the valid range for imshow with RGB data ([0..1] for floats or [0..255] for integers). Got range [-2.0357141..140.1584].
2025-05-20 21:02:06,707 - matplotlib.image - WARNING - Clipping input data to the valid range for imshow with RGB data ([0..1] for floats or [0..255] for integers). Got range [-2.117904..2.5005665].
2025-05-20 21:02:06,708 - matplotlib.image - WARNING - Clipping input data to the valid range for imshow with RGB data ([0..1] for floats or [0..255] for integers). Got range [-2.117904..2.5005665].
2025-05-20 21:02:06,711 - matplotlib.image - WARNING - Clipping input data to the valid range for imshow with RGB data ([0..1] for floats or [0..255] for integers). Got range [-2.117904..153.88586].
2025-05-20 21:02:06,873 - matplotlib.image - WARNING - Clipping input data to the valid range for imshow with RGB data ([0..1] for floats or [0..255] for integers). Got range [-2.117904..2.5702832].
2025-05-20 21:02:06,874 - matplotlib.image - WARNING - Clipping input data to the valid range for imshow with RGB data ([0..1] for floats or [0..255] for integers). Got range [-2.117904..2.5702832].
2025-05-20 21:02:06,876 - matplotlib.image - WARNING - Clipping input data to the valid range for imshow with RGB data ([0..1] for floats or [0..255] for integers). Got range [-2.117904..153.89272].
2025-05-20 21:02:07,084 - matplotlib.image - WARNING - Clipping input data to the valid range for imshow with RGB data ([0..1] for floats or [0..255] for integers). Got range [-2.117904..2.535425].
2025-05-20 21:02:07,086 - matplotlib.image - WARNING - Clipping input data to the valid range for imshow with RGB data ([0..1] for floats or [0..255] for integers). Got range [-2.117904..2.535425].
2025-05-20 21:02:07,088 - matplotlib.image - WARNING - Clipping input data to the valid range for imshow with RGB data ([0..1] for floats or [0..255] for integers). Got range [-2.117904..153.86531].
2025-05-20 21:02:07,243 - matplotlib.image - WARNING - Clipping input data to the valid range for imshow with RGB data ([0..1] for floats or [0..255] for integers). Got range [-2.117904..2.5702832].
2025-05-20 21:02:07,244 - matplotlib.image - WARNING - Clipping input data to the valid range for imshow with RGB data ([0..1] for floats or [0..255] for integers). Got range [-2.117904..2.5702832].
2025-05-20 21:02:07,247 - matplotlib.image - WARNING - Clipping input data to the valid range for imshow with RGB data ([0..1] for floats or [0..255] for integers). Got range [-2.117904..153.88586].
2025-05-20 21:02:07,449 - matplotlib.image - WARNING - Clipping input data to the valid range for imshow with RGB data ([0..1] for floats or [0..255] for integers). Got range [-2.117904..2.535425].
2025-05-20 21:02:07,450 - matplotlib.image - WARNING - Clipping input data to the valid range for imshow with RGB data ([0..1] for floats or [0..255] for integers). Got range [-2.117904..2.535425].
2025-05-20 21:02:07,453 - matplotlib.image - WARNING - Clipping input data to the valid range for imshow with RGB data ([0..1] for floats or [0..255] for integers). Got range [-2.117904..140.12354].
2025-05-20 21:02:07,615 - matplotlib.image - WARNING - Clipping input data to the valid range for imshow with RGB data ([0..1] for floats or [0..255] for integers). Got range [-2.117904..2.622571].
2025-05-20 21:02:07,617 - matplotlib.image - WARNING - Clipping input data to the valid range for imshow with RGB data ([0..1] for floats or [0..255] for integers). Got range [-2.117904..2.622571].
2025-05-20 21:02:07,619 - matplotlib.image - WARNING - Clipping input data to the valid range for imshow with RGB data ([0..1] for floats or [0..255] for integers). Got range [-2.117904..153.87216].
2025-05-20 21:02:07,845 - matplotlib.image - WARNING - Clipping input data to the valid range for imshow with RGB data ([0..1] for floats or [0..255] for integers). Got range [-2.117904..2.535425].
2025-05-20 21:02:07,847 - matplotlib.image - WARNING - Clipping input data to the valid range for imshow with RGB data ([0..1] for floats or [0..255] for integers). Got range [-2.117904..2.535425].
2025-05-20 21:02:07,849 - matplotlib.image - WARNING - Clipping input data to the valid range for imshow with RGB data ([0..1] for floats or [0..255] for integers). Got range [-2.117904..153.87901].
2025-05-20 21:02:08,007 - matplotlib.image - WARNING - Clipping input data to the valid range for imshow with RGB data ([0..1] for floats or [0..255] for integers). Got range [-2.117904..2.5702832].
2025-05-20 21:02:08,009 - matplotlib.image - WARNING - Clipping input data to the valid range for imshow with RGB data ([0..1] for floats or [0..255] for integers). Got range [-2.117904..2.5702832].
2025-05-20 21:02:08,011 - matplotlib.image - WARNING - Clipping input data to the valid range for imshow with RGB data ([0..1] for floats or [0..255] for integers). Got range [-2.117904..140.10263].
2025-05-20 21:02:08,213 - matplotlib.image - WARNING - Clipping input data to the valid range for imshow with RGB data ([0..1] for floats or [0..255] for integers). Got range [-2.117904..2.5528543].
2025-05-20 21:02:08,214 - matplotlib.image - WARNING - Clipping input data to the valid range for imshow with RGB data ([0..1] for floats or [0..255] for integers). Got range [-2.117904..2.5528543].
2025-05-20 21:02:08,217 - matplotlib.image - WARNING - Clipping input data to the valid range for imshow with RGB data ([0..1] for floats or [0..255] for integers). Got range [-2.117904..153.81737].
2025-05-20 21:02:08,390 - matplotlib.image - WARNING - Clipping input data to the valid range for imshow with RGB data ([0..1] for floats or [0..255] for integers). Got range [-2.117904..2.5528543].
2025-05-20 21:02:08,391 - matplotlib.image - WARNING - Clipping input data to the valid range for imshow with RGB data ([0..1] for floats or [0..255] for integers). Got range [-2.117904..2.5528543].
2025-05-20 21:02:08,393 - matplotlib.image - WARNING - Clipping input data to the valid range for imshow with RGB data ([0..1] for floats or [0..255] for integers). Got range [-2.117904..153.81737].
2025-05-20 21:02:08,604 - matplotlib.image - WARNING - Clipping input data to the valid range for imshow with RGB data ([0..1] for floats or [0..255] for integers). Got range [-1.4500387..2.64].
2025-05-20 21:02:08,605 - matplotlib.image - WARNING - Clipping input data to the valid range for imshow with RGB data ([0..1] for floats or [0..255] for integers). Got range [-1.4500387..2.64].
2025-05-20 21:02:08,608 - matplotlib.image - WARNING - Clipping input data to the valid range for imshow with RGB data ([0..1] for floats or [0..255] for integers). Got range [-1.4500387..153.89957].
2025-05-20 21:02:08,773 - matplotlib.image - WARNING - Clipping input data to the valid range for imshow with RGB data ([0..1] for floats or [0..255] for integers). Got range [-1.4500387..2.64].
2025-05-20 21:02:08,775 - matplotlib.image - WARNING - Clipping input data to the valid range for imshow with RGB data ([0..1] for floats or [0..255] for integers). Got range [-1.4500387..2.64].
2025-05-20 21:02:08,778 - matplotlib.image - WARNING - Clipping input data to the valid range for imshow with RGB data ([0..1] for floats or [0..255] for integers). Got range [-1.4500387..153.89957].
2025-05-20 21:02:09,114 - matplotlib.image - WARNING - Clipping input data to the valid range for imshow with RGB data ([0..1] for floats or [0..255] for integers). Got range [-1.5280112..2.64].
2025-05-20 21:02:09,115 - matplotlib.image - WARNING - Clipping input data to the valid range for imshow with RGB data ([0..1] for floats or [0..255] for integers). Got range [-1.5280112..2.64].
2025-05-20 21:02:09,119 - matplotlib.image - WARNING - Clipping input data to the valid range for imshow with RGB data ([0..1] for floats or [0..255] for integers). Got range [-1.5185376..153.89957].
2025-05-20 21:02:09,300 - matplotlib.image - WARNING - Clipping input data to the valid range for imshow with RGB data ([0..1] for floats or [0..255] for integers). Got range [-1.5699118..2.64].
2025-05-20 21:02:09,302 - matplotlib.image - WARNING - Clipping input data to the valid range for imshow with RGB data ([0..1] for floats or [0..255] for integers). Got range [-1.5699118..2.64].
2025-05-20 21:02:09,305 - matplotlib.image - WARNING - Clipping input data to the valid range for imshow with RGB data ([0..1] for floats or [0..255] for integers). Got range [-1.5699118..153.89957].
2025-05-20 21:02:09,495 - matplotlib.image - WARNING - Clipping input data to the valid range for imshow with RGB data ([0..1] for floats or [0..255] for integers). Got range [-1.7069099..2.64].
2025-05-20 21:02:09,496 - matplotlib.image - WARNING - Clipping input data to the valid range for imshow with RGB data ([0..1] for floats or [0..255] for integers). Got range [-1.7069099..2.64].
2025-05-20 21:02:09,499 - matplotlib.image - WARNING - Clipping input data to the valid range for imshow with RGB data ([0..1] for floats or [0..255] for integers). Got range [-1.6726604..153.89957].
2025-05-20 21:02:09,653 - matplotlib.image - WARNING - Clipping input data to the valid range for imshow with RGB data ([0..1] for floats or [0..255] for integers). Got range [-1.5980392..2.64].
2025-05-20 21:02:09,654 - matplotlib.image - WARNING - Clipping input data to the valid range for imshow with RGB data ([0..1] for floats or [0..255] for integers). Got range [-1.5980392..2.64].
2025-05-20 21:02:09,657 - matplotlib.image - WARNING - Clipping input data to the valid range for imshow with RGB data ([0..1] for floats or [0..255] for integers). Got range [-1.5870366..153.89957].
2025-05-20 21:02:09,852 - matplotlib.image - WARNING - Clipping input data to the valid range for imshow with RGB data ([0..1] for floats or [0..255] for integers). Got range [-1.7582842..2.64].
2025-05-20 21:02:09,854 - matplotlib.image - WARNING - Clipping input data to the valid range for imshow with RGB data ([0..1] for floats or [0..255] for integers). Got range [-1.7582842..2.64].
2025-05-20 21:02:09,857 - matplotlib.image - WARNING - Clipping input data to the valid range for imshow with RGB data ([0..1] for floats or [0..255] for integers). Got range [-1.7582842..153.89957].
2025-05-20 21:02:10,000 - matplotlib.image - WARNING - Clipping input data to the valid range for imshow with RGB data ([0..1] for floats or [0..255] for integers). Got range [-1.7240347..2.64].
2025-05-20 21:02:10,001 - matplotlib.image - WARNING - Clipping input data to the valid range for imshow with RGB data ([0..1] for floats or [0..255] for integers). Got range [-1.7240347..2.64].
2025-05-20 21:02:10,005 - matplotlib.image - WARNING - Clipping input data to the valid range for imshow with RGB data ([0..1] for floats or [0..255] for integers). Got range [-1.7240347..153.89957].
2025-05-20 21:02:10,194 - matplotlib.image - WARNING - Clipping input data to the valid range for imshow with RGB data ([0..1] for floats or [0..255] for integers). Got range [-1.7582842..2.64].
2025-05-20 21:02:10,195 - matplotlib.image - WARNING - Clipping input data to the valid range for imshow with RGB data ([0..1] for floats or [0..255] for integers). Got range [-1.7582842..2.64].
2025-05-20 21:02:10,199 - matplotlib.image - WARNING - Clipping input data to the valid range for imshow with RGB data ([0..1] for floats or [0..255] for integers). Got range [-1.7582842..153.89957].
2025-05-20 21:02:10,337 - matplotlib.image - WARNING - Clipping input data to the valid range for imshow with RGB data ([0..1] for floats or [0..255] for integers). Got range [-1.7754089..2.64].
2025-05-20 21:02:10,338 - matplotlib.image - WARNING - Clipping input data to the valid range for imshow with RGB data ([0..1] for floats or [0..255] for integers). Got range [-1.7754089..2.64].
2025-05-20 21:02:10,341 - matplotlib.image - WARNING - Clipping input data to the valid range for imshow with RGB data ([0..1] for floats or [0..255] for integers). Got range [-1.7754089..153.89957].
2025-05-20 21:02:10,538 - matplotlib.image - WARNING - Clipping input data to the valid range for imshow with RGB data ([0..1] for floats or [0..255] for integers). Got range [-2.117904..2.3959913].
2025-05-20 21:02:10,539 - matplotlib.image - WARNING - Clipping input data to the valid range for imshow with RGB data ([0..1] for floats or [0..255] for integers). Got range [-2.117904..2.3959913].
2025-05-20 21:02:10,542 - matplotlib.image - WARNING - Clipping input data to the valid range for imshow with RGB data ([0..1] for floats or [0..255] for integers). Got range [-2.117904..108.735306].
2025-05-20 21:02:10,671 - matplotlib.image - WARNING - Clipping input data to the valid range for imshow with RGB data ([0..1] for floats or [0..255] for integers). Got range [-2.1007793..2.2739873].
2025-05-20 21:02:10,672 - matplotlib.image - WARNING - Clipping input data to the valid range for imshow with RGB data ([0..1] for floats or [0..255] for integers). Got range [-2.1007793..2.2739873].
2025-05-20 21:02:10,675 - matplotlib.image - WARNING - Clipping input data to the valid range for imshow with RGB data ([0..1] for floats or [0..255] for integers). Got range [-2.1007793..108.6377].
2025-05-20 21:02:10,855 - matplotlib.image - WARNING - Clipping input data to the valid range for imshow with RGB data ([0..1] for floats or [0..255] for integers). Got range [-2.0836544..2.3088455].
2025-05-20 21:02:10,858 - matplotlib.image - WARNING - Clipping input data to the valid range for imshow with RGB data ([0..1] for floats or [0..255] for integers). Got range [-2.0836544..2.3088455].
2025-05-20 21:02:10,860 - matplotlib.image - WARNING - Clipping input data to the valid range for imshow with RGB data ([0..1] for floats or [0..255] for integers). Got range [-2.0836544..108.6865].
2025-05-20 21:02:11,100 - matplotlib.image - WARNING - Clipping input data to the valid range for imshow with RGB data ([0..1] for floats or [0..255] for integers). Got range [-2.0836544..2.2914162].
2025-05-20 21:02:11,102 - matplotlib.image - WARNING - Clipping input data to the valid range for imshow with RGB data ([0..1] for floats or [0..255] for integers). Got range [-2.0836544..2.2914162].
2025-05-20 21:02:11,104 - matplotlib.image - WARNING - Clipping input data to the valid range for imshow with RGB data ([0..1] for floats or [0..255] for integers). Got range [-2.0836544..108.735306].
2025-05-20 21:02:11,289 - matplotlib.image - WARNING - Clipping input data to the valid range for imshow with RGB data ([0..1] for floats or [0..255] for integers). Got range [-2.0665298..2.0474076].
2025-05-20 21:02:11,290 - matplotlib.image - WARNING - Clipping input data to the valid range for imshow with RGB data ([0..1] for floats or [0..255] for integers). Got range [-2.0665298..2.0474076].
2025-05-20 21:02:11,293 - matplotlib.image - WARNING - Clipping input data to the valid range for imshow with RGB data ([0..1] for floats or [0..255] for integers). Got range [-2.0665298..108.6865].
2025-05-20 21:02:11,403 - matplotlib.image - WARNING - Clipping input data to the valid range for imshow with RGB data ([0..1] for floats or [0..255] for integers). Got range [-2.0836544..2.0125492].
2025-05-20 21:02:11,404 - matplotlib.image - WARNING - Clipping input data to the valid range for imshow with RGB data ([0..1] for floats or [0..255] for integers). Got range [-2.0836544..2.0125492].
2025-05-20 21:02:11,406 - matplotlib.image - WARNING - Clipping input data to the valid range for imshow with RGB data ([0..1] for floats or [0..255] for integers). Got range [-2.0836544..108.67953].
2025-05-20 21:02:11,586 - matplotlib.image - WARNING - Clipping input data to the valid range for imshow with RGB data ([0..1] for floats or [0..255] for integers). Got range [-2.117904..2.1484594].
2025-05-20 21:02:11,589 - matplotlib.image - WARNING - Clipping input data to the valid range for imshow with RGB data ([0..1] for floats or [0..255] for integers). Got range [-2.117904..2.1484594].
2025-05-20 21:02:11,591 - matplotlib.image - WARNING - Clipping input data to the valid range for imshow with RGB data ([0..1] for floats or [0..255] for integers). Got range [-2.117904..108.6377].
2025-05-20 21:02:11,699 - matplotlib.image - WARNING - Clipping input data to the valid range for imshow with RGB data ([0..1] for floats or [0..255] for integers). Got range [-2.117904..2.186841].
2025-05-20 21:02:11,700 - matplotlib.image - WARNING - Clipping input data to the valid range for imshow with RGB data ([0..1] for floats or [0..255] for integers). Got range [-2.117904..2.186841].
2025-05-20 21:02:11,702 - matplotlib.image - WARNING - Clipping input data to the valid range for imshow with RGB data ([0..1] for floats or [0..255] for integers). Got range [-2.117904..108.62376].
2025-05-20 21:02:11,873 - matplotlib.image - WARNING - Clipping input data to the valid range for imshow with RGB data ([0..1] for floats or [0..255] for integers). Got range [-2.117904..2.343704].
2025-05-20 21:02:11,874 - matplotlib.image - WARNING - Clipping input data to the valid range for imshow with RGB data ([0..1] for floats or [0..255] for integers). Got range [-2.117904..2.343704].
2025-05-20 21:02:11,877 - matplotlib.image - WARNING - Clipping input data to the valid range for imshow with RGB data ([0..1] for floats or [0..255] for integers). Got range [-2.117904..108.54009].
2025-05-20 21:02:12,003 - matplotlib.image - WARNING - Clipping input data to the valid range for imshow with RGB data ([0..1] for floats or [0..255] for integers). Got range [-2.117904..2.4308496].
2025-05-20 21:02:12,005 - matplotlib.image - WARNING - Clipping input data to the valid range for imshow with RGB data ([0..1] for floats or [0..255] for integers). Got range [-2.117904..2.4308496].
2025-05-20 21:02:12,007 - matplotlib.image - WARNING - Clipping input data to the valid range for imshow with RGB data ([0..1] for floats or [0..255] for integers). Got range [-2.117904..108.47038].
2025-05-20 21:02:12,190 - matplotlib.image - WARNING - Clipping input data to the valid range for imshow with RGB data ([0..1] for floats or [0..255] for integers). Got range [-2.0494049..2.64].
2025-05-20 21:02:12,191 - matplotlib.image - WARNING - Clipping input data to the valid range for imshow with RGB data ([0..1] for floats or [0..255] for integers). Got range [-2.0494049..2.64].
2025-05-20 21:02:12,193 - matplotlib.image - WARNING - Clipping input data to the valid range for imshow with RGB data ([0..1] for floats or [0..255] for integers). Got range [-2.0494049..153.87216].
2025-05-20 21:02:12,335 - matplotlib.image - WARNING - Clipping input data to the valid range for imshow with RGB data ([0..1] for floats or [0..255] for integers). Got range [-2.0665298..2.64].
2025-05-20 21:02:12,337 - matplotlib.image - WARNING - Clipping input data to the valid range for imshow with RGB data ([0..1] for floats or [0..255] for integers). Got range [-2.0665298..2.64].
2025-05-20 21:02:12,339 - matplotlib.image - WARNING - Clipping input data to the valid range for imshow with RGB data ([0..1] for floats or [0..255] for integers). Got range [-2.0665298..153.87901].
2025-05-20 21:02:12,553 - matplotlib.image - WARNING - Clipping input data to the valid range for imshow with RGB data ([0..1] for floats or [0..255] for integers). Got range [-2.117904..2.64].
2025-05-20 21:02:12,554 - matplotlib.image - WARNING - Clipping input data to the valid range for imshow with RGB data ([0..1] for floats or [0..255] for integers). Got range [-2.117904..2.64].
2025-05-20 21:02:12,556 - matplotlib.image - WARNING - Clipping input data to the valid range for imshow with RGB data ([0..1] for floats or [0..255] for integers). Got range [-2.117904..153.88586].
2025-05-20 21:02:12,689 - matplotlib.image - WARNING - Clipping input data to the valid range for imshow with RGB data ([0..1] for floats or [0..255] for integers). Got range [-2.117904..2.64].
2025-05-20 21:02:12,691 - matplotlib.image - WARNING - Clipping input data to the valid range for imshow with RGB data ([0..1] for floats or [0..255] for integers). Got range [-2.117904..2.64].
2025-05-20 21:02:12,693 - matplotlib.image - WARNING - Clipping input data to the valid range for imshow with RGB data ([0..1] for floats or [0..255] for integers). Got range [-2.117904..153.87901].
2025-05-20 21:02:12,906 - matplotlib.image - WARNING - Clipping input data to the valid range for imshow with RGB data ([0..1] for floats or [0..255] for integers). Got range [-2.0665298..2.64].
2025-05-20 21:02:12,908 - matplotlib.image - WARNING - Clipping input data to the valid range for imshow with RGB data ([0..1] for floats or [0..255] for integers). Got range [-2.0665298..2.64].
2025-05-20 21:02:12,910 - matplotlib.image - WARNING - Clipping input data to the valid range for imshow with RGB data ([0..1] for floats or [0..255] for integers). Got range [-2.0494049..153.75572].
2025-05-20 21:02:13,168 - matplotlib.image - WARNING - Clipping input data to the valid range for imshow with RGB data ([0..1] for floats or [0..255] for integers). Got range [-2.117904..2.64].
2025-05-20 21:02:13,170 - matplotlib.image - WARNING - Clipping input data to the valid range for imshow with RGB data ([0..1] for floats or [0..255] for integers). Got range [-2.117904..2.64].
2025-05-20 21:02:13,172 - matplotlib.image - WARNING - Clipping input data to the valid range for imshow with RGB data ([0..1] for floats or [0..255] for integers). Got range [-2.117904..153.63927].
2025-05-20 21:02:13,413 - matplotlib.image - WARNING - Clipping input data to the valid range for imshow with RGB data ([0..1] for floats or [0..255] for integers). Got range [-2.0665298..2.64].
2025-05-20 21:02:13,414 - matplotlib.image - WARNING - Clipping input data to the valid range for imshow with RGB data ([0..1] for floats or [0..255] for integers). Got range [-2.0665298..2.64].
2025-05-20 21:02:13,417 - matplotlib.image - WARNING - Clipping input data to the valid range for imshow with RGB data ([0..1] for floats or [0..255] for integers). Got range [-2.0665298..153.83792].
2025-05-20 21:02:13,552 - matplotlib.image - WARNING - Clipping input data to the valid range for imshow with RGB data ([0..1] for floats or [0..255] for integers). Got range [-2.0836544..2.64].
2025-05-20 21:02:13,554 - matplotlib.image - WARNING - Clipping input data to the valid range for imshow with RGB data ([0..1] for floats or [0..255] for integers). Got range [-2.0836544..2.64].
2025-05-20 21:02:13,556 - matplotlib.image - WARNING - Clipping input data to the valid range for imshow with RGB data ([0..1] for floats or [0..255] for integers). Got range [-2.0836544..153.83792].
2025-05-20 21:02:13,768 - matplotlib.image - WARNING - Clipping input data to the valid range for imshow with RGB data ([0..1] for floats or [0..255] for integers). Got range [-2.117904..2.64].
2025-05-20 21:02:13,770 - matplotlib.image - WARNING - Clipping input data to the valid range for imshow with RGB data ([0..1] for floats or [0..255] for integers). Got range [-2.117904..2.64].
2025-05-20 21:02:13,772 - matplotlib.image - WARNING - Clipping input data to the valid range for imshow with RGB data ([0..1] for floats or [0..255] for integers). Got range [-2.117904..153.66667].
2025-05-20 21:02:13,904 - matplotlib.image - WARNING - Clipping input data to the valid range for imshow with RGB data ([0..1] for floats or [0..255] for integers). Got range [-2.117904..2.64].
2025-05-20 21:02:13,905 - matplotlib.image - WARNING - Clipping input data to the valid range for imshow with RGB data ([0..1] for floats or [0..255] for integers). Got range [-2.117904..2.64].
2025-05-20 21:02:13,907 - matplotlib.image - WARNING - Clipping input data to the valid range for imshow with RGB data ([0..1] for floats or [0..255] for integers). Got range [-2.117904..153.64612].
2025-05-20 21:02:14,122 - matplotlib.image - WARNING - Clipping input data to the valid range for imshow with RGB data ([0..1] for floats or [0..255] for integers). Got range [-2.0494049..2.5528543].
2025-05-20 21:02:14,123 - matplotlib.image - WARNING - Clipping input data to the valid range for imshow with RGB data ([0..1] for floats or [0..255] for integers). Got range [-2.0494049..2.5528543].
2025-05-20 21:02:14,126 - matplotlib.image - WARNING - Clipping input data to the valid range for imshow with RGB data ([0..1] for floats or [0..255] for integers). Got range [-2.0494049..140.22115].
2025-05-20 21:02:14,251 - matplotlib.image - WARNING - Clipping input data to the valid range for imshow with RGB data ([0..1] for floats or [0..255] for integers). Got range [-2.0494049..2.535425].
2025-05-20 21:02:14,252 - matplotlib.image - WARNING - Clipping input data to the valid range for imshow with RGB data ([0..1] for floats or [0..255] for integers). Got range [-2.0494049..2.535425].
2025-05-20 21:02:14,255 - matplotlib.image - WARNING - Clipping input data to the valid range for imshow with RGB data ([0..1] for floats or [0..255] for integers). Got range [-2.0494049..140.21417].
2025-05-20 21:02:14,455 - matplotlib.image - WARNING - Clipping input data to the valid range for imshow with RGB data ([0..1] for floats or [0..255] for integers). Got range [-2.0665298..2.5528543].
2025-05-20 21:02:14,457 - matplotlib.image - WARNING - Clipping input data to the valid range for imshow with RGB data ([0..1] for floats or [0..255] for integers). Got range [-2.0665298..2.5528543].
2025-05-20 21:02:14,459 - matplotlib.image - WARNING - Clipping input data to the valid range for imshow with RGB data ([0..1] for floats or [0..255] for integers). Got range [-2.0665298..140.22115].
2025-05-20 21:02:14,581 - matplotlib.image - WARNING - Clipping input data to the valid range for imshow with RGB data ([0..1] for floats or [0..255] for integers). Got range [-2.0494049..2.5528543].
2025-05-20 21:02:14,583 - matplotlib.image - WARNING - Clipping input data to the valid range for imshow with RGB data ([0..1] for floats or [0..255] for integers). Got range [-2.0494049..2.5528543].
2025-05-20 21:02:14,585 - matplotlib.image - WARNING - Clipping input data to the valid range for imshow with RGB data ([0..1] for floats or [0..255] for integers). Got range [-2.0494049..140.22115].
2025-05-20 21:02:14,785 - matplotlib.image - WARNING - Clipping input data to the valid range for imshow with RGB data ([0..1] for floats or [0..255] for integers). Got range [-2.0494049..2.4308496].
2025-05-20 21:02:14,786 - matplotlib.image - WARNING - Clipping input data to the valid range for imshow with RGB data ([0..1] for floats or [0..255] for integers). Got range [-2.0494049..2.4308496].
2025-05-20 21:02:14,788 - matplotlib.image - WARNING - Clipping input data to the valid range for imshow with RGB data ([0..1] for floats or [0..255] for integers). Got range [-2.0494049..140.17233].
2025-05-20 21:02:14,910 - matplotlib.image - WARNING - Clipping input data to the valid range for imshow with RGB data ([0..1] for floats or [0..255] for integers). Got range [-2.0494049..2.3785625].
2025-05-20 21:02:14,911 - matplotlib.image - WARNING - Clipping input data to the valid range for imshow with RGB data ([0..1] for floats or [0..255] for integers). Got range [-2.0494049..2.3785625].
2025-05-20 21:02:14,913 - matplotlib.image - WARNING - Clipping input data to the valid range for imshow with RGB data ([0..1] for floats or [0..255] for integers). Got range [-2.0494049..140.13051].
2025-05-20 21:02:15,119 - matplotlib.image - WARNING - Clipping input data to the valid range for imshow with RGB data ([0..1] for floats or [0..255] for integers). Got range [-2.0494049..2.3785625].
2025-05-20 21:02:15,121 - matplotlib.image - WARNING - Clipping input data to the valid range for imshow with RGB data ([0..1] for floats or [0..255] for integers). Got range [-2.0494049..2.3785625].
2025-05-20 21:02:15,123 - matplotlib.image - WARNING - Clipping input data to the valid range for imshow with RGB data ([0..1] for floats or [0..255] for integers). Got range [-2.0494049..140.08868].
2025-05-20 21:02:15,355 - matplotlib.image - WARNING - Clipping input data to the valid range for imshow with RGB data ([0..1] for floats or [0..255] for integers). Got range [-2.0494049..2.3935575].
2025-05-20 21:02:15,357 - matplotlib.image - WARNING - Clipping input data to the valid range for imshow with RGB data ([0..1] for floats or [0..255] for integers). Got range [-2.0494049..2.3935575].
2025-05-20 21:02:15,359 - matplotlib.image - WARNING - Clipping input data to the valid range for imshow with RGB data ([0..1] for floats or [0..255] for integers). Got range [-2.0494049..140.10263].
2025-05-20 21:02:15,618 - matplotlib.image - WARNING - Clipping input data to the valid range for imshow with RGB data ([0..1] for floats or [0..255] for integers). Got range [-2.0665298..2.3959913].
2025-05-20 21:02:15,620 - matplotlib.image - WARNING - Clipping input data to the valid range for imshow with RGB data ([0..1] for floats or [0..255] for integers). Got range [-2.0665298..2.3959913].
2025-05-20 21:02:15,622 - matplotlib.image - WARNING - Clipping input data to the valid range for imshow with RGB data ([0..1] for floats or [0..255] for integers). Got range [-2.0665298..140.06776].
2025-05-20 21:02:15,754 - matplotlib.image - WARNING - Clipping input data to the valid range for imshow with RGB data ([0..1] for floats or [0..255] for integers). Got range [-2.0494049..2.3611329].
2025-05-20 21:02:15,756 - matplotlib.image - WARNING - Clipping input data to the valid range for imshow with RGB data ([0..1] for floats or [0..255] for integers). Got range [-2.0494049..2.3611329].
2025-05-20 21:02:15,758 - matplotlib.image - WARNING - Clipping input data to the valid range for imshow with RGB data ([0..1] for floats or [0..255] for integers). Got range [-2.0494049..140.07474].
2025-05-20 21:02:15,963 - matplotlib.image - WARNING - Clipping input data to the valid range for imshow with RGB data ([0..1] for floats or [0..255] for integers). Got range [-2.0494049..2.3959913].
2025-05-20 21:02:15,965 - matplotlib.image - WARNING - Clipping input data to the valid range for imshow with RGB data ([0..1] for floats or [0..255] for integers). Got range [-2.0494049..2.3959913].
2025-05-20 21:02:15,967 - matplotlib.image - WARNING - Clipping input data to the valid range for imshow with RGB data ([0..1] for floats or [0..255] for integers). Got range [-2.0494049..140.14445].
2025-05-20 21:02:16,106 - matplotlib.image - WARNING - Clipping input data to the valid range for imshow with RGB data ([0..1] for floats or [0..255] for integers). Got range [-2.0665298..2.4308496].
2025-05-20 21:02:16,108 - matplotlib.image - WARNING - Clipping input data to the valid range for imshow with RGB data ([0..1] for floats or [0..255] for integers). Got range [-2.0665298..2.4308496].
2025-05-20 21:02:16,110 - matplotlib.image - WARNING - Clipping input data to the valid range for imshow with RGB data ([0..1] for floats or [0..255] for integers). Got range [-2.0665298..140.17233].
2025-05-20 21:02:16,307 - matplotlib.image - WARNING - Clipping input data to the valid range for imshow with RGB data ([0..1] for floats or [0..255] for integers). Got range [-2.0494049..2.3785625].
2025-05-20 21:02:16,309 - matplotlib.image - WARNING - Clipping input data to the valid range for imshow with RGB data ([0..1] for floats or [0..255] for integers). Got range [-2.0494049..2.3785625].
2025-05-20 21:02:16,311 - matplotlib.image - WARNING - Clipping input data to the valid range for imshow with RGB data ([0..1] for floats or [0..255] for integers). Got range [-2.0494049..140.15143].
2025-05-20 21:02:16,437 - matplotlib.image - WARNING - Clipping input data to the valid range for imshow with RGB data ([0..1] for floats or [0..255] for integers). Got range [-2.0836544..2.465708].
2025-05-20 21:02:16,438 - matplotlib.image - WARNING - Clipping input data to the valid range for imshow with RGB data ([0..1] for floats or [0..255] for integers). Got range [-2.0836544..2.465708].
2025-05-20 21:02:16,440 - matplotlib.image - WARNING - Clipping input data to the valid range for imshow with RGB data ([0..1] for floats or [0..255] for integers). Got range [-2.0836544..140.18628].
2025-05-20 21:02:16,640 - matplotlib.image - WARNING - Clipping input data to the valid range for imshow with RGB data ([0..1] for floats or [0..255] for integers). Got range [-2.117904..2.5528543].
2025-05-20 21:02:16,641 - matplotlib.image - WARNING - Clipping input data to the valid range for imshow with RGB data ([0..1] for floats or [0..255] for integers). Got range [-2.117904..2.5528543].
2025-05-20 21:02:16,644 - matplotlib.image - WARNING - Clipping input data to the valid range for imshow with RGB data ([0..1] for floats or [0..255] for integers). Got range [-2.1007793..140.22115].
2025-05-20 21:02:16,774 - matplotlib.image - WARNING - Clipping input data to the valid range for imshow with RGB data ([0..1] for floats or [0..255] for integers). Got range [-2.1007793..2.64].
2025-05-20 21:02:16,775 - matplotlib.image - WARNING - Clipping input data to the valid range for imshow with RGB data ([0..1] for floats or [0..255] for integers). Got range [-2.1007793..2.64].
2025-05-20 21:02:16,777 - matplotlib.image - WARNING - Clipping input data to the valid range for imshow with RGB data ([0..1] for floats or [0..255] for integers). Got range [-2.1007793..140.256].
2025-05-20 21:02:16,994 - matplotlib.image - WARNING - Clipping input data to the valid range for imshow with RGB data ([0..1] for floats or [0..255] for integers). Got range [-2.0322802..2.3088455].
2025-05-20 21:02:16,996 - matplotlib.image - WARNING - Clipping input data to the valid range for imshow with RGB data ([0..1] for floats or [0..255] for integers). Got range [-2.0322802..2.3088455].
2025-05-20 21:02:16,998 - matplotlib.image - WARNING - Clipping input data to the valid range for imshow with RGB data ([0..1] for floats or [0..255] for integers). Got range [-1.8610327..140.00502].
2025-05-20 21:02:17,123 - matplotlib.image - WARNING - Clipping input data to the valid range for imshow with RGB data ([0..1] for floats or [0..255] for integers). Got range [-2.0494049..2.3262744].
2025-05-20 21:02:17,124 - matplotlib.image - WARNING - Clipping input data to the valid range for imshow with RGB data ([0..1] for floats or [0..255] for integers). Got range [-2.0494049..2.3262744].
2025-05-20 21:02:17,126 - matplotlib.image - WARNING - Clipping input data to the valid range for imshow with RGB data ([0..1] for floats or [0..255] for integers). Got range [-1.7925336..139.97713].
2025-05-20 21:02:17,328 - matplotlib.image - WARNING - Clipping input data to the valid range for imshow with RGB data ([0..1] for floats or [0..255] for integers). Got range [-2.117904..2.6051416].
2025-05-20 21:02:17,329 - matplotlib.image - WARNING - Clipping input data to the valid range for imshow with RGB data ([0..1] for floats or [0..255] for integers). Got range [-2.117904..2.6051416].
2025-05-20 21:02:17,332 - matplotlib.image - WARNING - Clipping input data to the valid range for imshow with RGB data ([0..1] for floats or [0..255] for integers). Got range [-1.5356624..140.06776].
2025-05-20 21:02:17,465 - matplotlib.image - WARNING - Clipping input data to the valid range for imshow with RGB data ([0..1] for floats or [0..255] for integers). Got range [-2.1007793..2.64].
2025-05-20 21:02:17,466 - matplotlib.image - WARNING - Clipping input data to the valid range for imshow with RGB data ([0..1] for floats or [0..255] for integers). Got range [-2.1007793..2.64].
2025-05-20 21:02:17,469 - matplotlib.image - WARNING - Clipping input data to the valid range for imshow with RGB data ([0..1] for floats or [0..255] for integers). Got range [-1.5356624..140.17233].
2025-05-20 21:02:17,836 - matplotlib.image - WARNING - Clipping input data to the valid range for imshow with RGB data ([0..1] for floats or [0..255] for integers). Got range [-2.1007793..2.64].
2025-05-20 21:02:17,837 - matplotlib.image - WARNING - Clipping input data to the valid range for imshow with RGB data ([0..1] for floats or [0..255] for integers). Got range [-2.1007793..2.64].
2025-05-20 21:02:17,840 - matplotlib.image - WARNING - Clipping input data to the valid range for imshow with RGB data ([0..1] for floats or [0..255] for integers). Got range [-1.6555357..140.10959].
2025-05-20 21:02:17,957 - matplotlib.image - WARNING - Clipping input data to the valid range for imshow with RGB data ([0..1] for floats or [0..255] for integers). Got range [-1.9466565..2.64].
2025-05-20 21:02:17,959 - matplotlib.image - WARNING - Clipping input data to the valid range for imshow with RGB data ([0..1] for floats or [0..255] for integers). Got range [-1.9466565..2.64].
2025-05-20 21:02:17,961 - matplotlib.image - WARNING - Clipping input data to the valid range for imshow with RGB data ([0..1] for floats or [0..255] for integers). Got range [-1.4329139..140.01897].
2025-05-20 21:02:18,157 - matplotlib.image - WARNING - Clipping input data to the valid range for imshow with RGB data ([0..1] for floats or [0..255] for integers). Got range [-1.9124069..2.4134207].
2025-05-20 21:02:18,158 - matplotlib.image - WARNING - Clipping input data to the valid range for imshow with RGB data ([0..1] for floats or [0..255] for integers). Got range [-1.9124069..2.4134207].
2025-05-20 21:02:18,160 - matplotlib.image - WARNING - Clipping input data to the valid range for imshow with RGB data ([0..1] for floats or [0..255] for integers). Got range [-1.5527872..139.50305].
2025-05-20 21:02:18,289 - matplotlib.image - WARNING - Clipping input data to the valid range for imshow with RGB data ([0..1] for floats or [0..255] for integers). Got range [-1.9124069..2.4134207].
2025-05-20 21:02:18,290 - matplotlib.image - WARNING - Clipping input data to the valid range for imshow with RGB data ([0..1] for floats or [0..255] for integers). Got range [-1.9124069..2.4134207].
2025-05-20 21:02:18,292 - matplotlib.image - WARNING - Clipping input data to the valid range for imshow with RGB data ([0..1] for floats or [0..255] for integers). Got range [-1.5356624..139.53792].
2025-05-20 21:02:18,495 - matplotlib.image - WARNING - Clipping input data to the valid range for imshow with RGB data ([0..1] for floats or [0..255] for integers). Got range [-1.9466565..2.622571].
2025-05-20 21:02:18,497 - matplotlib.image - WARNING - Clipping input data to the valid range for imshow with RGB data ([0..1] for floats or [0..255] for integers). Got range [-1.9466565..2.622571].
2025-05-20 21:02:18,499 - matplotlib.image - WARNING - Clipping input data to the valid range for imshow with RGB data ([0..1] for floats or [0..255] for integers). Got range [-1.7925336..153.88586].
2025-05-20 21:02:18,668 - matplotlib.image - WARNING - Clipping input data to the valid range for imshow with RGB data ([0..1] for floats or [0..255] for integers). Got range [-2.0151556..2.64].
2025-05-20 21:02:18,670 - matplotlib.image - WARNING - Clipping input data to the valid range for imshow with RGB data ([0..1] for floats or [0..255] for integers). Got range [-2.0151556..2.64].
2025-05-20 21:02:18,672 - matplotlib.image - WARNING - Clipping input data to the valid range for imshow with RGB data ([0..1] for floats or [0..255] for integers). Got range [-1.8096584..153.75572].
2025-05-20 21:02:18,922 - matplotlib.image - WARNING - Clipping input data to the valid range for imshow with RGB data ([0..1] for floats or [0..255] for integers). Got range [-1.980906..2.622571].
2025-05-20 21:02:18,923 - matplotlib.image - WARNING - Clipping input data to the valid range for imshow with RGB data ([0..1] for floats or [0..255] for integers). Got range [-1.980906..2.622571].
2025-05-20 21:02:18,926 - matplotlib.image - WARNING - Clipping input data to the valid range for imshow with RGB data ([0..1] for floats or [0..255] for integers). Got range [-1.6127234..153.88586].
2025-05-20 21:02:19,092 - matplotlib.image - WARNING - Clipping input data to the valid range for imshow with RGB data ([0..1] for floats or [0..255] for integers). Got range [-1.9124069..2.622571].
2025-05-20 21:02:19,093 - matplotlib.image - WARNING - Clipping input data to the valid range for imshow with RGB data ([0..1] for floats or [0..255] for integers). Got range [-1.9124069..2.622571].
2025-05-20 21:02:19,096 - matplotlib.image - WARNING - Clipping input data to the valid range for imshow with RGB data ([0..1] for floats or [0..255] for integers). Got range [-1.6726604..153.72147].
2025-05-20 21:02:19,340 - matplotlib.image - WARNING - Clipping input data to the valid range for imshow with RGB data ([0..1] for floats or [0..255] for integers). Got range [-1.9295317..2.5528543].
2025-05-20 21:02:19,341 - matplotlib.image - WARNING - Clipping input data to the valid range for imshow with RGB data ([0..1] for floats or [0..255] for integers). Got range [-1.9295317..2.5528543].
2025-05-20 21:02:19,344 - matplotlib.image - WARNING - Clipping input data to the valid range for imshow with RGB data ([0..1] for floats or [0..255] for integers). Got range [-1.7411594..153.74202].
2025-05-20 21:02:19,510 - matplotlib.image - WARNING - Clipping input data to the valid range for imshow with RGB data ([0..1] for floats or [0..255] for integers). Got range [-1.8781574..2.64].
2025-05-20 21:02:19,511 - matplotlib.image - WARNING - Clipping input data to the valid range for imshow with RGB data ([0..1] for floats or [0..255] for integers). Got range [-1.8781574..2.64].
2025-05-20 21:02:19,513 - matplotlib.image - WARNING - Clipping input data to the valid range for imshow with RGB data ([0..1] for floats or [0..255] for integers). Got range [-1.6384109..153.73517].
2025-05-20 21:02:19,799 - matplotlib.image - WARNING - Clipping input data to the valid range for imshow with RGB data ([0..1] for floats or [0..255] for integers). Got range [-1.8781574..2.64].
2025-05-20 21:02:19,801 - matplotlib.image - WARNING - Clipping input data to the valid range for imshow with RGB data ([0..1] for floats or [0..255] for integers). Got range [-1.8781574..2.64].
2025-05-20 21:02:19,803 - matplotlib.image - WARNING - Clipping input data to the valid range for imshow with RGB data ([0..1] for floats or [0..255] for integers). Got range [-1.7240347..153.71461].
2025-05-20 21:02:19,972 - matplotlib.image - WARNING - Clipping input data to the valid range for imshow with RGB data ([0..1] for floats or [0..255] for integers). Got range [-1.9466565..2.64].
2025-05-20 21:02:19,973 - matplotlib.image - WARNING - Clipping input data to the valid range for imshow with RGB data ([0..1] for floats or [0..255] for integers). Got range [-1.9466565..2.64].
2025-05-20 21:02:19,976 - matplotlib.image - WARNING - Clipping input data to the valid range for imshow with RGB data ([0..1] for floats or [0..255] for integers). Got range [-1.7240347..153.72147].
2025-05-20 21:02:20,332 - matplotlib.image - WARNING - Clipping input data to the valid range for imshow with RGB data ([0..1] for floats or [0..255] for integers). Got range [-1.9295317..2.64].
2025-05-20 21:02:20,333 - matplotlib.image - WARNING - Clipping input data to the valid range for imshow with RGB data ([0..1] for floats or [0..255] for integers). Got range [-1.9295317..2.64].
2025-05-20 21:02:20,335 - matplotlib.image - WARNING - Clipping input data to the valid range for imshow with RGB data ([0..1] for floats or [0..255] for integers). Got range [-1.6897851..153.74887].
2025-05-20 21:02:20,501 - matplotlib.image - WARNING - Clipping input data to the valid range for imshow with RGB data ([0..1] for floats or [0..255] for integers). Got range [-1.9980307..2.64].
2025-05-20 21:02:20,502 - matplotlib.image - WARNING - Clipping input data to the valid range for imshow with RGB data ([0..1] for floats or [0..255] for integers). Got range [-1.9980307..2.64].
2025-05-20 21:02:20,504 - matplotlib.image - WARNING - Clipping input data to the valid range for imshow with RGB data ([0..1] for floats or [0..255] for integers). Got range [-1.7240347..153.84476].
2025-05-20 21:02:20,739 - matplotlib.image - WARNING - Clipping input data to the valid range for imshow with RGB data ([0..1] for floats or [0..255] for integers). Got range [-1.9124069..2.64].
2025-05-20 21:02:20,740 - matplotlib.image - WARNING - Clipping input data to the valid range for imshow with RGB data ([0..1] for floats or [0..255] for integers). Got range [-1.9124069..2.64].
2025-05-20 21:02:20,743 - matplotlib.image - WARNING - Clipping input data to the valid range for imshow with RGB data ([0..1] for floats or [0..255] for integers). Got range [-1.8610327..153.72147].
2025-05-20 21:02:20,912 - matplotlib.image - WARNING - Clipping input data to the valid range for imshow with RGB data ([0..1] for floats or [0..255] for integers). Got range [-1.9124069..2.64].
2025-05-20 21:02:20,913 - matplotlib.image - WARNING - Clipping input data to the valid range for imshow with RGB data ([0..1] for floats or [0..255] for integers). Got range [-1.9124069..2.64].
2025-05-20 21:02:20,915 - matplotlib.image - WARNING - Clipping input data to the valid range for imshow with RGB data ([0..1] for floats or [0..255] for integers). Got range [-1.6212862..153.74887].
2025-05-20 21:02:21,154 - matplotlib.image - WARNING - Clipping input data to the valid range for imshow with RGB data ([0..1] for floats or [0..255] for integers). Got range [-1.8610327..2.64].
2025-05-20 21:02:21,156 - matplotlib.image - WARNING - Clipping input data to the valid range for imshow with RGB data ([0..1] for floats or [0..255] for integers). Got range [-1.8610327..2.64].
2025-05-20 21:02:21,158 - matplotlib.image - WARNING - Clipping input data to the valid range for imshow with RGB data ([0..1] for floats or [0..255] for integers). Got range [-1.6041614..153.89272].
2025-05-20 21:02:21,325 - matplotlib.image - WARNING - Clipping input data to the valid range for imshow with RGB data ([0..1] for floats or [0..255] for integers). Got range [-1.8781574..2.622571].
2025-05-20 21:02:21,327 - matplotlib.image - WARNING - Clipping input data to the valid range for imshow with RGB data ([0..1] for floats or [0..255] for integers). Got range [-1.8781574..2.622571].
2025-05-20 21:02:21,329 - matplotlib.image - WARNING - Clipping input data to the valid range for imshow with RGB data ([0..1] for floats or [0..255] for integers). Got range [-1.6041614..153.73517].
2025-05-20 21:02:21,569 - matplotlib.image - WARNING - Clipping input data to the valid range for imshow with RGB data ([0..1] for floats or [0..255] for integers). Got range [-1.8781574..2.622571].
2025-05-20 21:02:21,570 - matplotlib.image - WARNING - Clipping input data to the valid range for imshow with RGB data ([0..1] for floats or [0..255] for integers). Got range [-1.8781574..2.622571].
2025-05-20 21:02:21,573 - matplotlib.image - WARNING - Clipping input data to the valid range for imshow with RGB data ([0..1] for floats or [0..255] for integers). Got range [-1.6212862..153.78311].
2025-05-20 21:02:21,741 - matplotlib.image - WARNING - Clipping input data to the valid range for imshow with RGB data ([0..1] for floats or [0..255] for integers). Got range [-1.8952821..2.5702832].
2025-05-20 21:02:21,742 - matplotlib.image - WARNING - Clipping input data to the valid range for imshow with RGB data ([0..1] for floats or [0..255] for integers). Got range [-1.8952821..2.5702832].
2025-05-20 21:02:21,745 - matplotlib.image - WARNING - Clipping input data to the valid range for imshow with RGB data ([0..1] for floats or [0..255] for integers). Got range [-1.5356624..153.68721].
2025-05-20 21:02:22,037 - matplotlib.image - WARNING - Clipping input data to the valid range for imshow with RGB data ([0..1] for floats or [0..255] for integers). Got range [-1.8952821..2.64].
2025-05-20 21:02:22,038 - matplotlib.image - WARNING - Clipping input data to the valid range for imshow with RGB data ([0..1] for floats or [0..255] for integers). Got range [-1.8952821..2.64].
2025-05-20 21:02:22,041 - matplotlib.image - WARNING - Clipping input data to the valid range for imshow with RGB data ([0..1] for floats or [0..255] for integers). Got range [-1.7754089..108.72136].
2025-05-20 21:02:22,196 - matplotlib.image - WARNING - Clipping input data to the valid range for imshow with RGB data ([0..1] for floats or [0..255] for integers). Got range [-1.8267832..2.64].
2025-05-20 21:02:22,197 - matplotlib.image - WARNING - Clipping input data to the valid range for imshow with RGB data ([0..1] for floats or [0..255] for integers). Got range [-1.8267832..2.64].
2025-05-20 21:02:22,199 - matplotlib.image - WARNING - Clipping input data to the valid range for imshow with RGB data ([0..1] for floats or [0..255] for integers). Got range [-1.8267832..108.77713].
2025-05-20 21:02:22,416 - matplotlib.image - WARNING - Clipping input data to the valid range for imshow with RGB data ([0..1] for floats or [0..255] for integers). Got range [-1.9124069..2.64].
2025-05-20 21:02:22,417 - matplotlib.image - WARNING - Clipping input data to the valid range for imshow with RGB data ([0..1] for floats or [0..255] for integers). Got range [-1.9124069..2.64].
2025-05-20 21:02:22,419 - matplotlib.image - WARNING - Clipping input data to the valid range for imshow with RGB data ([0..1] for floats or [0..255] for integers). Got range [-1.9124069..108.76319].
2025-05-20 21:02:22,556 - matplotlib.image - WARNING - Clipping input data to the valid range for imshow with RGB data ([0..1] for floats or [0..255] for integers). Got range [-1.9295317..2.64].
2025-05-20 21:02:22,557 - matplotlib.image - WARNING - Clipping input data to the valid range for imshow with RGB data ([0..1] for floats or [0..255] for integers). Got range [-1.9295317..2.64].
2025-05-20 21:02:22,559 - matplotlib.image - WARNING - Clipping input data to the valid range for imshow with RGB data ([0..1] for floats or [0..255] for integers). Got range [-1.8781574..108.79805].
2025-05-20 21:02:22,915 - matplotlib.image - WARNING - Clipping input data to the valid range for imshow with RGB data ([0..1] for floats or [0..255] for integers). Got range [-1.9124069..2.64].
2025-05-20 21:02:22,916 - matplotlib.image - WARNING - Clipping input data to the valid range for imshow with RGB data ([0..1] for floats or [0..255] for integers). Got range [-1.9124069..2.64].
2025-05-20 21:02:22,918 - matplotlib.image - WARNING - Clipping input data to the valid range for imshow with RGB data ([0..1] for floats or [0..255] for integers). Got range [-1.9124069..108.77713].
2025-05-20 21:02:23,053 - matplotlib.image - WARNING - Clipping input data to the valid range for imshow with RGB data ([0..1] for floats or [0..255] for integers). Got range [-1.8610327..2.622571].
2025-05-20 21:02:23,054 - matplotlib.image - WARNING - Clipping input data to the valid range for imshow with RGB data ([0..1] for floats or [0..255] for integers). Got range [-1.8610327..2.622571].
2025-05-20 21:02:23,056 - matplotlib.image - WARNING - Clipping input data to the valid range for imshow with RGB data ([0..1] for floats or [0..255] for integers). Got range [-1.8610327..108.88171].
2025-05-20 21:02:23,290 - matplotlib.image - WARNING - Clipping input data to the valid range for imshow with RGB data ([0..1] for floats or [0..255] for integers). Got range [-1.843908..2.64].
2025-05-20 21:02:23,292 - matplotlib.image - WARNING - Clipping input data to the valid range for imshow with RGB data ([0..1] for floats or [0..255] for integers). Got range [-1.843908..2.64].
2025-05-20 21:02:23,294 - matplotlib.image - WARNING - Clipping input data to the valid range for imshow with RGB data ([0..1] for floats or [0..255] for integers). Got range [-1.8267832..108.825935].
2025-05-20 21:02:23,439 - matplotlib.image - WARNING - Clipping input data to the valid range for imshow with RGB data ([0..1] for floats or [0..255] for integers). Got range [-1.8952821..2.64].
2025-05-20 21:02:23,440 - matplotlib.image - WARNING - Clipping input data to the valid range for imshow with RGB data ([0..1] for floats or [0..255] for integers). Got range [-1.8952821..2.64].
2025-05-20 21:02:23,442 - matplotlib.image - WARNING - Clipping input data to the valid range for imshow with RGB data ([0..1] for floats or [0..255] for integers). Got range [-1.8267832..108.839874].
2025-05-20 21:02:23,672 - matplotlib.image - WARNING - Clipping input data to the valid range for imshow with RGB data ([0..1] for floats or [0..255] for integers). Got range [-1.9295317..2.6051416].
2025-05-20 21:02:23,674 - matplotlib.image - WARNING - Clipping input data to the valid range for imshow with RGB data ([0..1] for floats or [0..255] for integers). Got range [-1.9295317..2.6051416].
2025-05-20 21:02:23,676 - matplotlib.image - WARNING - Clipping input data to the valid range for imshow with RGB data ([0..1] for floats or [0..255] for integers). Got range [-1.8952821..108.770164].
2025-05-20 21:02:23,814 - matplotlib.image - WARNING - Clipping input data to the valid range for imshow with RGB data ([0..1] for floats or [0..255] for integers). Got range [-1.9466565..2.64].
2025-05-20 21:02:23,815 - matplotlib.image - WARNING - Clipping input data to the valid range for imshow with RGB data ([0..1] for floats or [0..255] for integers). Got range [-1.9466565..2.64].
2025-05-20 21:02:23,817 - matplotlib.image - WARNING - Clipping input data to the valid range for imshow with RGB data ([0..1] for floats or [0..255] for integers). Got range [-1.8952821..108.77713].
2025-05-20 21:02:24,080 - matplotlib.image - WARNING - Clipping input data to the valid range for imshow with RGB data ([0..1] for floats or [0..255] for integers). Got range [-1.8952821..2.5528543].
2025-05-20 21:02:24,081 - matplotlib.image - WARNING - Clipping input data to the valid range for imshow with RGB data ([0..1] for floats or [0..255] for integers). Got range [-1.8952821..2.5528543].
2025-05-20 21:02:24,084 - matplotlib.image - WARNING - Clipping input data to the valid range for imshow with RGB data ([0..1] for floats or [0..255] for integers). Got range [-1.8781574..108.84685].
2025-05-20 21:02:24,232 - matplotlib.image - WARNING - Clipping input data to the valid range for imshow with RGB data ([0..1] for floats or [0..255] for integers). Got range [-1.9466565..2.4482791].
2025-05-20 21:02:24,233 - matplotlib.image - WARNING - Clipping input data to the valid range for imshow with RGB data ([0..1] for floats or [0..255] for integers). Got range [-1.9466565..2.4482791].
2025-05-20 21:02:24,235 - matplotlib.image - WARNING - Clipping input data to the valid range for imshow with RGB data ([0..1] for floats or [0..255] for integers). Got range [-1.9295317..108.86777].
2025-05-20 21:02:24,498 - matplotlib.image - WARNING - Clipping input data to the valid range for imshow with RGB data ([0..1] for floats or [0..255] for integers). Got range [-2.0494049..2.64].
2025-05-20 21:02:24,499 - matplotlib.image - WARNING - Clipping input data to the valid range for imshow with RGB data ([0..1] for floats or [0..255] for integers). Got range [-2.0494049..2.64].
2025-05-20 21:02:24,501 - matplotlib.image - WARNING - Clipping input data to the valid range for imshow with RGB data ([0..1] for floats or [0..255] for integers). Got range [-1.9466565..108.87473].
2025-05-20 21:02:24,642 - matplotlib.image - WARNING - Clipping input data to the valid range for imshow with RGB data ([0..1] for floats or [0..255] for integers). Got range [-1.9980307..2.64].
2025-05-20 21:02:24,644 - matplotlib.image - WARNING - Clipping input data to the valid range for imshow with RGB data ([0..1] for floats or [0..255] for integers). Got range [-1.9980307..2.64].
2025-05-20 21:02:24,646 - matplotlib.image - WARNING - Clipping input data to the valid range for imshow with RGB data ([0..1] for floats or [0..255] for integers). Got range [-1.9980307..108.88868].
2025-05-20 21:02:24,909 - matplotlib.image - WARNING - Clipping input data to the valid range for imshow with RGB data ([0..1] for floats or [0..255] for integers). Got range [-2.0322802..2.64].
2025-05-20 21:02:24,910 - matplotlib.image - WARNING - Clipping input data to the valid range for imshow with RGB data ([0..1] for floats or [0..255] for integers). Got range [-2.0322802..2.64].
2025-05-20 21:02:24,913 - matplotlib.image - WARNING - Clipping input data to the valid range for imshow with RGB data ([0..1] for floats or [0..255] for integers). Got range [-2.0322802..108.902626].
2025-05-20 21:02:25,067 - matplotlib.image - WARNING - Clipping input data to the valid range for imshow with RGB data ([0..1] for floats or [0..255] for integers). Got range [-2.0151556..2.64].
2025-05-20 21:02:25,069 - matplotlib.image - WARNING - Clipping input data to the valid range for imshow with RGB data ([0..1] for floats or [0..255] for integers). Got range [-2.0151556..2.64].
2025-05-20 21:02:25,071 - matplotlib.image - WARNING - Clipping input data to the valid range for imshow with RGB data ([0..1] for floats or [0..255] for integers). Got range [-2.0151556..108.84685].
2025-05-20 21:02:25,451 - matplotlib.image - WARNING - Clipping input data to the valid range for imshow with RGB data ([0..1] for floats or [0..255] for integers). Got range [-2.0836544..2.64].
2025-05-20 21:02:25,452 - matplotlib.image - WARNING - Clipping input data to the valid range for imshow with RGB data ([0..1] for floats or [0..255] for integers). Got range [-2.0836544..2.64].
2025-05-20 21:02:25,455 - matplotlib.image - WARNING - Clipping input data to the valid range for imshow with RGB data ([0..1] for floats or [0..255] for integers). Got range [-2.0665298..108.79108].
2025-05-20 21:02:25,595 - matplotlib.image - WARNING - Clipping input data to the valid range for imshow with RGB data ([0..1] for floats or [0..255] for integers). Got range [-2.0665298..2.64].
2025-05-20 21:02:25,597 - matplotlib.image - WARNING - Clipping input data to the valid range for imshow with RGB data ([0..1] for floats or [0..255] for integers). Got range [-2.0665298..2.64].
2025-05-20 21:02:25,600 - matplotlib.image - WARNING - Clipping input data to the valid range for imshow with RGB data ([0..1] for floats or [0..255] for integers). Got range [-2.0322802..108.7841].
2025-05-20 21:02:25,850 - matplotlib.image - WARNING - Clipping input data to the valid range for imshow with RGB data ([0..1] for floats or [0..255] for integers). Got range [-2.1007793..2.2216995].
2025-05-20 21:02:25,851 - matplotlib.image - WARNING - Clipping input data to the valid range for imshow with RGB data ([0..1] for floats or [0..255] for integers). Got range [-2.1007793..2.2216995].
2025-05-20 21:02:25,854 - matplotlib.image - WARNING - Clipping input data to the valid range for imshow with RGB data ([0..1] for floats or [0..255] for integers). Got range [-2.1007793..108.88868].
2025-05-20 21:02:25,998 - matplotlib.image - WARNING - Clipping input data to the valid range for imshow with RGB data ([0..1] for floats or [0..255] for integers). Got range [-2.0665298..2.0648367].
2025-05-20 21:02:25,999 - matplotlib.image - WARNING - Clipping input data to the valid range for imshow with RGB data ([0..1] for floats or [0..255] for integers). Got range [-2.0665298..2.0648367].
2025-05-20 21:02:26,002 - matplotlib.image - WARNING - Clipping input data to the valid range for imshow with RGB data ([0..1] for floats or [0..255] for integers). Got range [-2.0665298..108.825935].
2025-05-20 21:02:26,189 - matplotlib.image - WARNING - Clipping input data to the valid range for imshow with RGB data ([0..1] for floats or [0..255] for integers). Got range [-1.7582842..1.7859696].
2025-05-20 21:02:26,190 - matplotlib.image - WARNING - Clipping input data to the valid range for imshow with RGB data ([0..1] for floats or [0..255] for integers). Got range [-1.7582842..1.7859696].
2025-05-20 21:02:26,193 - matplotlib.image - WARNING - Clipping input data to the valid range for imshow with RGB data ([0..1] for floats or [0..255] for integers). Got range [-1.7411594..153.59818].
2025-05-20 21:02:26,340 - matplotlib.image - WARNING - Clipping input data to the valid range for imshow with RGB data ([0..1] for floats or [0..255] for integers). Got range [-1.7411594..1.7685405].
2025-05-20 21:02:26,341 - matplotlib.image - WARNING - Clipping input data to the valid range for imshow with RGB data ([0..1] for floats or [0..255] for integers). Got range [-1.7411594..1.7685405].
2025-05-20 21:02:26,344 - matplotlib.image - WARNING - Clipping input data to the valid range for imshow with RGB data ([0..1] for floats or [0..255] for integers). Got range [-1.7411594..153.60501].
2025-05-20 21:02:26,536 - matplotlib.image - WARNING - Clipping input data to the valid range for imshow with RGB data ([0..1] for floats or [0..255] for integers). Got range [-1.7240347..1.7162529].
2025-05-20 21:02:26,537 - matplotlib.image - WARNING - Clipping input data to the valid range for imshow with RGB data ([0..1] for floats or [0..255] for integers). Got range [-1.7240347..1.7162529].
2025-05-20 21:02:26,540 - matplotlib.image - WARNING - Clipping input data to the valid range for imshow with RGB data ([0..1] for floats or [0..255] for integers). Got range [-1.7240347..153.55707].
2025-05-20 21:02:26,692 - matplotlib.image - WARNING - Clipping input data to the valid range for imshow with RGB data ([0..1] for floats or [0..255] for integers). Got range [-1.7582842..1.7511113].
2025-05-20 21:02:26,693 - matplotlib.image - WARNING - Clipping input data to the valid range for imshow with RGB data ([0..1] for floats or [0..255] for integers). Got range [-1.7582842..1.7511113].
2025-05-20 21:02:26,696 - matplotlib.image - WARNING - Clipping input data to the valid range for imshow with RGB data ([0..1] for floats or [0..255] for integers). Got range [-1.7582842..153.58447].
2025-05-20 21:02:26,881 - matplotlib.image - WARNING - Clipping input data to the valid range for imshow with RGB data ([0..1] for floats or [0..255] for integers). Got range [-1.7411594..1.8033988].
2025-05-20 21:02:26,883 - matplotlib.image - WARNING - Clipping input data to the valid range for imshow with RGB data ([0..1] for floats or [0..255] for integers). Got range [-1.7411594..1.8033988].
2025-05-20 21:02:26,887 - matplotlib.image - WARNING - Clipping input data to the valid range for imshow with RGB data ([0..1] for floats or [0..255] for integers). Got range [-1.7205882..153.58447].
2025-05-20 21:02:27,033 - matplotlib.image - WARNING - Clipping input data to the valid range for imshow with RGB data ([0..1] for floats or [0..255] for integers). Got range [-1.7754089..1.8556864].
2025-05-20 21:02:27,034 - matplotlib.image - WARNING - Clipping input data to the valid range for imshow with RGB data ([0..1] for floats or [0..255] for integers). Got range [-1.7754089..1.8556864].
2025-05-20 21:02:27,037 - matplotlib.image - WARNING - Clipping input data to the valid range for imshow with RGB data ([0..1] for floats or [0..255] for integers). Got range [-1.6897851..153.59132].
2025-05-20 21:02:27,231 - matplotlib.image - WARNING - Clipping input data to the valid range for imshow with RGB data ([0..1] for floats or [0..255] for integers). Got range [-1.7731092..1.8382572].
2025-05-20 21:02:27,232 - matplotlib.image - WARNING - Clipping input data to the valid range for imshow with RGB data ([0..1] for floats or [0..255] for integers). Got range [-1.7731092..1.8382572].
2025-05-20 21:02:27,235 - matplotlib.image - WARNING - Clipping input data to the valid range for imshow with RGB data ([0..1] for floats or [0..255] for integers). Got range [-1.7731092..153.60501].
2025-05-20 21:02:27,389 - matplotlib.image - WARNING - Clipping input data to the valid range for imshow with RGB data ([0..1] for floats or [0..255] for integers). Got range [-1.7731092..1.8208281].
2025-05-20 21:02:27,390 - matplotlib.image - WARNING - Clipping input data to the valid range for imshow with RGB data ([0..1] for floats or [0..255] for integers). Got range [-1.7731092..1.8208281].
2025-05-20 21:02:27,393 - matplotlib.image - WARNING - Clipping input data to the valid range for imshow with RGB data ([0..1] for floats or [0..255] for integers). Got range [-1.7731092..153.58447].
2025-05-20 21:02:27,685 - matplotlib.image - WARNING - Clipping input data to the valid range for imshow with RGB data ([0..1] for floats or [0..255] for integers). Got range [-1.6897851..1.7511113].
2025-05-20 21:02:27,686 - matplotlib.image - WARNING - Clipping input data to the valid range for imshow with RGB data ([0..1] for floats or [0..255] for integers). Got range [-1.6897851..1.7511113].
2025-05-20 21:02:27,689 - matplotlib.image - WARNING - Clipping input data to the valid range for imshow with RGB data ([0..1] for floats or [0..255] for integers). Got range [-1.6726604..153.53651].
2025-05-20 21:02:27,831 - matplotlib.image - WARNING - Clipping input data to the valid range for imshow with RGB data ([0..1] for floats or [0..255] for integers). Got range [-1.7240347..1.7162529].
2025-05-20 21:02:27,833 - matplotlib.image - WARNING - Clipping input data to the valid range for imshow with RGB data ([0..1] for floats or [0..255] for integers). Got range [-1.7240347..1.7162529].
2025-05-20 21:02:27,836 - matplotlib.image - WARNING - Clipping input data to the valid range for imshow with RGB data ([0..1] for floats or [0..255] for integers). Got range [-1.7205882..153.50912].
2025-05-20 21:02:28,042 - matplotlib.image - WARNING - Clipping input data to the valid range for imshow with RGB data ([0..1] for floats or [0..255] for integers). Got range [-1.7380952..1.5981677].
2025-05-20 21:02:28,043 - matplotlib.image - WARNING - Clipping input data to the valid range for imshow with RGB data ([0..1] for floats or [0..255] for integers). Got range [-1.7380952..1.5981677].
2025-05-20 21:02:28,046 - matplotlib.image - WARNING - Clipping input data to the valid range for imshow with RGB data ([0..1] for floats or [0..255] for integers). Got range [-1.7030813..153.53651].
2025-05-20 21:02:28,197 - matplotlib.image - WARNING - Clipping input data to the valid range for imshow with RGB data ([0..1] for floats or [0..255] for integers). Got range [-1.7754089..1.5942485].
2025-05-20 21:02:28,198 - matplotlib.image - WARNING - Clipping input data to the valid range for imshow with RGB data ([0..1] for floats or [0..255] for integers). Got range [-1.7754089..1.5942485].
2025-05-20 21:02:28,201 - matplotlib.image - WARNING - Clipping input data to the valid range for imshow with RGB data ([0..1] for floats or [0..255] for integers). Got range [-1.7556022..153.52966].
2025-05-20 21:02:28,409 - matplotlib.image - WARNING - Clipping input data to the valid range for imshow with RGB data ([0..1] for floats or [0..255] for integers). Got range [-1.7411594..1.6152923].
2025-05-20 21:02:28,411 - matplotlib.image - WARNING - Clipping input data to the valid range for imshow with RGB data ([0..1] for floats or [0..255] for integers). Got range [-1.7411594..1.6152923].
2025-05-20 21:02:28,413 - matplotlib.image - WARNING - Clipping input data to the valid range for imshow with RGB data ([0..1] for floats or [0..255] for integers). Got range [-1.7205882..153.48857].
2025-05-20 21:02:28,564 - matplotlib.image - WARNING - Clipping input data to the valid range for imshow with RGB data ([0..1] for floats or [0..255] for integers). Got range [-1.7411594..1.6152923].
2025-05-20 21:02:28,566 - matplotlib.image - WARNING - Clipping input data to the valid range for imshow with RGB data ([0..1] for floats or [0..255] for integers). Got range [-1.7411594..1.6152923].
2025-05-20 21:02:28,568 - matplotlib.image - WARNING - Clipping input data to the valid range for imshow with RGB data ([0..1] for floats or [0..255] for integers). Got range [-1.7411594..153.47487].
2025-05-20 21:02:28,763 - matplotlib.image - WARNING - Clipping input data to the valid range for imshow with RGB data ([0..1] for floats or [0..255] for integers). Got range [-2.117904..2.64].
2025-05-20 21:02:28,765 - matplotlib.image - WARNING - Clipping input data to the valid range for imshow with RGB data ([0..1] for floats or [0..255] for integers). Got range [-2.117904..2.64].
2025-05-20 21:02:28,767 - matplotlib.image - WARNING - Clipping input data to the valid range for imshow with RGB data ([0..1] for floats or [0..255] for integers). Got range [-2.117904..140.256].
2025-05-20 21:02:28,937 - matplotlib.image - WARNING - Clipping input data to the valid range for imshow with RGB data ([0..1] for floats or [0..255] for integers). Got range [-2.0836544..2.64].
2025-05-20 21:02:28,938 - matplotlib.image - WARNING - Clipping input data to the valid range for imshow with RGB data ([0..1] for floats or [0..255] for integers). Got range [-2.0836544..2.64].
2025-05-20 21:02:28,940 - matplotlib.image - WARNING - Clipping input data to the valid range for imshow with RGB data ([0..1] for floats or [0..255] for integers). Got range [-2.0836544..140.256].
2025-05-20 21:02:29,132 - matplotlib.image - WARNING - Clipping input data to the valid range for imshow with RGB data ([0..1] for floats or [0..255] for integers). Got range [-2.117904..2.64].
2025-05-20 21:02:29,134 - matplotlib.image - WARNING - Clipping input data to the valid range for imshow with RGB data ([0..1] for floats or [0..255] for integers). Got range [-2.117904..2.64].
2025-05-20 21:02:29,136 - matplotlib.image - WARNING - Clipping input data to the valid range for imshow with RGB data ([0..1] for floats or [0..255] for integers). Got range [-2.117904..140.256].
2025-05-20 21:02:29,290 - matplotlib.image - WARNING - Clipping input data to the valid range for imshow with RGB data ([0..1] for floats or [0..255] for integers). Got range [-2.117904..2.64].
2025-05-20 21:02:29,292 - matplotlib.image - WARNING - Clipping input data to the valid range for imshow with RGB data ([0..1] for floats or [0..255] for integers). Got range [-2.117904..2.64].
2025-05-20 21:02:29,294 - matplotlib.image - WARNING - Clipping input data to the valid range for imshow with RGB data ([0..1] for floats or [0..255] for integers). Got range [-2.117904..140.256].
2025-05-20 21:02:29,507 - matplotlib.image - WARNING - Clipping input data to the valid range for imshow with RGB data ([0..1] for floats or [0..255] for integers). Got range [-2.117904..2.64].
2025-05-20 21:02:29,508 - matplotlib.image - WARNING - Clipping input data to the valid range for imshow with RGB data ([0..1] for floats or [0..255] for integers). Got range [-2.117904..2.64].
2025-05-20 21:02:29,511 - matplotlib.image - WARNING - Clipping input data to the valid range for imshow with RGB data ([0..1] for floats or [0..255] for integers). Got range [-2.1007793..140.256].
2025-05-20 21:02:29,646 - matplotlib.image - WARNING - Clipping input data to the valid range for imshow with RGB data ([0..1] for floats or [0..255] for integers). Got range [-2.117904..2.64].
2025-05-20 21:02:29,647 - matplotlib.image - WARNING - Clipping input data to the valid range for imshow with RGB data ([0..1] for floats or [0..255] for integers). Got range [-2.117904..2.64].
2025-05-20 21:02:29,649 - matplotlib.image - WARNING - Clipping input data to the valid range for imshow with RGB data ([0..1] for floats or [0..255] for integers). Got range [-2.1007793..140.256].
2025-05-20 21:02:29,961 - matplotlib.image - WARNING - Clipping input data to the valid range for imshow with RGB data ([0..1] for floats or [0..255] for integers). Got range [-2.117904..2.64].
2025-05-20 21:02:29,963 - matplotlib.image - WARNING - Clipping input data to the valid range for imshow with RGB data ([0..1] for floats or [0..255] for integers). Got range [-2.117904..2.64].
2025-05-20 21:02:29,966 - matplotlib.image - WARNING - Clipping input data to the valid range for imshow with RGB data ([0..1] for floats or [0..255] for integers). Got range [-2.1007793..140.256].
2025-05-20 21:02:30,098 - matplotlib.image - WARNING - Clipping input data to the valid range for imshow with RGB data ([0..1] for floats or [0..255] for integers). Got range [-2.117904..2.64].
2025-05-20 21:02:30,099 - matplotlib.image - WARNING - Clipping input data to the valid range for imshow with RGB data ([0..1] for floats or [0..255] for integers). Got range [-2.117904..2.64].
2025-05-20 21:02:30,101 - matplotlib.image - WARNING - Clipping input data to the valid range for imshow with RGB data ([0..1] for floats or [0..255] for integers). Got range [-2.0836544..140.256].
2025-05-20 21:02:30,306 - matplotlib.image - WARNING - Clipping input data to the valid range for imshow with RGB data ([0..1] for floats or [0..255] for integers). Got range [-2.117904..2.64].
2025-05-20 21:02:30,308 - matplotlib.image - WARNING - Clipping input data to the valid range for imshow with RGB data ([0..1] for floats or [0..255] for integers). Got range [-2.117904..2.64].
2025-05-20 21:02:30,310 - matplotlib.image - WARNING - Clipping input data to the valid range for imshow with RGB data ([0..1] for floats or [0..255] for integers). Got range [-2.117904..140.256].
2025-05-20 21:02:30,435 - matplotlib.image - WARNING - Clipping input data to the valid range for imshow with RGB data ([0..1] for floats or [0..255] for integers). Got range [-2.117904..2.64].
2025-05-20 21:02:30,436 - matplotlib.image - WARNING - Clipping input data to the valid range for imshow with RGB data ([0..1] for floats or [0..255] for integers). Got range [-2.117904..2.64].
2025-05-20 21:02:30,438 - matplotlib.image - WARNING - Clipping input data to the valid range for imshow with RGB data ([0..1] for floats or [0..255] for integers). Got range [-2.117904..140.256].
2025-05-20 21:02:30,636 - matplotlib.image - WARNING - Clipping input data to the valid range for imshow with RGB data ([0..1] for floats or [0..255] for integers). Got range [-2.117904..2.1804092].
2025-05-20 21:02:30,637 - matplotlib.image - WARNING - Clipping input data to the valid range for imshow with RGB data ([0..1] for floats or [0..255] for integers). Got range [-2.117904..2.1804092].
2025-05-20 21:02:30,640 - matplotlib.image - WARNING - Clipping input data to the valid range for imshow with RGB data ([0..1] for floats or [0..255] for integers). Got range [-2.117904..153.85161].
2025-05-20 21:02:30,780 - matplotlib.image - WARNING - Clipping input data to the valid range for imshow with RGB data ([0..1] for floats or [0..255] for integers). Got range [-2.117904..2.1804092].
2025-05-20 21:02:30,781 - matplotlib.image - WARNING - Clipping input data to the valid range for imshow with RGB data ([0..1] for floats or [0..255] for integers). Got range [-2.117904..2.1804092].
2025-05-20 21:02:30,785 - matplotlib.image - WARNING - Clipping input data to the valid range for imshow with RGB data ([0..1] for floats or [0..255] for integers). Got range [-2.117904..153.87216].
2025-05-20 21:02:30,987 - matplotlib.image - WARNING - Clipping input data to the valid range for imshow with RGB data ([0..1] for floats or [0..255] for integers). Got range [-2.117904..2.129035].
2025-05-20 21:02:30,988 - matplotlib.image - WARNING - Clipping input data to the valid range for imshow with RGB data ([0..1] for floats or [0..255] for integers). Got range [-2.117904..2.129035].
2025-05-20 21:02:30,991 - matplotlib.image - WARNING - Clipping input data to the valid range for imshow with RGB data ([0..1] for floats or [0..255] for integers). Got range [-2.117904..153.77626].
2025-05-20 21:02:31,121 - matplotlib.image - WARNING - Clipping input data to the valid range for imshow with RGB data ([0..1] for floats or [0..255] for integers). Got range [-2.117904..2.2489083].
2025-05-20 21:02:31,122 - matplotlib.image - WARNING - Clipping input data to the valid range for imshow with RGB data ([0..1] for floats or [0..255] for integers). Got range [-2.117904..2.2489083].
2025-05-20 21:02:31,125 - matplotlib.image - WARNING - Clipping input data to the valid range for imshow with RGB data ([0..1] for floats or [0..255] for integers). Got range [-2.117904..153.77626].
2025-05-20 21:02:31,369 - matplotlib.image - WARNING - Clipping input data to the valid range for imshow with RGB data ([0..1] for floats or [0..255] for integers). Got range [-2.117904..2.2489083].
2025-05-20 21:02:31,370 - matplotlib.image - WARNING - Clipping input data to the valid range for imshow with RGB data ([0..1] for floats or [0..255] for integers). Got range [-2.117904..2.2489083].
2025-05-20 21:02:31,373 - matplotlib.image - WARNING - Clipping input data to the valid range for imshow with RGB data ([0..1] for floats or [0..255] for integers). Got range [-1.7925336..153.80367].
2025-05-20 21:02:31,505 - matplotlib.image - WARNING - Clipping input data to the valid range for imshow with RGB data ([0..1] for floats or [0..255] for integers). Got range [-2.117904..2.2146587].
2025-05-20 21:02:31,506 - matplotlib.image - WARNING - Clipping input data to the valid range for imshow with RGB data ([0..1] for floats or [0..255] for integers). Got range [-2.117904..2.2146587].
2025-05-20 21:02:31,509 - matplotlib.image - WARNING - Clipping input data to the valid range for imshow with RGB data ([0..1] for floats or [0..255] for integers). Got range [-1.7205882..153.73517].
2025-05-20 21:02:31,725 - matplotlib.image - WARNING - Clipping input data to the valid range for imshow with RGB data ([0..1] for floats or [0..255] for integers). Got range [-2.117904..2.3959913].
2025-05-20 21:02:31,726 - matplotlib.image - WARNING - Clipping input data to the valid range for imshow with RGB data ([0..1] for floats or [0..255] for integers). Got range [-2.117904..2.3959913].
2025-05-20 21:02:31,729 - matplotlib.image - WARNING - Clipping input data to the valid range for imshow with RGB data ([0..1] for floats or [0..255] for integers). Got range [-1.9124069..153.59132].
2025-05-20 21:02:31,862 - matplotlib.image - WARNING - Clipping input data to the valid range for imshow with RGB data ([0..1] for floats or [0..255] for integers). Got range [-2.117904..2.169412].
2025-05-20 21:02:31,864 - matplotlib.image - WARNING - Clipping input data to the valid range for imshow with RGB data ([0..1] for floats or [0..255] for integers). Got range [-2.117904..2.169412].
2025-05-20 21:02:31,867 - matplotlib.image - WARNING - Clipping input data to the valid range for imshow with RGB data ([0..1] for floats or [0..255] for integers). Got range [-1.9466565..153.47487].
2025-05-20 21:02:32,177 - matplotlib.image - WARNING - Clipping input data to the valid range for imshow with RGB data ([0..1] for floats or [0..255] for integers). Got range [-2.117904..2.5702832].
2025-05-20 21:02:32,179 - matplotlib.image - WARNING - Clipping input data to the valid range for imshow with RGB data ([0..1] for floats or [0..255] for integers). Got range [-2.117904..2.5702832].
2025-05-20 21:02:32,182 - matplotlib.image - WARNING - Clipping input data to the valid range for imshow with RGB data ([0..1] for floats or [0..255] for integers). Got range [-2.117904..153.72832].
2025-05-20 21:02:32,328 - matplotlib.image - WARNING - Clipping input data to the valid range for imshow with RGB data ([0..1] for floats or [0..255] for integers). Got range [-2.117904..2.5702832].
2025-05-20 21:02:32,329 - matplotlib.image - WARNING - Clipping input data to the valid range for imshow with RGB data ([0..1] for floats or [0..255] for integers). Got range [-2.117904..2.5702832].
2025-05-20 21:02:32,332 - matplotlib.image - WARNING - Clipping input data to the valid range for imshow with RGB data ([0..1] for floats or [0..255] for integers). Got range [-2.117904..153.74202].
2025-05-20 21:02:32,555 - matplotlib.image - WARNING - Clipping input data to the valid range for imshow with RGB data ([0..1] for floats or [0..255] for integers). Got range [-2.117904..2.64].
2025-05-20 21:02:32,556 - matplotlib.image - WARNING - Clipping input data to the valid range for imshow with RGB data ([0..1] for floats or [0..255] for integers). Got range [-2.117904..2.64].
2025-05-20 21:02:32,559 - matplotlib.image - WARNING - Clipping input data to the valid range for imshow with RGB data ([0..1] for floats or [0..255] for integers). Got range [-2.117904..153.85846].
2025-05-20 21:02:32,698 - matplotlib.image - WARNING - Clipping input data to the valid range for imshow with RGB data ([0..1] for floats or [0..255] for integers). Got range [-2.117904..2.64].
2025-05-20 21:02:32,699 - matplotlib.image - WARNING - Clipping input data to the valid range for imshow with RGB data ([0..1] for floats or [0..255] for integers). Got range [-2.117904..2.64].
2025-05-20 21:02:32,702 - matplotlib.image - WARNING - Clipping input data to the valid range for imshow with RGB data ([0..1] for floats or [0..255] for integers). Got range [-2.117904..153.83792].
2025-05-20 21:02:32,916 - matplotlib.image - WARNING - Clipping input data to the valid range for imshow with RGB data ([0..1] for floats or [0..255] for integers). Got range [-2.117904..2.64].
2025-05-20 21:02:32,918 - matplotlib.image - WARNING - Clipping input data to the valid range for imshow with RGB data ([0..1] for floats or [0..255] for integers). Got range [-2.117904..2.64].
2025-05-20 21:02:32,920 - matplotlib.image - WARNING - Clipping input data to the valid range for imshow with RGB data ([0..1] for floats or [0..255] for integers). Got range [-2.117904..153.76941].
2025-05-20 21:02:33,066 - matplotlib.image - WARNING - Clipping input data to the valid range for imshow with RGB data ([0..1] for floats or [0..255] for integers). Got range [-2.117904..2.64].
2025-05-20 21:02:33,067 - matplotlib.image - WARNING - Clipping input data to the valid range for imshow with RGB data ([0..1] for floats or [0..255] for integers). Got range [-2.117904..2.64].
2025-05-20 21:02:33,070 - matplotlib.image - WARNING - Clipping input data to the valid range for imshow with RGB data ([0..1] for floats or [0..255] for integers). Got range [-2.117904..153.76941].
2025-05-20 21:02:33,296 - matplotlib.image - WARNING - Clipping input data to the valid range for imshow with RGB data ([0..1] for floats or [0..255] for integers). Got range [-2.117904..2.64].
2025-05-20 21:02:33,298 - matplotlib.image - WARNING - Clipping input data to the valid range for imshow with RGB data ([0..1] for floats or [0..255] for integers). Got range [-2.117904..2.64].
2025-05-20 21:02:33,300 - matplotlib.image - WARNING - Clipping input data to the valid range for imshow with RGB data ([0..1] for floats or [0..255] for integers). Got range [-2.117904..153.80367].
2025-05-20 21:02:33,442 - matplotlib.image - WARNING - Clipping input data to the valid range for imshow with RGB data ([0..1] for floats or [0..255] for integers). Got range [-2.117904..2.64].
2025-05-20 21:02:33,443 - matplotlib.image - WARNING - Clipping input data to the valid range for imshow with RGB data ([0..1] for floats or [0..255] for integers). Got range [-2.117904..2.64].
2025-05-20 21:02:33,446 - matplotlib.image - WARNING - Clipping input data to the valid range for imshow with RGB data ([0..1] for floats or [0..255] for integers). Got range [-2.117904..153.87216].
2025-05-20 21:02:33,710 - matplotlib.image - WARNING - Clipping input data to the valid range for imshow with RGB data ([0..1] for floats or [0..255] for integers). Got range [-2.117904..2.64].
2025-05-20 21:02:33,711 - matplotlib.image - WARNING - Clipping input data to the valid range for imshow with RGB data ([0..1] for floats or [0..255] for integers). Got range [-2.117904..2.64].
2025-05-20 21:02:33,714 - matplotlib.image - WARNING - Clipping input data to the valid range for imshow with RGB data ([0..1] for floats or [0..255] for integers). Got range [-2.0836544..153.85846].
2025-05-20 21:02:33,861 - matplotlib.image - WARNING - Clipping input data to the valid range for imshow with RGB data ([0..1] for floats or [0..255] for integers). Got range [-2.117904..2.64].
2025-05-20 21:02:33,863 - matplotlib.image - WARNING - Clipping input data to the valid range for imshow with RGB data ([0..1] for floats or [0..255] for integers). Got range [-2.117904..2.64].
2025-05-20 21:02:33,865 - matplotlib.image - WARNING - Clipping input data to the valid range for imshow with RGB data ([0..1] for floats or [0..255] for integers). Got range [-2.117904..153.83107].
2025-05-20 21:02:34,129 - matplotlib.image - WARNING - Clipping input data to the valid range for imshow with RGB data ([0..1] for floats or [0..255] for integers). Got range [-2.117904..2.64].
2025-05-20 21:02:34,131 - matplotlib.image - WARNING - Clipping input data to the valid range for imshow with RGB data ([0..1] for floats or [0..255] for integers). Got range [-2.117904..2.64].
2025-05-20 21:02:34,133 - matplotlib.image - WARNING - Clipping input data to the valid range for imshow with RGB data ([0..1] for floats or [0..255] for integers). Got range [-2.117904..153.87901].
2025-05-20 21:02:34,283 - matplotlib.image - WARNING - Clipping input data to the valid range for imshow with RGB data ([0..1] for floats or [0..255] for integers). Got range [-2.117904..2.64].
2025-05-20 21:02:34,284 - matplotlib.image - WARNING - Clipping input data to the valid range for imshow with RGB data ([0..1] for floats or [0..255] for integers). Got range [-2.117904..2.64].
2025-05-20 21:02:34,287 - matplotlib.image - WARNING - Clipping input data to the valid range for imshow with RGB data ([0..1] for floats or [0..255] for integers). Got range [-2.117904..153.89272].
2025-05-20 21:02:34,674 - matplotlib.image - WARNING - Clipping input data to the valid range for imshow with RGB data ([0..1] for floats or [0..255] for integers). Got range [-2.117904..2.64].
2025-05-20 21:02:34,675 - matplotlib.image - WARNING - Clipping input data to the valid range for imshow with RGB data ([0..1] for floats or [0..255] for integers). Got range [-2.117904..2.64].
2025-05-20 21:02:34,678 - matplotlib.image - WARNING - Clipping input data to the valid range for imshow with RGB data ([0..1] for floats or [0..255] for integers). Got range [-2.117904..153.88586].
2025-05-20 21:02:34,822 - matplotlib.image - WARNING - Clipping input data to the valid range for imshow with RGB data ([0..1] for floats or [0..255] for integers). Got range [-2.117904..2.64].
2025-05-20 21:02:34,824 - matplotlib.image - WARNING - Clipping input data to the valid range for imshow with RGB data ([0..1] for floats or [0..255] for integers). Got range [-2.117904..2.64].
2025-05-20 21:02:34,826 - matplotlib.image - WARNING - Clipping input data to the valid range for imshow with RGB data ([0..1] for floats or [0..255] for integers). Got range [-2.117904..153.89272].
2025-05-20 21:02:35,077 - matplotlib.image - WARNING - Clipping input data to the valid range for imshow with RGB data ([0..1] for floats or [0..255] for integers). Got range [-2.117904..2.64].
2025-05-20 21:02:35,079 - matplotlib.image - WARNING - Clipping input data to the valid range for imshow with RGB data ([0..1] for floats or [0..255] for integers). Got range [-2.117904..2.64].
2025-05-20 21:02:35,082 - matplotlib.image - WARNING - Clipping input data to the valid range for imshow with RGB data ([0..1] for floats or [0..255] for integers). Got range [-2.117904..153.89272].
2025-05-20 21:02:35,232 - matplotlib.image - WARNING - Clipping input data to the valid range for imshow with RGB data ([0..1] for floats or [0..255] for integers). Got range [-2.117904..2.64].
2025-05-20 21:02:35,234 - matplotlib.image - WARNING - Clipping input data to the valid range for imshow with RGB data ([0..1] for floats or [0..255] for integers). Got range [-2.117904..2.64].
2025-05-20 21:02:35,236 - matplotlib.image - WARNING - Clipping input data to the valid range for imshow with RGB data ([0..1] for floats or [0..255] for integers). Got range [-2.117904..153.89272].
2025-05-20 21:02:35,483 - matplotlib.image - WARNING - Clipping input data to the valid range for imshow with RGB data ([0..1] for floats or [0..255] for integers). Got range [-2.117904..2.64].
2025-05-20 21:02:35,484 - matplotlib.image - WARNING - Clipping input data to the valid range for imshow with RGB data ([0..1] for floats or [0..255] for integers). Got range [-2.117904..2.64].
2025-05-20 21:02:35,487 - matplotlib.image - WARNING - Clipping input data to the valid range for imshow with RGB data ([0..1] for floats or [0..255] for integers). Got range [-2.117904..153.89957].
2025-05-20 21:02:35,643 - matplotlib.image - WARNING - Clipping input data to the valid range for imshow with RGB data ([0..1] for floats or [0..255] for integers). Got range [-2.117904..2.64].
2025-05-20 21:02:35,644 - matplotlib.image - WARNING - Clipping input data to the valid range for imshow with RGB data ([0..1] for floats or [0..255] for integers). Got range [-2.117904..2.64].
2025-05-20 21:02:35,647 - matplotlib.image - WARNING - Clipping input data to the valid range for imshow with RGB data ([0..1] for floats or [0..255] for integers). Got range [-2.0322802..153.89957].
2025-05-20 21:02:40,936 - utils.training - INFO - Epoch 0 validation - Loss: 2.5841
2025-05-20 21:02:40,936 - utils.training - INFO - Validation loss improved by inf. Saving model...
2025-05-20 21:02:40,997 - utils.training - INFO - Saved checkpoint and metrics to checkpoints/mamba_binary
2025-05-20 21:03:43,752 - utils.training - INFO - Epoch 1 training - Loss: 2.5571
2025-05-20 21:03:43,915 - matplotlib.image - WARNING - Clipping input data to the valid range for imshow with RGB data ([0..1] for floats or [0..255] for integers). Got range [-2.0322802..2.64].
2025-05-20 21:03:43,917 - matplotlib.image - WARNING - Clipping input data to the valid range for imshow with RGB data ([0..1] for floats or [0..255] for integers). Got range [-2.0322802..2.64].
2025-05-20 21:03:43,920 - matplotlib.image - WARNING - Clipping input data to the valid range for imshow with RGB data ([0..1] for floats or [0..255] for integers). Got range [-2.0322802..140.19325].
2025-05-20 21:03:44,085 - matplotlib.image - WARNING - Clipping input data to the valid range for imshow with RGB data ([0..1] for floats or [0..255] for integers). Got range [-2.0322802..2.64].
2025-05-20 21:03:44,086 - matplotlib.image - WARNING - Clipping input data to the valid range for imshow with RGB data ([0..1] for floats or [0..255] for integers). Got range [-2.0322802..2.64].
2025-05-20 21:03:44,090 - matplotlib.image - WARNING - Clipping input data to the valid range for imshow with RGB data ([0..1] for floats or [0..255] for integers). Got range [-2.0322802..140.20023].
2025-05-20 21:03:44,277 - matplotlib.image - WARNING - Clipping input data to the valid range for imshow with RGB data ([0..1] for floats or [0..255] for integers). Got range [-2.0494049..2.64].
2025-05-20 21:03:44,279 - matplotlib.image - WARNING - Clipping input data to the valid range for imshow with RGB data ([0..1] for floats or [0..255] for integers). Got range [-2.0494049..2.64].
2025-05-20 21:03:44,283 - matplotlib.image - WARNING - Clipping input data to the valid range for imshow with RGB data ([0..1] for floats or [0..255] for integers). Got range [-2.0494049..140.21417].
2025-05-20 21:03:44,410 - matplotlib.image - WARNING - Clipping input data to the valid range for imshow with RGB data ([0..1] for floats or [0..255] for integers). Got range [-2.0322802..2.64].
2025-05-20 21:03:44,411 - matplotlib.image - WARNING - Clipping input data to the valid range for imshow with RGB data ([0..1] for floats or [0..255] for integers). Got range [-2.0322802..2.64].
2025-05-20 21:03:44,415 - matplotlib.image - WARNING - Clipping input data to the valid range for imshow with RGB data ([0..1] for floats or [0..255] for integers). Got range [-2.0322802..140.18628].
2025-05-20 21:03:44,586 - matplotlib.image - WARNING - Clipping input data to the valid range for imshow with RGB data ([0..1] for floats or [0..255] for integers). Got range [-2.0322802..2.64].
2025-05-20 21:03:44,588 - matplotlib.image - WARNING - Clipping input data to the valid range for imshow with RGB data ([0..1] for floats or [0..255] for integers). Got range [-2.0322802..2.64].
2025-05-20 21:03:44,592 - matplotlib.image - WARNING - Clipping input data to the valid range for imshow with RGB data ([0..1] for floats or [0..255] for integers). Got range [-2.0322802..140.19325].
2025-05-20 21:03:44,874 - matplotlib.image - WARNING - Clipping input data to the valid range for imshow with RGB data ([0..1] for floats or [0..255] for integers). Got range [-2.0322802..2.64].
2025-05-20 21:03:44,875 - matplotlib.image - WARNING - Clipping input data to the valid range for imshow with RGB data ([0..1] for floats or [0..255] for integers). Got range [-2.0322802..2.64].
2025-05-20 21:03:44,879 - matplotlib.image - WARNING - Clipping input data to the valid range for imshow with RGB data ([0..1] for floats or [0..255] for integers). Got range [-2.0322802..140.17233].
2025-05-20 21:03:45,054 - matplotlib.image - WARNING - Clipping input data to the valid range for imshow with RGB data ([0..1] for floats or [0..255] for integers). Got range [-2.0494049..2.64].
2025-05-20 21:03:45,056 - matplotlib.image - WARNING - Clipping input data to the valid range for imshow with RGB data ([0..1] for floats or [0..255] for integers). Got range [-2.0494049..2.64].
2025-05-20 21:03:45,059 - matplotlib.image - WARNING - Clipping input data to the valid range for imshow with RGB data ([0..1] for floats or [0..255] for integers). Got range [-2.0494049..140.13748].
2025-05-20 21:03:45,196 - matplotlib.image - WARNING - Clipping input data to the valid range for imshow with RGB data ([0..1] for floats or [0..255] for integers). Got range [-2.0494049..2.64].
2025-05-20 21:03:45,197 - matplotlib.image - WARNING - Clipping input data to the valid range for imshow with RGB data ([0..1] for floats or [0..255] for integers). Got range [-2.0494049..2.64].
2025-05-20 21:03:45,200 - matplotlib.image - WARNING - Clipping input data to the valid range for imshow with RGB data ([0..1] for floats or [0..255] for integers). Got range [-2.0494049..140.13748].
2025-05-20 21:03:45,387 - matplotlib.image - WARNING - Clipping input data to the valid range for imshow with RGB data ([0..1] for floats or [0..255] for integers). Got range [-2.0151556..2.64].
2025-05-20 21:03:45,389 - matplotlib.image - WARNING - Clipping input data to the valid range for imshow with RGB data ([0..1] for floats or [0..255] for integers). Got range [-2.0151556..2.64].
2025-05-20 21:03:45,392 - matplotlib.image - WARNING - Clipping input data to the valid range for imshow with RGB data ([0..1] for floats or [0..255] for integers). Got range [-2.0151556..140.14445].
2025-05-20 21:03:45,523 - matplotlib.image - WARNING - Clipping input data to the valid range for imshow with RGB data ([0..1] for floats or [0..255] for integers). Got range [-2.0151556..2.64].
2025-05-20 21:03:45,524 - matplotlib.image - WARNING - Clipping input data to the valid range for imshow with RGB data ([0..1] for floats or [0..255] for integers). Got range [-2.0151556..2.64].
2025-05-20 21:03:45,528 - matplotlib.image - WARNING - Clipping input data to the valid range for imshow with RGB data ([0..1] for floats or [0..255] for integers). Got range [-2.0151556..140.15143].
2025-05-20 21:03:45,701 - matplotlib.image - WARNING - Clipping input data to the valid range for imshow with RGB data ([0..1] for floats or [0..255] for integers). Got range [-2.0322802..2.64].
2025-05-20 21:03:45,703 - matplotlib.image - WARNING - Clipping input data to the valid range for imshow with RGB data ([0..1] for floats or [0..255] for integers). Got range [-2.0322802..2.64].
2025-05-20 21:03:45,708 - matplotlib.image - WARNING - Clipping input data to the valid range for imshow with RGB data ([0..1] for floats or [0..255] for integers). Got range [-2.0322802..140.17233].
2025-05-20 21:03:45,832 - matplotlib.image - WARNING - Clipping input data to the valid range for imshow with RGB data ([0..1] for floats or [0..255] for integers). Got range [-2.0322802..2.64].
2025-05-20 21:03:45,834 - matplotlib.image - WARNING - Clipping input data to the valid range for imshow with RGB data ([0..1] for floats or [0..255] for integers). Got range [-2.0322802..2.64].
2025-05-20 21:03:45,838 - matplotlib.image - WARNING - Clipping input data to the valid range for imshow with RGB data ([0..1] for floats or [0..255] for integers). Got range [-2.0322802..140.17233].
2025-05-20 21:03:46,029 - matplotlib.image - WARNING - Clipping input data to the valid range for imshow with RGB data ([0..1] for floats or [0..255] for integers). Got range [-2.0494049..2.64].
2025-05-20 21:03:46,031 - matplotlib.image - WARNING - Clipping input data to the valid range for imshow with RGB data ([0..1] for floats or [0..255] for integers). Got range [-2.0494049..2.64].
2025-05-20 21:03:46,035 - matplotlib.image - WARNING - Clipping input data to the valid range for imshow with RGB data ([0..1] for floats or [0..255] for integers). Got range [-2.0494049..140.24902].
2025-05-20 21:03:46,162 - matplotlib.image - WARNING - Clipping input data to the valid range for imshow with RGB data ([0..1] for floats or [0..255] for integers). Got range [-2.0322802..2.64].
2025-05-20 21:03:46,163 - matplotlib.image - WARNING - Clipping input data to the valid range for imshow with RGB data ([0..1] for floats or [0..255] for integers). Got range [-2.0322802..2.64].
2025-05-20 21:03:46,166 - matplotlib.image - WARNING - Clipping input data to the valid range for imshow with RGB data ([0..1] for floats or [0..255] for integers). Got range [-2.0322802..140.22812].
2025-05-20 21:03:46,364 - matplotlib.image - WARNING - Clipping input data to the valid range for imshow with RGB data ([0..1] for floats or [0..255] for integers). Got range [-2.0665298..2.64].
2025-05-20 21:03:46,365 - matplotlib.image - WARNING - Clipping input data to the valid range for imshow with RGB data ([0..1] for floats or [0..255] for integers). Got range [-2.0665298..2.64].
2025-05-20 21:03:46,368 - matplotlib.image - WARNING - Clipping input data to the valid range for imshow with RGB data ([0..1] for floats or [0..255] for integers). Got range [-2.0665298..109.056].
2025-05-20 21:03:46,509 - matplotlib.image - WARNING - Clipping input data to the valid range for imshow with RGB data ([0..1] for floats or [0..255] for integers). Got range [-2.0665298..2.64].
2025-05-20 21:03:46,511 - matplotlib.image - WARNING - Clipping input data to the valid range for imshow with RGB data ([0..1] for floats or [0..255] for integers). Got range [-2.0665298..2.64].
2025-05-20 21:03:46,513 - matplotlib.image - WARNING - Clipping input data to the valid range for imshow with RGB data ([0..1] for floats or [0..255] for integers). Got range [-2.0494049..109.056].
2025-05-20 21:03:46,730 - matplotlib.image - WARNING - Clipping input data to the valid range for imshow with RGB data ([0..1] for floats or [0..255] for integers). Got range [-2.1007793..2.64].
2025-05-20 21:03:46,732 - matplotlib.image - WARNING - Clipping input data to the valid range for imshow with RGB data ([0..1] for floats or [0..255] for integers). Got range [-2.1007793..2.64].
2025-05-20 21:03:46,734 - matplotlib.image - WARNING - Clipping input data to the valid range for imshow with RGB data ([0..1] for floats or [0..255] for integers). Got range [-2.0494049..109.056].
2025-05-20 21:03:46,979 - matplotlib.image - WARNING - Clipping input data to the valid range for imshow with RGB data ([0..1] for floats or [0..255] for integers). Got range [-2.0836544..2.64].
2025-05-20 21:03:46,980 - matplotlib.image - WARNING - Clipping input data to the valid range for imshow with RGB data ([0..1] for floats or [0..255] for integers). Got range [-2.0836544..2.64].
2025-05-20 21:03:46,983 - matplotlib.image - WARNING - Clipping input data to the valid range for imshow with RGB data ([0..1] for floats or [0..255] for integers). Got range [-2.0322802..109.056].
2025-05-20 21:03:47,166 - matplotlib.image - WARNING - Clipping input data to the valid range for imshow with RGB data ([0..1] for floats or [0..255] for integers). Got range [-2.1007793..2.64].
2025-05-20 21:03:47,168 - matplotlib.image - WARNING - Clipping input data to the valid range for imshow with RGB data ([0..1] for floats or [0..255] for integers). Got range [-2.1007793..2.64].
2025-05-20 21:03:47,170 - matplotlib.image - WARNING - Clipping input data to the valid range for imshow with RGB data ([0..1] for floats or [0..255] for integers). Got range [-1.9980307..109.056].
2025-05-20 21:03:47,302 - matplotlib.image - WARNING - Clipping input data to the valid range for imshow with RGB data ([0..1] for floats or [0..255] for integers). Got range [-2.1007793..2.64].
2025-05-20 21:03:47,303 - matplotlib.image - WARNING - Clipping input data to the valid range for imshow with RGB data ([0..1] for floats or [0..255] for integers). Got range [-2.1007793..2.64].
2025-05-20 21:03:47,306 - matplotlib.image - WARNING - Clipping input data to the valid range for imshow with RGB data ([0..1] for floats or [0..255] for integers). Got range [-2.0322802..109.056].
2025-05-20 21:03:47,495 - matplotlib.image - WARNING - Clipping input data to the valid range for imshow with RGB data ([0..1] for floats or [0..255] for integers). Got range [-2.0665298..2.64].
2025-05-20 21:03:47,496 - matplotlib.image - WARNING - Clipping input data to the valid range for imshow with RGB data ([0..1] for floats or [0..255] for integers). Got range [-2.0665298..2.64].
2025-05-20 21:03:47,498 - matplotlib.image - WARNING - Clipping input data to the valid range for imshow with RGB data ([0..1] for floats or [0..255] for integers). Got range [-2.0665298..109.056].
2025-05-20 21:03:47,627 - matplotlib.image - WARNING - Clipping input data to the valid range for imshow with RGB data ([0..1] for floats or [0..255] for integers). Got range [-2.117904..2.64].
2025-05-20 21:03:47,628 - matplotlib.image - WARNING - Clipping input data to the valid range for imshow with RGB data ([0..1] for floats or [0..255] for integers). Got range [-2.117904..2.64].
2025-05-20 21:03:47,631 - matplotlib.image - WARNING - Clipping input data to the valid range for imshow with RGB data ([0..1] for floats or [0..255] for integers). Got range [-2.0836544..109.056].
2025-05-20 21:03:47,831 - matplotlib.image - WARNING - Clipping input data to the valid range for imshow with RGB data ([0..1] for floats or [0..255] for integers). Got range [-2.0836544..2.64].
2025-05-20 21:03:47,832 - matplotlib.image - WARNING - Clipping input data to the valid range for imshow with RGB data ([0..1] for floats or [0..255] for integers). Got range [-2.0836544..2.64].
2025-05-20 21:03:47,834 - matplotlib.image - WARNING - Clipping input data to the valid range for imshow with RGB data ([0..1] for floats or [0..255] for integers). Got range [-2.0494049..109.056].
2025-05-20 21:03:47,968 - matplotlib.image - WARNING - Clipping input data to the valid range for imshow with RGB data ([0..1] for floats or [0..255] for integers). Got range [-2.0665298..2.64].
2025-05-20 21:03:47,970 - matplotlib.image - WARNING - Clipping input data to the valid range for imshow with RGB data ([0..1] for floats or [0..255] for integers). Got range [-2.0665298..2.64].
2025-05-20 21:03:47,973 - matplotlib.image - WARNING - Clipping input data to the valid range for imshow with RGB data ([0..1] for floats or [0..255] for integers). Got range [-2.0665298..109.056].
2025-05-20 21:03:48,139 - matplotlib.image - WARNING - Clipping input data to the valid range for imshow with RGB data ([0..1] for floats or [0..255] for integers). Got range [-1.9637812..2.64].
2025-05-20 21:03:48,141 - matplotlib.image - WARNING - Clipping input data to the valid range for imshow with RGB data ([0..1] for floats or [0..255] for integers). Got range [-1.9637812..2.64].
2025-05-20 21:03:48,144 - matplotlib.image - WARNING - Clipping input data to the valid range for imshow with RGB data ([0..1] for floats or [0..255] for integers). Got range [-1.9637812..140.256].
2025-05-20 21:03:48,309 - matplotlib.image - WARNING - Clipping input data to the valid range for imshow with RGB data ([0..1] for floats or [0..255] for integers). Got range [-1.9637812..2.64].
2025-05-20 21:03:48,310 - matplotlib.image - WARNING - Clipping input data to the valid range for imshow with RGB data ([0..1] for floats or [0..255] for integers). Got range [-1.9637812..2.64].
2025-05-20 21:03:48,313 - matplotlib.image - WARNING - Clipping input data to the valid range for imshow with RGB data ([0..1] for floats or [0..255] for integers). Got range [-1.9637812..140.256].
2025-05-20 21:03:48,506 - matplotlib.image - WARNING - Clipping input data to the valid range for imshow with RGB data ([0..1] for floats or [0..255] for integers). Got range [-2.0182073..2.64].
2025-05-20 21:03:48,509 - matplotlib.image - WARNING - Clipping input data to the valid range for imshow with RGB data ([0..1] for floats or [0..255] for integers). Got range [-2.0182073..2.64].
2025-05-20 21:03:48,512 - matplotlib.image - WARNING - Clipping input data to the valid range for imshow with RGB data ([0..1] for floats or [0..255] for integers). Got range [-1.843908..140.256].
2025-05-20 21:03:48,654 - matplotlib.image - WARNING - Clipping input data to the valid range for imshow with RGB data ([0..1] for floats or [0..255] for integers). Got range [-1.9131652..2.64].
2025-05-20 21:03:48,656 - matplotlib.image - WARNING - Clipping input data to the valid range for imshow with RGB data ([0..1] for floats or [0..255] for integers). Got range [-1.9131652..2.64].
2025-05-20 21:03:48,658 - matplotlib.image - WARNING - Clipping input data to the valid range for imshow with RGB data ([0..1] for floats or [0..255] for integers). Got range [-1.8781574..140.256].
2025-05-20 21:03:48,835 - matplotlib.image - WARNING - Clipping input data to the valid range for imshow with RGB data ([0..1] for floats or [0..255] for integers). Got range [-1.8610327..2.64].
2025-05-20 21:03:48,837 - matplotlib.image - WARNING - Clipping input data to the valid range for imshow with RGB data ([0..1] for floats or [0..255] for integers). Got range [-1.8610327..2.64].
2025-05-20 21:03:48,842 - matplotlib.image - WARNING - Clipping input data to the valid range for imshow with RGB data ([0..1] for floats or [0..255] for integers). Got range [-1.8610327..140.256].
2025-05-20 21:03:48,987 - matplotlib.image - WARNING - Clipping input data to the valid range for imshow with RGB data ([0..1] for floats or [0..255] for integers). Got range [-1.8610327..2.64].
2025-05-20 21:03:48,988 - matplotlib.image - WARNING - Clipping input data to the valid range for imshow with RGB data ([0..1] for floats or [0..255] for integers). Got range [-1.8610327..2.64].
2025-05-20 21:03:48,990 - matplotlib.image - WARNING - Clipping input data to the valid range for imshow with RGB data ([0..1] for floats or [0..255] for integers). Got range [-1.8610327..140.256].
2025-05-20 21:03:49,298 - matplotlib.image - WARNING - Clipping input data to the valid range for imshow with RGB data ([0..1] for floats or [0..255] for integers). Got range [-2.117904..2.64].
2025-05-20 21:03:49,300 - matplotlib.image - WARNING - Clipping input data to the valid range for imshow with RGB data ([0..1] for floats or [0..255] for integers). Got range [-2.117904..2.64].
2025-05-20 21:03:49,302 - matplotlib.image - WARNING - Clipping input data to the valid range for imshow with RGB data ([0..1] for floats or [0..255] for integers). Got range [-2.117904..140.256].
2025-05-20 21:03:49,440 - matplotlib.image - WARNING - Clipping input data to the valid range for imshow with RGB data ([0..1] for floats or [0..255] for integers). Got range [-2.117904..2.64].
2025-05-20 21:03:49,442 - matplotlib.image - WARNING - Clipping input data to the valid range for imshow with RGB data ([0..1] for floats or [0..255] for integers). Got range [-2.117904..2.64].
2025-05-20 21:03:49,444 - matplotlib.image - WARNING - Clipping input data to the valid range for imshow with RGB data ([0..1] for floats or [0..255] for integers). Got range [-2.117904..140.256].
2025-05-20 21:03:49,629 - matplotlib.image - WARNING - Clipping input data to the valid range for imshow with RGB data ([0..1] for floats or [0..255] for integers). Got range [-2.117904..2.64].
2025-05-20 21:03:49,630 - matplotlib.image - WARNING - Clipping input data to the valid range for imshow with RGB data ([0..1] for floats or [0..255] for integers). Got range [-2.117904..2.64].
2025-05-20 21:03:49,633 - matplotlib.image - WARNING - Clipping input data to the valid range for imshow with RGB data ([0..1] for floats or [0..255] for integers). Got range [-2.117904..140.256].
2025-05-20 21:03:49,770 - matplotlib.image - WARNING - Clipping input data to the valid range for imshow with RGB data ([0..1] for floats or [0..255] for integers). Got range [-2.117904..2.64].
2025-05-20 21:03:49,771 - matplotlib.image - WARNING - Clipping input data to the valid range for imshow with RGB data ([0..1] for floats or [0..255] for integers). Got range [-2.117904..2.64].
2025-05-20 21:03:49,773 - matplotlib.image - WARNING - Clipping input data to the valid range for imshow with RGB data ([0..1] for floats or [0..255] for integers). Got range [-2.117904..140.256].
2025-05-20 21:03:49,970 - matplotlib.image - WARNING - Clipping input data to the valid range for imshow with RGB data ([0..1] for floats or [0..255] for integers). Got range [-2.117904..2.64].
2025-05-20 21:03:49,972 - matplotlib.image - WARNING - Clipping input data to the valid range for imshow with RGB data ([0..1] for floats or [0..255] for integers). Got range [-2.117904..2.64].
2025-05-20 21:03:49,974 - matplotlib.image - WARNING - Clipping input data to the valid range for imshow with RGB data ([0..1] for floats or [0..255] for integers). Got range [-2.117904..140.256].
2025-05-20 21:03:50,116 - matplotlib.image - WARNING - Clipping input data to the valid range for imshow with RGB data ([0..1] for floats or [0..255] for integers). Got range [-2.117904..2.64].
2025-05-20 21:03:50,117 - matplotlib.image - WARNING - Clipping input data to the valid range for imshow with RGB data ([0..1] for floats or [0..255] for integers). Got range [-2.117904..2.64].
2025-05-20 21:03:50,120 - matplotlib.image - WARNING - Clipping input data to the valid range for imshow with RGB data ([0..1] for floats or [0..255] for integers). Got range [-2.117904..140.256].
2025-05-20 21:03:50,309 - matplotlib.image - WARNING - Clipping input data to the valid range for imshow with RGB data ([0..1] for floats or [0..255] for integers). Got range [-2.117904..2.64].
2025-05-20 21:03:50,310 - matplotlib.image - WARNING - Clipping input data to the valid range for imshow with RGB data ([0..1] for floats or [0..255] for integers). Got range [-2.117904..2.64].
2025-05-20 21:03:50,313 - matplotlib.image - WARNING - Clipping input data to the valid range for imshow with RGB data ([0..1] for floats or [0..255] for integers). Got range [-2.117904..140.256].
2025-05-20 21:03:50,448 - matplotlib.image - WARNING - Clipping input data to the valid range for imshow with RGB data ([0..1] for floats or [0..255] for integers). Got range [-2.117904..2.64].
2025-05-20 21:03:50,449 - matplotlib.image - WARNING - Clipping input data to the valid range for imshow with RGB data ([0..1] for floats or [0..255] for integers). Got range [-2.117904..2.64].
2025-05-20 21:03:50,451 - matplotlib.image - WARNING - Clipping input data to the valid range for imshow with RGB data ([0..1] for floats or [0..255] for integers). Got range [-2.117904..140.256].
2025-05-20 21:03:50,650 - matplotlib.image - WARNING - Clipping input data to the valid range for imshow with RGB data ([0..1] for floats or [0..255] for integers). Got range [-2.117904..2.64].
2025-05-20 21:03:50,652 - matplotlib.image - WARNING - Clipping input data to the valid range for imshow with RGB data ([0..1] for floats or [0..255] for integers). Got range [-2.117904..2.64].
2025-05-20 21:03:50,655 - matplotlib.image - WARNING - Clipping input data to the valid range for imshow with RGB data ([0..1] for floats or [0..255] for integers). Got range [-2.117904..140.256].
2025-05-20 21:03:50,795 - matplotlib.image - WARNING - Clipping input data to the valid range for imshow with RGB data ([0..1] for floats or [0..255] for integers). Got range [-2.117904..2.64].
2025-05-20 21:03:50,796 - matplotlib.image - WARNING - Clipping input data to the valid range for imshow with RGB data ([0..1] for floats or [0..255] for integers). Got range [-2.117904..2.64].
2025-05-20 21:03:50,798 - matplotlib.image - WARNING - Clipping input data to the valid range for imshow with RGB data ([0..1] for floats or [0..255] for integers). Got range [-2.117904..140.256].
2025-05-20 21:03:51,001 - matplotlib.image - WARNING - Clipping input data to the valid range for imshow with RGB data ([0..1] for floats or [0..255] for integers). Got range [-2.117904..2.64].
2025-05-20 21:03:51,002 - matplotlib.image - WARNING - Clipping input data to the valid range for imshow with RGB data ([0..1] for floats or [0..255] for integers). Got range [-2.117904..2.64].
2025-05-20 21:03:51,004 - matplotlib.image - WARNING - Clipping input data to the valid range for imshow with RGB data ([0..1] for floats or [0..255] for integers). Got range [-2.117904..108.94445].
2025-05-20 21:03:51,144 - matplotlib.image - WARNING - Clipping input data to the valid range for imshow with RGB data ([0..1] for floats or [0..255] for integers). Got range [-2.117904..2.64].
2025-05-20 21:03:51,145 - matplotlib.image - WARNING - Clipping input data to the valid range for imshow with RGB data ([0..1] for floats or [0..255] for integers). Got range [-2.117904..2.64].
2025-05-20 21:03:51,148 - matplotlib.image - WARNING - Clipping input data to the valid range for imshow with RGB data ([0..1] for floats or [0..255] for integers). Got range [-2.117904..108.97234].
2025-05-20 21:03:51,478 - matplotlib.image - WARNING - Clipping input data to the valid range for imshow with RGB data ([0..1] for floats or [0..255] for integers). Got range [-2.117904..2.64].
2025-05-20 21:03:51,480 - matplotlib.image - WARNING - Clipping input data to the valid range for imshow with RGB data ([0..1] for floats or [0..255] for integers). Got range [-2.117904..2.64].
2025-05-20 21:03:51,482 - matplotlib.image - WARNING - Clipping input data to the valid range for imshow with RGB data ([0..1] for floats or [0..255] for integers). Got range [-2.117904..109.01417].
2025-05-20 21:03:51,613 - matplotlib.image - WARNING - Clipping input data to the valid range for imshow with RGB data ([0..1] for floats or [0..255] for integers). Got range [-2.117904..2.64].
2025-05-20 21:03:51,614 - matplotlib.image - WARNING - Clipping input data to the valid range for imshow with RGB data ([0..1] for floats or [0..255] for integers). Got range [-2.117904..2.64].
2025-05-20 21:03:51,616 - matplotlib.image - WARNING - Clipping input data to the valid range for imshow with RGB data ([0..1] for floats or [0..255] for integers). Got range [-2.117904..109.028114].
2025-05-20 21:03:51,821 - matplotlib.image - WARNING - Clipping input data to the valid range for imshow with RGB data ([0..1] for floats or [0..255] for integers). Got range [-2.117904..2.64].
2025-05-20 21:03:51,822 - matplotlib.image - WARNING - Clipping input data to the valid range for imshow with RGB data ([0..1] for floats or [0..255] for integers). Got range [-2.117904..2.64].
2025-05-20 21:03:51,825 - matplotlib.image - WARNING - Clipping input data to the valid range for imshow with RGB data ([0..1] for floats or [0..255] for integers). Got range [-2.117904..108.84685].
2025-05-20 21:03:51,955 - matplotlib.image - WARNING - Clipping input data to the valid range for imshow with RGB data ([0..1] for floats or [0..255] for integers). Got range [-2.117904..2.64].
2025-05-20 21:03:51,956 - matplotlib.image - WARNING - Clipping input data to the valid range for imshow with RGB data ([0..1] for floats or [0..255] for integers). Got range [-2.117904..2.64].
2025-05-20 21:03:51,959 - matplotlib.image - WARNING - Clipping input data to the valid range for imshow with RGB data ([0..1] for floats or [0..255] for integers). Got range [-2.117904..108.87473].
2025-05-20 21:03:52,171 - matplotlib.image - WARNING - Clipping input data to the valid range for imshow with RGB data ([0..1] for floats or [0..255] for integers). Got range [-2.117904..2.64].
2025-05-20 21:03:52,172 - matplotlib.image - WARNING - Clipping input data to the valid range for imshow with RGB data ([0..1] for floats or [0..255] for integers). Got range [-2.117904..2.64].
2025-05-20 21:03:52,174 - matplotlib.image - WARNING - Clipping input data to the valid range for imshow with RGB data ([0..1] for floats or [0..255] for integers). Got range [-2.117904..108.95142].
2025-05-20 21:03:52,307 - matplotlib.image - WARNING - Clipping input data to the valid range for imshow with RGB data ([0..1] for floats or [0..255] for integers). Got range [-2.117904..2.64].
2025-05-20 21:03:52,308 - matplotlib.image - WARNING - Clipping input data to the valid range for imshow with RGB data ([0..1] for floats or [0..255] for integers). Got range [-2.117904..2.64].
2025-05-20 21:03:52,310 - matplotlib.image - WARNING - Clipping input data to the valid range for imshow with RGB data ([0..1] for floats or [0..255] for integers). Got range [-2.117904..108.84685].
2025-05-20 21:03:52,536 - matplotlib.image - WARNING - Clipping input data to the valid range for imshow with RGB data ([0..1] for floats or [0..255] for integers). Got range [-2.117904..2.64].
2025-05-20 21:03:52,537 - matplotlib.image - WARNING - Clipping input data to the valid range for imshow with RGB data ([0..1] for floats or [0..255] for integers). Got range [-2.117904..2.64].
2025-05-20 21:03:52,540 - matplotlib.image - WARNING - Clipping input data to the valid range for imshow with RGB data ([0..1] for floats or [0..255] for integers). Got range [-2.117904..108.88171].
2025-05-20 21:03:52,677 - matplotlib.image - WARNING - Clipping input data to the valid range for imshow with RGB data ([0..1] for floats or [0..255] for integers). Got range [-2.117904..2.622571].
2025-05-20 21:03:52,678 - matplotlib.image - WARNING - Clipping input data to the valid range for imshow with RGB data ([0..1] for floats or [0..255] for integers). Got range [-2.117904..2.622571].
2025-05-20 21:03:52,680 - matplotlib.image - WARNING - Clipping input data to the valid range for imshow with RGB data ([0..1] for floats or [0..255] for integers). Got range [-2.117904..108.89565].
2025-05-20 21:03:52,916 - matplotlib.image - WARNING - Clipping input data to the valid range for imshow with RGB data ([0..1] for floats or [0..255] for integers). Got range [-2.117904..2.622571].
2025-05-20 21:03:52,917 - matplotlib.image - WARNING - Clipping input data to the valid range for imshow with RGB data ([0..1] for floats or [0..255] for integers). Got range [-2.117904..2.622571].
2025-05-20 21:03:52,919 - matplotlib.image - WARNING - Clipping input data to the valid range for imshow with RGB data ([0..1] for floats or [0..255] for integers). Got range [-2.117904..109.01417].
2025-05-20 21:03:53,065 - matplotlib.image - WARNING - Clipping input data to the valid range for imshow with RGB data ([0..1] for floats or [0..255] for integers). Got range [-2.117904..2.6051416].
2025-05-20 21:03:53,066 - matplotlib.image - WARNING - Clipping input data to the valid range for imshow with RGB data ([0..1] for floats or [0..255] for integers). Got range [-2.117904..2.6051416].
2025-05-20 21:03:53,069 - matplotlib.image - WARNING - Clipping input data to the valid range for imshow with RGB data ([0..1] for floats or [0..255] for integers). Got range [-2.117904..108.96537].
2025-05-20 21:03:53,311 - matplotlib.image - WARNING - Clipping input data to the valid range for imshow with RGB data ([0..1] for floats or [0..255] for integers). Got range [-2.117904..2.5877128].
2025-05-20 21:03:53,313 - matplotlib.image - WARNING - Clipping input data to the valid range for imshow with RGB data ([0..1] for floats or [0..255] for integers). Got range [-2.117904..2.5877128].
2025-05-20 21:03:53,315 - matplotlib.image - WARNING - Clipping input data to the valid range for imshow with RGB data ([0..1] for floats or [0..255] for integers). Got range [-2.117904..108.90959].
2025-05-20 21:03:53,453 - matplotlib.image - WARNING - Clipping input data to the valid range for imshow with RGB data ([0..1] for floats or [0..255] for integers). Got range [-2.117904..2.622571].
2025-05-20 21:03:53,454 - matplotlib.image - WARNING - Clipping input data to the valid range for imshow with RGB data ([0..1] for floats or [0..255] for integers). Got range [-2.117904..2.622571].
2025-05-20 21:03:53,456 - matplotlib.image - WARNING - Clipping input data to the valid range for imshow with RGB data ([0..1] for floats or [0..255] for integers). Got range [-2.117904..108.98628].
2025-05-20 21:03:53,820 - matplotlib.image - WARNING - Clipping input data to the valid range for imshow with RGB data ([0..1] for floats or [0..255] for integers). Got range [-2.117904..2.64].
2025-05-20 21:03:53,822 - matplotlib.image - WARNING - Clipping input data to the valid range for imshow with RGB data ([0..1] for floats or [0..255] for integers). Got range [-2.117904..2.64].
2025-05-20 21:03:53,824 - matplotlib.image - WARNING - Clipping input data to the valid range for imshow with RGB data ([0..1] for floats or [0..255] for integers). Got range [-2.117904..108.839874].
2025-05-20 21:03:53,953 - matplotlib.image - WARNING - Clipping input data to the valid range for imshow with RGB data ([0..1] for floats or [0..255] for integers). Got range [-2.117904..2.64].
2025-05-20 21:03:53,954 - matplotlib.image - WARNING - Clipping input data to the valid range for imshow with RGB data ([0..1] for floats or [0..255] for integers). Got range [-2.117904..2.64].
2025-05-20 21:03:53,956 - matplotlib.image - WARNING - Clipping input data to the valid range for imshow with RGB data ([0..1] for floats or [0..255] for integers). Got range [-2.117904..108.86777].
2025-05-20 21:03:54,205 - matplotlib.image - WARNING - Clipping input data to the valid range for imshow with RGB data ([0..1] for floats or [0..255] for integers). Got range [-2.117904..2.64].
2025-05-20 21:03:54,207 - matplotlib.image - WARNING - Clipping input data to the valid range for imshow with RGB data ([0..1] for floats or [0..255] for integers). Got range [-2.117904..2.64].
2025-05-20 21:03:54,209 - matplotlib.image - WARNING - Clipping input data to the valid range for imshow with RGB data ([0..1] for floats or [0..255] for integers). Got range [-2.117904..108.95142].
2025-05-20 21:03:54,335 - matplotlib.image - WARNING - Clipping input data to the valid range for imshow with RGB data ([0..1] for floats or [0..255] for integers). Got range [-2.117904..2.64].
2025-05-20 21:03:54,337 - matplotlib.image - WARNING - Clipping input data to the valid range for imshow with RGB data ([0..1] for floats or [0..255] for integers). Got range [-2.117904..2.64].
2025-05-20 21:03:54,339 - matplotlib.image - WARNING - Clipping input data to the valid range for imshow with RGB data ([0..1] for floats or [0..255] for integers). Got range [-2.117904..108.96537].
2025-05-20 21:03:54,593 - matplotlib.image - WARNING - Clipping input data to the valid range for imshow with RGB data ([0..1] for floats or [0..255] for integers). Got range [-2.1007793..2.5528543].
2025-05-20 21:03:54,595 - matplotlib.image - WARNING - Clipping input data to the valid range for imshow with RGB data ([0..1] for floats or [0..255] for integers). Got range [-2.1007793..2.5528543].
2025-05-20 21:03:54,597 - matplotlib.image - WARNING - Clipping input data to the valid range for imshow with RGB data ([0..1] for floats or [0..255] for integers). Got range [-2.1007793..108.916565].
2025-05-20 21:03:54,736 - matplotlib.image - WARNING - Clipping input data to the valid range for imshow with RGB data ([0..1] for floats or [0..255] for integers). Got range [-2.117904..2.535425].
2025-05-20 21:03:54,737 - matplotlib.image - WARNING - Clipping input data to the valid range for imshow with RGB data ([0..1] for floats or [0..255] for integers). Got range [-2.117904..2.535425].
2025-05-20 21:03:54,739 - matplotlib.image - WARNING - Clipping input data to the valid range for imshow with RGB data ([0..1] for floats or [0..255] for integers). Got range [-2.117904..108.92354].
2025-05-20 21:03:55,013 - matplotlib.image - WARNING - Clipping input data to the valid range for imshow with RGB data ([0..1] for floats or [0..255] for integers). Got range [-2.1007793..2.3959913].
2025-05-20 21:03:55,015 - matplotlib.image - WARNING - Clipping input data to the valid range for imshow with RGB data ([0..1] for floats or [0..255] for integers). Got range [-2.1007793..2.3959913].
2025-05-20 21:03:55,017 - matplotlib.image - WARNING - Clipping input data to the valid range for imshow with RGB data ([0..1] for floats or [0..255] for integers). Got range [-2.1007793..108.916565].
2025-05-20 21:03:55,149 - matplotlib.image - WARNING - Clipping input data to the valid range for imshow with RGB data ([0..1] for floats or [0..255] for integers). Got range [-2.1007793..2.3262744].
2025-05-20 21:03:55,150 - matplotlib.image - WARNING - Clipping input data to the valid range for imshow with RGB data ([0..1] for floats or [0..255] for integers). Got range [-2.1007793..2.3262744].
2025-05-20 21:03:55,153 - matplotlib.image - WARNING - Clipping input data to the valid range for imshow with RGB data ([0..1] for floats or [0..255] for integers). Got range [-2.1007793..108.916565].
2025-05-20 21:03:55,329 - matplotlib.image - WARNING - Clipping input data to the valid range for imshow with RGB data ([0..1] for floats or [0..255] for integers). Got range [-2.117904..2.465708].
2025-05-20 21:03:55,331 - matplotlib.image - WARNING - Clipping input data to the valid range for imshow with RGB data ([0..1] for floats or [0..255] for integers). Got range [-2.117904..2.465708].
2025-05-20 21:03:55,333 - matplotlib.image - WARNING - Clipping input data to the valid range for imshow with RGB data ([0..1] for floats or [0..255] for integers). Got range [-2.117904..108.89565].
2025-05-20 21:03:55,493 - matplotlib.image - WARNING - Clipping input data to the valid range for imshow with RGB data ([0..1] for floats or [0..255] for integers). Got range [-2.117904..2.5005665].
2025-05-20 21:03:55,494 - matplotlib.image - WARNING - Clipping input data to the valid range for imshow with RGB data ([0..1] for floats or [0..255] for integers). Got range [-2.117904..2.5005665].
2025-05-20 21:03:55,497 - matplotlib.image - WARNING - Clipping input data to the valid range for imshow with RGB data ([0..1] for floats or [0..255] for integers). Got range [-2.117904..108.89565].
2025-05-20 21:03:55,673 - matplotlib.image - WARNING - Clipping input data to the valid range for imshow with RGB data ([0..1] for floats or [0..255] for integers). Got range [-2.117904..2.5702832].
2025-05-20 21:03:55,675 - matplotlib.image - WARNING - Clipping input data to the valid range for imshow with RGB data ([0..1] for floats or [0..255] for integers). Got range [-2.117904..2.5702832].
2025-05-20 21:03:55,678 - matplotlib.image - WARNING - Clipping input data to the valid range for imshow with RGB data ([0..1] for floats or [0..255] for integers). Got range [-2.117904..108.937485].
2025-05-20 21:03:55,834 - matplotlib.image - WARNING - Clipping input data to the valid range for imshow with RGB data ([0..1] for floats or [0..255] for integers). Got range [-2.117904..2.622571].
2025-05-20 21:03:55,835 - matplotlib.image - WARNING - Clipping input data to the valid range for imshow with RGB data ([0..1] for floats or [0..255] for integers). Got range [-2.117904..2.622571].
2025-05-20 21:03:55,837 - matplotlib.image - WARNING - Clipping input data to the valid range for imshow with RGB data ([0..1] for floats or [0..255] for integers). Got range [-2.117904..108.937485].
2025-05-20 21:03:56,139 - matplotlib.image - WARNING - Clipping input data to the valid range for imshow with RGB data ([0..1] for floats or [0..255] for integers). Got range [-2.117904..2.5702832].
2025-05-20 21:03:56,140 - matplotlib.image - WARNING - Clipping input data to the valid range for imshow with RGB data ([0..1] for floats or [0..255] for integers). Got range [-2.117904..2.5702832].
2025-05-20 21:03:56,143 - matplotlib.image - WARNING - Clipping input data to the valid range for imshow with RGB data ([0..1] for floats or [0..255] for integers). Got range [-2.117904..108.94445].
2025-05-20 21:03:56,274 - matplotlib.image - WARNING - Clipping input data to the valid range for imshow with RGB data ([0..1] for floats or [0..255] for integers). Got range [-2.117904..2.6051416].
2025-05-20 21:03:56,275 - matplotlib.image - WARNING - Clipping input data to the valid range for imshow with RGB data ([0..1] for floats or [0..255] for integers). Got range [-2.117904..2.6051416].
2025-05-20 21:03:56,278 - matplotlib.image - WARNING - Clipping input data to the valid range for imshow with RGB data ([0..1] for floats or [0..255] for integers). Got range [-2.117904..108.94445].
2025-05-20 21:03:56,468 - matplotlib.image - WARNING - Clipping input data to the valid range for imshow with RGB data ([0..1] for floats or [0..255] for integers). Got range [-2.1007793..2.6051416].
2025-05-20 21:03:56,470 - matplotlib.image - WARNING - Clipping input data to the valid range for imshow with RGB data ([0..1] for floats or [0..255] for integers). Got range [-2.1007793..2.6051416].
2025-05-20 21:03:56,472 - matplotlib.image - WARNING - Clipping input data to the valid range for imshow with RGB data ([0..1] for floats or [0..255] for integers). Got range [-2.1007793..108.9584].
2025-05-20 21:03:56,605 - matplotlib.image - WARNING - Clipping input data to the valid range for imshow with RGB data ([0..1] for floats or [0..255] for integers). Got range [-2.1007793..2.6051416].
2025-05-20 21:03:56,606 - matplotlib.image - WARNING - Clipping input data to the valid range for imshow with RGB data ([0..1] for floats or [0..255] for integers). Got range [-2.1007793..2.6051416].
2025-05-20 21:03:56,608 - matplotlib.image - WARNING - Clipping input data to the valid range for imshow with RGB data ([0..1] for floats or [0..255] for integers). Got range [-2.1007793..108.95142].
2025-05-20 21:03:56,791 - matplotlib.image - WARNING - Clipping input data to the valid range for imshow with RGB data ([0..1] for floats or [0..255] for integers). Got range [-2.0665298..2.535425].
2025-05-20 21:03:56,793 - matplotlib.image - WARNING - Clipping input data to the valid range for imshow with RGB data ([0..1] for floats or [0..255] for integers). Got range [-2.0665298..2.535425].
2025-05-20 21:03:56,796 - matplotlib.image - WARNING - Clipping input data to the valid range for imshow with RGB data ([0..1] for floats or [0..255] for integers). Got range [-2.0665298..108.96537].
2025-05-20 21:03:56,931 - matplotlib.image - WARNING - Clipping input data to the valid range for imshow with RGB data ([0..1] for floats or [0..255] for integers). Got range [-2.0836544..2.5702832].
2025-05-20 21:03:56,932 - matplotlib.image - WARNING - Clipping input data to the valid range for imshow with RGB data ([0..1] for floats or [0..255] for integers). Got range [-2.0836544..2.5702832].
2025-05-20 21:03:56,935 - matplotlib.image - WARNING - Clipping input data to the valid range for imshow with RGB data ([0..1] for floats or [0..255] for integers). Got range [-2.0836544..108.9584].
2025-05-20 21:03:57,119 - matplotlib.image - WARNING - Clipping input data to the valid range for imshow with RGB data ([0..1] for floats or [0..255] for integers). Got range [-2.0836544..2.5877128].
2025-05-20 21:03:57,120 - matplotlib.image - WARNING - Clipping input data to the valid range for imshow with RGB data ([0..1] for floats or [0..255] for integers). Got range [-2.0836544..2.5877128].
2025-05-20 21:03:57,123 - matplotlib.image - WARNING - Clipping input data to the valid range for imshow with RGB data ([0..1] for floats or [0..255] for integers). Got range [-2.0836544..108.96537].
2025-05-20 21:03:57,284 - matplotlib.image - WARNING - Clipping input data to the valid range for imshow with RGB data ([0..1] for floats or [0..255] for integers). Got range [-2.0665298..2.6051416].
2025-05-20 21:03:57,285 - matplotlib.image - WARNING - Clipping input data to the valid range for imshow with RGB data ([0..1] for floats or [0..255] for integers). Got range [-2.0665298..2.6051416].
2025-05-20 21:03:57,287 - matplotlib.image - WARNING - Clipping input data to the valid range for imshow with RGB data ([0..1] for floats or [0..255] for integers). Got range [-2.0665298..108.9584].
2025-05-20 21:03:57,484 - matplotlib.image - WARNING - Clipping input data to the valid range for imshow with RGB data ([0..1] for floats or [0..255] for integers). Got range [-2.1007793..2.5528543].
2025-05-20 21:03:57,485 - matplotlib.image - WARNING - Clipping input data to the valid range for imshow with RGB data ([0..1] for floats or [0..255] for integers). Got range [-2.1007793..2.5528543].
2025-05-20 21:03:57,487 - matplotlib.image - WARNING - Clipping input data to the valid range for imshow with RGB data ([0..1] for floats or [0..255] for integers). Got range [-2.1007793..108.95142].
2025-05-20 21:03:57,625 - matplotlib.image - WARNING - Clipping input data to the valid range for imshow with RGB data ([0..1] for floats or [0..255] for integers). Got range [-2.1007793..2.5877128].
2025-05-20 21:03:57,626 - matplotlib.image - WARNING - Clipping input data to the valid range for imshow with RGB data ([0..1] for floats or [0..255] for integers). Got range [-2.1007793..2.5877128].
2025-05-20 21:03:57,629 - matplotlib.image - WARNING - Clipping input data to the valid range for imshow with RGB data ([0..1] for floats or [0..255] for integers). Got range [-2.1007793..108.94445].
2025-05-20 21:03:57,819 - matplotlib.image - WARNING - Clipping input data to the valid range for imshow with RGB data ([0..1] for floats or [0..255] for integers). Got range [-2.117904..2.64].
2025-05-20 21:03:57,821 - matplotlib.image - WARNING - Clipping input data to the valid range for imshow with RGB data ([0..1] for floats or [0..255] for integers). Got range [-2.117904..2.64].
2025-05-20 21:03:57,823 - matplotlib.image - WARNING - Clipping input data to the valid range for imshow with RGB data ([0..1] for floats or [0..255] for integers). Got range [-2.117904..109.056].
2025-05-20 21:03:57,975 - matplotlib.image - WARNING - Clipping input data to the valid range for imshow with RGB data ([0..1] for floats or [0..255] for integers). Got range [-2.117904..2.64].
2025-05-20 21:03:57,976 - matplotlib.image - WARNING - Clipping input data to the valid range for imshow with RGB data ([0..1] for floats or [0..255] for integers). Got range [-2.117904..2.64].
2025-05-20 21:03:57,978 - matplotlib.image - WARNING - Clipping input data to the valid range for imshow with RGB data ([0..1] for floats or [0..255] for integers). Got range [-2.117904..109.056].
2025-05-20 21:03:58,162 - matplotlib.image - WARNING - Clipping input data to the valid range for imshow with RGB data ([0..1] for floats or [0..255] for integers). Got range [-2.117904..2.64].
2025-05-20 21:03:58,163 - matplotlib.image - WARNING - Clipping input data to the valid range for imshow with RGB data ([0..1] for floats or [0..255] for integers). Got range [-2.117904..2.64].
2025-05-20 21:03:58,166 - matplotlib.image - WARNING - Clipping input data to the valid range for imshow with RGB data ([0..1] for floats or [0..255] for integers). Got range [-2.117904..109.056].
2025-05-20 21:03:58,426 - matplotlib.image - WARNING - Clipping input data to the valid range for imshow with RGB data ([0..1] for floats or [0..255] for integers). Got range [-2.117904..2.64].
2025-05-20 21:03:58,427 - matplotlib.image - WARNING - Clipping input data to the valid range for imshow with RGB data ([0..1] for floats or [0..255] for integers). Got range [-2.117904..2.64].
2025-05-20 21:03:58,430 - matplotlib.image - WARNING - Clipping input data to the valid range for imshow with RGB data ([0..1] for floats or [0..255] for integers). Got range [-2.117904..109.056].
2025-05-20 21:03:58,629 - matplotlib.image - WARNING - Clipping input data to the valid range for imshow with RGB data ([0..1] for floats or [0..255] for integers). Got range [-2.117904..2.64].
2025-05-20 21:03:58,631 - matplotlib.image - WARNING - Clipping input data to the valid range for imshow with RGB data ([0..1] for floats or [0..255] for integers). Got range [-2.117904..2.64].
2025-05-20 21:03:58,633 - matplotlib.image - WARNING - Clipping input data to the valid range for imshow with RGB data ([0..1] for floats or [0..255] for integers). Got range [-2.117904..109.056].
2025-05-20 21:03:58,774 - matplotlib.image - WARNING - Clipping input data to the valid range for imshow with RGB data ([0..1] for floats or [0..255] for integers). Got range [-2.117904..2.64].
2025-05-20 21:03:58,775 - matplotlib.image - WARNING - Clipping input data to the valid range for imshow with RGB data ([0..1] for floats or [0..255] for integers). Got range [-2.117904..2.64].
2025-05-20 21:03:58,778 - matplotlib.image - WARNING - Clipping input data to the valid range for imshow with RGB data ([0..1] for floats or [0..255] for integers). Got range [-2.117904..109.056].
2025-05-20 21:03:58,979 - matplotlib.image - WARNING - Clipping input data to the valid range for imshow with RGB data ([0..1] for floats or [0..255] for integers). Got range [-2.117904..2.64].
2025-05-20 21:03:58,980 - matplotlib.image - WARNING - Clipping input data to the valid range for imshow with RGB data ([0..1] for floats or [0..255] for integers). Got range [-2.117904..2.64].
2025-05-20 21:03:58,982 - matplotlib.image - WARNING - Clipping input data to the valid range for imshow with RGB data ([0..1] for floats or [0..255] for integers). Got range [-2.117904..109.056].
2025-05-20 21:03:59,119 - matplotlib.image - WARNING - Clipping input data to the valid range for imshow with RGB data ([0..1] for floats or [0..255] for integers). Got range [-2.117904..2.64].
2025-05-20 21:03:59,120 - matplotlib.image - WARNING - Clipping input data to the valid range for imshow with RGB data ([0..1] for floats or [0..255] for integers). Got range [-2.117904..2.64].
2025-05-20 21:03:59,123 - matplotlib.image - WARNING - Clipping input data to the valid range for imshow with RGB data ([0..1] for floats or [0..255] for integers). Got range [-2.117904..109.056].
2025-05-20 21:03:59,326 - matplotlib.image - WARNING - Clipping input data to the valid range for imshow with RGB data ([0..1] for floats or [0..255] for integers). Got range [-2.117904..2.64].
2025-05-20 21:03:59,327 - matplotlib.image - WARNING - Clipping input data to the valid range for imshow with RGB data ([0..1] for floats or [0..255] for integers). Got range [-2.117904..2.64].
2025-05-20 21:03:59,329 - matplotlib.image - WARNING - Clipping input data to the valid range for imshow with RGB data ([0..1] for floats or [0..255] for integers). Got range [-2.117904..109.056].
2025-05-20 21:03:59,474 - matplotlib.image - WARNING - Clipping input data to the valid range for imshow with RGB data ([0..1] for floats or [0..255] for integers). Got range [-2.117904..2.64].
2025-05-20 21:03:59,476 - matplotlib.image - WARNING - Clipping input data to the valid range for imshow with RGB data ([0..1] for floats or [0..255] for integers). Got range [-2.117904..2.64].
2025-05-20 21:03:59,478 - matplotlib.image - WARNING - Clipping input data to the valid range for imshow with RGB data ([0..1] for floats or [0..255] for integers). Got range [-2.117904..109.056].
2025-05-20 21:03:59,687 - matplotlib.image - WARNING - Clipping input data to the valid range for imshow with RGB data ([0..1] for floats or [0..255] for integers). Got range [-2.117904..2.64].
2025-05-20 21:03:59,689 - matplotlib.image - WARNING - Clipping input data to the valid range for imshow with RGB data ([0..1] for floats or [0..255] for integers). Got range [-2.117904..2.64].
2025-05-20 21:03:59,691 - matplotlib.image - WARNING - Clipping input data to the valid range for imshow with RGB data ([0..1] for floats or [0..255] for integers). Got range [-2.117904..109.056].
2025-05-20 21:03:59,840 - matplotlib.image - WARNING - Clipping input data to the valid range for imshow with RGB data ([0..1] for floats or [0..255] for integers). Got range [-2.117904..2.64].
2025-05-20 21:03:59,841 - matplotlib.image - WARNING - Clipping input data to the valid range for imshow with RGB data ([0..1] for floats or [0..255] for integers). Got range [-2.117904..2.64].
2025-05-20 21:03:59,844 - matplotlib.image - WARNING - Clipping input data to the valid range for imshow with RGB data ([0..1] for floats or [0..255] for integers). Got range [-2.117904..109.03509].
2025-05-20 21:04:00,056 - matplotlib.image - WARNING - Clipping input data to the valid range for imshow with RGB data ([0..1] for floats or [0..255] for integers). Got range [-2.117904..2.64].
2025-05-20 21:04:00,058 - matplotlib.image - WARNING - Clipping input data to the valid range for imshow with RGB data ([0..1] for floats or [0..255] for integers). Got range [-2.117904..2.64].
2025-05-20 21:04:00,060 - matplotlib.image - WARNING - Clipping input data to the valid range for imshow with RGB data ([0..1] for floats or [0..255] for integers). Got range [-2.117904..109.04205].
2025-05-20 21:04:00,207 - matplotlib.image - WARNING - Clipping input data to the valid range for imshow with RGB data ([0..1] for floats or [0..255] for integers). Got range [-2.117904..2.64].
2025-05-20 21:04:00,208 - matplotlib.image - WARNING - Clipping input data to the valid range for imshow with RGB data ([0..1] for floats or [0..255] for integers). Got range [-2.117904..2.64].
2025-05-20 21:04:00,210 - matplotlib.image - WARNING - Clipping input data to the valid range for imshow with RGB data ([0..1] for floats or [0..255] for integers). Got range [-2.117904..109.028114].
2025-05-20 21:04:00,433 - matplotlib.image - WARNING - Clipping input data to the valid range for imshow with RGB data ([0..1] for floats or [0..255] for integers). Got range [-2.0665298..2.64].
2025-05-20 21:04:00,435 - matplotlib.image - WARNING - Clipping input data to the valid range for imshow with RGB data ([0..1] for floats or [0..255] for integers). Got range [-2.0665298..2.64].
2025-05-20 21:04:00,437 - matplotlib.image - WARNING - Clipping input data to the valid range for imshow with RGB data ([0..1] for floats or [0..255] for integers). Got range [-2.0665298..109.056].
2025-05-20 21:04:00,684 - matplotlib.image - WARNING - Clipping input data to the valid range for imshow with RGB data ([0..1] for floats or [0..255] for integers). Got range [-2.1007793..2.64].
2025-05-20 21:04:00,686 - matplotlib.image - WARNING - Clipping input data to the valid range for imshow with RGB data ([0..1] for floats or [0..255] for integers). Got range [-2.1007793..2.64].
2025-05-20 21:04:00,689 - matplotlib.image - WARNING - Clipping input data to the valid range for imshow with RGB data ([0..1] for floats or [0..255] for integers). Got range [-2.1007793..109.056].
2025-05-20 21:04:00,907 - matplotlib.image - WARNING - Clipping input data to the valid range for imshow with RGB data ([0..1] for floats or [0..255] for integers). Got range [-2.0836544..2.64].
2025-05-20 21:04:00,909 - matplotlib.image - WARNING - Clipping input data to the valid range for imshow with RGB data ([0..1] for floats or [0..255] for integers). Got range [-2.0836544..2.64].
2025-05-20 21:04:00,911 - matplotlib.image - WARNING - Clipping input data to the valid range for imshow with RGB data ([0..1] for floats or [0..255] for integers). Got range [-2.0357141..109.056].
2025-05-20 21:04:01,035 - matplotlib.image - WARNING - Clipping input data to the valid range for imshow with RGB data ([0..1] for floats or [0..255] for integers). Got range [-2.1007793..2.64].
2025-05-20 21:04:01,036 - matplotlib.image - WARNING - Clipping input data to the valid range for imshow with RGB data ([0..1] for floats or [0..255] for integers). Got range [-2.1007793..2.64].
2025-05-20 21:04:01,038 - matplotlib.image - WARNING - Clipping input data to the valid range for imshow with RGB data ([0..1] for floats or [0..255] for integers). Got range [-2.0494049..109.056].
2025-05-20 21:04:01,263 - matplotlib.image - WARNING - Clipping input data to the valid range for imshow with RGB data ([0..1] for floats or [0..255] for integers). Got range [-2.0494049..2.64].
2025-05-20 21:04:01,264 - matplotlib.image - WARNING - Clipping input data to the valid range for imshow with RGB data ([0..1] for floats or [0..255] for integers). Got range [-2.0494049..2.64].
2025-05-20 21:04:01,267 - matplotlib.image - WARNING - Clipping input data to the valid range for imshow with RGB data ([0..1] for floats or [0..255] for integers). Got range [-2.0494049..109.056].
2025-05-20 21:04:01,390 - matplotlib.image - WARNING - Clipping input data to the valid range for imshow with RGB data ([0..1] for floats or [0..255] for integers). Got range [-2.0836544..2.64].
2025-05-20 21:04:01,391 - matplotlib.image - WARNING - Clipping input data to the valid range for imshow with RGB data ([0..1] for floats or [0..255] for integers). Got range [-2.0836544..2.64].
2025-05-20 21:04:01,394 - matplotlib.image - WARNING - Clipping input data to the valid range for imshow with RGB data ([0..1] for floats or [0..255] for integers). Got range [-2.0836544..109.056].
2025-05-20 21:04:01,621 - matplotlib.image - WARNING - Clipping input data to the valid range for imshow with RGB data ([0..1] for floats or [0..255] for integers). Got range [-2.0182073..2.64].
2025-05-20 21:04:01,623 - matplotlib.image - WARNING - Clipping input data to the valid range for imshow with RGB data ([0..1] for floats or [0..255] for integers). Got range [-2.0182073..2.64].
2025-05-20 21:04:01,625 - matplotlib.image - WARNING - Clipping input data to the valid range for imshow with RGB data ([0..1] for floats or [0..255] for integers). Got range [-1.9466565..109.056].
2025-05-20 21:04:01,751 - matplotlib.image - WARNING - Clipping input data to the valid range for imshow with RGB data ([0..1] for floats or [0..255] for integers). Got range [-1.9980307..2.64].
2025-05-20 21:04:01,753 - matplotlib.image - WARNING - Clipping input data to the valid range for imshow with RGB data ([0..1] for floats or [0..255] for integers). Got range [-1.9980307..2.64].
2025-05-20 21:04:01,755 - matplotlib.image - WARNING - Clipping input data to the valid range for imshow with RGB data ([0..1] for floats or [0..255] for integers). Got range [-1.9466565..109.056].
2025-05-20 21:04:01,941 - matplotlib.image - WARNING - Clipping input data to the valid range for imshow with RGB data ([0..1] for floats or [0..255] for integers). Got range [-1.980906..2.622571].
2025-05-20 21:04:01,942 - matplotlib.image - WARNING - Clipping input data to the valid range for imshow with RGB data ([0..1] for floats or [0..255] for integers). Got range [-1.980906..2.622571].
2025-05-20 21:04:01,945 - matplotlib.image - WARNING - Clipping input data to the valid range for imshow with RGB data ([0..1] for floats or [0..255] for integers). Got range [-1.980906..109.04205].
2025-05-20 21:04:02,106 - matplotlib.image - WARNING - Clipping input data to the valid range for imshow with RGB data ([0..1] for floats or [0..255] for integers). Got range [-1.980906..2.6051416].
2025-05-20 21:04:02,108 - matplotlib.image - WARNING - Clipping input data to the valid range for imshow with RGB data ([0..1] for floats or [0..255] for integers). Got range [-1.980906..2.6051416].
2025-05-20 21:04:02,110 - matplotlib.image - WARNING - Clipping input data to the valid range for imshow with RGB data ([0..1] for floats or [0..255] for integers). Got range [-1.980906..109.04205].
2025-05-20 21:04:02,301 - matplotlib.image - WARNING - Clipping input data to the valid range for imshow with RGB data ([0..1] for floats or [0..255] for integers). Got range [-1.9980307..2.64].
2025-05-20 21:04:02,303 - matplotlib.image - WARNING - Clipping input data to the valid range for imshow with RGB data ([0..1] for floats or [0..255] for integers). Got range [-1.9980307..2.64].
2025-05-20 21:04:02,305 - matplotlib.image - WARNING - Clipping input data to the valid range for imshow with RGB data ([0..1] for floats or [0..255] for integers). Got range [-1.9980307..109.056].
2025-05-20 21:04:02,476 - matplotlib.image - WARNING - Clipping input data to the valid range for imshow with RGB data ([0..1] for floats or [0..255] for integers). Got range [-1.9980307..2.622571].
2025-05-20 21:04:02,478 - matplotlib.image - WARNING - Clipping input data to the valid range for imshow with RGB data ([0..1] for floats or [0..255] for integers). Got range [-1.9980307..2.622571].
2025-05-20 21:04:02,480 - matplotlib.image - WARNING - Clipping input data to the valid range for imshow with RGB data ([0..1] for floats or [0..255] for integers). Got range [-1.9980307..109.028114].
2025-05-20 21:04:02,688 - matplotlib.image - WARNING - Clipping input data to the valid range for imshow with RGB data ([0..1] for floats or [0..255] for integers). Got range [-1.9980307..2.622571].
2025-05-20 21:04:02,690 - matplotlib.image - WARNING - Clipping input data to the valid range for imshow with RGB data ([0..1] for floats or [0..255] for integers). Got range [-1.9980307..2.622571].
2025-05-20 21:04:02,692 - matplotlib.image - WARNING - Clipping input data to the valid range for imshow with RGB data ([0..1] for floats or [0..255] for integers). Got range [-1.9980307..109.03509].
2025-05-20 21:04:02,970 - matplotlib.image - WARNING - Clipping input data to the valid range for imshow with RGB data ([0..1] for floats or [0..255] for integers). Got range [-2.0151556..2.622571].
2025-05-20 21:04:02,971 - matplotlib.image - WARNING - Clipping input data to the valid range for imshow with RGB data ([0..1] for floats or [0..255] for integers). Got range [-2.0151556..2.622571].
2025-05-20 21:04:02,974 - matplotlib.image - WARNING - Clipping input data to the valid range for imshow with RGB data ([0..1] for floats or [0..255] for integers). Got range [-2.0151556..109.04205].
2025-05-20 21:04:03,175 - matplotlib.image - WARNING - Clipping input data to the valid range for imshow with RGB data ([0..1] for floats or [0..255] for integers). Got range [-2.0151556..2.64].
2025-05-20 21:04:03,176 - matplotlib.image - WARNING - Clipping input data to the valid range for imshow with RGB data ([0..1] for floats or [0..255] for integers). Got range [-2.0151556..2.64].
2025-05-20 21:04:03,179 - matplotlib.image - WARNING - Clipping input data to the valid range for imshow with RGB data ([0..1] for floats or [0..255] for integers). Got range [-2.0151556..109.056].
2025-05-20 21:04:03,323 - matplotlib.image - WARNING - Clipping input data to the valid range for imshow with RGB data ([0..1] for floats or [0..255] for integers). Got range [-1.9980307..2.64].
2025-05-20 21:04:03,324 - matplotlib.image - WARNING - Clipping input data to the valid range for imshow with RGB data ([0..1] for floats or [0..255] for integers). Got range [-1.9980307..2.64].
2025-05-20 21:04:03,326 - matplotlib.image - WARNING - Clipping input data to the valid range for imshow with RGB data ([0..1] for floats or [0..255] for integers). Got range [-1.9980307..109.056].
2025-05-20 21:04:03,538 - matplotlib.image - WARNING - Clipping input data to the valid range for imshow with RGB data ([0..1] for floats or [0..255] for integers). Got range [-2.0151556..2.64].
2025-05-20 21:04:03,541 - matplotlib.image - WARNING - Clipping input data to the valid range for imshow with RGB data ([0..1] for floats or [0..255] for integers). Got range [-2.0151556..2.64].
2025-05-20 21:04:03,543 - matplotlib.image - WARNING - Clipping input data to the valid range for imshow with RGB data ([0..1] for floats or [0..255] for integers). Got range [-2.0151556..109.056].
2025-05-20 21:04:03,687 - matplotlib.image - WARNING - Clipping input data to the valid range for imshow with RGB data ([0..1] for floats or [0..255] for integers). Got range [-2.0151556..2.64].
2025-05-20 21:04:03,689 - matplotlib.image - WARNING - Clipping input data to the valid range for imshow with RGB data ([0..1] for floats or [0..255] for integers). Got range [-2.0151556..2.64].
2025-05-20 21:04:03,691 - matplotlib.image - WARNING - Clipping input data to the valid range for imshow with RGB data ([0..1] for floats or [0..255] for integers). Got range [-2.0151556..109.04903].
2025-05-20 21:04:03,873 - matplotlib.image - WARNING - Clipping input data to the valid range for imshow with RGB data ([0..1] for floats or [0..255] for integers). Got range [-2.0322802..2.64].
2025-05-20 21:04:03,875 - matplotlib.image - WARNING - Clipping input data to the valid range for imshow with RGB data ([0..1] for floats or [0..255] for integers). Got range [-2.0322802..2.64].
2025-05-20 21:04:03,877 - matplotlib.image - WARNING - Clipping input data to the valid range for imshow with RGB data ([0..1] for floats or [0..255] for integers). Got range [-2.0322802..109.028114].
2025-05-20 21:04:04,041 - matplotlib.image - WARNING - Clipping input data to the valid range for imshow with RGB data ([0..1] for floats or [0..255] for integers). Got range [-1.9980307..2.622571].
2025-05-20 21:04:04,042 - matplotlib.image - WARNING - Clipping input data to the valid range for imshow with RGB data ([0..1] for floats or [0..255] for integers). Got range [-1.9980307..2.622571].
2025-05-20 21:04:04,045 - matplotlib.image - WARNING - Clipping input data to the valid range for imshow with RGB data ([0..1] for floats or [0..255] for integers). Got range [-1.9980307..109.028114].
2025-05-20 21:04:04,234 - matplotlib.image - WARNING - Clipping input data to the valid range for imshow with RGB data ([0..1] for floats or [0..255] for integers). Got range [-2.0151556..2.622571].
2025-05-20 21:04:04,235 - matplotlib.image - WARNING - Clipping input data to the valid range for imshow with RGB data ([0..1] for floats or [0..255] for integers). Got range [-2.0151556..2.622571].
2025-05-20 21:04:04,238 - matplotlib.image - WARNING - Clipping input data to the valid range for imshow with RGB data ([0..1] for floats or [0..255] for integers). Got range [-2.0151556..109.04205].
2025-05-20 21:04:04,396 - matplotlib.image - WARNING - Clipping input data to the valid range for imshow with RGB data ([0..1] for floats or [0..255] for integers). Got range [-1.9980307..2.5877128].
2025-05-20 21:04:04,398 - matplotlib.image - WARNING - Clipping input data to the valid range for imshow with RGB data ([0..1] for floats or [0..255] for integers). Got range [-1.9980307..2.5877128].
2025-05-20 21:04:04,400 - matplotlib.image - WARNING - Clipping input data to the valid range for imshow with RGB data ([0..1] for floats or [0..255] for integers). Got range [-1.9980307..109.028114].
2025-05-20 21:04:04,591 - matplotlib.image - WARNING - Clipping input data to the valid range for imshow with RGB data ([0..1] for floats or [0..255] for integers). Got range [-1.9980307..2.6051416].
2025-05-20 21:04:04,593 - matplotlib.image - WARNING - Clipping input data to the valid range for imshow with RGB data ([0..1] for floats or [0..255] for integers). Got range [-1.9980307..2.6051416].
2025-05-20 21:04:04,596 - matplotlib.image - WARNING - Clipping input data to the valid range for imshow with RGB data ([0..1] for floats or [0..255] for integers). Got range [-1.9980307..109.04205].
2025-05-20 21:04:04,763 - matplotlib.image - WARNING - Clipping input data to the valid range for imshow with RGB data ([0..1] for floats or [0..255] for integers). Got range [-2.0151556..2.622571].
2025-05-20 21:04:04,764 - matplotlib.image - WARNING - Clipping input data to the valid range for imshow with RGB data ([0..1] for floats or [0..255] for integers). Got range [-2.0151556..2.622571].
2025-05-20 21:04:04,766 - matplotlib.image - WARNING - Clipping input data to the valid range for imshow with RGB data ([0..1] for floats or [0..255] for integers). Got range [-2.0151556..109.04205].
2025-05-20 21:04:04,955 - matplotlib.image - WARNING - Clipping input data to the valid range for imshow with RGB data ([0..1] for floats or [0..255] for integers). Got range [-1.980906..2.64].
2025-05-20 21:04:04,957 - matplotlib.image - WARNING - Clipping input data to the valid range for imshow with RGB data ([0..1] for floats or [0..255] for integers). Got range [-1.980906..2.64].
2025-05-20 21:04:04,959 - matplotlib.image - WARNING - Clipping input data to the valid range for imshow with RGB data ([0..1] for floats or [0..255] for integers). Got range [-1.980906..109.04903].
2025-05-20 21:04:05,244 - matplotlib.image - WARNING - Clipping input data to the valid range for imshow with RGB data ([0..1] for floats or [0..255] for integers). Got range [-1.9637812..2.622571].
2025-05-20 21:04:05,246 - matplotlib.image - WARNING - Clipping input data to the valid range for imshow with RGB data ([0..1] for floats or [0..255] for integers). Got range [-1.9637812..2.622571].
2025-05-20 21:04:05,248 - matplotlib.image - WARNING - Clipping input data to the valid range for imshow with RGB data ([0..1] for floats or [0..255] for integers). Got range [-1.9637812..109.04903].
2025-05-20 21:04:05,455 - matplotlib.image - WARNING - Clipping input data to the valid range for imshow with RGB data ([0..1] for floats or [0..255] for integers). Got range [-2.0151556..2.622571].
2025-05-20 21:04:05,457 - matplotlib.image - WARNING - Clipping input data to the valid range for imshow with RGB data ([0..1] for floats or [0..255] for integers). Got range [-2.0151556..2.622571].
2025-05-20 21:04:05,459 - matplotlib.image - WARNING - Clipping input data to the valid range for imshow with RGB data ([0..1] for floats or [0..255] for integers). Got range [-2.0151556..109.04903].
2025-05-20 21:04:05,604 - matplotlib.image - WARNING - Clipping input data to the valid range for imshow with RGB data ([0..1] for floats or [0..255] for integers). Got range [-2.0151556..2.64].
2025-05-20 21:04:05,606 - matplotlib.image - WARNING - Clipping input data to the valid range for imshow with RGB data ([0..1] for floats or [0..255] for integers). Got range [-2.0151556..2.64].
2025-05-20 21:04:05,609 - matplotlib.image - WARNING - Clipping input data to the valid range for imshow with RGB data ([0..1] for floats or [0..255] for integers). Got range [-2.0151556..109.056].
2025-05-20 21:04:05,817 - matplotlib.image - WARNING - Clipping input data to the valid range for imshow with RGB data ([0..1] for floats or [0..255] for integers). Got range [-2.117904..2.64].
2025-05-20 21:04:05,818 - matplotlib.image - WARNING - Clipping input data to the valid range for imshow with RGB data ([0..1] for floats or [0..255] for integers). Got range [-2.117904..2.64].
2025-05-20 21:04:05,820 - matplotlib.image - WARNING - Clipping input data to the valid range for imshow with RGB data ([0..1] for floats or [0..255] for integers). Got range [-2.117904..108.75622].
2025-05-20 21:04:05,973 - matplotlib.image - WARNING - Clipping input data to the valid range for imshow with RGB data ([0..1] for floats or [0..255] for integers). Got range [-2.117904..2.64].
2025-05-20 21:04:05,974 - matplotlib.image - WARNING - Clipping input data to the valid range for imshow with RGB data ([0..1] for floats or [0..255] for integers). Got range [-2.117904..2.64].
2025-05-20 21:04:05,976 - matplotlib.image - WARNING - Clipping input data to the valid range for imshow with RGB data ([0..1] for floats or [0..255] for integers). Got range [-2.117904..108.749245].
2025-05-20 21:04:06,186 - matplotlib.image - WARNING - Clipping input data to the valid range for imshow with RGB data ([0..1] for floats or [0..255] for integers). Got range [-2.117904..2.64].
2025-05-20 21:04:06,188 - matplotlib.image - WARNING - Clipping input data to the valid range for imshow with RGB data ([0..1] for floats or [0..255] for integers). Got range [-2.117904..2.64].
2025-05-20 21:04:06,190 - matplotlib.image - WARNING - Clipping input data to the valid range for imshow with RGB data ([0..1] for floats or [0..255] for integers). Got range [-2.117904..108.7841].
2025-05-20 21:04:06,340 - matplotlib.image - WARNING - Clipping input data to the valid range for imshow with RGB data ([0..1] for floats or [0..255] for integers). Got range [-2.117904..2.64].
2025-05-20 21:04:06,341 - matplotlib.image - WARNING - Clipping input data to the valid range for imshow with RGB data ([0..1] for floats or [0..255] for integers). Got range [-2.117904..2.64].
2025-05-20 21:04:06,344 - matplotlib.image - WARNING - Clipping input data to the valid range for imshow with RGB data ([0..1] for floats or [0..255] for integers). Got range [-2.117904..108.79805].
2025-05-20 21:04:06,596 - matplotlib.image - WARNING - Clipping input data to the valid range for imshow with RGB data ([0..1] for floats or [0..255] for integers). Got range [-2.117904..2.64].
2025-05-20 21:04:06,597 - matplotlib.image - WARNING - Clipping input data to the valid range for imshow with RGB data ([0..1] for floats or [0..255] for integers). Got range [-2.117904..2.64].
2025-05-20 21:04:06,599 - matplotlib.image - WARNING - Clipping input data to the valid range for imshow with RGB data ([0..1] for floats or [0..255] for integers). Got range [-2.117904..108.916565].
2025-05-20 21:04:06,751 - matplotlib.image - WARNING - Clipping input data to the valid range for imshow with RGB data ([0..1] for floats or [0..255] for integers). Got range [-2.117904..2.64].
2025-05-20 21:04:06,753 - matplotlib.image - WARNING - Clipping input data to the valid range for imshow with RGB data ([0..1] for floats or [0..255] for integers). Got range [-2.117904..2.64].
2025-05-20 21:04:06,755 - matplotlib.image - WARNING - Clipping input data to the valid range for imshow with RGB data ([0..1] for floats or [0..255] for integers). Got range [-2.117904..108.89565].
2025-05-20 21:04:06,981 - matplotlib.image - WARNING - Clipping input data to the valid range for imshow with RGB data ([0..1] for floats or [0..255] for integers). Got range [-2.117904..2.64].
2025-05-20 21:04:06,983 - matplotlib.image - WARNING - Clipping input data to the valid range for imshow with RGB data ([0..1] for floats or [0..255] for integers). Got range [-2.117904..2.64].
2025-05-20 21:04:06,985 - matplotlib.image - WARNING - Clipping input data to the valid range for imshow with RGB data ([0..1] for floats or [0..255] for integers). Got range [-2.117904..109.056].
2025-05-20 21:04:07,131 - matplotlib.image - WARNING - Clipping input data to the valid range for imshow with RGB data ([0..1] for floats or [0..255] for integers). Got range [-2.117904..2.64].
2025-05-20 21:04:07,132 - matplotlib.image - WARNING - Clipping input data to the valid range for imshow with RGB data ([0..1] for floats or [0..255] for integers). Got range [-2.117904..2.64].
2025-05-20 21:04:07,134 - matplotlib.image - WARNING - Clipping input data to the valid range for imshow with RGB data ([0..1] for floats or [0..255] for integers). Got range [-2.117904..109.04903].
2025-05-20 21:04:07,366 - matplotlib.image - WARNING - Clipping input data to the valid range for imshow with RGB data ([0..1] for floats or [0..255] for integers). Got range [-2.117904..2.622571].
2025-05-20 21:04:07,367 - matplotlib.image - WARNING - Clipping input data to the valid range for imshow with RGB data ([0..1] for floats or [0..255] for integers). Got range [-2.117904..2.622571].
2025-05-20 21:04:07,369 - matplotlib.image - WARNING - Clipping input data to the valid range for imshow with RGB data ([0..1] for floats or [0..255] for integers). Got range [-2.117904..109.03509].
2025-05-20 21:04:07,515 - matplotlib.image - WARNING - Clipping input data to the valid range for imshow with RGB data ([0..1] for floats or [0..255] for integers). Got range [-2.117904..2.64].
2025-05-20 21:04:07,516 - matplotlib.image - WARNING - Clipping input data to the valid range for imshow with RGB data ([0..1] for floats or [0..255] for integers). Got range [-2.117904..2.64].
2025-05-20 21:04:07,518 - matplotlib.image - WARNING - Clipping input data to the valid range for imshow with RGB data ([0..1] for floats or [0..255] for integers). Got range [-2.117904..109.056].
2025-05-20 21:04:07,835 - matplotlib.image - WARNING - Clipping input data to the valid range for imshow with RGB data ([0..1] for floats or [0..255] for integers). Got range [-2.117904..2.64].
2025-05-20 21:04:07,836 - matplotlib.image - WARNING - Clipping input data to the valid range for imshow with RGB data ([0..1] for floats or [0..255] for integers). Got range [-2.117904..2.64].
2025-05-20 21:04:07,838 - matplotlib.image - WARNING - Clipping input data to the valid range for imshow with RGB data ([0..1] for floats or [0..255] for integers). Got range [-2.117904..108.993256].
2025-05-20 21:04:07,985 - matplotlib.image - WARNING - Clipping input data to the valid range for imshow with RGB data ([0..1] for floats or [0..255] for integers). Got range [-2.117904..2.64].
2025-05-20 21:04:07,986 - matplotlib.image - WARNING - Clipping input data to the valid range for imshow with RGB data ([0..1] for floats or [0..255] for integers). Got range [-2.117904..2.64].
2025-05-20 21:04:07,989 - matplotlib.image - WARNING - Clipping input data to the valid range for imshow with RGB data ([0..1] for floats or [0..255] for integers). Got range [-2.117904..108.93051].
2025-05-20 21:04:08,199 - matplotlib.image - WARNING - Clipping input data to the valid range for imshow with RGB data ([0..1] for floats or [0..255] for integers). Got range [-2.117904..2.64].
2025-05-20 21:04:08,201 - matplotlib.image - WARNING - Clipping input data to the valid range for imshow with RGB data ([0..1] for floats or [0..255] for integers). Got range [-2.117904..2.64].
2025-05-20 21:04:08,203 - matplotlib.image - WARNING - Clipping input data to the valid range for imshow with RGB data ([0..1] for floats or [0..255] for integers). Got range [-2.117904..109.0072].
2025-05-20 21:04:08,338 - matplotlib.image - WARNING - Clipping input data to the valid range for imshow with RGB data ([0..1] for floats or [0..255] for integers). Got range [-2.117904..2.64].
2025-05-20 21:04:08,339 - matplotlib.image - WARNING - Clipping input data to the valid range for imshow with RGB data ([0..1] for floats or [0..255] for integers). Got range [-2.117904..2.64].
2025-05-20 21:04:08,341 - matplotlib.image - WARNING - Clipping input data to the valid range for imshow with RGB data ([0..1] for floats or [0..255] for integers). Got range [-2.117904..109.02114].
2025-05-20 21:04:08,612 - matplotlib.image - WARNING - Clipping input data to the valid range for imshow with RGB data ([0..1] for floats or [0..255] for integers). Got range [-2.117904..2.64].
2025-05-20 21:04:08,613 - matplotlib.image - WARNING - Clipping input data to the valid range for imshow with RGB data ([0..1] for floats or [0..255] for integers). Got range [-2.117904..2.64].
2025-05-20 21:04:08,616 - matplotlib.image - WARNING - Clipping input data to the valid range for imshow with RGB data ([0..1] for floats or [0..255] for integers). Got range [-2.117904..109.02114].
2025-05-20 21:04:08,762 - matplotlib.image - WARNING - Clipping input data to the valid range for imshow with RGB data ([0..1] for floats or [0..255] for integers). Got range [-2.117904..2.64].
2025-05-20 21:04:08,763 - matplotlib.image - WARNING - Clipping input data to the valid range for imshow with RGB data ([0..1] for floats or [0..255] for integers). Got range [-2.117904..2.64].
2025-05-20 21:04:08,765 - matplotlib.image - WARNING - Clipping input data to the valid range for imshow with RGB data ([0..1] for floats or [0..255] for integers). Got range [-2.117904..109.02114].
2025-05-20 21:04:08,976 - matplotlib.image - WARNING - Clipping input data to the valid range for imshow with RGB data ([0..1] for floats or [0..255] for integers). Got range [-2.117904..2.64].
2025-05-20 21:04:08,978 - matplotlib.image - WARNING - Clipping input data to the valid range for imshow with RGB data ([0..1] for floats or [0..255] for integers). Got range [-2.117904..2.64].
2025-05-20 21:04:08,980 - matplotlib.image - WARNING - Clipping input data to the valid range for imshow with RGB data ([0..1] for floats or [0..255] for integers). Got range [-2.117904..109.056].
2025-05-20 21:04:09,128 - matplotlib.image - WARNING - Clipping input data to the valid range for imshow with RGB data ([0..1] for floats or [0..255] for integers). Got range [-2.117904..2.64].
2025-05-20 21:04:09,129 - matplotlib.image - WARNING - Clipping input data to the valid range for imshow with RGB data ([0..1] for floats or [0..255] for integers). Got range [-2.117904..2.64].
2025-05-20 21:04:09,131 - matplotlib.image - WARNING - Clipping input data to the valid range for imshow with RGB data ([0..1] for floats or [0..255] for integers). Got range [-2.117904..108.97931].
2025-05-20 21:04:09,348 - matplotlib.image - WARNING - Clipping input data to the valid range for imshow with RGB data ([0..1] for floats or [0..255] for integers). Got range [-1.9637812..2.2042704].
2025-05-20 21:04:09,349 - matplotlib.image - WARNING - Clipping input data to the valid range for imshow with RGB data ([0..1] for floats or [0..255] for integers). Got range [-1.9637812..2.2042704].
2025-05-20 21:04:09,351 - matplotlib.image - WARNING - Clipping input data to the valid range for imshow with RGB data ([0..1] for floats or [0..255] for integers). Got range [-1.9637812..108.88171].
2025-05-20 21:04:09,515 - matplotlib.image - WARNING - Clipping input data to the valid range for imshow with RGB data ([0..1] for floats or [0..255] for integers). Got range [-1.9637812..2.2391288].
2025-05-20 21:04:09,516 - matplotlib.image - WARNING - Clipping input data to the valid range for imshow with RGB data ([0..1] for floats or [0..255] for integers). Got range [-1.9637812..2.2391288].
2025-05-20 21:04:09,518 - matplotlib.image - WARNING - Clipping input data to the valid range for imshow with RGB data ([0..1] for floats or [0..255] for integers). Got range [-1.9637812..108.89565].
2025-05-20 21:04:09,743 - matplotlib.image - WARNING - Clipping input data to the valid range for imshow with RGB data ([0..1] for floats or [0..255] for integers). Got range [-2.0151556..2.343704].
2025-05-20 21:04:09,745 - matplotlib.image - WARNING - Clipping input data to the valid range for imshow with RGB data ([0..1] for floats or [0..255] for integers). Got range [-2.0151556..2.343704].
2025-05-20 21:04:09,748 - matplotlib.image - WARNING - Clipping input data to the valid range for imshow with RGB data ([0..1] for floats or [0..255] for integers). Got range [-2.0151556..108.937485].
2025-05-20 21:04:09,887 - matplotlib.image - WARNING - Clipping input data to the valid range for imshow with RGB data ([0..1] for floats or [0..255] for integers). Got range [-2.0322802..2.3785625].
2025-05-20 21:04:09,888 - matplotlib.image - WARNING - Clipping input data to the valid range for imshow with RGB data ([0..1] for floats or [0..255] for integers). Got range [-2.0322802..2.3785625].
2025-05-20 21:04:09,891 - matplotlib.image - WARNING - Clipping input data to the valid range for imshow with RGB data ([0..1] for floats or [0..255] for integers). Got range [-2.0322802..108.95142].
2025-05-20 21:04:10,205 - matplotlib.image - WARNING - Clipping input data to the valid range for imshow with RGB data ([0..1] for floats or [0..255] for integers). Got range [-1.980906..2.343704].
2025-05-20 21:04:10,207 - matplotlib.image - WARNING - Clipping input data to the valid range for imshow with RGB data ([0..1] for floats or [0..255] for integers). Got range [-1.980906..2.343704].
2025-05-20 21:04:10,209 - matplotlib.image - WARNING - Clipping input data to the valid range for imshow with RGB data ([0..1] for floats or [0..255] for integers). Got range [-1.980906..108.937485].
2025-05-20 21:04:10,351 - matplotlib.image - WARNING - Clipping input data to the valid range for imshow with RGB data ([0..1] for floats or [0..255] for integers). Got range [-1.980906..2.4134207].
2025-05-20 21:04:10,352 - matplotlib.image - WARNING - Clipping input data to the valid range for imshow with RGB data ([0..1] for floats or [0..255] for integers). Got range [-1.980906..2.4134207].
2025-05-20 21:04:10,354 - matplotlib.image - WARNING - Clipping input data to the valid range for imshow with RGB data ([0..1] for floats or [0..255] for integers). Got range [-1.980906..108.96537].
2025-05-20 21:04:10,639 - matplotlib.image - WARNING - Clipping input data to the valid range for imshow with RGB data ([0..1] for floats or [0..255] for integers). Got range [-1.9637812..2.343704].
2025-05-20 21:04:10,640 - matplotlib.image - WARNING - Clipping input data to the valid range for imshow with RGB data ([0..1] for floats or [0..255] for integers). Got range [-1.9637812..2.343704].
2025-05-20 21:04:10,642 - matplotlib.image - WARNING - Clipping input data to the valid range for imshow with RGB data ([0..1] for floats or [0..255] for integers). Got range [-1.9637812..108.937485].
2025-05-20 21:04:10,779 - matplotlib.image - WARNING - Clipping input data to the valid range for imshow with RGB data ([0..1] for floats or [0..255] for integers). Got range [-1.9980307..2.3262744].
2025-05-20 21:04:10,781 - matplotlib.image - WARNING - Clipping input data to the valid range for imshow with RGB data ([0..1] for floats or [0..255] for integers). Got range [-1.9980307..2.3262744].
2025-05-20 21:04:10,783 - matplotlib.image - WARNING - Clipping input data to the valid range for imshow with RGB data ([0..1] for floats or [0..255] for integers). Got range [-1.9980307..108.93051].
2025-05-20 21:04:11,036 - matplotlib.image - WARNING - Clipping input data to the valid range for imshow with RGB data ([0..1] for floats or [0..255] for integers). Got range [-1.8610327..2.343704].
2025-05-20 21:04:11,037 - matplotlib.image - WARNING - Clipping input data to the valid range for imshow with RGB data ([0..1] for floats or [0..255] for integers). Got range [-1.8610327..2.343704].
2025-05-20 21:04:11,040 - matplotlib.image - WARNING - Clipping input data to the valid range for imshow with RGB data ([0..1] for floats or [0..255] for integers). Got range [-1.8610327..108.937485].
2025-05-20 21:04:11,192 - matplotlib.image - WARNING - Clipping input data to the valid range for imshow with RGB data ([0..1] for floats or [0..255] for integers). Got range [-1.8267832..2.3088455].
2025-05-20 21:04:11,194 - matplotlib.image - WARNING - Clipping input data to the valid range for imshow with RGB data ([0..1] for floats or [0..255] for integers). Got range [-1.8267832..2.3088455].
2025-05-20 21:04:11,196 - matplotlib.image - WARNING - Clipping input data to the valid range for imshow with RGB data ([0..1] for floats or [0..255] for integers). Got range [-1.8267832..108.92354].
2025-05-20 21:04:11,445 - matplotlib.image - WARNING - Clipping input data to the valid range for imshow with RGB data ([0..1] for floats or [0..255] for integers). Got range [-1.7380952..2.2216995].
2025-05-20 21:04:11,447 - matplotlib.image - WARNING - Clipping input data to the valid range for imshow with RGB data ([0..1] for floats or [0..255] for integers). Got range [-1.7380952..2.2216995].
2025-05-20 21:04:11,449 - matplotlib.image - WARNING - Clipping input data to the valid range for imshow with RGB data ([0..1] for floats or [0..255] for integers). Got range [-1.5630252..108.88868].
2025-05-20 21:04:11,602 - matplotlib.image - WARNING - Clipping input data to the valid range for imshow with RGB data ([0..1] for floats or [0..255] for integers). Got range [-1.6505601..2.186841].
2025-05-20 21:04:11,603 - matplotlib.image - WARNING - Clipping input data to the valid range for imshow with RGB data ([0..1] for floats or [0..255] for integers). Got range [-1.6505601..2.186841].
2025-05-20 21:04:11,605 - matplotlib.image - WARNING - Clipping input data to the valid range for imshow with RGB data ([0..1] for floats or [0..255] for integers). Got range [-1.5280112..108.87473].
2025-05-20 21:04:11,864 - matplotlib.image - WARNING - Clipping input data to the valid range for imshow with RGB data ([0..1] for floats or [0..255] for integers). Got range [-2.117904..2.64].
2025-05-20 21:04:11,866 - matplotlib.image - WARNING - Clipping input data to the valid range for imshow with RGB data ([0..1] for floats or [0..255] for integers). Got range [-2.117904..2.64].
2025-05-20 21:04:11,868 - matplotlib.image - WARNING - Clipping input data to the valid range for imshow with RGB data ([0..1] for floats or [0..255] for integers). Got range [-2.0836544..153.51598].
2025-05-20 21:04:12,016 - matplotlib.image - WARNING - Clipping input data to the valid range for imshow with RGB data ([0..1] for floats or [0..255] for integers). Got range [-2.1007793..2.64].
2025-05-20 21:04:12,017 - matplotlib.image - WARNING - Clipping input data to the valid range for imshow with RGB data ([0..1] for floats or [0..255] for integers). Got range [-2.1007793..2.64].
2025-05-20 21:04:12,020 - matplotlib.image - WARNING - Clipping input data to the valid range for imshow with RGB data ([0..1] for floats or [0..255] for integers). Got range [-2.0836544..153.47487].
2025-05-20 21:04:12,264 - matplotlib.image - WARNING - Clipping input data to the valid range for imshow with RGB data ([0..1] for floats or [0..255] for integers). Got range [-2.0836544..2.6051416].
2025-05-20 21:04:12,266 - matplotlib.image - WARNING - Clipping input data to the valid range for imshow with RGB data ([0..1] for floats or [0..255] for integers). Got range [-2.0836544..2.6051416].
2025-05-20 21:04:12,268 - matplotlib.image - WARNING - Clipping input data to the valid range for imshow with RGB data ([0..1] for floats or [0..255] for integers). Got range [-2.0836544..153.54337].
2025-05-20 21:04:12,416 - matplotlib.image - WARNING - Clipping input data to the valid range for imshow with RGB data ([0..1] for floats or [0..255] for integers). Got range [-2.117904..2.5877128].
2025-05-20 21:04:12,418 - matplotlib.image - WARNING - Clipping input data to the valid range for imshow with RGB data ([0..1] for floats or [0..255] for integers). Got range [-2.117904..2.5877128].
2025-05-20 21:04:12,420 - matplotlib.image - WARNING - Clipping input data to the valid range for imshow with RGB data ([0..1] for floats or [0..255] for integers). Got range [-2.1007793..153.54337].
2025-05-20 21:04:12,766 - matplotlib.image - WARNING - Clipping input data to the valid range for imshow with RGB data ([0..1] for floats or [0..255] for integers). Got range [-2.117904..2.64].
2025-05-20 21:04:12,768 - matplotlib.image - WARNING - Clipping input data to the valid range for imshow with RGB data ([0..1] for floats or [0..255] for integers). Got range [-2.117904..2.64].
2025-05-20 21:04:12,770 - matplotlib.image - WARNING - Clipping input data to the valid range for imshow with RGB data ([0..1] for floats or [0..255] for integers). Got range [-2.1007793..153.41322].
2025-05-20 21:04:12,906 - matplotlib.image - WARNING - Clipping input data to the valid range for imshow with RGB data ([0..1] for floats or [0..255] for integers). Got range [-2.117904..2.622571].
2025-05-20 21:04:12,907 - matplotlib.image - WARNING - Clipping input data to the valid range for imshow with RGB data ([0..1] for floats or [0..255] for integers). Got range [-2.117904..2.622571].
2025-05-20 21:04:12,910 - matplotlib.image - WARNING - Clipping input data to the valid range for imshow with RGB data ([0..1] for floats or [0..255] for integers). Got range [-2.117904..153.36526].
2025-05-20 21:04:13,193 - matplotlib.image - WARNING - Clipping input data to the valid range for imshow with RGB data ([0..1] for floats or [0..255] for integers). Got range [-2.117904..2.6051416].
2025-05-20 21:04:13,194 - matplotlib.image - WARNING - Clipping input data to the valid range for imshow with RGB data ([0..1] for floats or [0..255] for integers). Got range [-2.117904..2.6051416].
2025-05-20 21:04:13,197 - matplotlib.image - WARNING - Clipping input data to the valid range for imshow with RGB data ([0..1] for floats or [0..255] for integers). Got range [-2.0836544..153.54337].
2025-05-20 21:04:13,342 - matplotlib.image - WARNING - Clipping input data to the valid range for imshow with RGB data ([0..1] for floats or [0..255] for integers). Got range [-2.117904..2.5702832].
2025-05-20 21:04:13,343 - matplotlib.image - WARNING - Clipping input data to the valid range for imshow with RGB data ([0..1] for floats or [0..255] for integers). Got range [-2.117904..2.5702832].
2025-05-20 21:04:13,346 - matplotlib.image - WARNING - Clipping input data to the valid range for imshow with RGB data ([0..1] for floats or [0..255] for integers). Got range [-2.1007793..153.42007].
2025-05-20 21:04:13,567 - matplotlib.image - WARNING - Clipping input data to the valid range for imshow with RGB data ([0..1] for floats or [0..255] for integers). Got range [-2.117904..2.5528543].
2025-05-20 21:04:13,568 - matplotlib.image - WARNING - Clipping input data to the valid range for imshow with RGB data ([0..1] for floats or [0..255] for integers). Got range [-2.117904..2.5528543].
2025-05-20 21:04:13,571 - matplotlib.image - WARNING - Clipping input data to the valid range for imshow with RGB data ([0..1] for floats or [0..255] for integers). Got range [-2.117904..153.36526].
2025-05-20 21:04:13,722 - matplotlib.image - WARNING - Clipping input data to the valid range for imshow with RGB data ([0..1] for floats or [0..255] for integers). Got range [-2.117904..2.535425].
2025-05-20 21:04:13,724 - matplotlib.image - WARNING - Clipping input data to the valid range for imshow with RGB data ([0..1] for floats or [0..255] for integers). Got range [-2.117904..2.535425].
2025-05-20 21:04:13,726 - matplotlib.image - WARNING - Clipping input data to the valid range for imshow with RGB data ([0..1] for floats or [0..255] for integers). Got range [-2.117904..153.42007].
2025-05-20 21:04:13,934 - matplotlib.image - WARNING - Clipping input data to the valid range for imshow with RGB data ([0..1] for floats or [0..255] for integers). Got range [-2.117904..2.535425].
2025-05-20 21:04:13,935 - matplotlib.image - WARNING - Clipping input data to the valid range for imshow with RGB data ([0..1] for floats or [0..255] for integers). Got range [-2.117904..2.535425].
2025-05-20 21:04:13,938 - matplotlib.image - WARNING - Clipping input data to the valid range for imshow with RGB data ([0..1] for floats or [0..255] for integers). Got range [-2.1007793..153.39952].
2025-05-20 21:04:14,101 - matplotlib.image - WARNING - Clipping input data to the valid range for imshow with RGB data ([0..1] for floats or [0..255] for integers). Got range [-2.117904..2.465708].
2025-05-20 21:04:14,103 - matplotlib.image - WARNING - Clipping input data to the valid range for imshow with RGB data ([0..1] for floats or [0..255] for integers). Got range [-2.117904..2.465708].
2025-05-20 21:04:14,108 - matplotlib.image - WARNING - Clipping input data to the valid range for imshow with RGB data ([0..1] for floats or [0..255] for integers). Got range [-2.0836544..153.42693].
2025-05-20 21:04:14,376 - matplotlib.image - WARNING - Clipping input data to the valid range for imshow with RGB data ([0..1] for floats or [0..255] for integers). Got range [-2.117904..2.5528543].
2025-05-20 21:04:14,378 - matplotlib.image - WARNING - Clipping input data to the valid range for imshow with RGB data ([0..1] for floats or [0..255] for integers). Got range [-2.117904..2.5528543].
2025-05-20 21:04:14,381 - matplotlib.image - WARNING - Clipping input data to the valid range for imshow with RGB data ([0..1] for floats or [0..255] for integers). Got range [-2.1007793..153.44061].
2025-05-20 21:04:14,528 - matplotlib.image - WARNING - Clipping input data to the valid range for imshow with RGB data ([0..1] for floats or [0..255] for integers). Got range [-2.117904..2.535425].
2025-05-20 21:04:14,530 - matplotlib.image - WARNING - Clipping input data to the valid range for imshow with RGB data ([0..1] for floats or [0..255] for integers). Got range [-2.117904..2.535425].
2025-05-20 21:04:14,532 - matplotlib.image - WARNING - Clipping input data to the valid range for imshow with RGB data ([0..1] for floats or [0..255] for integers). Got range [-2.0836544..153.45432].
2025-05-20 21:04:14,737 - matplotlib.image - WARNING - Clipping input data to the valid range for imshow with RGB data ([0..1] for floats or [0..255] for integers). Got range [-1.5699118..2.622571].
2025-05-20 21:04:14,739 - matplotlib.image - WARNING - Clipping input data to the valid range for imshow with RGB data ([0..1] for floats or [0..255] for integers). Got range [-1.5699118..2.622571].
2025-05-20 21:04:14,741 - matplotlib.image - WARNING - Clipping input data to the valid range for imshow with RGB data ([0..1] for floats or [0..255] for integers). Got range [-1.5699118..108.937485].
2025-05-20 21:04:14,903 - matplotlib.image - WARNING - Clipping input data to the valid range for imshow with RGB data ([0..1] for floats or [0..255] for integers). Got range [-1.6555357..2.64].
2025-05-20 21:04:14,904 - matplotlib.image - WARNING - Clipping input data to the valid range for imshow with RGB data ([0..1] for floats or [0..255] for integers). Got range [-1.6555357..2.64].
2025-05-20 21:04:14,907 - matplotlib.image - WARNING - Clipping input data to the valid range for imshow with RGB data ([0..1] for floats or [0..255] for integers). Got range [-1.6555357..108.93051].
2025-05-20 21:04:15,301 - matplotlib.image - WARNING - Clipping input data to the valid range for imshow with RGB data ([0..1] for floats or [0..255] for integers). Got range [-1.5527872..2.64].
2025-05-20 21:04:15,303 - matplotlib.image - WARNING - Clipping input data to the valid range for imshow with RGB data ([0..1] for floats or [0..255] for integers). Got range [-1.5527872..2.64].
2025-05-20 21:04:15,306 - matplotlib.image - WARNING - Clipping input data to the valid range for imshow with RGB data ([0..1] for floats or [0..255] for integers). Got range [-1.5527872..109.00023].
2025-05-20 21:04:15,465 - matplotlib.image - WARNING - Clipping input data to the valid range for imshow with RGB data ([0..1] for floats or [0..255] for integers). Got range [-1.5870366..2.64].
2025-05-20 21:04:15,466 - matplotlib.image - WARNING - Clipping input data to the valid range for imshow with RGB data ([0..1] for floats or [0..255] for integers). Got range [-1.5870366..2.64].
2025-05-20 21:04:15,469 - matplotlib.image - WARNING - Clipping input data to the valid range for imshow with RGB data ([0..1] for floats or [0..255] for integers). Got range [-1.5870366..108.92354].
2025-05-20 21:04:15,727 - matplotlib.image - WARNING - Clipping input data to the valid range for imshow with RGB data ([0..1] for floats or [0..255] for integers). Got range [-1.2445416..2.64].
2025-05-20 21:04:15,728 - matplotlib.image - WARNING - Clipping input data to the valid range for imshow with RGB data ([0..1] for floats or [0..255] for integers). Got range [-1.2445416..2.64].
2025-05-20 21:04:15,731 - matplotlib.image - WARNING - Clipping input data to the valid range for imshow with RGB data ([0..1] for floats or [0..255] for integers). Got range [-1.2445416..109.02114].
2025-05-20 21:04:15,880 - matplotlib.image - WARNING - Clipping input data to the valid range for imshow with RGB data ([0..1] for floats or [0..255] for integers). Got range [-1.2445416..2.64].
2025-05-20 21:04:15,881 - matplotlib.image - WARNING - Clipping input data to the valid range for imshow with RGB data ([0..1] for floats or [0..255] for integers). Got range [-1.2445416..2.64].
2025-05-20 21:04:15,885 - matplotlib.image - WARNING - Clipping input data to the valid range for imshow with RGB data ([0..1] for floats or [0..255] for integers). Got range [-1.2445416..108.993256].
2025-05-20 21:04:16,156 - matplotlib.image - WARNING - Clipping input data to the valid range for imshow with RGB data ([0..1] for floats or [0..255] for integers). Got range [-1.8952821..2.64].
2025-05-20 21:04:16,157 - matplotlib.image - WARNING - Clipping input data to the valid range for imshow with RGB data ([0..1] for floats or [0..255] for integers). Got range [-1.8952821..2.64].
2025-05-20 21:04:16,159 - matplotlib.image - WARNING - Clipping input data to the valid range for imshow with RGB data ([0..1] for floats or [0..255] for integers). Got range [-1.8952821..108.97931].
2025-05-20 21:04:16,310 - matplotlib.image - WARNING - Clipping input data to the valid range for imshow with RGB data ([0..1] for floats or [0..255] for integers). Got range [-1.7411594..2.64].
2025-05-20 21:04:16,311 - matplotlib.image - WARNING - Clipping input data to the valid range for imshow with RGB data ([0..1] for floats or [0..255] for integers). Got range [-1.7411594..2.64].
2025-05-20 21:04:16,314 - matplotlib.image - WARNING - Clipping input data to the valid range for imshow with RGB data ([0..1] for floats or [0..255] for integers). Got range [-1.7411594..109.00023].
2025-05-20 21:04:16,614 - matplotlib.image - WARNING - Clipping input data to the valid range for imshow with RGB data ([0..1] for floats or [0..255] for integers). Got range [-1.3130406..2.622571].
2025-05-20 21:04:16,616 - matplotlib.image - WARNING - Clipping input data to the valid range for imshow with RGB data ([0..1] for floats or [0..255] for integers). Got range [-1.3130406..2.622571].
2025-05-20 21:04:16,618 - matplotlib.image - WARNING - Clipping input data to the valid range for imshow with RGB data ([0..1] for floats or [0..255] for integers). Got range [-1.3130406..108.993256].
2025-05-20 21:04:16,772 - matplotlib.image - WARNING - Clipping input data to the valid range for imshow with RGB data ([0..1] for floats or [0..255] for integers). Got range [-1.3130406..2.64].
2025-05-20 21:04:16,774 - matplotlib.image - WARNING - Clipping input data to the valid range for imshow with RGB data ([0..1] for floats or [0..255] for integers). Got range [-1.3130406..2.64].
2025-05-20 21:04:16,776 - matplotlib.image - WARNING - Clipping input data to the valid range for imshow with RGB data ([0..1] for floats or [0..255] for integers). Got range [-1.3130406..109.01417].
2025-05-20 21:04:16,977 - matplotlib.image - WARNING - Clipping input data to the valid range for imshow with RGB data ([0..1] for floats or [0..255] for integers). Got range [-1.9637812..2.64].
2025-05-20 21:04:16,979 - matplotlib.image - WARNING - Clipping input data to the valid range for imshow with RGB data ([0..1] for floats or [0..255] for integers). Got range [-1.9637812..2.64].
2025-05-20 21:04:16,982 - matplotlib.image - WARNING - Clipping input data to the valid range for imshow with RGB data ([0..1] for floats or [0..255] for integers). Got range [-1.9637812..109.056].
2025-05-20 21:04:17,125 - matplotlib.image - WARNING - Clipping input data to the valid range for imshow with RGB data ([0..1] for floats or [0..255] for integers). Got range [-1.9295317..2.64].
2025-05-20 21:04:17,126 - matplotlib.image - WARNING - Clipping input data to the valid range for imshow with RGB data ([0..1] for floats or [0..255] for integers). Got range [-1.9295317..2.64].
2025-05-20 21:04:17,128 - matplotlib.image - WARNING - Clipping input data to the valid range for imshow with RGB data ([0..1] for floats or [0..255] for integers). Got range [-1.9295317..109.056].
2025-05-20 21:04:17,313 - matplotlib.image - WARNING - Clipping input data to the valid range for imshow with RGB data ([0..1] for floats or [0..255] for integers). Got range [-2.117904..2.64].
2025-05-20 21:04:17,315 - matplotlib.image - WARNING - Clipping input data to the valid range for imshow with RGB data ([0..1] for floats or [0..255] for integers). Got range [-2.117904..2.64].
2025-05-20 21:04:17,318 - matplotlib.image - WARNING - Clipping input data to the valid range for imshow with RGB data ([0..1] for floats or [0..255] for integers). Got range [-2.117904..109.056].
2025-05-20 21:04:17,454 - matplotlib.image - WARNING - Clipping input data to the valid range for imshow with RGB data ([0..1] for floats or [0..255] for integers). Got range [-2.0836544..2.64].
2025-05-20 21:04:17,456 - matplotlib.image - WARNING - Clipping input data to the valid range for imshow with RGB data ([0..1] for floats or [0..255] for integers). Got range [-2.0836544..2.64].
2025-05-20 21:04:17,458 - matplotlib.image - WARNING - Clipping input data to the valid range for imshow with RGB data ([0..1] for floats or [0..255] for integers). Got range [-2.0836544..109.056].
2025-05-20 21:04:17,744 - matplotlib.image - WARNING - Clipping input data to the valid range for imshow with RGB data ([0..1] for floats or [0..255] for integers). Got range [-2.0494049..2.64].
2025-05-20 21:04:17,745 - matplotlib.image - WARNING - Clipping input data to the valid range for imshow with RGB data ([0..1] for floats or [0..255] for integers). Got range [-2.0494049..2.64].
2025-05-20 21:04:17,747 - matplotlib.image - WARNING - Clipping input data to the valid range for imshow with RGB data ([0..1] for floats or [0..255] for integers). Got range [-2.0494049..109.056].
2025-05-20 21:04:17,880 - matplotlib.image - WARNING - Clipping input data to the valid range for imshow with RGB data ([0..1] for floats or [0..255] for integers). Got range [-2.0494049..2.64].
2025-05-20 21:04:17,882 - matplotlib.image - WARNING - Clipping input data to the valid range for imshow with RGB data ([0..1] for floats or [0..255] for integers). Got range [-2.0494049..2.64].
2025-05-20 21:04:17,884 - matplotlib.image - WARNING - Clipping input data to the valid range for imshow with RGB data ([0..1] for floats or [0..255] for integers). Got range [-2.0494049..109.056].
2025-05-20 21:04:18,063 - matplotlib.image - WARNING - Clipping input data to the valid range for imshow with RGB data ([0..1] for floats or [0..255] for integers). Got range [-2.0665298..2.64].
2025-05-20 21:04:18,065 - matplotlib.image - WARNING - Clipping input data to the valid range for imshow with RGB data ([0..1] for floats or [0..255] for integers). Got range [-2.0665298..2.64].
2025-05-20 21:04:18,067 - matplotlib.image - WARNING - Clipping input data to the valid range for imshow with RGB data ([0..1] for floats or [0..255] for integers). Got range [-2.0151556..109.056].
2025-05-20 21:04:18,198 - matplotlib.image - WARNING - Clipping input data to the valid range for imshow with RGB data ([0..1] for floats or [0..255] for integers). Got range [-2.0151556..2.64].
2025-05-20 21:04:18,199 - matplotlib.image - WARNING - Clipping input data to the valid range for imshow with RGB data ([0..1] for floats or [0..255] for integers). Got range [-2.0151556..2.64].
2025-05-20 21:04:18,201 - matplotlib.image - WARNING - Clipping input data to the valid range for imshow with RGB data ([0..1] for floats or [0..255] for integers). Got range [-1.9980307..109.056].
2025-05-20 21:04:18,378 - matplotlib.image - WARNING - Clipping input data to the valid range for imshow with RGB data ([0..1] for floats or [0..255] for integers). Got range [-1.9637812..2.64].
2025-05-20 21:04:18,379 - matplotlib.image - WARNING - Clipping input data to the valid range for imshow with RGB data ([0..1] for floats or [0..255] for integers). Got range [-1.9637812..2.64].
2025-05-20 21:04:18,382 - matplotlib.image - WARNING - Clipping input data to the valid range for imshow with RGB data ([0..1] for floats or [0..255] for integers). Got range [-1.9637812..109.04903].
2025-05-20 21:04:18,528 - matplotlib.image - WARNING - Clipping input data to the valid range for imshow with RGB data ([0..1] for floats or [0..255] for integers). Got range [-1.9980307..2.64].
2025-05-20 21:04:18,530 - matplotlib.image - WARNING - Clipping input data to the valid range for imshow with RGB data ([0..1] for floats or [0..255] for integers). Got range [-1.9980307..2.64].
2025-05-20 21:04:18,532 - matplotlib.image - WARNING - Clipping input data to the valid range for imshow with RGB data ([0..1] for floats or [0..255] for integers). Got range [-1.9980307..109.04205].
2025-05-20 21:04:18,707 - matplotlib.image - WARNING - Clipping input data to the valid range for imshow with RGB data ([0..1] for floats or [0..255] for integers). Got range [-1.8606442..2.4134207].
2025-05-20 21:04:18,709 - matplotlib.image - WARNING - Clipping input data to the valid range for imshow with RGB data ([0..1] for floats or [0..255] for integers). Got range [-1.8606442..2.4134207].
2025-05-20 21:04:18,711 - matplotlib.image - WARNING - Clipping input data to the valid range for imshow with RGB data ([0..1] for floats or [0..255] for integers). Got range [-1.8606442..108.693474].
2025-05-20 21:04:18,861 - matplotlib.image - WARNING - Clipping input data to the valid range for imshow with RGB data ([0..1] for floats or [0..255] for integers). Got range [-1.8781512..2.2739873].
2025-05-20 21:04:18,863 - matplotlib.image - WARNING - Clipping input data to the valid range for imshow with RGB data ([0..1] for floats or [0..255] for integers). Got range [-1.8781512..2.2739873].
2025-05-20 21:04:18,865 - matplotlib.image - WARNING - Clipping input data to the valid range for imshow with RGB data ([0..1] for floats or [0..255] for integers). Got range [-1.8256302..108.714386].
2025-05-20 21:04:19,082 - matplotlib.image - WARNING - Clipping input data to the valid range for imshow with RGB data ([0..1] for floats or [0..255] for integers). Got range [-1.9481792..2.3785625].
2025-05-20 21:04:19,083 - matplotlib.image - WARNING - Clipping input data to the valid range for imshow with RGB data ([0..1] for floats or [0..255] for integers). Got range [-1.9481792..2.3785625].
2025-05-20 21:04:19,086 - matplotlib.image - WARNING - Clipping input data to the valid range for imshow with RGB data ([0..1] for floats or [0..255] for integers). Got range [-1.9481792..108.7841].
2025-05-20 21:04:19,231 - matplotlib.image - WARNING - Clipping input data to the valid range for imshow with RGB data ([0..1] for floats or [0..255] for integers). Got range [-1.9131652..2.3262744].
2025-05-20 21:04:19,232 - matplotlib.image - WARNING - Clipping input data to the valid range for imshow with RGB data ([0..1] for floats or [0..255] for integers). Got range [-1.9131652..2.3262744].
2025-05-20 21:04:19,234 - matplotlib.image - WARNING - Clipping input data to the valid range for imshow with RGB data ([0..1] for floats or [0..255] for integers). Got range [-1.9131652..108.770164].
2025-05-20 21:04:19,415 - matplotlib.image - WARNING - Clipping input data to the valid range for imshow with RGB data ([0..1] for floats or [0..255] for integers). Got range [-1.9131652..2.2739873].
2025-05-20 21:04:19,416 - matplotlib.image - WARNING - Clipping input data to the valid range for imshow with RGB data ([0..1] for floats or [0..255] for integers). Got range [-1.9131652..2.2739873].
2025-05-20 21:04:19,419 - matplotlib.image - WARNING - Clipping input data to the valid range for imshow with RGB data ([0..1] for floats or [0..255] for integers). Got range [-1.9131652..108.749245].
2025-05-20 21:04:19,588 - matplotlib.image - WARNING - Clipping input data to the valid range for imshow with RGB data ([0..1] for floats or [0..255] for integers). Got range [-1.8606442..2.4134207].
2025-05-20 21:04:19,589 - matplotlib.image - WARNING - Clipping input data to the valid range for imshow with RGB data ([0..1] for floats or [0..255] for integers). Got range [-1.8606442..2.4134207].
2025-05-20 21:04:19,591 - matplotlib.image - WARNING - Clipping input data to the valid range for imshow with RGB data ([0..1] for floats or [0..255] for integers). Got range [-1.8606442..108.77713].
2025-05-20 21:04:19,893 - matplotlib.image - WARNING - Clipping input data to the valid range for imshow with RGB data ([0..1] for floats or [0..255] for integers). Got range [-1.9306722..2.3959913].
2025-05-20 21:04:19,894 - matplotlib.image - WARNING - Clipping input data to the valid range for imshow with RGB data ([0..1] for floats or [0..255] for integers). Got range [-1.9306722..2.3959913].
2025-05-20 21:04:19,896 - matplotlib.image - WARNING - Clipping input data to the valid range for imshow with RGB data ([0..1] for floats or [0..255] for integers). Got range [-1.9306722..108.6865].
2025-05-20 21:04:20,040 - matplotlib.image - WARNING - Clipping input data to the valid range for imshow with RGB data ([0..1] for floats or [0..255] for integers). Got range [-1.9131652..2.2914162].
2025-05-20 21:04:20,042 - matplotlib.image - WARNING - Clipping input data to the valid range for imshow with RGB data ([0..1] for floats or [0..255] for integers). Got range [-1.9131652..2.2914162].
2025-05-20 21:04:20,044 - matplotlib.image - WARNING - Clipping input data to the valid range for imshow with RGB data ([0..1] for floats or [0..255] for integers). Got range [-1.9131652..108.693474].
2025-05-20 21:04:20,240 - matplotlib.image - WARNING - Clipping input data to the valid range for imshow with RGB data ([0..1] for floats or [0..255] for integers). Got range [-1.9131652..2.4482791].
2025-05-20 21:04:20,242 - matplotlib.image - WARNING - Clipping input data to the valid range for imshow with RGB data ([0..1] for floats or [0..255] for integers). Got range [-1.9131652..2.4482791].
2025-05-20 21:04:20,244 - matplotlib.image - WARNING - Clipping input data to the valid range for imshow with RGB data ([0..1] for floats or [0..255] for integers). Got range [-1.9131652..108.70741].
2025-05-20 21:04:20,383 - matplotlib.image - WARNING - Clipping input data to the valid range for imshow with RGB data ([0..1] for floats or [0..255] for integers). Got range [-1.9306722..2.4831376].
2025-05-20 21:04:20,384 - matplotlib.image - WARNING - Clipping input data to the valid range for imshow with RGB data ([0..1] for floats or [0..255] for integers). Got range [-1.9306722..2.4831376].
2025-05-20 21:04:20,386 - matplotlib.image - WARNING - Clipping input data to the valid range for imshow with RGB data ([0..1] for floats or [0..255] for integers). Got range [-1.9131652..108.693474].
2025-05-20 21:04:20,584 - matplotlib.image - WARNING - Clipping input data to the valid range for imshow with RGB data ([0..1] for floats or [0..255] for integers). Got range [-1.9131652..2.3959913].
2025-05-20 21:04:20,586 - matplotlib.image - WARNING - Clipping input data to the valid range for imshow with RGB data ([0..1] for floats or [0..255] for integers). Got range [-1.9131652..2.3959913].
2025-05-20 21:04:20,588 - matplotlib.image - WARNING - Clipping input data to the valid range for imshow with RGB data ([0..1] for floats or [0..255] for integers). Got range [-1.9131652..108.770164].
2025-05-20 21:04:20,728 - matplotlib.image - WARNING - Clipping input data to the valid range for imshow with RGB data ([0..1] for floats or [0..255] for integers). Got range [-1.9306722..2.4831376].
2025-05-20 21:04:20,730 - matplotlib.image - WARNING - Clipping input data to the valid range for imshow with RGB data ([0..1] for floats or [0..255] for integers). Got range [-1.9306722..2.4831376].
2025-05-20 21:04:20,732 - matplotlib.image - WARNING - Clipping input data to the valid range for imshow with RGB data ([0..1] for floats or [0..255] for integers). Got range [-1.9306722..108.76319].
2025-05-20 21:04:20,931 - matplotlib.image - WARNING - Clipping input data to the valid range for imshow with RGB data ([0..1] for floats or [0..255] for integers). Got range [-1.8956583..2.4308496].
2025-05-20 21:04:20,932 - matplotlib.image - WARNING - Clipping input data to the valid range for imshow with RGB data ([0..1] for floats or [0..255] for integers). Got range [-1.8956583..2.4308496].
2025-05-20 21:04:20,934 - matplotlib.image - WARNING - Clipping input data to the valid range for imshow with RGB data ([0..1] for floats or [0..255] for integers). Got range [-1.8956583..108.79108].
2025-05-20 21:04:21,080 - matplotlib.image - WARNING - Clipping input data to the valid range for imshow with RGB data ([0..1] for floats or [0..255] for integers). Got range [-1.8956583..2.343704].
2025-05-20 21:04:21,082 - matplotlib.image - WARNING - Clipping input data to the valid range for imshow with RGB data ([0..1] for floats or [0..255] for integers). Got range [-1.8956583..2.343704].
2025-05-20 21:04:21,084 - matplotlib.image - WARNING - Clipping input data to the valid range for imshow with RGB data ([0..1] for floats or [0..255] for integers). Got range [-1.8956583..108.75622].
2025-05-20 21:04:21,280 - matplotlib.image - WARNING - Clipping input data to the valid range for imshow with RGB data ([0..1] for floats or [0..255] for integers). Got range [-1.9306722..2.3785625].
2025-05-20 21:04:21,282 - matplotlib.image - WARNING - Clipping input data to the valid range for imshow with RGB data ([0..1] for floats or [0..255] for integers). Got range [-1.9306722..2.3785625].
2025-05-20 21:04:21,284 - matplotlib.image - WARNING - Clipping input data to the valid range for imshow with RGB data ([0..1] for floats or [0..255] for integers). Got range [-1.9306722..108.75622].
2025-05-20 21:04:21,429 - matplotlib.image - WARNING - Clipping input data to the valid range for imshow with RGB data ([0..1] for floats or [0..255] for integers). Got range [-1.9656862..2.4134207].
2025-05-20 21:04:21,431 - matplotlib.image - WARNING - Clipping input data to the valid range for imshow with RGB data ([0..1] for floats or [0..255] for integers). Got range [-1.9656862..2.4134207].
2025-05-20 21:04:21,433 - matplotlib.image - WARNING - Clipping input data to the valid range for imshow with RGB data ([0..1] for floats or [0..255] for integers). Got range [-1.9656862..108.72833].
2025-05-20 21:04:21,650 - matplotlib.image - WARNING - Clipping input data to the valid range for imshow with RGB data ([0..1] for floats or [0..255] for integers). Got range [-1.9481792..2.3611329].
2025-05-20 21:04:21,651 - matplotlib.image - WARNING - Clipping input data to the valid range for imshow with RGB data ([0..1] for floats or [0..255] for integers). Got range [-1.9481792..2.3611329].
2025-05-20 21:04:21,654 - matplotlib.image - WARNING - Clipping input data to the valid range for imshow with RGB data ([0..1] for floats or [0..255] for integers). Got range [-1.9481792..108.81896].
2025-05-20 21:04:21,807 - matplotlib.image - WARNING - Clipping input data to the valid range for imshow with RGB data ([0..1] for floats or [0..255] for integers). Got range [-1.9306722..2.465708].
2025-05-20 21:04:21,808 - matplotlib.image - WARNING - Clipping input data to the valid range for imshow with RGB data ([0..1] for floats or [0..255] for integers). Got range [-1.9306722..2.465708].
2025-05-20 21:04:21,810 - matplotlib.image - WARNING - Clipping input data to the valid range for imshow with RGB data ([0..1] for floats or [0..255] for integers). Got range [-1.9306722..108.81896].
2025-05-20 21:04:22,028 - matplotlib.image - WARNING - Clipping input data to the valid range for imshow with RGB data ([0..1] for floats or [0..255] for integers). Got range [-2.117904..2.64].
2025-05-20 21:04:22,029 - matplotlib.image - WARNING - Clipping input data to the valid range for imshow with RGB data ([0..1] for floats or [0..255] for integers). Got range [-2.117904..2.64].
2025-05-20 21:04:22,032 - matplotlib.image - WARNING - Clipping input data to the valid range for imshow with RGB data ([0..1] for floats or [0..255] for integers). Got range [-2.117904..153.87216].
2025-05-20 21:04:22,285 - matplotlib.image - WARNING - Clipping input data to the valid range for imshow with RGB data ([0..1] for floats or [0..255] for integers). Got range [-2.117904..2.64].
2025-05-20 21:04:22,287 - matplotlib.image - WARNING - Clipping input data to the valid range for imshow with RGB data ([0..1] for floats or [0..255] for integers). Got range [-2.117904..2.64].
2025-05-20 21:04:22,290 - matplotlib.image - WARNING - Clipping input data to the valid range for imshow with RGB data ([0..1] for floats or [0..255] for integers). Got range [-2.117904..153.89272].
2025-05-20 21:04:22,499 - matplotlib.image - WARNING - Clipping input data to the valid range for imshow with RGB data ([0..1] for floats or [0..255] for integers). Got range [-2.117904..2.64].
2025-05-20 21:04:22,501 - matplotlib.image - WARNING - Clipping input data to the valid range for imshow with RGB data ([0..1] for floats or [0..255] for integers). Got range [-2.117904..2.64].
2025-05-20 21:04:22,503 - matplotlib.image - WARNING - Clipping input data to the valid range for imshow with RGB data ([0..1] for floats or [0..255] for integers). Got range [-2.117904..153.88586].
2025-05-20 21:04:22,641 - matplotlib.image - WARNING - Clipping input data to the valid range for imshow with RGB data ([0..1] for floats or [0..255] for integers). Got range [-2.117904..2.64].
2025-05-20 21:04:22,642 - matplotlib.image - WARNING - Clipping input data to the valid range for imshow with RGB data ([0..1] for floats or [0..255] for integers). Got range [-2.117904..2.64].
2025-05-20 21:04:22,645 - matplotlib.image - WARNING - Clipping input data to the valid range for imshow with RGB data ([0..1] for floats or [0..255] for integers). Got range [-2.117904..153.88586].
2025-05-20 21:04:22,872 - matplotlib.image - WARNING - Clipping input data to the valid range for imshow with RGB data ([0..1] for floats or [0..255] for integers). Got range [-2.117904..2.64].
2025-05-20 21:04:22,874 - matplotlib.image - WARNING - Clipping input data to the valid range for imshow with RGB data ([0..1] for floats or [0..255] for integers). Got range [-2.117904..2.64].
2025-05-20 21:04:22,877 - matplotlib.image - WARNING - Clipping input data to the valid range for imshow with RGB data ([0..1] for floats or [0..255] for integers). Got range [-2.117904..153.88586].
2025-05-20 21:04:23,015 - matplotlib.image - WARNING - Clipping input data to the valid range for imshow with RGB data ([0..1] for floats or [0..255] for integers). Got range [-2.117904..2.64].
2025-05-20 21:04:23,017 - matplotlib.image - WARNING - Clipping input data to the valid range for imshow with RGB data ([0..1] for floats or [0..255] for integers). Got range [-2.117904..2.64].
2025-05-20 21:04:23,020 - matplotlib.image - WARNING - Clipping input data to the valid range for imshow with RGB data ([0..1] for floats or [0..255] for integers). Got range [-2.117904..153.88586].
2025-05-20 21:04:23,309 - matplotlib.image - WARNING - Clipping input data to the valid range for imshow with RGB data ([0..1] for floats or [0..255] for integers). Got range [-2.117904..2.64].
2025-05-20 21:04:23,310 - matplotlib.image - WARNING - Clipping input data to the valid range for imshow with RGB data ([0..1] for floats or [0..255] for integers). Got range [-2.117904..2.64].
2025-05-20 21:04:23,313 - matplotlib.image - WARNING - Clipping input data to the valid range for imshow with RGB data ([0..1] for floats or [0..255] for integers). Got range [-2.117904..153.61871].
2025-05-20 21:04:23,474 - matplotlib.image - WARNING - Clipping input data to the valid range for imshow with RGB data ([0..1] for floats or [0..255] for integers). Got range [-2.117904..2.64].
2025-05-20 21:04:23,476 - matplotlib.image - WARNING - Clipping input data to the valid range for imshow with RGB data ([0..1] for floats or [0..255] for integers). Got range [-2.117904..2.64].
2025-05-20 21:04:23,479 - matplotlib.image - WARNING - Clipping input data to the valid range for imshow with RGB data ([0..1] for floats or [0..255] for integers). Got range [-2.117904..153.59132].
2025-05-20 21:04:23,720 - matplotlib.image - WARNING - Clipping input data to the valid range for imshow with RGB data ([0..1] for floats or [0..255] for integers). Got range [-2.117904..2.64].
2025-05-20 21:04:23,721 - matplotlib.image - WARNING - Clipping input data to the valid range for imshow with RGB data ([0..1] for floats or [0..255] for integers). Got range [-2.117904..2.64].
2025-05-20 21:04:23,724 - matplotlib.image - WARNING - Clipping input data to the valid range for imshow with RGB data ([0..1] for floats or [0..255] for integers). Got range [-2.117904..153.73517].
2025-05-20 21:04:23,871 - matplotlib.image - WARNING - Clipping input data to the valid range for imshow with RGB data ([0..1] for floats or [0..255] for integers). Got range [-2.117904..2.64].
2025-05-20 21:04:23,872 - matplotlib.image - WARNING - Clipping input data to the valid range for imshow with RGB data ([0..1] for floats or [0..255] for integers). Got range [-2.117904..2.64].
2025-05-20 21:04:23,875 - matplotlib.image - WARNING - Clipping input data to the valid range for imshow with RGB data ([0..1] for floats or [0..255] for integers). Got range [-2.117904..153.80367].
2025-05-20 21:04:24,062 - matplotlib.image - WARNING - Clipping input data to the valid range for imshow with RGB data ([0..1] for floats or [0..255] for integers). Got range [-2.117904..2.64].
2025-05-20 21:04:24,064 - matplotlib.image - WARNING - Clipping input data to the valid range for imshow with RGB data ([0..1] for floats or [0..255] for integers). Got range [-2.117904..2.64].
2025-05-20 21:04:24,067 - matplotlib.image - WARNING - Clipping input data to the valid range for imshow with RGB data ([0..1] for floats or [0..255] for integers). Got range [-2.117904..153.89957].
2025-05-20 21:04:24,218 - matplotlib.image - WARNING - Clipping input data to the valid range for imshow with RGB data ([0..1] for floats or [0..255] for integers). Got range [-2.117904..2.64].
2025-05-20 21:04:24,220 - matplotlib.image - WARNING - Clipping input data to the valid range for imshow with RGB data ([0..1] for floats or [0..255] for integers). Got range [-2.117904..2.64].
2025-05-20 21:04:24,223 - matplotlib.image - WARNING - Clipping input data to the valid range for imshow with RGB data ([0..1] for floats or [0..255] for integers). Got range [-2.117904..153.89957].
2025-05-20 21:04:24,536 - matplotlib.image - WARNING - Clipping input data to the valid range for imshow with RGB data ([0..1] for floats or [0..255] for integers). Got range [-2.117904..2.64].
2025-05-20 21:04:24,537 - matplotlib.image - WARNING - Clipping input data to the valid range for imshow with RGB data ([0..1] for floats or [0..255] for integers). Got range [-2.117904..2.64].
2025-05-20 21:04:24,540 - matplotlib.image - WARNING - Clipping input data to the valid range for imshow with RGB data ([0..1] for floats or [0..255] for integers). Got range [-2.117904..153.83107].
2025-05-20 21:04:24,678 - matplotlib.image - WARNING - Clipping input data to the valid range for imshow with RGB data ([0..1] for floats or [0..255] for integers). Got range [-2.117904..2.64].
2025-05-20 21:04:24,679 - matplotlib.image - WARNING - Clipping input data to the valid range for imshow with RGB data ([0..1] for floats or [0..255] for integers). Got range [-2.117904..2.64].
2025-05-20 21:04:24,682 - matplotlib.image - WARNING - Clipping input data to the valid range for imshow with RGB data ([0..1] for floats or [0..255] for integers). Got range [-2.117904..153.85161].
2025-05-20 21:04:24,875 - matplotlib.image - WARNING - Clipping input data to the valid range for imshow with RGB data ([0..1] for floats or [0..255] for integers). Got range [-2.117904..2.64].
2025-05-20 21:04:24,877 - matplotlib.image - WARNING - Clipping input data to the valid range for imshow with RGB data ([0..1] for floats or [0..255] for integers). Got range [-2.117904..2.64].
2025-05-20 21:04:24,880 - matplotlib.image - WARNING - Clipping input data to the valid range for imshow with RGB data ([0..1] for floats or [0..255] for integers). Got range [-2.117904..153.73517].
2025-05-20 21:04:25,019 - matplotlib.image - WARNING - Clipping input data to the valid range for imshow with RGB data ([0..1] for floats or [0..255] for integers). Got range [-2.117904..2.64].
2025-05-20 21:04:25,021 - matplotlib.image - WARNING - Clipping input data to the valid range for imshow with RGB data ([0..1] for floats or [0..255] for integers). Got range [-2.117904..2.64].
2025-05-20 21:04:25,024 - matplotlib.image - WARNING - Clipping input data to the valid range for imshow with RGB data ([0..1] for floats or [0..255] for integers). Got range [-2.117904..153.74887].
2025-05-20 21:04:25,211 - matplotlib.image - WARNING - Clipping input data to the valid range for imshow with RGB data ([0..1] for floats or [0..255] for integers). Got range [-1.9980307..2.64].
2025-05-20 21:04:25,213 - matplotlib.image - WARNING - Clipping input data to the valid range for imshow with RGB data ([0..1] for floats or [0..255] for integers). Got range [-1.9980307..2.64].
2025-05-20 21:04:25,215 - matplotlib.image - WARNING - Clipping input data to the valid range for imshow with RGB data ([0..1] for floats or [0..255] for integers). Got range [-1.9980307..140.256].
2025-05-20 21:04:25,359 - matplotlib.image - WARNING - Clipping input data to the valid range for imshow with RGB data ([0..1] for floats or [0..255] for integers). Got range [-2.0494049..2.64].
2025-05-20 21:04:25,361 - matplotlib.image - WARNING - Clipping input data to the valid range for imshow with RGB data ([0..1] for floats or [0..255] for integers). Got range [-2.0494049..2.64].
2025-05-20 21:04:25,363 - matplotlib.image - WARNING - Clipping input data to the valid range for imshow with RGB data ([0..1] for floats or [0..255] for integers). Got range [-2.0494049..140.256].
2025-05-20 21:04:25,560 - matplotlib.image - WARNING - Clipping input data to the valid range for imshow with RGB data ([0..1] for floats or [0..255] for integers). Got range [-2.0665298..2.64].
2025-05-20 21:04:25,562 - matplotlib.image - WARNING - Clipping input data to the valid range for imshow with RGB data ([0..1] for floats or [0..255] for integers). Got range [-2.0665298..2.64].
2025-05-20 21:04:25,564 - matplotlib.image - WARNING - Clipping input data to the valid range for imshow with RGB data ([0..1] for floats or [0..255] for integers). Got range [-2.0494049..140.256].
2025-05-20 21:04:25,705 - matplotlib.image - WARNING - Clipping input data to the valid range for imshow with RGB data ([0..1] for floats or [0..255] for integers). Got range [-2.0665298..2.64].
2025-05-20 21:04:25,706 - matplotlib.image - WARNING - Clipping input data to the valid range for imshow with RGB data ([0..1] for floats or [0..255] for integers). Got range [-2.0665298..2.64].
2025-05-20 21:04:25,708 - matplotlib.image - WARNING - Clipping input data to the valid range for imshow with RGB data ([0..1] for floats or [0..255] for integers). Got range [-2.0665298..140.256].
2025-05-20 21:04:25,899 - matplotlib.image - WARNING - Clipping input data to the valid range for imshow with RGB data ([0..1] for floats or [0..255] for integers). Got range [-2.0665298..2.64].
2025-05-20 21:04:25,901 - matplotlib.image - WARNING - Clipping input data to the valid range for imshow with RGB data ([0..1] for floats or [0..255] for integers). Got range [-2.0665298..2.64].
2025-05-20 21:04:25,903 - matplotlib.image - WARNING - Clipping input data to the valid range for imshow with RGB data ([0..1] for floats or [0..255] for integers). Got range [-2.0665298..140.256].
2025-05-20 21:04:26,052 - matplotlib.image - WARNING - Clipping input data to the valid range for imshow with RGB data ([0..1] for floats or [0..255] for integers). Got range [-2.0665298..2.64].
2025-05-20 21:04:26,054 - matplotlib.image - WARNING - Clipping input data to the valid range for imshow with RGB data ([0..1] for floats or [0..255] for integers). Got range [-2.0665298..2.64].
2025-05-20 21:04:26,056 - matplotlib.image - WARNING - Clipping input data to the valid range for imshow with RGB data ([0..1] for floats or [0..255] for integers). Got range [-2.0665298..140.256].
2025-05-20 21:04:26,272 - matplotlib.image - WARNING - Clipping input data to the valid range for imshow with RGB data ([0..1] for floats or [0..255] for integers). Got range [-2.0494049..2.5877128].
2025-05-20 21:04:26,273 - matplotlib.image - WARNING - Clipping input data to the valid range for imshow with RGB data ([0..1] for floats or [0..255] for integers). Got range [-2.0494049..2.5877128].
2025-05-20 21:04:26,275 - matplotlib.image - WARNING - Clipping input data to the valid range for imshow with RGB data ([0..1] for floats or [0..255] for integers). Got range [-2.0494049..140.23509].
2025-05-20 21:04:26,414 - matplotlib.image - WARNING - Clipping input data to the valid range for imshow with RGB data ([0..1] for floats or [0..255] for integers). Got range [-2.0494049..2.6051416].
2025-05-20 21:04:26,415 - matplotlib.image - WARNING - Clipping input data to the valid range for imshow with RGB data ([0..1] for floats or [0..255] for integers). Got range [-2.0494049..2.6051416].
2025-05-20 21:04:26,417 - matplotlib.image - WARNING - Clipping input data to the valid range for imshow with RGB data ([0..1] for floats or [0..255] for integers). Got range [-2.0494049..140.24205].
2025-05-20 21:04:26,706 - matplotlib.image - WARNING - Clipping input data to the valid range for imshow with RGB data ([0..1] for floats or [0..255] for integers). Got range [-2.0665298..2.6051416].
2025-05-20 21:04:26,708 - matplotlib.image - WARNING - Clipping input data to the valid range for imshow with RGB data ([0..1] for floats or [0..255] for integers). Got range [-2.0665298..2.6051416].
2025-05-20 21:04:26,710 - matplotlib.image - WARNING - Clipping input data to the valid range for imshow with RGB data ([0..1] for floats or [0..255] for integers). Got range [-2.0665298..140.24205].
2025-05-20 21:04:26,841 - matplotlib.image - WARNING - Clipping input data to the valid range for imshow with RGB data ([0..1] for floats or [0..255] for integers). Got range [-2.0322802..2.6051416].
2025-05-20 21:04:26,843 - matplotlib.image - WARNING - Clipping input data to the valid range for imshow with RGB data ([0..1] for floats or [0..255] for integers). Got range [-2.0322802..2.6051416].
2025-05-20 21:04:26,845 - matplotlib.image - WARNING - Clipping input data to the valid range for imshow with RGB data ([0..1] for floats or [0..255] for integers). Got range [-2.0322802..140.24205].
2025-05-20 21:04:27,028 - matplotlib.image - WARNING - Clipping input data to the valid range for imshow with RGB data ([0..1] for floats or [0..255] for integers). Got range [-1.8956583..2.5877128].
2025-05-20 21:04:27,030 - matplotlib.image - WARNING - Clipping input data to the valid range for imshow with RGB data ([0..1] for floats or [0..255] for integers). Got range [-1.8956583..2.5877128].
2025-05-20 21:04:27,033 - matplotlib.image - WARNING - Clipping input data to the valid range for imshow with RGB data ([0..1] for floats or [0..255] for integers). Got range [-1.8956583..153.89272].
2025-05-20 21:04:27,169 - matplotlib.image - WARNING - Clipping input data to the valid range for imshow with RGB data ([0..1] for floats or [0..255] for integers). Got range [-1.8956583..2.5702832].
2025-05-20 21:04:27,170 - matplotlib.image - WARNING - Clipping input data to the valid range for imshow with RGB data ([0..1] for floats or [0..255] for integers). Got range [-1.8956583..2.5702832].
2025-05-20 21:04:27,173 - matplotlib.image - WARNING - Clipping input data to the valid range for imshow with RGB data ([0..1] for floats or [0..255] for integers). Got range [-1.8956583..153.89957].
2025-05-20 21:04:27,361 - matplotlib.image - WARNING - Clipping input data to the valid range for imshow with RGB data ([0..1] for floats or [0..255] for integers). Got range [-1.8781574..2.64].
2025-05-20 21:04:27,363 - matplotlib.image - WARNING - Clipping input data to the valid range for imshow with RGB data ([0..1] for floats or [0..255] for integers). Got range [-1.8781574..2.64].
2025-05-20 21:04:27,366 - matplotlib.image - WARNING - Clipping input data to the valid range for imshow with RGB data ([0..1] for floats or [0..255] for integers). Got range [-1.8781574..153.89957].
2025-05-20 21:04:27,492 - matplotlib.image - WARNING - Clipping input data to the valid range for imshow with RGB data ([0..1] for floats or [0..255] for integers). Got range [-1.8781574..2.622571].
2025-05-20 21:04:27,493 - matplotlib.image - WARNING - Clipping input data to the valid range for imshow with RGB data ([0..1] for floats or [0..255] for integers). Got range [-1.8781574..2.622571].
2025-05-20 21:04:27,496 - matplotlib.image - WARNING - Clipping input data to the valid range for imshow with RGB data ([0..1] for floats or [0..255] for integers). Got range [-1.8781574..153.89957].
2025-05-20 21:04:27,682 - matplotlib.image - WARNING - Clipping input data to the valid range for imshow with RGB data ([0..1] for floats or [0..255] for integers). Got range [-1.8267832..2.64].
2025-05-20 21:04:27,684 - matplotlib.image - WARNING - Clipping input data to the valid range for imshow with RGB data ([0..1] for floats or [0..255] for integers). Got range [-1.8267832..2.64].
2025-05-20 21:04:27,687 - matplotlib.image - WARNING - Clipping input data to the valid range for imshow with RGB data ([0..1] for floats or [0..255] for integers). Got range [-1.8267832..153.89272].
2025-05-20 21:04:27,817 - matplotlib.image - WARNING - Clipping input data to the valid range for imshow with RGB data ([0..1] for floats or [0..255] for integers). Got range [-1.8267832..2.64].
2025-05-20 21:04:27,819 - matplotlib.image - WARNING - Clipping input data to the valid range for imshow with RGB data ([0..1] for floats or [0..255] for integers). Got range [-1.8267832..2.64].
2025-05-20 21:04:27,821 - matplotlib.image - WARNING - Clipping input data to the valid range for imshow with RGB data ([0..1] for floats or [0..255] for integers). Got range [-1.8267832..153.89272].
2025-05-20 21:04:28,018 - matplotlib.image - WARNING - Clipping input data to the valid range for imshow with RGB data ([0..1] for floats or [0..255] for integers). Got range [-1.8431373..2.465708].
2025-05-20 21:04:28,019 - matplotlib.image - WARNING - Clipping input data to the valid range for imshow with RGB data ([0..1] for floats or [0..255] for integers). Got range [-1.8431373..2.465708].
2025-05-20 21:04:28,022 - matplotlib.image - WARNING - Clipping input data to the valid range for imshow with RGB data ([0..1] for floats or [0..255] for integers). Got range [-1.8431373..153.46117].
2025-05-20 21:04:28,158 - matplotlib.image - WARNING - Clipping input data to the valid range for imshow with RGB data ([0..1] for floats or [0..255] for integers). Got range [-1.8956583..2.3935575].
2025-05-20 21:04:28,159 - matplotlib.image - WARNING - Clipping input data to the valid range for imshow with RGB data ([0..1] for floats or [0..255] for integers). Got range [-1.8956583..2.3935575].
2025-05-20 21:04:28,161 - matplotlib.image - WARNING - Clipping input data to the valid range for imshow with RGB data ([0..1] for floats or [0..255] for integers). Got range [-1.8956583..139.79587].
2025-05-20 21:04:28,351 - matplotlib.image - WARNING - Clipping input data to the valid range for imshow with RGB data ([0..1] for floats or [0..255] for integers). Got range [-1.8606442..2.64].
2025-05-20 21:04:28,353 - matplotlib.image - WARNING - Clipping input data to the valid range for imshow with RGB data ([0..1] for floats or [0..255] for integers). Got range [-1.8606442..2.64].
2025-05-20 21:04:28,356 - matplotlib.image - WARNING - Clipping input data to the valid range for imshow with RGB data ([0..1] for floats or [0..255] for integers). Got range [-1.8606442..153.68721].
2025-05-20 21:04:28,499 - matplotlib.image - WARNING - Clipping input data to the valid range for imshow with RGB data ([0..1] for floats or [0..255] for integers). Got range [-1.8606442..2.64].
2025-05-20 21:04:28,501 - matplotlib.image - WARNING - Clipping input data to the valid range for imshow with RGB data ([0..1] for floats or [0..255] for integers). Got range [-1.8606442..2.64].
2025-05-20 21:04:28,503 - matplotlib.image - WARNING - Clipping input data to the valid range for imshow with RGB data ([0..1] for floats or [0..255] for integers). Got range [-1.8606442..153.89272].
2025-05-20 21:04:28,837 - matplotlib.image - WARNING - Clipping input data to the valid range for imshow with RGB data ([0..1] for floats or [0..255] for integers). Got range [-1.8044444..2.64].
2025-05-20 21:04:28,839 - matplotlib.image - WARNING - Clipping input data to the valid range for imshow with RGB data ([0..1] for floats or [0..255] for integers). Got range [-1.8044444..2.64].
2025-05-20 21:04:28,841 - matplotlib.image - WARNING - Clipping input data to the valid range for imshow with RGB data ([0..1] for floats or [0..255] for integers). Got range [-1.8044444..108.67953].
2025-05-20 21:04:28,979 - matplotlib.image - WARNING - Clipping input data to the valid range for imshow with RGB data ([0..1] for floats or [0..255] for integers). Got range [-1.8044444..2.64].
2025-05-20 21:04:28,981 - matplotlib.image - WARNING - Clipping input data to the valid range for imshow with RGB data ([0..1] for floats or [0..255] for integers). Got range [-1.8044444..2.64].
2025-05-20 21:04:28,983 - matplotlib.image - WARNING - Clipping input data to the valid range for imshow with RGB data ([0..1] for floats or [0..255] for integers). Got range [-1.8044444..139.63551].
2025-05-20 21:04:29,200 - matplotlib.image - WARNING - Clipping input data to the valid range for imshow with RGB data ([0..1] for floats or [0..255] for integers). Got range [-1.8267832..2.64].
2025-05-20 21:04:29,202 - matplotlib.image - WARNING - Clipping input data to the valid range for imshow with RGB data ([0..1] for floats or [0..255] for integers). Got range [-1.8267832..2.64].
2025-05-20 21:04:29,204 - matplotlib.image - WARNING - Clipping input data to the valid range for imshow with RGB data ([0..1] for floats or [0..255] for integers). Got range [-1.8267832..108.94445].
2025-05-20 21:04:29,346 - matplotlib.image - WARNING - Clipping input data to the valid range for imshow with RGB data ([0..1] for floats or [0..255] for integers). Got range [-1.843908..2.64].
2025-05-20 21:04:29,347 - matplotlib.image - WARNING - Clipping input data to the valid range for imshow with RGB data ([0..1] for floats or [0..255] for integers). Got range [-1.843908..2.64].
2025-05-20 21:04:29,349 - matplotlib.image - WARNING - Clipping input data to the valid range for imshow with RGB data ([0..1] for floats or [0..255] for integers). Got range [-1.843908..108.937485].
2025-05-20 21:04:29,554 - matplotlib.image - WARNING - Clipping input data to the valid range for imshow with RGB data ([0..1] for floats or [0..255] for integers). Got range [-1.843908..2.64].
2025-05-20 21:04:29,556 - matplotlib.image - WARNING - Clipping input data to the valid range for imshow with RGB data ([0..1] for floats or [0..255] for integers). Got range [-1.843908..2.64].
2025-05-20 21:04:29,558 - matplotlib.image - WARNING - Clipping input data to the valid range for imshow with RGB data ([0..1] for floats or [0..255] for integers). Got range [-1.843908..140.24205].
2025-05-20 21:04:29,700 - matplotlib.image - WARNING - Clipping input data to the valid range for imshow with RGB data ([0..1] for floats or [0..255] for integers). Got range [-1.843908..2.64].
2025-05-20 21:04:29,701 - matplotlib.image - WARNING - Clipping input data to the valid range for imshow with RGB data ([0..1] for floats or [0..255] for integers). Got range [-1.843908..2.64].
2025-05-20 21:04:29,703 - matplotlib.image - WARNING - Clipping input data to the valid range for imshow with RGB data ([0..1] for floats or [0..255] for integers). Got range [-1.843908..140.1793].
2025-05-20 21:04:29,951 - matplotlib.image - WARNING - Clipping input data to the valid range for imshow with RGB data ([0..1] for floats or [0..255] for integers). Got range [-2.0357141..2.64].
2025-05-20 21:04:29,953 - matplotlib.image - WARNING - Clipping input data to the valid range for imshow with RGB data ([0..1] for floats or [0..255] for integers). Got range [-2.0357141..2.64].
2025-05-20 21:04:29,955 - matplotlib.image - WARNING - Clipping input data to the valid range for imshow with RGB data ([0..1] for floats or [0..255] for integers). Got range [-2.0357141..140.03291].
2025-05-20 21:04:30,115 - matplotlib.image - WARNING - Clipping input data to the valid range for imshow with RGB data ([0..1] for floats or [0..255] for integers). Got range [-2.0665298..2.64].
2025-05-20 21:04:30,116 - matplotlib.image - WARNING - Clipping input data to the valid range for imshow with RGB data ([0..1] for floats or [0..255] for integers). Got range [-2.0665298..2.64].
2025-05-20 21:04:30,118 - matplotlib.image - WARNING - Clipping input data to the valid range for imshow with RGB data ([0..1] for floats or [0..255] for integers). Got range [-2.0665298..140.03987].
2025-05-20 21:04:30,315 - matplotlib.image - WARNING - Clipping input data to the valid range for imshow with RGB data ([0..1] for floats or [0..255] for integers). Got range [-2.0494049..2.64].
2025-05-20 21:04:30,317 - matplotlib.image - WARNING - Clipping input data to the valid range for imshow with RGB data ([0..1] for floats or [0..255] for integers). Got range [-2.0494049..2.64].
2025-05-20 21:04:30,319 - matplotlib.image - WARNING - Clipping input data to the valid range for imshow with RGB data ([0..1] for floats or [0..255] for integers). Got range [-2.0494049..140.01897].
2025-05-20 21:04:30,481 - matplotlib.image - WARNING - Clipping input data to the valid range for imshow with RGB data ([0..1] for floats or [0..255] for integers). Got range [-2.0357141..2.64].
2025-05-20 21:04:30,482 - matplotlib.image - WARNING - Clipping input data to the valid range for imshow with RGB data ([0..1] for floats or [0..255] for integers). Got range [-2.0357141..2.64].
2025-05-20 21:04:30,484 - matplotlib.image - WARNING - Clipping input data to the valid range for imshow with RGB data ([0..1] for floats or [0..255] for integers). Got range [-2.0357141..139.97015].
2025-05-20 21:04:30,679 - matplotlib.image - WARNING - Clipping input data to the valid range for imshow with RGB data ([0..1] for floats or [0..255] for integers). Got range [-2.0494049..2.64].
2025-05-20 21:04:30,681 - matplotlib.image - WARNING - Clipping input data to the valid range for imshow with RGB data ([0..1] for floats or [0..255] for integers). Got range [-2.0494049..2.64].
2025-05-20 21:04:30,683 - matplotlib.image - WARNING - Clipping input data to the valid range for imshow with RGB data ([0..1] for floats or [0..255] for integers). Got range [-2.0494049..140.06776].
2025-05-20 21:04:30,838 - matplotlib.image - WARNING - Clipping input data to the valid range for imshow with RGB data ([0..1] for floats or [0..255] for integers). Got range [-2.0357141..2.64].
2025-05-20 21:04:30,839 - matplotlib.image - WARNING - Clipping input data to the valid range for imshow with RGB data ([0..1] for floats or [0..255] for integers). Got range [-2.0357141..2.64].
2025-05-20 21:04:30,842 - matplotlib.image - WARNING - Clipping input data to the valid range for imshow with RGB data ([0..1] for floats or [0..255] for integers). Got range [-2.0357141..140.1584].
2025-05-20 21:04:31,145 - matplotlib.image - WARNING - Clipping input data to the valid range for imshow with RGB data ([0..1] for floats or [0..255] for integers). Got range [-2.117904..2.5005665].
2025-05-20 21:04:31,146 - matplotlib.image - WARNING - Clipping input data to the valid range for imshow with RGB data ([0..1] for floats or [0..255] for integers). Got range [-2.117904..2.5005665].
2025-05-20 21:04:31,149 - matplotlib.image - WARNING - Clipping input data to the valid range for imshow with RGB data ([0..1] for floats or [0..255] for integers). Got range [-2.117904..153.88586].
2025-05-20 21:04:31,320 - matplotlib.image - WARNING - Clipping input data to the valid range for imshow with RGB data ([0..1] for floats or [0..255] for integers). Got range [-2.117904..2.5702832].
2025-05-20 21:04:31,321 - matplotlib.image - WARNING - Clipping input data to the valid range for imshow with RGB data ([0..1] for floats or [0..255] for integers). Got range [-2.117904..2.5702832].
2025-05-20 21:04:31,324 - matplotlib.image - WARNING - Clipping input data to the valid range for imshow with RGB data ([0..1] for floats or [0..255] for integers). Got range [-2.117904..153.89272].
2025-05-20 21:04:31,543 - matplotlib.image - WARNING - Clipping input data to the valid range for imshow with RGB data ([0..1] for floats or [0..255] for integers). Got range [-2.117904..2.535425].
2025-05-20 21:04:31,544 - matplotlib.image - WARNING - Clipping input data to the valid range for imshow with RGB data ([0..1] for floats or [0..255] for integers). Got range [-2.117904..2.535425].
2025-05-20 21:04:31,547 - matplotlib.image - WARNING - Clipping input data to the valid range for imshow with RGB data ([0..1] for floats or [0..255] for integers). Got range [-2.117904..153.86531].
2025-05-20 21:04:31,702 - matplotlib.image - WARNING - Clipping input data to the valid range for imshow with RGB data ([0..1] for floats or [0..255] for integers). Got range [-2.117904..2.5702832].
2025-05-20 21:04:31,704 - matplotlib.image - WARNING - Clipping input data to the valid range for imshow with RGB data ([0..1] for floats or [0..255] for integers). Got range [-2.117904..2.5702832].
2025-05-20 21:04:31,706 - matplotlib.image - WARNING - Clipping input data to the valid range for imshow with RGB data ([0..1] for floats or [0..255] for integers). Got range [-2.117904..153.88586].
2025-05-20 21:04:31,903 - matplotlib.image - WARNING - Clipping input data to the valid range for imshow with RGB data ([0..1] for floats or [0..255] for integers). Got range [-2.117904..2.535425].
2025-05-20 21:04:31,905 - matplotlib.image - WARNING - Clipping input data to the valid range for imshow with RGB data ([0..1] for floats or [0..255] for integers). Got range [-2.117904..2.535425].
2025-05-20 21:04:31,907 - matplotlib.image - WARNING - Clipping input data to the valid range for imshow with RGB data ([0..1] for floats or [0..255] for integers). Got range [-2.117904..140.12354].
2025-05-20 21:04:32,065 - matplotlib.image - WARNING - Clipping input data to the valid range for imshow with RGB data ([0..1] for floats or [0..255] for integers). Got range [-2.117904..2.622571].
2025-05-20 21:04:32,066 - matplotlib.image - WARNING - Clipping input data to the valid range for imshow with RGB data ([0..1] for floats or [0..255] for integers). Got range [-2.117904..2.622571].
2025-05-20 21:04:32,068 - matplotlib.image - WARNING - Clipping input data to the valid range for imshow with RGB data ([0..1] for floats or [0..255] for integers). Got range [-2.117904..153.87216].
2025-05-20 21:04:32,267 - matplotlib.image - WARNING - Clipping input data to the valid range for imshow with RGB data ([0..1] for floats or [0..255] for integers). Got range [-2.117904..2.535425].
2025-05-20 21:04:32,269 - matplotlib.image - WARNING - Clipping input data to the valid range for imshow with RGB data ([0..1] for floats or [0..255] for integers). Got range [-2.117904..2.535425].
2025-05-20 21:04:32,272 - matplotlib.image - WARNING - Clipping input data to the valid range for imshow with RGB data ([0..1] for floats or [0..255] for integers). Got range [-2.117904..153.87901].
2025-05-20 21:04:32,433 - matplotlib.image - WARNING - Clipping input data to the valid range for imshow with RGB data ([0..1] for floats or [0..255] for integers). Got range [-2.117904..2.5702832].
2025-05-20 21:04:32,434 - matplotlib.image - WARNING - Clipping input data to the valid range for imshow with RGB data ([0..1] for floats or [0..255] for integers). Got range [-2.117904..2.5702832].
2025-05-20 21:04:32,436 - matplotlib.image - WARNING - Clipping input data to the valid range for imshow with RGB data ([0..1] for floats or [0..255] for integers). Got range [-2.117904..140.10263].
2025-05-20 21:04:32,645 - matplotlib.image - WARNING - Clipping input data to the valid range for imshow with RGB data ([0..1] for floats or [0..255] for integers). Got range [-2.117904..2.5528543].
2025-05-20 21:04:32,647 - matplotlib.image - WARNING - Clipping input data to the valid range for imshow with RGB data ([0..1] for floats or [0..255] for integers). Got range [-2.117904..2.5528543].
2025-05-20 21:04:32,649 - matplotlib.image - WARNING - Clipping input data to the valid range for imshow with RGB data ([0..1] for floats or [0..255] for integers). Got range [-2.117904..153.81737].
2025-05-20 21:04:32,814 - matplotlib.image - WARNING - Clipping input data to the valid range for imshow with RGB data ([0..1] for floats or [0..255] for integers). Got range [-2.117904..2.5528543].
2025-05-20 21:04:32,815 - matplotlib.image - WARNING - Clipping input data to the valid range for imshow with RGB data ([0..1] for floats or [0..255] for integers). Got range [-2.117904..2.5528543].
2025-05-20 21:04:32,817 - matplotlib.image - WARNING - Clipping input data to the valid range for imshow with RGB data ([0..1] for floats or [0..255] for integers). Got range [-2.117904..153.81737].
2025-05-20 21:04:33,011 - matplotlib.image - WARNING - Clipping input data to the valid range for imshow with RGB data ([0..1] for floats or [0..255] for integers). Got range [-1.4500387..2.64].
2025-05-20 21:04:33,012 - matplotlib.image - WARNING - Clipping input data to the valid range for imshow with RGB data ([0..1] for floats or [0..255] for integers). Got range [-1.4500387..2.64].
2025-05-20 21:04:33,015 - matplotlib.image - WARNING - Clipping input data to the valid range for imshow with RGB data ([0..1] for floats or [0..255] for integers). Got range [-1.4500387..153.89957].
2025-05-20 21:04:33,292 - matplotlib.image - WARNING - Clipping input data to the valid range for imshow with RGB data ([0..1] for floats or [0..255] for integers). Got range [-1.4500387..2.64].
2025-05-20 21:04:33,294 - matplotlib.image - WARNING - Clipping input data to the valid range for imshow with RGB data ([0..1] for floats or [0..255] for integers). Got range [-1.4500387..2.64].
2025-05-20 21:04:33,297 - matplotlib.image - WARNING - Clipping input data to the valid range for imshow with RGB data ([0..1] for floats or [0..255] for integers). Got range [-1.4500387..153.89957].
2025-05-20 21:04:33,505 - matplotlib.image - WARNING - Clipping input data to the valid range for imshow with RGB data ([0..1] for floats or [0..255] for integers). Got range [-1.5280112..2.64].
2025-05-20 21:04:33,507 - matplotlib.image - WARNING - Clipping input data to the valid range for imshow with RGB data ([0..1] for floats or [0..255] for integers). Got range [-1.5280112..2.64].
2025-05-20 21:04:33,510 - matplotlib.image - WARNING - Clipping input data to the valid range for imshow with RGB data ([0..1] for floats or [0..255] for integers). Got range [-1.5185376..153.89957].
2025-05-20 21:04:33,652 - matplotlib.image - WARNING - Clipping input data to the valid range for imshow with RGB data ([0..1] for floats or [0..255] for integers). Got range [-1.5699118..2.64].
2025-05-20 21:04:33,654 - matplotlib.image - WARNING - Clipping input data to the valid range for imshow with RGB data ([0..1] for floats or [0..255] for integers). Got range [-1.5699118..2.64].
2025-05-20 21:04:33,656 - matplotlib.image - WARNING - Clipping input data to the valid range for imshow with RGB data ([0..1] for floats or [0..255] for integers). Got range [-1.5699118..153.89957].
2025-05-20 21:04:33,864 - matplotlib.image - WARNING - Clipping input data to the valid range for imshow with RGB data ([0..1] for floats or [0..255] for integers). Got range [-1.7069099..2.64].
2025-05-20 21:04:33,865 - matplotlib.image - WARNING - Clipping input data to the valid range for imshow with RGB data ([0..1] for floats or [0..255] for integers). Got range [-1.7069099..2.64].
2025-05-20 21:04:33,868 - matplotlib.image - WARNING - Clipping input data to the valid range for imshow with RGB data ([0..1] for floats or [0..255] for integers). Got range [-1.6726604..153.89957].
2025-05-20 21:04:34,009 - matplotlib.image - WARNING - Clipping input data to the valid range for imshow with RGB data ([0..1] for floats or [0..255] for integers). Got range [-1.5980392..2.64].
2025-05-20 21:04:34,010 - matplotlib.image - WARNING - Clipping input data to the valid range for imshow with RGB data ([0..1] for floats or [0..255] for integers). Got range [-1.5980392..2.64].
2025-05-20 21:04:34,013 - matplotlib.image - WARNING - Clipping input data to the valid range for imshow with RGB data ([0..1] for floats or [0..255] for integers). Got range [-1.5870366..153.89957].
2025-05-20 21:04:34,215 - matplotlib.image - WARNING - Clipping input data to the valid range for imshow with RGB data ([0..1] for floats or [0..255] for integers). Got range [-1.7582842..2.64].
2025-05-20 21:04:34,217 - matplotlib.image - WARNING - Clipping input data to the valid range for imshow with RGB data ([0..1] for floats or [0..255] for integers). Got range [-1.7582842..2.64].
2025-05-20 21:04:34,221 - matplotlib.image - WARNING - Clipping input data to the valid range for imshow with RGB data ([0..1] for floats or [0..255] for integers). Got range [-1.7582842..153.89957].
2025-05-20 21:04:34,357 - matplotlib.image - WARNING - Clipping input data to the valid range for imshow with RGB data ([0..1] for floats or [0..255] for integers). Got range [-1.7240347..2.64].
2025-05-20 21:04:34,359 - matplotlib.image - WARNING - Clipping input data to the valid range for imshow with RGB data ([0..1] for floats or [0..255] for integers). Got range [-1.7240347..2.64].
2025-05-20 21:04:34,362 - matplotlib.image - WARNING - Clipping input data to the valid range for imshow with RGB data ([0..1] for floats or [0..255] for integers). Got range [-1.7240347..153.89957].
2025-05-20 21:04:34,565 - matplotlib.image - WARNING - Clipping input data to the valid range for imshow with RGB data ([0..1] for floats or [0..255] for integers). Got range [-1.7582842..2.64].
2025-05-20 21:04:34,567 - matplotlib.image - WARNING - Clipping input data to the valid range for imshow with RGB data ([0..1] for floats or [0..255] for integers). Got range [-1.7582842..2.64].
2025-05-20 21:04:34,571 - matplotlib.image - WARNING - Clipping input data to the valid range for imshow with RGB data ([0..1] for floats or [0..255] for integers). Got range [-1.7582842..153.89957].
2025-05-20 21:04:34,713 - matplotlib.image - WARNING - Clipping input data to the valid range for imshow with RGB data ([0..1] for floats or [0..255] for integers). Got range [-1.7754089..2.64].
2025-05-20 21:04:34,714 - matplotlib.image - WARNING - Clipping input data to the valid range for imshow with RGB data ([0..1] for floats or [0..255] for integers). Got range [-1.7754089..2.64].
2025-05-20 21:04:34,718 - matplotlib.image - WARNING - Clipping input data to the valid range for imshow with RGB data ([0..1] for floats or [0..255] for integers). Got range [-1.7754089..153.89957].
2025-05-20 21:04:34,933 - matplotlib.image - WARNING - Clipping input data to the valid range for imshow with RGB data ([0..1] for floats or [0..255] for integers). Got range [-2.117904..2.3959913].
2025-05-20 21:04:34,934 - matplotlib.image - WARNING - Clipping input data to the valid range for imshow with RGB data ([0..1] for floats or [0..255] for integers). Got range [-2.117904..2.3959913].
2025-05-20 21:04:34,937 - matplotlib.image - WARNING - Clipping input data to the valid range for imshow with RGB data ([0..1] for floats or [0..255] for integers). Got range [-2.117904..108.735306].
2025-05-20 21:04:35,063 - matplotlib.image - WARNING - Clipping input data to the valid range for imshow with RGB data ([0..1] for floats or [0..255] for integers). Got range [-2.1007793..2.2739873].
2025-05-20 21:04:35,064 - matplotlib.image - WARNING - Clipping input data to the valid range for imshow with RGB data ([0..1] for floats or [0..255] for integers). Got range [-2.1007793..2.2739873].
2025-05-20 21:04:35,066 - matplotlib.image - WARNING - Clipping input data to the valid range for imshow with RGB data ([0..1] for floats or [0..255] for integers). Got range [-2.1007793..108.6377].
2025-05-20 21:04:35,263 - matplotlib.image - WARNING - Clipping input data to the valid range for imshow with RGB data ([0..1] for floats or [0..255] for integers). Got range [-2.0836544..2.3088455].
2025-05-20 21:04:35,265 - matplotlib.image - WARNING - Clipping input data to the valid range for imshow with RGB data ([0..1] for floats or [0..255] for integers). Got range [-2.0836544..2.3088455].
2025-05-20 21:04:35,267 - matplotlib.image - WARNING - Clipping input data to the valid range for imshow with RGB data ([0..1] for floats or [0..255] for integers). Got range [-2.0836544..108.6865].
2025-05-20 21:04:35,496 - matplotlib.image - WARNING - Clipping input data to the valid range for imshow with RGB data ([0..1] for floats or [0..255] for integers). Got range [-2.0836544..2.2914162].
2025-05-20 21:04:35,498 - matplotlib.image - WARNING - Clipping input data to the valid range for imshow with RGB data ([0..1] for floats or [0..255] for integers). Got range [-2.0836544..2.2914162].
2025-05-20 21:04:35,500 - matplotlib.image - WARNING - Clipping input data to the valid range for imshow with RGB data ([0..1] for floats or [0..255] for integers). Got range [-2.0836544..108.735306].
2025-05-20 21:04:35,704 - matplotlib.image - WARNING - Clipping input data to the valid range for imshow with RGB data ([0..1] for floats or [0..255] for integers). Got range [-2.0665298..2.0474076].
2025-05-20 21:04:35,705 - matplotlib.image - WARNING - Clipping input data to the valid range for imshow with RGB data ([0..1] for floats or [0..255] for integers). Got range [-2.0665298..2.0474076].
2025-05-20 21:04:35,707 - matplotlib.image - WARNING - Clipping input data to the valid range for imshow with RGB data ([0..1] for floats or [0..255] for integers). Got range [-2.0665298..108.6865].
2025-05-20 21:04:35,818 - matplotlib.image - WARNING - Clipping input data to the valid range for imshow with RGB data ([0..1] for floats or [0..255] for integers). Got range [-2.0836544..2.0125492].
2025-05-20 21:04:35,819 - matplotlib.image - WARNING - Clipping input data to the valid range for imshow with RGB data ([0..1] for floats or [0..255] for integers). Got range [-2.0836544..2.0125492].
2025-05-20 21:04:35,821 - matplotlib.image - WARNING - Clipping input data to the valid range for imshow with RGB data ([0..1] for floats or [0..255] for integers). Got range [-2.0836544..108.67953].
2025-05-20 21:04:36,044 - matplotlib.image - WARNING - Clipping input data to the valid range for imshow with RGB data ([0..1] for floats or [0..255] for integers). Got range [-2.117904..2.1484594].
2025-05-20 21:04:36,046 - matplotlib.image - WARNING - Clipping input data to the valid range for imshow with RGB data ([0..1] for floats or [0..255] for integers). Got range [-2.117904..2.1484594].
2025-05-20 21:04:36,049 - matplotlib.image - WARNING - Clipping input data to the valid range for imshow with RGB data ([0..1] for floats or [0..255] for integers). Got range [-2.117904..108.6377].
2025-05-20 21:04:36,162 - matplotlib.image - WARNING - Clipping input data to the valid range for imshow with RGB data ([0..1] for floats or [0..255] for integers). Got range [-2.117904..2.186841].
2025-05-20 21:04:36,163 - matplotlib.image - WARNING - Clipping input data to the valid range for imshow with RGB data ([0..1] for floats or [0..255] for integers). Got range [-2.117904..2.186841].
2025-05-20 21:04:36,165 - matplotlib.image - WARNING - Clipping input data to the valid range for imshow with RGB data ([0..1] for floats or [0..255] for integers). Got range [-2.117904..108.62376].
2025-05-20 21:04:36,381 - matplotlib.image - WARNING - Clipping input data to the valid range for imshow with RGB data ([0..1] for floats or [0..255] for integers). Got range [-2.117904..2.343704].
2025-05-20 21:04:36,382 - matplotlib.image - WARNING - Clipping input data to the valid range for imshow with RGB data ([0..1] for floats or [0..255] for integers). Got range [-2.117904..2.343704].
2025-05-20 21:04:36,384 - matplotlib.image - WARNING - Clipping input data to the valid range for imshow with RGB data ([0..1] for floats or [0..255] for integers). Got range [-2.117904..108.54009].
2025-05-20 21:04:36,499 - matplotlib.image - WARNING - Clipping input data to the valid range for imshow with RGB data ([0..1] for floats or [0..255] for integers). Got range [-2.117904..2.4308496].
2025-05-20 21:04:36,500 - matplotlib.image - WARNING - Clipping input data to the valid range for imshow with RGB data ([0..1] for floats or [0..255] for integers). Got range [-2.117904..2.4308496].
2025-05-20 21:04:36,503 - matplotlib.image - WARNING - Clipping input data to the valid range for imshow with RGB data ([0..1] for floats or [0..255] for integers). Got range [-2.117904..108.47038].
2025-05-20 21:04:36,751 - matplotlib.image - WARNING - Clipping input data to the valid range for imshow with RGB data ([0..1] for floats or [0..255] for integers). Got range [-2.0494049..2.64].
2025-05-20 21:04:36,752 - matplotlib.image - WARNING - Clipping input data to the valid range for imshow with RGB data ([0..1] for floats or [0..255] for integers). Got range [-2.0494049..2.64].
2025-05-20 21:04:36,754 - matplotlib.image - WARNING - Clipping input data to the valid range for imshow with RGB data ([0..1] for floats or [0..255] for integers). Got range [-2.0494049..153.87216].
2025-05-20 21:04:36,894 - matplotlib.image - WARNING - Clipping input data to the valid range for imshow with RGB data ([0..1] for floats or [0..255] for integers). Got range [-2.0665298..2.64].
2025-05-20 21:04:36,896 - matplotlib.image - WARNING - Clipping input data to the valid range for imshow with RGB data ([0..1] for floats or [0..255] for integers). Got range [-2.0665298..2.64].
2025-05-20 21:04:36,898 - matplotlib.image - WARNING - Clipping input data to the valid range for imshow with RGB data ([0..1] for floats or [0..255] for integers). Got range [-2.0665298..153.87901].
2025-05-20 21:04:37,118 - matplotlib.image - WARNING - Clipping input data to the valid range for imshow with RGB data ([0..1] for floats or [0..255] for integers). Got range [-2.117904..2.64].
2025-05-20 21:04:37,120 - matplotlib.image - WARNING - Clipping input data to the valid range for imshow with RGB data ([0..1] for floats or [0..255] for integers). Got range [-2.117904..2.64].
2025-05-20 21:04:37,122 - matplotlib.image - WARNING - Clipping input data to the valid range for imshow with RGB data ([0..1] for floats or [0..255] for integers). Got range [-2.117904..153.88586].
2025-05-20 21:04:37,260 - matplotlib.image - WARNING - Clipping input data to the valid range for imshow with RGB data ([0..1] for floats or [0..255] for integers). Got range [-2.117904..2.64].
2025-05-20 21:04:37,261 - matplotlib.image - WARNING - Clipping input data to the valid range for imshow with RGB data ([0..1] for floats or [0..255] for integers). Got range [-2.117904..2.64].
2025-05-20 21:04:37,263 - matplotlib.image - WARNING - Clipping input data to the valid range for imshow with RGB data ([0..1] for floats or [0..255] for integers). Got range [-2.117904..153.87901].
2025-05-20 21:04:37,446 - matplotlib.image - WARNING - Clipping input data to the valid range for imshow with RGB data ([0..1] for floats or [0..255] for integers). Got range [-2.0665298..2.64].
2025-05-20 21:04:37,448 - matplotlib.image - WARNING - Clipping input data to the valid range for imshow with RGB data ([0..1] for floats or [0..255] for integers). Got range [-2.0665298..2.64].
2025-05-20 21:04:37,450 - matplotlib.image - WARNING - Clipping input data to the valid range for imshow with RGB data ([0..1] for floats or [0..255] for integers). Got range [-2.0494049..153.75572].
2025-05-20 21:04:37,796 - matplotlib.image - WARNING - Clipping input data to the valid range for imshow with RGB data ([0..1] for floats or [0..255] for integers). Got range [-2.117904..2.64].
2025-05-20 21:04:37,801 - matplotlib.image - WARNING - Clipping input data to the valid range for imshow with RGB data ([0..1] for floats or [0..255] for integers). Got range [-2.117904..2.64].
2025-05-20 21:04:37,807 - matplotlib.image - WARNING - Clipping input data to the valid range for imshow with RGB data ([0..1] for floats or [0..255] for integers). Got range [-2.117904..153.63927].
2025-05-20 21:04:38,013 - matplotlib.image - WARNING - Clipping input data to the valid range for imshow with RGB data ([0..1] for floats or [0..255] for integers). Got range [-2.0665298..2.64].
2025-05-20 21:04:38,015 - matplotlib.image - WARNING - Clipping input data to the valid range for imshow with RGB data ([0..1] for floats or [0..255] for integers). Got range [-2.0665298..2.64].
2025-05-20 21:04:38,018 - matplotlib.image - WARNING - Clipping input data to the valid range for imshow with RGB data ([0..1] for floats or [0..255] for integers). Got range [-2.0665298..153.83792].
2025-05-20 21:04:38,152 - matplotlib.image - WARNING - Clipping input data to the valid range for imshow with RGB data ([0..1] for floats or [0..255] for integers). Got range [-2.0836544..2.64].
2025-05-20 21:04:38,153 - matplotlib.image - WARNING - Clipping input data to the valid range for imshow with RGB data ([0..1] for floats or [0..255] for integers). Got range [-2.0836544..2.64].
2025-05-20 21:04:38,156 - matplotlib.image - WARNING - Clipping input data to the valid range for imshow with RGB data ([0..1] for floats or [0..255] for integers). Got range [-2.0836544..153.83792].
2025-05-20 21:04:38,344 - matplotlib.image - WARNING - Clipping input data to the valid range for imshow with RGB data ([0..1] for floats or [0..255] for integers). Got range [-2.117904..2.64].
2025-05-20 21:04:38,346 - matplotlib.image - WARNING - Clipping input data to the valid range for imshow with RGB data ([0..1] for floats or [0..255] for integers). Got range [-2.117904..2.64].
2025-05-20 21:04:38,349 - matplotlib.image - WARNING - Clipping input data to the valid range for imshow with RGB data ([0..1] for floats or [0..255] for integers). Got range [-2.117904..153.66667].
2025-05-20 21:04:38,493 - matplotlib.image - WARNING - Clipping input data to the valid range for imshow with RGB data ([0..1] for floats or [0..255] for integers). Got range [-2.117904..2.64].
2025-05-20 21:04:38,494 - matplotlib.image - WARNING - Clipping input data to the valid range for imshow with RGB data ([0..1] for floats or [0..255] for integers). Got range [-2.117904..2.64].
2025-05-20 21:04:38,497 - matplotlib.image - WARNING - Clipping input data to the valid range for imshow with RGB data ([0..1] for floats or [0..255] for integers). Got range [-2.117904..153.64612].
2025-05-20 21:04:38,682 - matplotlib.image - WARNING - Clipping input data to the valid range for imshow with RGB data ([0..1] for floats or [0..255] for integers). Got range [-2.0494049..2.5528543].
2025-05-20 21:04:38,684 - matplotlib.image - WARNING - Clipping input data to the valid range for imshow with RGB data ([0..1] for floats or [0..255] for integers). Got range [-2.0494049..2.5528543].
2025-05-20 21:04:38,686 - matplotlib.image - WARNING - Clipping input data to the valid range for imshow with RGB data ([0..1] for floats or [0..255] for integers). Got range [-2.0494049..140.22115].
2025-05-20 21:04:38,816 - matplotlib.image - WARNING - Clipping input data to the valid range for imshow with RGB data ([0..1] for floats or [0..255] for integers). Got range [-2.0494049..2.535425].
2025-05-20 21:04:38,817 - matplotlib.image - WARNING - Clipping input data to the valid range for imshow with RGB data ([0..1] for floats or [0..255] for integers). Got range [-2.0494049..2.535425].
2025-05-20 21:04:38,819 - matplotlib.image - WARNING - Clipping input data to the valid range for imshow with RGB data ([0..1] for floats or [0..255] for integers). Got range [-2.0494049..140.21417].
2025-05-20 21:04:39,010 - matplotlib.image - WARNING - Clipping input data to the valid range for imshow with RGB data ([0..1] for floats or [0..255] for integers). Got range [-2.0665298..2.5528543].
2025-05-20 21:04:39,012 - matplotlib.image - WARNING - Clipping input data to the valid range for imshow with RGB data ([0..1] for floats or [0..255] for integers). Got range [-2.0665298..2.5528543].
2025-05-20 21:04:39,014 - matplotlib.image - WARNING - Clipping input data to the valid range for imshow with RGB data ([0..1] for floats or [0..255] for integers). Got range [-2.0665298..140.22115].
2025-05-20 21:04:39,146 - matplotlib.image - WARNING - Clipping input data to the valid range for imshow with RGB data ([0..1] for floats or [0..255] for integers). Got range [-2.0494049..2.5528543].
2025-05-20 21:04:39,148 - matplotlib.image - WARNING - Clipping input data to the valid range for imshow with RGB data ([0..1] for floats or [0..255] for integers). Got range [-2.0494049..2.5528543].
2025-05-20 21:04:39,150 - matplotlib.image - WARNING - Clipping input data to the valid range for imshow with RGB data ([0..1] for floats or [0..255] for integers). Got range [-2.0494049..140.22115].
2025-05-20 21:04:39,325 - matplotlib.image - WARNING - Clipping input data to the valid range for imshow with RGB data ([0..1] for floats or [0..255] for integers). Got range [-2.0494049..2.4308496].
2025-05-20 21:04:39,327 - matplotlib.image - WARNING - Clipping input data to the valid range for imshow with RGB data ([0..1] for floats or [0..255] for integers). Got range [-2.0494049..2.4308496].
2025-05-20 21:04:39,330 - matplotlib.image - WARNING - Clipping input data to the valid range for imshow with RGB data ([0..1] for floats or [0..255] for integers). Got range [-2.0494049..140.17233].
2025-05-20 21:04:39,458 - matplotlib.image - WARNING - Clipping input data to the valid range for imshow with RGB data ([0..1] for floats or [0..255] for integers). Got range [-2.0494049..2.3785625].
2025-05-20 21:04:39,459 - matplotlib.image - WARNING - Clipping input data to the valid range for imshow with RGB data ([0..1] for floats or [0..255] for integers). Got range [-2.0494049..2.3785625].
2025-05-20 21:04:39,461 - matplotlib.image - WARNING - Clipping input data to the valid range for imshow with RGB data ([0..1] for floats or [0..255] for integers). Got range [-2.0494049..140.13051].
2025-05-20 21:04:39,628 - matplotlib.image - WARNING - Clipping input data to the valid range for imshow with RGB data ([0..1] for floats or [0..255] for integers). Got range [-2.0494049..2.3785625].
2025-05-20 21:04:39,630 - matplotlib.image - WARNING - Clipping input data to the valid range for imshow with RGB data ([0..1] for floats or [0..255] for integers). Got range [-2.0494049..2.3785625].
2025-05-20 21:04:39,632 - matplotlib.image - WARNING - Clipping input data to the valid range for imshow with RGB data ([0..1] for floats or [0..255] for integers). Got range [-2.0494049..140.08868].
2025-05-20 21:04:39,872 - matplotlib.image - WARNING - Clipping input data to the valid range for imshow with RGB data ([0..1] for floats or [0..255] for integers). Got range [-2.0494049..2.3935575].
2025-05-20 21:04:39,874 - matplotlib.image - WARNING - Clipping input data to the valid range for imshow with RGB data ([0..1] for floats or [0..255] for integers). Got range [-2.0494049..2.3935575].
2025-05-20 21:04:39,876 - matplotlib.image - WARNING - Clipping input data to the valid range for imshow with RGB data ([0..1] for floats or [0..255] for integers). Got range [-2.0494049..140.10263].
2025-05-20 21:04:40,057 - matplotlib.image - WARNING - Clipping input data to the valid range for imshow with RGB data ([0..1] for floats or [0..255] for integers). Got range [-2.0665298..2.3959913].
2025-05-20 21:04:40,059 - matplotlib.image - WARNING - Clipping input data to the valid range for imshow with RGB data ([0..1] for floats or [0..255] for integers). Got range [-2.0665298..2.3959913].
2025-05-20 21:04:40,061 - matplotlib.image - WARNING - Clipping input data to the valid range for imshow with RGB data ([0..1] for floats or [0..255] for integers). Got range [-2.0665298..140.06776].
2025-05-20 21:04:40,187 - matplotlib.image - WARNING - Clipping input data to the valid range for imshow with RGB data ([0..1] for floats or [0..255] for integers). Got range [-2.0494049..2.3611329].
2025-05-20 21:04:40,189 - matplotlib.image - WARNING - Clipping input data to the valid range for imshow with RGB data ([0..1] for floats or [0..255] for integers). Got range [-2.0494049..2.3611329].
2025-05-20 21:04:40,191 - matplotlib.image - WARNING - Clipping input data to the valid range for imshow with RGB data ([0..1] for floats or [0..255] for integers). Got range [-2.0494049..140.07474].
2025-05-20 21:04:40,368 - matplotlib.image - WARNING - Clipping input data to the valid range for imshow with RGB data ([0..1] for floats or [0..255] for integers). Got range [-2.0494049..2.3959913].
2025-05-20 21:04:40,370 - matplotlib.image - WARNING - Clipping input data to the valid range for imshow with RGB data ([0..1] for floats or [0..255] for integers). Got range [-2.0494049..2.3959913].
2025-05-20 21:04:40,372 - matplotlib.image - WARNING - Clipping input data to the valid range for imshow with RGB data ([0..1] for floats or [0..255] for integers). Got range [-2.0494049..140.14445].
2025-05-20 21:04:40,498 - matplotlib.image - WARNING - Clipping input data to the valid range for imshow with RGB data ([0..1] for floats or [0..255] for integers). Got range [-2.0665298..2.4308496].
2025-05-20 21:04:40,499 - matplotlib.image - WARNING - Clipping input data to the valid range for imshow with RGB data ([0..1] for floats or [0..255] for integers). Got range [-2.0665298..2.4308496].
2025-05-20 21:04:40,501 - matplotlib.image - WARNING - Clipping input data to the valid range for imshow with RGB data ([0..1] for floats or [0..255] for integers). Got range [-2.0665298..140.17233].
2025-05-20 21:04:40,682 - matplotlib.image - WARNING - Clipping input data to the valid range for imshow with RGB data ([0..1] for floats or [0..255] for integers). Got range [-2.0494049..2.3785625].
2025-05-20 21:04:40,683 - matplotlib.image - WARNING - Clipping input data to the valid range for imshow with RGB data ([0..1] for floats or [0..255] for integers). Got range [-2.0494049..2.3785625].
2025-05-20 21:04:40,686 - matplotlib.image - WARNING - Clipping input data to the valid range for imshow with RGB data ([0..1] for floats or [0..255] for integers). Got range [-2.0494049..140.15143].
2025-05-20 21:04:40,812 - matplotlib.image - WARNING - Clipping input data to the valid range for imshow with RGB data ([0..1] for floats or [0..255] for integers). Got range [-2.0836544..2.465708].
2025-05-20 21:04:40,813 - matplotlib.image - WARNING - Clipping input data to the valid range for imshow with RGB data ([0..1] for floats or [0..255] for integers). Got range [-2.0836544..2.465708].
2025-05-20 21:04:40,816 - matplotlib.image - WARNING - Clipping input data to the valid range for imshow with RGB data ([0..1] for floats or [0..255] for integers). Got range [-2.0836544..140.18628].
2025-05-20 21:04:41,007 - matplotlib.image - WARNING - Clipping input data to the valid range for imshow with RGB data ([0..1] for floats or [0..255] for integers). Got range [-2.117904..2.5528543].
2025-05-20 21:04:41,008 - matplotlib.image - WARNING - Clipping input data to the valid range for imshow with RGB data ([0..1] for floats or [0..255] for integers). Got range [-2.117904..2.5528543].
2025-05-20 21:04:41,012 - matplotlib.image - WARNING - Clipping input data to the valid range for imshow with RGB data ([0..1] for floats or [0..255] for integers). Got range [-2.1007793..140.22115].
2025-05-20 21:04:41,157 - matplotlib.image - WARNING - Clipping input data to the valid range for imshow with RGB data ([0..1] for floats or [0..255] for integers). Got range [-2.1007793..2.64].
2025-05-20 21:04:41,158 - matplotlib.image - WARNING - Clipping input data to the valid range for imshow with RGB data ([0..1] for floats or [0..255] for integers). Got range [-2.1007793..2.64].
2025-05-20 21:04:41,161 - matplotlib.image - WARNING - Clipping input data to the valid range for imshow with RGB data ([0..1] for floats or [0..255] for integers). Got range [-2.1007793..140.256].
2025-05-20 21:04:41,365 - matplotlib.image - WARNING - Clipping input data to the valid range for imshow with RGB data ([0..1] for floats or [0..255] for integers). Got range [-2.0322802..2.3088455].
2025-05-20 21:04:41,366 - matplotlib.image - WARNING - Clipping input data to the valid range for imshow with RGB data ([0..1] for floats or [0..255] for integers). Got range [-2.0322802..2.3088455].
2025-05-20 21:04:41,369 - matplotlib.image - WARNING - Clipping input data to the valid range for imshow with RGB data ([0..1] for floats or [0..255] for integers). Got range [-1.8610327..140.00502].
2025-05-20 21:04:41,506 - matplotlib.image - WARNING - Clipping input data to the valid range for imshow with RGB data ([0..1] for floats or [0..255] for integers). Got range [-2.0494049..2.3262744].
2025-05-20 21:04:41,507 - matplotlib.image - WARNING - Clipping input data to the valid range for imshow with RGB data ([0..1] for floats or [0..255] for integers). Got range [-2.0494049..2.3262744].
2025-05-20 21:04:41,510 - matplotlib.image - WARNING - Clipping input data to the valid range for imshow with RGB data ([0..1] for floats or [0..255] for integers). Got range [-1.7925336..139.97713].
2025-05-20 21:04:41,701 - matplotlib.image - WARNING - Clipping input data to the valid range for imshow with RGB data ([0..1] for floats or [0..255] for integers). Got range [-2.117904..2.6051416].
2025-05-20 21:04:41,702 - matplotlib.image - WARNING - Clipping input data to the valid range for imshow with RGB data ([0..1] for floats or [0..255] for integers). Got range [-2.117904..2.6051416].
2025-05-20 21:04:41,705 - matplotlib.image - WARNING - Clipping input data to the valid range for imshow with RGB data ([0..1] for floats or [0..255] for integers). Got range [-1.5356624..140.06776].
2025-05-20 21:04:41,950 - matplotlib.image - WARNING - Clipping input data to the valid range for imshow with RGB data ([0..1] for floats or [0..255] for integers). Got range [-2.1007793..2.64].
2025-05-20 21:04:41,952 - matplotlib.image - WARNING - Clipping input data to the valid range for imshow with RGB data ([0..1] for floats or [0..255] for integers). Got range [-2.1007793..2.64].
2025-05-20 21:04:41,955 - matplotlib.image - WARNING - Clipping input data to the valid range for imshow with RGB data ([0..1] for floats or [0..255] for integers). Got range [-1.5356624..140.17233].
2025-05-20 21:04:42,164 - matplotlib.image - WARNING - Clipping input data to the valid range for imshow with RGB data ([0..1] for floats or [0..255] for integers). Got range [-2.1007793..2.64].
2025-05-20 21:04:42,165 - matplotlib.image - WARNING - Clipping input data to the valid range for imshow with RGB data ([0..1] for floats or [0..255] for integers). Got range [-2.1007793..2.64].
2025-05-20 21:04:42,168 - matplotlib.image - WARNING - Clipping input data to the valid range for imshow with RGB data ([0..1] for floats or [0..255] for integers). Got range [-1.6555357..140.10959].
2025-05-20 21:04:42,296 - matplotlib.image - WARNING - Clipping input data to the valid range for imshow with RGB data ([0..1] for floats or [0..255] for integers). Got range [-1.9466565..2.64].
2025-05-20 21:04:42,297 - matplotlib.image - WARNING - Clipping input data to the valid range for imshow with RGB data ([0..1] for floats or [0..255] for integers). Got range [-1.9466565..2.64].
2025-05-20 21:04:42,300 - matplotlib.image - WARNING - Clipping input data to the valid range for imshow with RGB data ([0..1] for floats or [0..255] for integers). Got range [-1.4329139..140.01897].
2025-05-20 21:04:42,500 - matplotlib.image - WARNING - Clipping input data to the valid range for imshow with RGB data ([0..1] for floats or [0..255] for integers). Got range [-1.9124069..2.4134207].
2025-05-20 21:04:42,502 - matplotlib.image - WARNING - Clipping input data to the valid range for imshow with RGB data ([0..1] for floats or [0..255] for integers). Got range [-1.9124069..2.4134207].
2025-05-20 21:04:42,504 - matplotlib.image - WARNING - Clipping input data to the valid range for imshow with RGB data ([0..1] for floats or [0..255] for integers). Got range [-1.5527872..139.50305].
2025-05-20 21:04:42,641 - matplotlib.image - WARNING - Clipping input data to the valid range for imshow with RGB data ([0..1] for floats or [0..255] for integers). Got range [-1.9124069..2.4134207].
2025-05-20 21:04:42,642 - matplotlib.image - WARNING - Clipping input data to the valid range for imshow with RGB data ([0..1] for floats or [0..255] for integers). Got range [-1.9124069..2.4134207].
2025-05-20 21:04:42,645 - matplotlib.image - WARNING - Clipping input data to the valid range for imshow with RGB data ([0..1] for floats or [0..255] for integers). Got range [-1.5356624..139.53792].
2025-05-20 21:04:42,845 - matplotlib.image - WARNING - Clipping input data to the valid range for imshow with RGB data ([0..1] for floats or [0..255] for integers). Got range [-1.9466565..2.622571].
2025-05-20 21:04:42,846 - matplotlib.image - WARNING - Clipping input data to the valid range for imshow with RGB data ([0..1] for floats or [0..255] for integers). Got range [-1.9466565..2.622571].
2025-05-20 21:04:42,849 - matplotlib.image - WARNING - Clipping input data to the valid range for imshow with RGB data ([0..1] for floats or [0..255] for integers). Got range [-1.7925336..153.88586].
2025-05-20 21:04:43,021 - matplotlib.image - WARNING - Clipping input data to the valid range for imshow with RGB data ([0..1] for floats or [0..255] for integers). Got range [-2.0151556..2.64].
2025-05-20 21:04:43,022 - matplotlib.image - WARNING - Clipping input data to the valid range for imshow with RGB data ([0..1] for floats or [0..255] for integers). Got range [-2.0151556..2.64].
2025-05-20 21:04:43,025 - matplotlib.image - WARNING - Clipping input data to the valid range for imshow with RGB data ([0..1] for floats or [0..255] for integers). Got range [-1.8096584..153.75572].
2025-05-20 21:04:43,267 - matplotlib.image - WARNING - Clipping input data to the valid range for imshow with RGB data ([0..1] for floats or [0..255] for integers). Got range [-1.980906..2.622571].
2025-05-20 21:04:43,268 - matplotlib.image - WARNING - Clipping input data to the valid range for imshow with RGB data ([0..1] for floats or [0..255] for integers). Got range [-1.980906..2.622571].
2025-05-20 21:04:43,271 - matplotlib.image - WARNING - Clipping input data to the valid range for imshow with RGB data ([0..1] for floats or [0..255] for integers). Got range [-1.6127234..153.88586].
2025-05-20 21:04:43,440 - matplotlib.image - WARNING - Clipping input data to the valid range for imshow with RGB data ([0..1] for floats or [0..255] for integers). Got range [-1.9124069..2.622571].
2025-05-20 21:04:43,441 - matplotlib.image - WARNING - Clipping input data to the valid range for imshow with RGB data ([0..1] for floats or [0..255] for integers). Got range [-1.9124069..2.622571].
2025-05-20 21:04:43,443 - matplotlib.image - WARNING - Clipping input data to the valid range for imshow with RGB data ([0..1] for floats or [0..255] for integers). Got range [-1.6726604..153.72147].
2025-05-20 21:04:43,722 - matplotlib.image - WARNING - Clipping input data to the valid range for imshow with RGB data ([0..1] for floats or [0..255] for integers). Got range [-1.9295317..2.5528543].
2025-05-20 21:04:43,723 - matplotlib.image - WARNING - Clipping input data to the valid range for imshow with RGB data ([0..1] for floats or [0..255] for integers). Got range [-1.9295317..2.5528543].
2025-05-20 21:04:43,725 - matplotlib.image - WARNING - Clipping input data to the valid range for imshow with RGB data ([0..1] for floats or [0..255] for integers). Got range [-1.7411594..153.74202].
2025-05-20 21:04:43,901 - matplotlib.image - WARNING - Clipping input data to the valid range for imshow with RGB data ([0..1] for floats or [0..255] for integers). Got range [-1.8781574..2.64].
2025-05-20 21:04:43,902 - matplotlib.image - WARNING - Clipping input data to the valid range for imshow with RGB data ([0..1] for floats or [0..255] for integers). Got range [-1.8781574..2.64].
2025-05-20 21:04:43,904 - matplotlib.image - WARNING - Clipping input data to the valid range for imshow with RGB data ([0..1] for floats or [0..255] for integers). Got range [-1.6384109..153.73517].
2025-05-20 21:04:44,153 - matplotlib.image - WARNING - Clipping input data to the valid range for imshow with RGB data ([0..1] for floats or [0..255] for integers). Got range [-1.8781574..2.64].
2025-05-20 21:04:44,154 - matplotlib.image - WARNING - Clipping input data to the valid range for imshow with RGB data ([0..1] for floats or [0..255] for integers). Got range [-1.8781574..2.64].
2025-05-20 21:04:44,156 - matplotlib.image - WARNING - Clipping input data to the valid range for imshow with RGB data ([0..1] for floats or [0..255] for integers). Got range [-1.7240347..153.71461].
2025-05-20 21:04:44,336 - matplotlib.image - WARNING - Clipping input data to the valid range for imshow with RGB data ([0..1] for floats or [0..255] for integers). Got range [-1.9466565..2.64].
2025-05-20 21:04:44,337 - matplotlib.image - WARNING - Clipping input data to the valid range for imshow with RGB data ([0..1] for floats or [0..255] for integers). Got range [-1.9466565..2.64].
2025-05-20 21:04:44,339 - matplotlib.image - WARNING - Clipping input data to the valid range for imshow with RGB data ([0..1] for floats or [0..255] for integers). Got range [-1.7240347..153.72147].
2025-05-20 21:04:44,690 - matplotlib.image - WARNING - Clipping input data to the valid range for imshow with RGB data ([0..1] for floats or [0..255] for integers). Got range [-1.9295317..2.64].
2025-05-20 21:04:44,692 - matplotlib.image - WARNING - Clipping input data to the valid range for imshow with RGB data ([0..1] for floats or [0..255] for integers). Got range [-1.9295317..2.64].
2025-05-20 21:04:44,695 - matplotlib.image - WARNING - Clipping input data to the valid range for imshow with RGB data ([0..1] for floats or [0..255] for integers). Got range [-1.6897851..153.74887].
2025-05-20 21:04:44,868 - matplotlib.image - WARNING - Clipping input data to the valid range for imshow with RGB data ([0..1] for floats or [0..255] for integers). Got range [-1.9980307..2.64].
2025-05-20 21:04:44,869 - matplotlib.image - WARNING - Clipping input data to the valid range for imshow with RGB data ([0..1] for floats or [0..255] for integers). Got range [-1.9980307..2.64].
2025-05-20 21:04:44,872 - matplotlib.image - WARNING - Clipping input data to the valid range for imshow with RGB data ([0..1] for floats or [0..255] for integers). Got range [-1.7240347..153.84476].
2025-05-20 21:04:45,123 - matplotlib.image - WARNING - Clipping input data to the valid range for imshow with RGB data ([0..1] for floats or [0..255] for integers). Got range [-1.9124069..2.64].
2025-05-20 21:04:45,125 - matplotlib.image - WARNING - Clipping input data to the valid range for imshow with RGB data ([0..1] for floats or [0..255] for integers). Got range [-1.9124069..2.64].
2025-05-20 21:04:45,127 - matplotlib.image - WARNING - Clipping input data to the valid range for imshow with RGB data ([0..1] for floats or [0..255] for integers). Got range [-1.8610327..153.72147].
2025-05-20 21:04:45,293 - matplotlib.image - WARNING - Clipping input data to the valid range for imshow with RGB data ([0..1] for floats or [0..255] for integers). Got range [-1.9124069..2.64].
2025-05-20 21:04:45,294 - matplotlib.image - WARNING - Clipping input data to the valid range for imshow with RGB data ([0..1] for floats or [0..255] for integers). Got range [-1.9124069..2.64].
2025-05-20 21:04:45,296 - matplotlib.image - WARNING - Clipping input data to the valid range for imshow with RGB data ([0..1] for floats or [0..255] for integers). Got range [-1.6212862..153.74887].
2025-05-20 21:04:45,539 - matplotlib.image - WARNING - Clipping input data to the valid range for imshow with RGB data ([0..1] for floats or [0..255] for integers). Got range [-1.8610327..2.64].
2025-05-20 21:04:45,540 - matplotlib.image - WARNING - Clipping input data to the valid range for imshow with RGB data ([0..1] for floats or [0..255] for integers). Got range [-1.8610327..2.64].
2025-05-20 21:04:45,542 - matplotlib.image - WARNING - Clipping input data to the valid range for imshow with RGB data ([0..1] for floats or [0..255] for integers). Got range [-1.6041614..153.89272].
2025-05-20 21:04:45,716 - matplotlib.image - WARNING - Clipping input data to the valid range for imshow with RGB data ([0..1] for floats or [0..255] for integers). Got range [-1.8781574..2.622571].
2025-05-20 21:04:45,717 - matplotlib.image - WARNING - Clipping input data to the valid range for imshow with RGB data ([0..1] for floats or [0..255] for integers). Got range [-1.8781574..2.622571].
2025-05-20 21:04:45,720 - matplotlib.image - WARNING - Clipping input data to the valid range for imshow with RGB data ([0..1] for floats or [0..255] for integers). Got range [-1.6041614..153.73517].
2025-05-20 21:04:46,004 - matplotlib.image - WARNING - Clipping input data to the valid range for imshow with RGB data ([0..1] for floats or [0..255] for integers). Got range [-1.8781574..2.622571].
2025-05-20 21:04:46,006 - matplotlib.image - WARNING - Clipping input data to the valid range for imshow with RGB data ([0..1] for floats or [0..255] for integers). Got range [-1.8781574..2.622571].
2025-05-20 21:04:46,008 - matplotlib.image - WARNING - Clipping input data to the valid range for imshow with RGB data ([0..1] for floats or [0..255] for integers). Got range [-1.6212862..153.78311].
2025-05-20 21:04:46,183 - matplotlib.image - WARNING - Clipping input data to the valid range for imshow with RGB data ([0..1] for floats or [0..255] for integers). Got range [-1.8952821..2.5702832].
2025-05-20 21:04:46,185 - matplotlib.image - WARNING - Clipping input data to the valid range for imshow with RGB data ([0..1] for floats or [0..255] for integers). Got range [-1.8952821..2.5702832].
2025-05-20 21:04:46,187 - matplotlib.image - WARNING - Clipping input data to the valid range for imshow with RGB data ([0..1] for floats or [0..255] for integers). Got range [-1.5356624..153.68721].
2025-05-20 21:04:46,465 - matplotlib.image - WARNING - Clipping input data to the valid range for imshow with RGB data ([0..1] for floats or [0..255] for integers). Got range [-1.8952821..2.64].
2025-05-20 21:04:46,467 - matplotlib.image - WARNING - Clipping input data to the valid range for imshow with RGB data ([0..1] for floats or [0..255] for integers). Got range [-1.8952821..2.64].
2025-05-20 21:04:46,469 - matplotlib.image - WARNING - Clipping input data to the valid range for imshow with RGB data ([0..1] for floats or [0..255] for integers). Got range [-1.7754089..108.72136].
2025-05-20 21:04:46,630 - matplotlib.image - WARNING - Clipping input data to the valid range for imshow with RGB data ([0..1] for floats or [0..255] for integers). Got range [-1.8267832..2.64].
2025-05-20 21:04:46,631 - matplotlib.image - WARNING - Clipping input data to the valid range for imshow with RGB data ([0..1] for floats or [0..255] for integers). Got range [-1.8267832..2.64].
2025-05-20 21:04:46,633 - matplotlib.image - WARNING - Clipping input data to the valid range for imshow with RGB data ([0..1] for floats or [0..255] for integers). Got range [-1.8267832..108.77713].
2025-05-20 21:04:46,884 - matplotlib.image - WARNING - Clipping input data to the valid range for imshow with RGB data ([0..1] for floats or [0..255] for integers). Got range [-1.9124069..2.64].
2025-05-20 21:04:46,885 - matplotlib.image - WARNING - Clipping input data to the valid range for imshow with RGB data ([0..1] for floats or [0..255] for integers). Got range [-1.9124069..2.64].
2025-05-20 21:04:46,887 - matplotlib.image - WARNING - Clipping input data to the valid range for imshow with RGB data ([0..1] for floats or [0..255] for integers). Got range [-1.9124069..108.76319].
2025-05-20 21:04:47,032 - matplotlib.image - WARNING - Clipping input data to the valid range for imshow with RGB data ([0..1] for floats or [0..255] for integers). Got range [-1.9295317..2.64].
2025-05-20 21:04:47,034 - matplotlib.image - WARNING - Clipping input data to the valid range for imshow with RGB data ([0..1] for floats or [0..255] for integers). Got range [-1.9295317..2.64].
2025-05-20 21:04:47,036 - matplotlib.image - WARNING - Clipping input data to the valid range for imshow with RGB data ([0..1] for floats or [0..255] for integers). Got range [-1.8781574..108.79805].
2025-05-20 21:04:47,391 - matplotlib.image - WARNING - Clipping input data to the valid range for imshow with RGB data ([0..1] for floats or [0..255] for integers). Got range [-1.9124069..2.64].
2025-05-20 21:04:47,392 - matplotlib.image - WARNING - Clipping input data to the valid range for imshow with RGB data ([0..1] for floats or [0..255] for integers). Got range [-1.9124069..2.64].
2025-05-20 21:04:47,395 - matplotlib.image - WARNING - Clipping input data to the valid range for imshow with RGB data ([0..1] for floats or [0..255] for integers). Got range [-1.9124069..108.77713].
2025-05-20 21:04:47,537 - matplotlib.image - WARNING - Clipping input data to the valid range for imshow with RGB data ([0..1] for floats or [0..255] for integers). Got range [-1.8610327..2.622571].
2025-05-20 21:04:47,539 - matplotlib.image - WARNING - Clipping input data to the valid range for imshow with RGB data ([0..1] for floats or [0..255] for integers). Got range [-1.8610327..2.622571].
2025-05-20 21:04:47,541 - matplotlib.image - WARNING - Clipping input data to the valid range for imshow with RGB data ([0..1] for floats or [0..255] for integers). Got range [-1.8610327..108.88171].
2025-05-20 21:04:47,757 - matplotlib.image - WARNING - Clipping input data to the valid range for imshow with RGB data ([0..1] for floats or [0..255] for integers). Got range [-1.843908..2.64].
2025-05-20 21:04:47,759 - matplotlib.image - WARNING - Clipping input data to the valid range for imshow with RGB data ([0..1] for floats or [0..255] for integers). Got range [-1.843908..2.64].
2025-05-20 21:04:47,761 - matplotlib.image - WARNING - Clipping input data to the valid range for imshow with RGB data ([0..1] for floats or [0..255] for integers). Got range [-1.8267832..108.825935].
2025-05-20 21:04:47,902 - matplotlib.image - WARNING - Clipping input data to the valid range for imshow with RGB data ([0..1] for floats or [0..255] for integers). Got range [-1.8952821..2.64].
2025-05-20 21:04:47,904 - matplotlib.image - WARNING - Clipping input data to the valid range for imshow with RGB data ([0..1] for floats or [0..255] for integers). Got range [-1.8952821..2.64].
2025-05-20 21:04:47,906 - matplotlib.image - WARNING - Clipping input data to the valid range for imshow with RGB data ([0..1] for floats or [0..255] for integers). Got range [-1.8267832..108.839874].
2025-05-20 21:04:48,122 - matplotlib.image - WARNING - Clipping input data to the valid range for imshow with RGB data ([0..1] for floats or [0..255] for integers). Got range [-1.9295317..2.6051416].
2025-05-20 21:04:48,123 - matplotlib.image - WARNING - Clipping input data to the valid range for imshow with RGB data ([0..1] for floats or [0..255] for integers). Got range [-1.9295317..2.6051416].
2025-05-20 21:04:48,126 - matplotlib.image - WARNING - Clipping input data to the valid range for imshow with RGB data ([0..1] for floats or [0..255] for integers). Got range [-1.8952821..108.770164].
2025-05-20 21:04:48,269 - matplotlib.image - WARNING - Clipping input data to the valid range for imshow with RGB data ([0..1] for floats or [0..255] for integers). Got range [-1.9466565..2.64].
2025-05-20 21:04:48,270 - matplotlib.image - WARNING - Clipping input data to the valid range for imshow with RGB data ([0..1] for floats or [0..255] for integers). Got range [-1.9466565..2.64].
2025-05-20 21:04:48,273 - matplotlib.image - WARNING - Clipping input data to the valid range for imshow with RGB data ([0..1] for floats or [0..255] for integers). Got range [-1.8952821..108.77713].
2025-05-20 21:04:48,510 - matplotlib.image - WARNING - Clipping input data to the valid range for imshow with RGB data ([0..1] for floats or [0..255] for integers). Got range [-1.8952821..2.5528543].
2025-05-20 21:04:48,511 - matplotlib.image - WARNING - Clipping input data to the valid range for imshow with RGB data ([0..1] for floats or [0..255] for integers). Got range [-1.8952821..2.5528543].
2025-05-20 21:04:48,514 - matplotlib.image - WARNING - Clipping input data to the valid range for imshow with RGB data ([0..1] for floats or [0..255] for integers). Got range [-1.8781574..108.84685].
2025-05-20 21:04:48,676 - matplotlib.image - WARNING - Clipping input data to the valid range for imshow with RGB data ([0..1] for floats or [0..255] for integers). Got range [-1.9466565..2.4482791].
2025-05-20 21:04:48,678 - matplotlib.image - WARNING - Clipping input data to the valid range for imshow with RGB data ([0..1] for floats or [0..255] for integers). Got range [-1.9466565..2.4482791].
2025-05-20 21:04:48,680 - matplotlib.image - WARNING - Clipping input data to the valid range for imshow with RGB data ([0..1] for floats or [0..255] for integers). Got range [-1.9295317..108.86777].
2025-05-20 21:04:48,907 - matplotlib.image - WARNING - Clipping input data to the valid range for imshow with RGB data ([0..1] for floats or [0..255] for integers). Got range [-2.0494049..2.64].
2025-05-20 21:04:48,908 - matplotlib.image - WARNING - Clipping input data to the valid range for imshow with RGB data ([0..1] for floats or [0..255] for integers). Got range [-2.0494049..2.64].
2025-05-20 21:04:48,910 - matplotlib.image - WARNING - Clipping input data to the valid range for imshow with RGB data ([0..1] for floats or [0..255] for integers). Got range [-1.9466565..108.87473].
2025-05-20 21:04:49,060 - matplotlib.image - WARNING - Clipping input data to the valid range for imshow with RGB data ([0..1] for floats or [0..255] for integers). Got range [-1.9980307..2.64].
2025-05-20 21:04:49,061 - matplotlib.image - WARNING - Clipping input data to the valid range for imshow with RGB data ([0..1] for floats or [0..255] for integers). Got range [-1.9980307..2.64].
2025-05-20 21:04:49,063 - matplotlib.image - WARNING - Clipping input data to the valid range for imshow with RGB data ([0..1] for floats or [0..255] for integers). Got range [-1.9980307..108.88868].
2025-05-20 21:04:49,331 - matplotlib.image - WARNING - Clipping input data to the valid range for imshow with RGB data ([0..1] for floats or [0..255] for integers). Got range [-2.0322802..2.64].
2025-05-20 21:04:49,332 - matplotlib.image - WARNING - Clipping input data to the valid range for imshow with RGB data ([0..1] for floats or [0..255] for integers). Got range [-2.0322802..2.64].
2025-05-20 21:04:49,334 - matplotlib.image - WARNING - Clipping input data to the valid range for imshow with RGB data ([0..1] for floats or [0..255] for integers). Got range [-2.0322802..108.902626].
2025-05-20 21:04:49,492 - matplotlib.image - WARNING - Clipping input data to the valid range for imshow with RGB data ([0..1] for floats or [0..255] for integers). Got range [-2.0151556..2.64].
2025-05-20 21:04:49,493 - matplotlib.image - WARNING - Clipping input data to the valid range for imshow with RGB data ([0..1] for floats or [0..255] for integers). Got range [-2.0151556..2.64].
2025-05-20 21:04:49,495 - matplotlib.image - WARNING - Clipping input data to the valid range for imshow with RGB data ([0..1] for floats or [0..255] for integers). Got range [-2.0151556..108.84685].
2025-05-20 21:04:49,844 - matplotlib.image - WARNING - Clipping input data to the valid range for imshow with RGB data ([0..1] for floats or [0..255] for integers). Got range [-2.0836544..2.64].
2025-05-20 21:04:49,845 - matplotlib.image - WARNING - Clipping input data to the valid range for imshow with RGB data ([0..1] for floats or [0..255] for integers). Got range [-2.0836544..2.64].
2025-05-20 21:04:49,848 - matplotlib.image - WARNING - Clipping input data to the valid range for imshow with RGB data ([0..1] for floats or [0..255] for integers). Got range [-2.0665298..108.79108].
2025-05-20 21:04:49,989 - matplotlib.image - WARNING - Clipping input data to the valid range for imshow with RGB data ([0..1] for floats or [0..255] for integers). Got range [-2.0665298..2.64].
2025-05-20 21:04:49,991 - matplotlib.image - WARNING - Clipping input data to the valid range for imshow with RGB data ([0..1] for floats or [0..255] for integers). Got range [-2.0665298..2.64].
2025-05-20 21:04:49,993 - matplotlib.image - WARNING - Clipping input data to the valid range for imshow with RGB data ([0..1] for floats or [0..255] for integers). Got range [-2.0322802..108.7841].
2025-05-20 21:04:50,225 - matplotlib.image - WARNING - Clipping input data to the valid range for imshow with RGB data ([0..1] for floats or [0..255] for integers). Got range [-2.1007793..2.2216995].
2025-05-20 21:04:50,226 - matplotlib.image - WARNING - Clipping input data to the valid range for imshow with RGB data ([0..1] for floats or [0..255] for integers). Got range [-2.1007793..2.2216995].
2025-05-20 21:04:50,229 - matplotlib.image - WARNING - Clipping input data to the valid range for imshow with RGB data ([0..1] for floats or [0..255] for integers). Got range [-2.1007793..108.88868].
2025-05-20 21:04:50,371 - matplotlib.image - WARNING - Clipping input data to the valid range for imshow with RGB data ([0..1] for floats or [0..255] for integers). Got range [-2.0665298..2.0648367].
2025-05-20 21:04:50,372 - matplotlib.image - WARNING - Clipping input data to the valid range for imshow with RGB data ([0..1] for floats or [0..255] for integers). Got range [-2.0665298..2.0648367].
2025-05-20 21:04:50,374 - matplotlib.image - WARNING - Clipping input data to the valid range for imshow with RGB data ([0..1] for floats or [0..255] for integers). Got range [-2.0665298..108.825935].
2025-05-20 21:04:50,608 - matplotlib.image - WARNING - Clipping input data to the valid range for imshow with RGB data ([0..1] for floats or [0..255] for integers). Got range [-1.7582842..1.7859696].
2025-05-20 21:04:50,609 - matplotlib.image - WARNING - Clipping input data to the valid range for imshow with RGB data ([0..1] for floats or [0..255] for integers). Got range [-1.7582842..1.7859696].
2025-05-20 21:04:50,612 - matplotlib.image - WARNING - Clipping input data to the valid range for imshow with RGB data ([0..1] for floats or [0..255] for integers). Got range [-1.7411594..153.59818].
2025-05-20 21:04:50,760 - matplotlib.image - WARNING - Clipping input data to the valid range for imshow with RGB data ([0..1] for floats or [0..255] for integers). Got range [-1.7411594..1.7685405].
2025-05-20 21:04:50,761 - matplotlib.image - WARNING - Clipping input data to the valid range for imshow with RGB data ([0..1] for floats or [0..255] for integers). Got range [-1.7411594..1.7685405].
2025-05-20 21:04:50,764 - matplotlib.image - WARNING - Clipping input data to the valid range for imshow with RGB data ([0..1] for floats or [0..255] for integers). Got range [-1.7411594..153.60501].
2025-05-20 21:04:50,988 - matplotlib.image - WARNING - Clipping input data to the valid range for imshow with RGB data ([0..1] for floats or [0..255] for integers). Got range [-1.7240347..1.7162529].
2025-05-20 21:04:50,989 - matplotlib.image - WARNING - Clipping input data to the valid range for imshow with RGB data ([0..1] for floats or [0..255] for integers). Got range [-1.7240347..1.7162529].
2025-05-20 21:04:50,992 - matplotlib.image - WARNING - Clipping input data to the valid range for imshow with RGB data ([0..1] for floats or [0..255] for integers). Got range [-1.7240347..153.55707].
2025-05-20 21:04:51,132 - matplotlib.image - WARNING - Clipping input data to the valid range for imshow with RGB data ([0..1] for floats or [0..255] for integers). Got range [-1.7582842..1.7511113].
2025-05-20 21:04:51,134 - matplotlib.image - WARNING - Clipping input data to the valid range for imshow with RGB data ([0..1] for floats or [0..255] for integers). Got range [-1.7582842..1.7511113].
2025-05-20 21:04:51,137 - matplotlib.image - WARNING - Clipping input data to the valid range for imshow with RGB data ([0..1] for floats or [0..255] for integers). Got range [-1.7582842..153.58447].
2025-05-20 21:04:51,401 - matplotlib.image - WARNING - Clipping input data to the valid range for imshow with RGB data ([0..1] for floats or [0..255] for integers). Got range [-1.7411594..1.8033988].
2025-05-20 21:04:51,402 - matplotlib.image - WARNING - Clipping input data to the valid range for imshow with RGB data ([0..1] for floats or [0..255] for integers). Got range [-1.7411594..1.8033988].
2025-05-20 21:04:51,406 - matplotlib.image - WARNING - Clipping input data to the valid range for imshow with RGB data ([0..1] for floats or [0..255] for integers). Got range [-1.7205882..153.58447].
2025-05-20 21:04:51,554 - matplotlib.image - WARNING - Clipping input data to the valid range for imshow with RGB data ([0..1] for floats or [0..255] for integers). Got range [-1.7754089..1.8556864].
2025-05-20 21:04:51,555 - matplotlib.image - WARNING - Clipping input data to the valid range for imshow with RGB data ([0..1] for floats or [0..255] for integers). Got range [-1.7754089..1.8556864].
2025-05-20 21:04:51,558 - matplotlib.image - WARNING - Clipping input data to the valid range for imshow with RGB data ([0..1] for floats or [0..255] for integers). Got range [-1.6897851..153.59132].
2025-05-20 21:04:51,786 - matplotlib.image - WARNING - Clipping input data to the valid range for imshow with RGB data ([0..1] for floats or [0..255] for integers). Got range [-1.7731092..1.8382572].
2025-05-20 21:04:51,787 - matplotlib.image - WARNING - Clipping input data to the valid range for imshow with RGB data ([0..1] for floats or [0..255] for integers). Got range [-1.7731092..1.8382572].
2025-05-20 21:04:51,790 - matplotlib.image - WARNING - Clipping input data to the valid range for imshow with RGB data ([0..1] for floats or [0..255] for integers). Got range [-1.7731092..153.60501].
2025-05-20 21:04:52,039 - matplotlib.image - WARNING - Clipping input data to the valid range for imshow with RGB data ([0..1] for floats or [0..255] for integers). Got range [-1.7731092..1.8208281].
2025-05-20 21:04:52,041 - matplotlib.image - WARNING - Clipping input data to the valid range for imshow with RGB data ([0..1] for floats or [0..255] for integers). Got range [-1.7731092..1.8208281].
2025-05-20 21:04:52,044 - matplotlib.image - WARNING - Clipping input data to the valid range for imshow with RGB data ([0..1] for floats or [0..255] for integers). Got range [-1.7731092..153.58447].
2025-05-20 21:04:52,268 - matplotlib.image - WARNING - Clipping input data to the valid range for imshow with RGB data ([0..1] for floats or [0..255] for integers). Got range [-1.6897851..1.7511113].
2025-05-20 21:04:52,270 - matplotlib.image - WARNING - Clipping input data to the valid range for imshow with RGB data ([0..1] for floats or [0..255] for integers). Got range [-1.6897851..1.7511113].
2025-05-20 21:04:52,273 - matplotlib.image - WARNING - Clipping input data to the valid range for imshow with RGB data ([0..1] for floats or [0..255] for integers). Got range [-1.6726604..153.53651].
2025-05-20 21:04:52,426 - matplotlib.image - WARNING - Clipping input data to the valid range for imshow with RGB data ([0..1] for floats or [0..255] for integers). Got range [-1.7240347..1.7162529].
2025-05-20 21:04:52,428 - matplotlib.image - WARNING - Clipping input data to the valid range for imshow with RGB data ([0..1] for floats or [0..255] for integers). Got range [-1.7240347..1.7162529].
2025-05-20 21:04:52,431 - matplotlib.image - WARNING - Clipping input data to the valid range for imshow with RGB data ([0..1] for floats or [0..255] for integers). Got range [-1.7205882..153.50912].
2025-05-20 21:04:52,653 - matplotlib.image - WARNING - Clipping input data to the valid range for imshow with RGB data ([0..1] for floats or [0..255] for integers). Got range [-1.7380952..1.5981677].
2025-05-20 21:04:52,654 - matplotlib.image - WARNING - Clipping input data to the valid range for imshow with RGB data ([0..1] for floats or [0..255] for integers). Got range [-1.7380952..1.5981677].
2025-05-20 21:04:52,657 - matplotlib.image - WARNING - Clipping input data to the valid range for imshow with RGB data ([0..1] for floats or [0..255] for integers). Got range [-1.7030813..153.53651].
2025-05-20 21:04:52,800 - matplotlib.image - WARNING - Clipping input data to the valid range for imshow with RGB data ([0..1] for floats or [0..255] for integers). Got range [-1.7754089..1.5942485].
2025-05-20 21:04:52,801 - matplotlib.image - WARNING - Clipping input data to the valid range for imshow with RGB data ([0..1] for floats or [0..255] for integers). Got range [-1.7754089..1.5942485].
2025-05-20 21:04:52,804 - matplotlib.image - WARNING - Clipping input data to the valid range for imshow with RGB data ([0..1] for floats or [0..255] for integers). Got range [-1.7556022..153.52966].
2025-05-20 21:04:53,029 - matplotlib.image - WARNING - Clipping input data to the valid range for imshow with RGB data ([0..1] for floats or [0..255] for integers). Got range [-1.7411594..1.6152923].
2025-05-20 21:04:53,030 - matplotlib.image - WARNING - Clipping input data to the valid range for imshow with RGB data ([0..1] for floats or [0..255] for integers). Got range [-1.7411594..1.6152923].
2025-05-20 21:04:53,033 - matplotlib.image - WARNING - Clipping input data to the valid range for imshow with RGB data ([0..1] for floats or [0..255] for integers). Got range [-1.7205882..153.48857].
2025-05-20 21:04:53,193 - matplotlib.image - WARNING - Clipping input data to the valid range for imshow with RGB data ([0..1] for floats or [0..255] for integers). Got range [-1.7411594..1.6152923].
2025-05-20 21:04:53,194 - matplotlib.image - WARNING - Clipping input data to the valid range for imshow with RGB data ([0..1] for floats or [0..255] for integers). Got range [-1.7411594..1.6152923].
2025-05-20 21:04:53,197 - matplotlib.image - WARNING - Clipping input data to the valid range for imshow with RGB data ([0..1] for floats or [0..255] for integers). Got range [-1.7411594..153.47487].
2025-05-20 21:04:53,466 - matplotlib.image - WARNING - Clipping input data to the valid range for imshow with RGB data ([0..1] for floats or [0..255] for integers). Got range [-2.117904..2.64].
2025-05-20 21:04:53,467 - matplotlib.image - WARNING - Clipping input data to the valid range for imshow with RGB data ([0..1] for floats or [0..255] for integers). Got range [-2.117904..2.64].
2025-05-20 21:04:53,470 - matplotlib.image - WARNING - Clipping input data to the valid range for imshow with RGB data ([0..1] for floats or [0..255] for integers). Got range [-2.117904..140.256].
2025-05-20 21:04:53,627 - matplotlib.image - WARNING - Clipping input data to the valid range for imshow with RGB data ([0..1] for floats or [0..255] for integers). Got range [-2.0836544..2.64].
2025-05-20 21:04:53,628 - matplotlib.image - WARNING - Clipping input data to the valid range for imshow with RGB data ([0..1] for floats or [0..255] for integers). Got range [-2.0836544..2.64].
2025-05-20 21:04:53,630 - matplotlib.image - WARNING - Clipping input data to the valid range for imshow with RGB data ([0..1] for floats or [0..255] for integers). Got range [-2.0836544..140.256].
2025-05-20 21:04:53,903 - matplotlib.image - WARNING - Clipping input data to the valid range for imshow with RGB data ([0..1] for floats or [0..255] for integers). Got range [-2.117904..2.64].
2025-05-20 21:04:53,904 - matplotlib.image - WARNING - Clipping input data to the valid range for imshow with RGB data ([0..1] for floats or [0..255] for integers). Got range [-2.117904..2.64].
2025-05-20 21:04:53,907 - matplotlib.image - WARNING - Clipping input data to the valid range for imshow with RGB data ([0..1] for floats or [0..255] for integers). Got range [-2.117904..140.256].
2025-05-20 21:04:54,052 - matplotlib.image - WARNING - Clipping input data to the valid range for imshow with RGB data ([0..1] for floats or [0..255] for integers). Got range [-2.117904..2.64].
2025-05-20 21:04:54,053 - matplotlib.image - WARNING - Clipping input data to the valid range for imshow with RGB data ([0..1] for floats or [0..255] for integers). Got range [-2.117904..2.64].
2025-05-20 21:04:54,055 - matplotlib.image - WARNING - Clipping input data to the valid range for imshow with RGB data ([0..1] for floats or [0..255] for integers). Got range [-2.117904..140.256].
2025-05-20 21:04:54,332 - matplotlib.image - WARNING - Clipping input data to the valid range for imshow with RGB data ([0..1] for floats or [0..255] for integers). Got range [-2.117904..2.64].
2025-05-20 21:04:54,333 - matplotlib.image - WARNING - Clipping input data to the valid range for imshow with RGB data ([0..1] for floats or [0..255] for integers). Got range [-2.117904..2.64].
2025-05-20 21:04:54,335 - matplotlib.image - WARNING - Clipping input data to the valid range for imshow with RGB data ([0..1] for floats or [0..255] for integers). Got range [-2.1007793..140.256].
2025-05-20 21:04:54,590 - matplotlib.image - WARNING - Clipping input data to the valid range for imshow with RGB data ([0..1] for floats or [0..255] for integers). Got range [-2.117904..2.64].
2025-05-20 21:04:54,592 - matplotlib.image - WARNING - Clipping input data to the valid range for imshow with RGB data ([0..1] for floats or [0..255] for integers). Got range [-2.117904..2.64].
2025-05-20 21:04:54,594 - matplotlib.image - WARNING - Clipping input data to the valid range for imshow with RGB data ([0..1] for floats or [0..255] for integers). Got range [-2.1007793..140.256].
2025-05-20 21:04:54,832 - matplotlib.image - WARNING - Clipping input data to the valid range for imshow with RGB data ([0..1] for floats or [0..255] for integers). Got range [-2.117904..2.64].
2025-05-20 21:04:54,833 - matplotlib.image - WARNING - Clipping input data to the valid range for imshow with RGB data ([0..1] for floats or [0..255] for integers). Got range [-2.117904..2.64].
2025-05-20 21:04:54,836 - matplotlib.image - WARNING - Clipping input data to the valid range for imshow with RGB data ([0..1] for floats or [0..255] for integers). Got range [-2.1007793..140.256].
2025-05-20 21:04:54,969 - matplotlib.image - WARNING - Clipping input data to the valid range for imshow with RGB data ([0..1] for floats or [0..255] for integers). Got range [-2.117904..2.64].
2025-05-20 21:04:54,970 - matplotlib.image - WARNING - Clipping input data to the valid range for imshow with RGB data ([0..1] for floats or [0..255] for integers). Got range [-2.117904..2.64].
2025-05-20 21:04:54,972 - matplotlib.image - WARNING - Clipping input data to the valid range for imshow with RGB data ([0..1] for floats or [0..255] for integers). Got range [-2.0836544..140.256].
2025-05-20 21:04:55,211 - matplotlib.image - WARNING - Clipping input data to the valid range for imshow with RGB data ([0..1] for floats or [0..255] for integers). Got range [-2.117904..2.64].
2025-05-20 21:04:55,212 - matplotlib.image - WARNING - Clipping input data to the valid range for imshow with RGB data ([0..1] for floats or [0..255] for integers). Got range [-2.117904..2.64].
2025-05-20 21:04:55,214 - matplotlib.image - WARNING - Clipping input data to the valid range for imshow with RGB data ([0..1] for floats or [0..255] for integers). Got range [-2.117904..140.256].
2025-05-20 21:04:55,354 - matplotlib.image - WARNING - Clipping input data to the valid range for imshow with RGB data ([0..1] for floats or [0..255] for integers). Got range [-2.117904..2.64].
2025-05-20 21:04:55,355 - matplotlib.image - WARNING - Clipping input data to the valid range for imshow with RGB data ([0..1] for floats or [0..255] for integers). Got range [-2.117904..2.64].
2025-05-20 21:04:55,358 - matplotlib.image - WARNING - Clipping input data to the valid range for imshow with RGB data ([0..1] for floats or [0..255] for integers). Got range [-2.117904..140.256].
2025-05-20 21:04:55,587 - matplotlib.image - WARNING - Clipping input data to the valid range for imshow with RGB data ([0..1] for floats or [0..255] for integers). Got range [-2.117904..2.1804092].
2025-05-20 21:04:55,588 - matplotlib.image - WARNING - Clipping input data to the valid range for imshow with RGB data ([0..1] for floats or [0..255] for integers). Got range [-2.117904..2.1804092].
2025-05-20 21:04:55,591 - matplotlib.image - WARNING - Clipping input data to the valid range for imshow with RGB data ([0..1] for floats or [0..255] for integers). Got range [-2.117904..153.85161].
2025-05-20 21:04:55,720 - matplotlib.image - WARNING - Clipping input data to the valid range for imshow with RGB data ([0..1] for floats or [0..255] for integers). Got range [-2.117904..2.1804092].
2025-05-20 21:04:55,721 - matplotlib.image - WARNING - Clipping input data to the valid range for imshow with RGB data ([0..1] for floats or [0..255] for integers). Got range [-2.117904..2.1804092].
2025-05-20 21:04:55,724 - matplotlib.image - WARNING - Clipping input data to the valid range for imshow with RGB data ([0..1] for floats or [0..255] for integers). Got range [-2.117904..153.87216].
2025-05-20 21:04:55,927 - matplotlib.image - WARNING - Clipping input data to the valid range for imshow with RGB data ([0..1] for floats or [0..255] for integers). Got range [-2.117904..2.129035].
2025-05-20 21:04:55,928 - matplotlib.image - WARNING - Clipping input data to the valid range for imshow with RGB data ([0..1] for floats or [0..255] for integers). Got range [-2.117904..2.129035].
2025-05-20 21:04:55,931 - matplotlib.image - WARNING - Clipping input data to the valid range for imshow with RGB data ([0..1] for floats or [0..255] for integers). Got range [-2.117904..153.77626].
2025-05-20 21:04:56,062 - matplotlib.image - WARNING - Clipping input data to the valid range for imshow with RGB data ([0..1] for floats or [0..255] for integers). Got range [-2.117904..2.2489083].
2025-05-20 21:04:56,063 - matplotlib.image - WARNING - Clipping input data to the valid range for imshow with RGB data ([0..1] for floats or [0..255] for integers). Got range [-2.117904..2.2489083].
2025-05-20 21:04:56,067 - matplotlib.image - WARNING - Clipping input data to the valid range for imshow with RGB data ([0..1] for floats or [0..255] for integers). Got range [-2.117904..153.77626].
2025-05-20 21:04:56,272 - matplotlib.image - WARNING - Clipping input data to the valid range for imshow with RGB data ([0..1] for floats or [0..255] for integers). Got range [-2.117904..2.2489083].
2025-05-20 21:04:56,274 - matplotlib.image - WARNING - Clipping input data to the valid range for imshow with RGB data ([0..1] for floats or [0..255] for integers). Got range [-2.117904..2.2489083].
2025-05-20 21:04:56,276 - matplotlib.image - WARNING - Clipping input data to the valid range for imshow with RGB data ([0..1] for floats or [0..255] for integers). Got range [-1.7925336..153.80367].
2025-05-20 21:04:56,415 - matplotlib.image - WARNING - Clipping input data to the valid range for imshow with RGB data ([0..1] for floats or [0..255] for integers). Got range [-2.117904..2.2146587].
2025-05-20 21:04:56,416 - matplotlib.image - WARNING - Clipping input data to the valid range for imshow with RGB data ([0..1] for floats or [0..255] for integers). Got range [-2.117904..2.2146587].
2025-05-20 21:04:56,419 - matplotlib.image - WARNING - Clipping input data to the valid range for imshow with RGB data ([0..1] for floats or [0..255] for integers). Got range [-1.7205882..153.73517].
2025-05-20 21:04:56,628 - matplotlib.image - WARNING - Clipping input data to the valid range for imshow with RGB data ([0..1] for floats or [0..255] for integers). Got range [-2.117904..2.3959913].
2025-05-20 21:04:56,630 - matplotlib.image - WARNING - Clipping input data to the valid range for imshow with RGB data ([0..1] for floats or [0..255] for integers). Got range [-2.117904..2.3959913].
2025-05-20 21:04:56,633 - matplotlib.image - WARNING - Clipping input data to the valid range for imshow with RGB data ([0..1] for floats or [0..255] for integers). Got range [-1.9124069..153.59132].
2025-05-20 21:04:56,877 - matplotlib.image - WARNING - Clipping input data to the valid range for imshow with RGB data ([0..1] for floats or [0..255] for integers). Got range [-2.117904..2.169412].
2025-05-20 21:04:56,879 - matplotlib.image - WARNING - Clipping input data to the valid range for imshow with RGB data ([0..1] for floats or [0..255] for integers). Got range [-2.117904..2.169412].
2025-05-20 21:04:56,882 - matplotlib.image - WARNING - Clipping input data to the valid range for imshow with RGB data ([0..1] for floats or [0..255] for integers). Got range [-1.9466565..153.47487].
2025-05-20 21:04:57,093 - matplotlib.image - WARNING - Clipping input data to the valid range for imshow with RGB data ([0..1] for floats or [0..255] for integers). Got range [-2.117904..2.5702832].
2025-05-20 21:04:57,095 - matplotlib.image - WARNING - Clipping input data to the valid range for imshow with RGB data ([0..1] for floats or [0..255] for integers). Got range [-2.117904..2.5702832].
2025-05-20 21:04:57,097 - matplotlib.image - WARNING - Clipping input data to the valid range for imshow with RGB data ([0..1] for floats or [0..255] for integers). Got range [-2.117904..153.72832].
2025-05-20 21:04:57,244 - matplotlib.image - WARNING - Clipping input data to the valid range for imshow with RGB data ([0..1] for floats or [0..255] for integers). Got range [-2.117904..2.5702832].
2025-05-20 21:04:57,246 - matplotlib.image - WARNING - Clipping input data to the valid range for imshow with RGB data ([0..1] for floats or [0..255] for integers). Got range [-2.117904..2.5702832].
2025-05-20 21:04:57,248 - matplotlib.image - WARNING - Clipping input data to the valid range for imshow with RGB data ([0..1] for floats or [0..255] for integers). Got range [-2.117904..153.74202].
2025-05-20 21:04:57,491 - matplotlib.image - WARNING - Clipping input data to the valid range for imshow with RGB data ([0..1] for floats or [0..255] for integers). Got range [-2.117904..2.64].
2025-05-20 21:04:57,492 - matplotlib.image - WARNING - Clipping input data to the valid range for imshow with RGB data ([0..1] for floats or [0..255] for integers). Got range [-2.117904..2.64].
2025-05-20 21:04:57,495 - matplotlib.image - WARNING - Clipping input data to the valid range for imshow with RGB data ([0..1] for floats or [0..255] for integers). Got range [-2.117904..153.85846].
2025-05-20 21:04:57,648 - matplotlib.image - WARNING - Clipping input data to the valid range for imshow with RGB data ([0..1] for floats or [0..255] for integers). Got range [-2.117904..2.64].
2025-05-20 21:04:57,649 - matplotlib.image - WARNING - Clipping input data to the valid range for imshow with RGB data ([0..1] for floats or [0..255] for integers). Got range [-2.117904..2.64].
2025-05-20 21:04:57,652 - matplotlib.image - WARNING - Clipping input data to the valid range for imshow with RGB data ([0..1] for floats or [0..255] for integers). Got range [-2.117904..153.83792].
2025-05-20 21:04:57,914 - matplotlib.image - WARNING - Clipping input data to the valid range for imshow with RGB data ([0..1] for floats or [0..255] for integers). Got range [-2.117904..2.64].
2025-05-20 21:04:57,915 - matplotlib.image - WARNING - Clipping input data to the valid range for imshow with RGB data ([0..1] for floats or [0..255] for integers). Got range [-2.117904..2.64].
2025-05-20 21:04:57,918 - matplotlib.image - WARNING - Clipping input data to the valid range for imshow with RGB data ([0..1] for floats or [0..255] for integers). Got range [-2.117904..153.76941].
2025-05-20 21:04:58,055 - matplotlib.image - WARNING - Clipping input data to the valid range for imshow with RGB data ([0..1] for floats or [0..255] for integers). Got range [-2.117904..2.64].
2025-05-20 21:04:58,057 - matplotlib.image - WARNING - Clipping input data to the valid range for imshow with RGB data ([0..1] for floats or [0..255] for integers). Got range [-2.117904..2.64].
2025-05-20 21:04:58,059 - matplotlib.image - WARNING - Clipping input data to the valid range for imshow with RGB data ([0..1] for floats or [0..255] for integers). Got range [-2.117904..153.76941].
2025-05-20 21:04:58,314 - matplotlib.image - WARNING - Clipping input data to the valid range for imshow with RGB data ([0..1] for floats or [0..255] for integers). Got range [-2.117904..2.64].
2025-05-20 21:04:58,316 - matplotlib.image - WARNING - Clipping input data to the valid range for imshow with RGB data ([0..1] for floats or [0..255] for integers). Got range [-2.117904..2.64].
2025-05-20 21:04:58,318 - matplotlib.image - WARNING - Clipping input data to the valid range for imshow with RGB data ([0..1] for floats or [0..255] for integers). Got range [-2.117904..153.80367].
2025-05-20 21:04:58,476 - matplotlib.image - WARNING - Clipping input data to the valid range for imshow with RGB data ([0..1] for floats or [0..255] for integers). Got range [-2.117904..2.64].
2025-05-20 21:04:58,477 - matplotlib.image - WARNING - Clipping input data to the valid range for imshow with RGB data ([0..1] for floats or [0..255] for integers). Got range [-2.117904..2.64].
2025-05-20 21:04:58,479 - matplotlib.image - WARNING - Clipping input data to the valid range for imshow with RGB data ([0..1] for floats or [0..255] for integers). Got range [-2.117904..153.87216].
2025-05-20 21:04:58,742 - matplotlib.image - WARNING - Clipping input data to the valid range for imshow with RGB data ([0..1] for floats or [0..255] for integers). Got range [-2.117904..2.64].
2025-05-20 21:04:58,744 - matplotlib.image - WARNING - Clipping input data to the valid range for imshow with RGB data ([0..1] for floats or [0..255] for integers). Got range [-2.117904..2.64].
2025-05-20 21:04:58,746 - matplotlib.image - WARNING - Clipping input data to the valid range for imshow with RGB data ([0..1] for floats or [0..255] for integers). Got range [-2.0836544..153.85846].
2025-05-20 21:04:58,892 - matplotlib.image - WARNING - Clipping input data to the valid range for imshow with RGB data ([0..1] for floats or [0..255] for integers). Got range [-2.117904..2.64].
2025-05-20 21:04:58,893 - matplotlib.image - WARNING - Clipping input data to the valid range for imshow with RGB data ([0..1] for floats or [0..255] for integers). Got range [-2.117904..2.64].
2025-05-20 21:04:58,896 - matplotlib.image - WARNING - Clipping input data to the valid range for imshow with RGB data ([0..1] for floats or [0..255] for integers). Got range [-2.117904..153.83107].
2025-05-20 21:04:59,121 - matplotlib.image - WARNING - Clipping input data to the valid range for imshow with RGB data ([0..1] for floats or [0..255] for integers). Got range [-2.117904..2.64].
2025-05-20 21:04:59,122 - matplotlib.image - WARNING - Clipping input data to the valid range for imshow with RGB data ([0..1] for floats or [0..255] for integers). Got range [-2.117904..2.64].
2025-05-20 21:04:59,125 - matplotlib.image - WARNING - Clipping input data to the valid range for imshow with RGB data ([0..1] for floats or [0..255] for integers). Got range [-2.117904..153.87901].
2025-05-20 21:04:59,386 - matplotlib.image - WARNING - Clipping input data to the valid range for imshow with RGB data ([0..1] for floats or [0..255] for integers). Got range [-2.117904..2.64].
2025-05-20 21:04:59,388 - matplotlib.image - WARNING - Clipping input data to the valid range for imshow with RGB data ([0..1] for floats or [0..255] for integers). Got range [-2.117904..2.64].
2025-05-20 21:04:59,390 - matplotlib.image - WARNING - Clipping input data to the valid range for imshow with RGB data ([0..1] for floats or [0..255] for integers). Got range [-2.117904..153.89272].
2025-05-20 21:04:59,613 - matplotlib.image - WARNING - Clipping input data to the valid range for imshow with RGB data ([0..1] for floats or [0..255] for integers). Got range [-2.117904..2.64].
2025-05-20 21:04:59,615 - matplotlib.image - WARNING - Clipping input data to the valid range for imshow with RGB data ([0..1] for floats or [0..255] for integers). Got range [-2.117904..2.64].
2025-05-20 21:04:59,618 - matplotlib.image - WARNING - Clipping input data to the valid range for imshow with RGB data ([0..1] for floats or [0..255] for integers). Got range [-2.117904..153.88586].
2025-05-20 21:04:59,759 - matplotlib.image - WARNING - Clipping input data to the valid range for imshow with RGB data ([0..1] for floats or [0..255] for integers). Got range [-2.117904..2.64].
2025-05-20 21:04:59,760 - matplotlib.image - WARNING - Clipping input data to the valid range for imshow with RGB data ([0..1] for floats or [0..255] for integers). Got range [-2.117904..2.64].
2025-05-20 21:04:59,763 - matplotlib.image - WARNING - Clipping input data to the valid range for imshow with RGB data ([0..1] for floats or [0..255] for integers). Got range [-2.117904..153.89272].
2025-05-20 21:04:59,973 - matplotlib.image - WARNING - Clipping input data to the valid range for imshow with RGB data ([0..1] for floats or [0..255] for integers). Got range [-2.117904..2.64].
2025-05-20 21:04:59,975 - matplotlib.image - WARNING - Clipping input data to the valid range for imshow with RGB data ([0..1] for floats or [0..255] for integers). Got range [-2.117904..2.64].
2025-05-20 21:04:59,978 - matplotlib.image - WARNING - Clipping input data to the valid range for imshow with RGB data ([0..1] for floats or [0..255] for integers). Got range [-2.117904..153.89272].
2025-05-20 21:05:00,124 - matplotlib.image - WARNING - Clipping input data to the valid range for imshow with RGB data ([0..1] for floats or [0..255] for integers). Got range [-2.117904..2.64].
2025-05-20 21:05:00,125 - matplotlib.image - WARNING - Clipping input data to the valid range for imshow with RGB data ([0..1] for floats or [0..255] for integers). Got range [-2.117904..2.64].
2025-05-20 21:05:00,129 - matplotlib.image - WARNING - Clipping input data to the valid range for imshow with RGB data ([0..1] for floats or [0..255] for integers). Got range [-2.117904..153.89272].
2025-05-20 21:05:00,350 - matplotlib.image - WARNING - Clipping input data to the valid range for imshow with RGB data ([0..1] for floats or [0..255] for integers). Got range [-2.117904..2.64].
2025-05-20 21:05:00,351 - matplotlib.image - WARNING - Clipping input data to the valid range for imshow with RGB data ([0..1] for floats or [0..255] for integers). Got range [-2.117904..2.64].
2025-05-20 21:05:00,354 - matplotlib.image - WARNING - Clipping input data to the valid range for imshow with RGB data ([0..1] for floats or [0..255] for integers). Got range [-2.117904..153.89957].
2025-05-20 21:05:00,514 - matplotlib.image - WARNING - Clipping input data to the valid range for imshow with RGB data ([0..1] for floats or [0..255] for integers). Got range [-2.117904..2.64].
2025-05-20 21:05:00,515 - matplotlib.image - WARNING - Clipping input data to the valid range for imshow with RGB data ([0..1] for floats or [0..255] for integers). Got range [-2.117904..2.64].
2025-05-20 21:05:00,518 - matplotlib.image - WARNING - Clipping input data to the valid range for imshow with RGB data ([0..1] for floats or [0..255] for integers). Got range [-2.0322802..153.89957].
2025-05-20 21:05:05,849 - utils.training - INFO - Epoch 1 validation - Loss: 2.5841
2025-05-20 21:05:05,850 - utils.training - INFO - No improvement for 1 epochs.
