2025-05-27 14:06:12,685 - __main__ - INFO - Starting Mamba-based binary video segmentation training
2025-05-27 14:06:12,685 - __main__ - INFO - Using configuration from: configs/emergency_fix.yaml
2025-05-27 14:06:12,693 - __main__ - INFO - Set random seed to 42
2025-05-27 14:06:12,929 - __main__ - INFO - Using device: cuda
2025-05-27 14:06:12,929 - __main__ - INFO - Building Mamba-based binary segmentation model...
2025-05-27 14:06:14,147 - __main__ - INFO - Model has 472,869 trainable parameters
2025-05-27 14:06:14,194 - __main__ - INFO - Creating data loaders...
2025-05-27 14:06:14,803 - __main__ - INFO - Created dataloaders - Train: 1028 batches, Val: 487 batches
2025-05-27 14:06:14,803 - __main__ - INFO - Creating optimizer: AdamW
2025-05-27 14:06:14,847 - __main__ - INFO - Starting training loop...
2025-05-27 14:06:14,847 - utils.training - INFO - Starting training from epoch 0
2025-05-27 14:06:14,847 - utils.training - INFO - Results will be saved to: checkpoints/emergency_fix/results
2025-05-27 14:06:15,617 - utils.training - INFO - Batch 0: Raw fg ratio: 0.6011, Adaptive fg ratio: 0.1252
2025-05-27 14:06:15,618 - utils.training - INFO - Batch 0: GT fg ratio: 0.2024
2025-05-27 14:06:15,618 - utils.training - INFO - Foreground ratio balanced! Pred/GT ratio: 0.62x
2025-05-27 14:06:20,604 - utils.training - INFO - Batch 50: Raw fg ratio: 0.2069, Adaptive fg ratio: 0.1199
2025-05-27 14:06:20,604 - utils.training - INFO - Batch 50: GT fg ratio: 0.0778
2025-05-27 14:06:20,605 - utils.training - INFO - Foreground ratio balanced! Pred/GT ratio: 1.54x
2025-05-27 14:06:25,091 - utils.training - INFO - Batch 100: Raw fg ratio: 0.1117, Adaptive fg ratio: 0.1198
2025-05-27 14:06:25,092 - utils.training - INFO - Batch 100: GT fg ratio: 0.0521
2025-05-27 14:06:25,092 - utils.training - INFO - Foreground ratio balanced! Pred/GT ratio: 2.30x
2025-05-27 14:06:29,640 - utils.training - INFO - Batch 150: Raw fg ratio: 0.2290, Adaptive fg ratio: 0.1197
2025-05-27 14:06:29,640 - utils.training - INFO - Batch 150: GT fg ratio: 0.0753
2025-05-27 14:06:29,641 - utils.training - INFO - Foreground ratio balanced! Pred/GT ratio: 1.59x
2025-05-27 14:06:34,150 - utils.training - INFO - Batch 200: Raw fg ratio: 0.1339, Adaptive fg ratio: 0.1213
2025-05-27 14:06:34,150 - utils.training - INFO - Batch 200: GT fg ratio: 0.1345
2025-05-27 14:06:34,150 - utils.training - INFO - Foreground ratio balanced! Pred/GT ratio: 0.90x
2025-05-27 14:06:38,650 - utils.training - INFO - Batch 250: Raw fg ratio: 0.2406, Adaptive fg ratio: 0.1198
2025-05-27 14:06:38,650 - utils.training - INFO - Batch 250: GT fg ratio: 0.0473
2025-05-27 14:06:38,650 - utils.training - INFO - Foreground ratio balanced! Pred/GT ratio: 2.53x
2025-05-27 14:06:43,215 - utils.training - INFO - Batch 300: Raw fg ratio: 0.1354, Adaptive fg ratio: 0.1064
2025-05-27 14:06:43,216 - utils.training - INFO - Batch 300: GT fg ratio: 0.0852
2025-05-27 14:06:43,216 - utils.training - INFO - Foreground ratio balanced! Pred/GT ratio: 1.25x
2025-05-27 14:06:47,757 - utils.training - INFO - Batch 350: Raw fg ratio: 0.0942, Adaptive fg ratio: 0.1199
2025-05-27 14:06:47,757 - utils.training - INFO - Batch 350: GT fg ratio: 0.0584
2025-05-27 14:06:47,758 - utils.training - INFO - Foreground ratio balanced! Pred/GT ratio: 2.05x
2025-05-27 14:06:52,221 - utils.training - INFO - Batch 400: Raw fg ratio: 0.0963, Adaptive fg ratio: 0.1199
2025-05-27 14:06:52,222 - utils.training - INFO - Batch 400: GT fg ratio: 0.0316
2025-05-27 14:06:52,222 - utils.training - WARNING - Overpredicting foreground! Ratio: 3.79x
2025-05-27 14:06:56,777 - utils.training - INFO - Batch 450: Raw fg ratio: 0.1317, Adaptive fg ratio: 0.1199
2025-05-27 14:06:56,778 - utils.training - INFO - Batch 450: GT fg ratio: 0.0900
2025-05-27 14:06:56,778 - utils.training - INFO - Foreground ratio balanced! Pred/GT ratio: 1.33x
2025-05-27 14:07:01,245 - utils.training - INFO - Batch 500: Raw fg ratio: 0.1945, Adaptive fg ratio: 0.1199
2025-05-27 14:07:01,245 - utils.training - INFO - Batch 500: GT fg ratio: 0.0547
2025-05-27 14:07:01,246 - utils.training - INFO - Foreground ratio balanced! Pred/GT ratio: 2.19x
2025-05-27 14:07:05,756 - utils.training - INFO - Batch 550: Raw fg ratio: 0.1733, Adaptive fg ratio: 0.1068
2025-05-27 14:07:05,757 - utils.training - INFO - Batch 550: GT fg ratio: 0.1269
2025-05-27 14:07:05,757 - utils.training - INFO - Foreground ratio balanced! Pred/GT ratio: 0.84x
2025-05-27 14:07:10,349 - utils.training - INFO - Batch 600: Raw fg ratio: 0.1260, Adaptive fg ratio: 0.1200
2025-05-27 14:07:10,350 - utils.training - INFO - Batch 600: GT fg ratio: 0.1051
2025-05-27 14:07:10,350 - utils.training - INFO - Foreground ratio balanced! Pred/GT ratio: 1.14x
2025-05-27 14:07:14,810 - utils.training - INFO - Batch 650: Raw fg ratio: 0.1813, Adaptive fg ratio: 0.1199
2025-05-27 14:07:14,811 - utils.training - INFO - Batch 650: GT fg ratio: 0.2366
2025-05-27 14:07:14,811 - utils.training - INFO - Foreground ratio balanced! Pred/GT ratio: 0.51x
2025-05-27 14:07:19,447 - utils.training - INFO - Batch 700: Raw fg ratio: 0.1439, Adaptive fg ratio: 0.1023
2025-05-27 14:07:19,447 - utils.training - INFO - Batch 700: GT fg ratio: 0.1613
2025-05-27 14:07:19,447 - utils.training - INFO - Foreground ratio balanced! Pred/GT ratio: 0.63x
2025-05-27 14:07:24,063 - utils.training - INFO - Batch 750: Raw fg ratio: 0.0899, Adaptive fg ratio: 0.1200
2025-05-27 14:07:24,063 - utils.training - INFO - Batch 750: GT fg ratio: 0.3218
2025-05-27 14:07:24,063 - utils.training - INFO - Foreground ratio balanced! Pred/GT ratio: 0.37x
2025-05-27 14:07:28,719 - utils.training - INFO - Batch 800: Raw fg ratio: 0.0956, Adaptive fg ratio: 0.1199
2025-05-27 14:07:28,719 - utils.training - INFO - Batch 800: GT fg ratio: 0.0913
2025-05-27 14:07:28,719 - utils.training - INFO - Foreground ratio balanced! Pred/GT ratio: 1.31x
2025-05-27 14:07:33,426 - utils.training - INFO - Batch 850: Raw fg ratio: 0.1206, Adaptive fg ratio: 0.1108
2025-05-27 14:07:33,427 - utils.training - INFO - Batch 850: GT fg ratio: 0.0717
2025-05-27 14:07:33,427 - utils.training - INFO - Foreground ratio balanced! Pred/GT ratio: 1.55x
2025-05-27 14:07:38,074 - utils.training - INFO - Batch 900: Raw fg ratio: 0.3520, Adaptive fg ratio: 0.1198
2025-05-27 14:07:38,075 - utils.training - INFO - Batch 900: GT fg ratio: 0.3756
2025-05-27 14:07:38,075 - utils.training - WARNING - Underpredicting foreground! Ratio: 0.32x
2025-05-27 14:07:42,698 - utils.training - INFO - Batch 950: Raw fg ratio: 0.2630, Adaptive fg ratio: 0.1366
2025-05-27 14:07:42,698 - utils.training - INFO - Batch 950: GT fg ratio: 0.1163
2025-05-27 14:07:42,699 - utils.training - INFO - Foreground ratio balanced! Pred/GT ratio: 1.17x
2025-05-27 14:07:47,302 - utils.training - INFO - Batch 1000: Raw fg ratio: 0.1139, Adaptive fg ratio: 0.0971
2025-05-27 14:07:47,302 - utils.training - INFO - Batch 1000: GT fg ratio: 0.0678
2025-05-27 14:07:47,302 - utils.training - INFO - Foreground ratio balanced! Pred/GT ratio: 1.43x
2025-05-27 14:07:49,749 - utils.training - INFO - Epoch 0 training - Loss: 1.7633
2025-05-27 14:07:50,112 - matplotlib.image - WARNING - Clipping input data to the valid range for imshow with RGB data ([0..1] for floats or [0..255] for integers). Got range [-2.0322802..2.64].
2025-05-27 14:07:50,115 - matplotlib.image - WARNING - Clipping input data to the valid range for imshow with RGB data ([0..1] for floats or [0..255] for integers). Got range [-2.0322802..109.056].
2025-05-27 14:07:50,120 - matplotlib.image - WARNING - Clipping input data to the valid range for imshow with RGB data ([0..1] for floats or [0..255] for integers). Got range [-2.0322802..140.19325].
2025-05-27 14:07:50,309 - matplotlib.image - WARNING - Clipping input data to the valid range for imshow with RGB data ([0..1] for floats or [0..255] for integers). Got range [-2.0322802..2.64].
2025-05-27 14:07:50,311 - matplotlib.image - WARNING - Clipping input data to the valid range for imshow with RGB data ([0..1] for floats or [0..255] for integers). Got range [-2.0322802..109.056].
2025-05-27 14:07:50,314 - matplotlib.image - WARNING - Clipping input data to the valid range for imshow with RGB data ([0..1] for floats or [0..255] for integers). Got range [-2.0322802..140.20023].
2025-05-27 14:07:50,438 - matplotlib.image - WARNING - Clipping input data to the valid range for imshow with RGB data ([0..1] for floats or [0..255] for integers). Got range [-2.0151556..2.64].
2025-05-27 14:07:50,441 - matplotlib.image - WARNING - Clipping input data to the valid range for imshow with RGB data ([0..1] for floats or [0..255] for integers). Got range [-2.0151556..109.056].
2025-05-27 14:07:50,444 - matplotlib.image - WARNING - Clipping input data to the valid range for imshow with RGB data ([0..1] for floats or [0..255] for integers). Got range [-2.0151556..140.24205].
2025-05-27 14:07:50,691 - matplotlib.image - WARNING - Clipping input data to the valid range for imshow with RGB data ([0..1] for floats or [0..255] for integers). Got range [-2.0322802..2.64].
2025-05-27 14:07:50,694 - matplotlib.image - WARNING - Clipping input data to the valid range for imshow with RGB data ([0..1] for floats or [0..255] for integers). Got range [-2.0322802..109.056].
2025-05-27 14:07:50,697 - matplotlib.image - WARNING - Clipping input data to the valid range for imshow with RGB data ([0..1] for floats or [0..255] for integers). Got range [-2.0322802..140.24902].
2025-05-27 14:07:50,833 - matplotlib.image - WARNING - Clipping input data to the valid range for imshow with RGB data ([0..1] for floats or [0..255] for integers). Got range [-2.0322802..2.64].
2025-05-27 14:07:50,835 - matplotlib.image - WARNING - Clipping input data to the valid range for imshow with RGB data ([0..1] for floats or [0..255] for integers). Got range [-2.0322802..109.056].
2025-05-27 14:07:50,838 - matplotlib.image - WARNING - Clipping input data to the valid range for imshow with RGB data ([0..1] for floats or [0..255] for integers). Got range [-2.0322802..140.256].
2025-05-27 14:07:50,963 - matplotlib.image - WARNING - Clipping input data to the valid range for imshow with RGB data ([0..1] for floats or [0..255] for integers). Got range [-2.0494049..2.64].
2025-05-27 14:07:50,965 - matplotlib.image - WARNING - Clipping input data to the valid range for imshow with RGB data ([0..1] for floats or [0..255] for integers). Got range [-2.0494049..109.056].
2025-05-27 14:07:50,969 - matplotlib.image - WARNING - Clipping input data to the valid range for imshow with RGB data ([0..1] for floats or [0..255] for integers). Got range [-2.0494049..140.21417].
2025-05-27 14:07:51,206 - matplotlib.image - WARNING - Clipping input data to the valid range for imshow with RGB data ([0..1] for floats or [0..255] for integers). Got range [-2.0665298..2.64].
2025-05-27 14:07:51,208 - matplotlib.image - WARNING - Clipping input data to the valid range for imshow with RGB data ([0..1] for floats or [0..255] for integers). Got range [-2.0494049..109.056].
2025-05-27 14:07:51,211 - matplotlib.image - WARNING - Clipping input data to the valid range for imshow with RGB data ([0..1] for floats or [0..255] for integers). Got range [-2.0665298..140.1793].
2025-05-27 14:07:51,346 - matplotlib.image - WARNING - Clipping input data to the valid range for imshow with RGB data ([0..1] for floats or [0..255] for integers). Got range [-2.0322802..2.64].
2025-05-27 14:07:51,348 - matplotlib.image - WARNING - Clipping input data to the valid range for imshow with RGB data ([0..1] for floats or [0..255] for integers). Got range [-2.0322802..109.056].
2025-05-27 14:07:51,351 - matplotlib.image - WARNING - Clipping input data to the valid range for imshow with RGB data ([0..1] for floats or [0..255] for integers). Got range [-2.0322802..140.1793].
2025-05-27 14:07:51,476 - matplotlib.image - WARNING - Clipping input data to the valid range for imshow with RGB data ([0..1] for floats or [0..255] for integers). Got range [-2.0322802..2.64].
2025-05-27 14:07:51,478 - matplotlib.image - WARNING - Clipping input data to the valid range for imshow with RGB data ([0..1] for floats or [0..255] for integers). Got range [-2.0322802..109.056].
2025-05-27 14:07:51,481 - matplotlib.image - WARNING - Clipping input data to the valid range for imshow with RGB data ([0..1] for floats or [0..255] for integers). Got range [-2.0322802..140.17233].
2025-05-27 14:07:51,718 - matplotlib.image - WARNING - Clipping input data to the valid range for imshow with RGB data ([0..1] for floats or [0..255] for integers). Got range [-2.0494049..2.64].
2025-05-27 14:07:51,721 - matplotlib.image - WARNING - Clipping input data to the valid range for imshow with RGB data ([0..1] for floats or [0..255] for integers). Got range [-2.0494049..109.056].
2025-05-27 14:07:51,725 - matplotlib.image - WARNING - Clipping input data to the valid range for imshow with RGB data ([0..1] for floats or [0..255] for integers). Got range [-2.0494049..140.11656].
2025-05-27 14:07:52,089 - matplotlib.image - WARNING - Clipping input data to the valid range for imshow with RGB data ([0..1] for floats or [0..255] for integers). Got range [-2.0322802..2.64].
2025-05-27 14:07:52,090 - matplotlib.image - WARNING - Clipping input data to the valid range for imshow with RGB data ([0..1] for floats or [0..255] for integers). Got range [-2.0322802..109.056].
2025-05-27 14:07:52,094 - matplotlib.image - WARNING - Clipping input data to the valid range for imshow with RGB data ([0..1] for floats or [0..255] for integers). Got range [-2.0322802..140.14445].
2025-05-27 14:07:52,220 - matplotlib.image - WARNING - Clipping input data to the valid range for imshow with RGB data ([0..1] for floats or [0..255] for integers). Got range [-2.0494049..2.64].
2025-05-27 14:07:52,222 - matplotlib.image - WARNING - Clipping input data to the valid range for imshow with RGB data ([0..1] for floats or [0..255] for integers). Got range [-2.0494049..109.056].
2025-05-27 14:07:52,225 - matplotlib.image - WARNING - Clipping input data to the valid range for imshow with RGB data ([0..1] for floats or [0..255] for integers). Got range [-2.0494049..140.12354].
2025-05-27 14:07:52,455 - matplotlib.image - WARNING - Clipping input data to the valid range for imshow with RGB data ([0..1] for floats or [0..255] for integers). Got range [-2.0494049..2.64].
2025-05-27 14:07:52,457 - matplotlib.image - WARNING - Clipping input data to the valid range for imshow with RGB data ([0..1] for floats or [0..255] for integers). Got range [-2.0494049..109.056].
2025-05-27 14:07:52,460 - matplotlib.image - WARNING - Clipping input data to the valid range for imshow with RGB data ([0..1] for floats or [0..255] for integers). Got range [-2.0494049..140.14445].
2025-05-27 14:07:52,597 - matplotlib.image - WARNING - Clipping input data to the valid range for imshow with RGB data ([0..1] for floats or [0..255] for integers). Got range [-2.0665298..2.64].
2025-05-27 14:07:52,599 - matplotlib.image - WARNING - Clipping input data to the valid range for imshow with RGB data ([0..1] for floats or [0..255] for integers). Got range [-2.0494049..109.056].
2025-05-27 14:07:52,602 - matplotlib.image - WARNING - Clipping input data to the valid range for imshow with RGB data ([0..1] for floats or [0..255] for integers). Got range [-2.0665298..140.16537].
2025-05-27 14:07:52,732 - matplotlib.image - WARNING - Clipping input data to the valid range for imshow with RGB data ([0..1] for floats or [0..255] for integers). Got range [-2.0494049..2.64].
2025-05-27 14:07:52,734 - matplotlib.image - WARNING - Clipping input data to the valid range for imshow with RGB data ([0..1] for floats or [0..255] for integers). Got range [-2.0494049..109.056].
2025-05-27 14:07:52,737 - matplotlib.image - WARNING - Clipping input data to the valid range for imshow with RGB data ([0..1] for floats or [0..255] for integers). Got range [-2.0494049..140.1584].
2025-05-27 14:07:52,979 - matplotlib.image - WARNING - Clipping input data to the valid range for imshow with RGB data ([0..1] for floats or [0..255] for integers). Got range [-2.0151556..2.64].
2025-05-27 14:07:52,980 - matplotlib.image - WARNING - Clipping input data to the valid range for imshow with RGB data ([0..1] for floats or [0..255] for integers). Got range [-2.0151556..109.056].
2025-05-27 14:07:52,984 - matplotlib.image - WARNING - Clipping input data to the valid range for imshow with RGB data ([0..1] for floats or [0..255] for integers). Got range [-2.0151556..140.14445].
2025-05-27 14:07:53,122 - matplotlib.image - WARNING - Clipping input data to the valid range for imshow with RGB data ([0..1] for floats or [0..255] for integers). Got range [-2.0151556..2.64].
2025-05-27 14:07:53,125 - matplotlib.image - WARNING - Clipping input data to the valid range for imshow with RGB data ([0..1] for floats or [0..255] for integers). Got range [-2.0151556..109.056].
2025-05-27 14:07:53,128 - matplotlib.image - WARNING - Clipping input data to the valid range for imshow with RGB data ([0..1] for floats or [0..255] for integers). Got range [-2.0151556..140.15143].
2025-05-27 14:07:53,261 - matplotlib.image - WARNING - Clipping input data to the valid range for imshow with RGB data ([0..1] for floats or [0..255] for integers). Got range [-2.0322802..2.64].
2025-05-27 14:07:53,263 - matplotlib.image - WARNING - Clipping input data to the valid range for imshow with RGB data ([0..1] for floats or [0..255] for integers). Got range [-2.0322802..109.056].
2025-05-27 14:07:53,266 - matplotlib.image - WARNING - Clipping input data to the valid range for imshow with RGB data ([0..1] for floats or [0..255] for integers). Got range [-2.0322802..140.16537].
2025-05-27 14:07:53,512 - matplotlib.image - WARNING - Clipping input data to the valid range for imshow with RGB data ([0..1] for floats or [0..255] for integers). Got range [-2.0151556..2.64].
2025-05-27 14:07:53,514 - matplotlib.image - WARNING - Clipping input data to the valid range for imshow with RGB data ([0..1] for floats or [0..255] for integers). Got range [-2.0151556..109.04903].
2025-05-27 14:07:53,517 - matplotlib.image - WARNING - Clipping input data to the valid range for imshow with RGB data ([0..1] for floats or [0..255] for integers). Got range [-2.0151556..140.11656].
2025-05-27 14:07:53,654 - matplotlib.image - WARNING - Clipping input data to the valid range for imshow with RGB data ([0..1] for floats or [0..255] for integers). Got range [-2.0494049..2.64].
2025-05-27 14:07:53,656 - matplotlib.image - WARNING - Clipping input data to the valid range for imshow with RGB data ([0..1] for floats or [0..255] for integers). Got range [-2.0494049..109.056].
2025-05-27 14:07:53,659 - matplotlib.image - WARNING - Clipping input data to the valid range for imshow with RGB data ([0..1] for floats or [0..255] for integers). Got range [-2.0494049..140.16537].
2025-05-27 14:07:53,786 - matplotlib.image - WARNING - Clipping input data to the valid range for imshow with RGB data ([0..1] for floats or [0..255] for integers). Got range [-2.0322802..2.64].
2025-05-27 14:07:53,788 - matplotlib.image - WARNING - Clipping input data to the valid range for imshow with RGB data ([0..1] for floats or [0..255] for integers). Got range [-2.0322802..109.04903].
2025-05-27 14:07:53,791 - matplotlib.image - WARNING - Clipping input data to the valid range for imshow with RGB data ([0..1] for floats or [0..255] for integers). Got range [-2.0322802..140.17233].
2025-05-27 14:07:54,166 - matplotlib.image - WARNING - Clipping input data to the valid range for imshow with RGB data ([0..1] for floats or [0..255] for integers). Got range [-2.0151556..2.64].
2025-05-27 14:07:54,168 - matplotlib.image - WARNING - Clipping input data to the valid range for imshow with RGB data ([0..1] for floats or [0..255] for integers). Got range [-2.0151556..109.056].
2025-05-27 14:07:54,172 - matplotlib.image - WARNING - Clipping input data to the valid range for imshow with RGB data ([0..1] for floats or [0..255] for integers). Got range [-2.0151556..140.2072].
2025-05-27 14:07:54,308 - matplotlib.image - WARNING - Clipping input data to the valid range for imshow with RGB data ([0..1] for floats or [0..255] for integers). Got range [-2.0494049..2.64].
2025-05-27 14:07:54,311 - matplotlib.image - WARNING - Clipping input data to the valid range for imshow with RGB data ([0..1] for floats or [0..255] for integers). Got range [-2.0322802..109.04903].
2025-05-27 14:07:54,314 - matplotlib.image - WARNING - Clipping input data to the valid range for imshow with RGB data ([0..1] for floats or [0..255] for integers). Got range [-2.0494049..140.23509].
2025-05-27 14:07:54,448 - matplotlib.image - WARNING - Clipping input data to the valid range for imshow with RGB data ([0..1] for floats or [0..255] for integers). Got range [-2.0494049..2.64].
2025-05-27 14:07:54,449 - matplotlib.image - WARNING - Clipping input data to the valid range for imshow with RGB data ([0..1] for floats or [0..255] for integers). Got range [-2.0494049..109.056].
2025-05-27 14:07:54,452 - matplotlib.image - WARNING - Clipping input data to the valid range for imshow with RGB data ([0..1] for floats or [0..255] for integers). Got range [-2.0494049..140.22812].
2025-05-27 14:07:54,735 - matplotlib.image - WARNING - Clipping input data to the valid range for imshow with RGB data ([0..1] for floats or [0..255] for integers). Got range [-2.0494049..2.64].
2025-05-27 14:07:54,737 - matplotlib.image - WARNING - Clipping input data to the valid range for imshow with RGB data ([0..1] for floats or [0..255] for integers). Got range [-2.0494049..109.056].
2025-05-27 14:07:54,740 - matplotlib.image - WARNING - Clipping input data to the valid range for imshow with RGB data ([0..1] for floats or [0..255] for integers). Got range [-2.0494049..140.13051].
2025-05-27 14:07:54,874 - matplotlib.image - WARNING - Clipping input data to the valid range for imshow with RGB data ([0..1] for floats or [0..255] for integers). Got range [-2.0322802..2.64].
2025-05-27 14:07:54,876 - matplotlib.image - WARNING - Clipping input data to the valid range for imshow with RGB data ([0..1] for floats or [0..255] for integers). Got range [-2.0322802..109.056].
2025-05-27 14:07:54,879 - matplotlib.image - WARNING - Clipping input data to the valid range for imshow with RGB data ([0..1] for floats or [0..255] for integers). Got range [-2.0322802..140.18628].
2025-05-27 14:07:55,012 - matplotlib.image - WARNING - Clipping input data to the valid range for imshow with RGB data ([0..1] for floats or [0..255] for integers). Got range [-2.0322802..2.64].
2025-05-27 14:07:55,014 - matplotlib.image - WARNING - Clipping input data to the valid range for imshow with RGB data ([0..1] for floats or [0..255] for integers). Got range [-2.0322802..109.056].
2025-05-27 14:07:55,017 - matplotlib.image - WARNING - Clipping input data to the valid range for imshow with RGB data ([0..1] for floats or [0..255] for integers). Got range [-2.0322802..140.1793].
2025-05-27 14:07:55,304 - matplotlib.image - WARNING - Clipping input data to the valid range for imshow with RGB data ([0..1] for floats or [0..255] for integers). Got range [-2.0836544..2.64].
2025-05-27 14:07:55,305 - matplotlib.image - WARNING - Clipping input data to the valid range for imshow with RGB data ([0..1] for floats or [0..255] for integers). Got range [-2.0322802..109.056].
2025-05-27 14:07:55,309 - matplotlib.image - WARNING - Clipping input data to the valid range for imshow with RGB data ([0..1] for floats or [0..255] for integers). Got range [-2.0322802..109.056].
2025-05-27 14:07:55,461 - matplotlib.image - WARNING - Clipping input data to the valid range for imshow with RGB data ([0..1] for floats or [0..255] for integers). Got range [-2.0494049..2.64].
2025-05-27 14:07:55,463 - matplotlib.image - WARNING - Clipping input data to the valid range for imshow with RGB data ([0..1] for floats or [0..255] for integers). Got range [-2.0494049..109.056].
2025-05-27 14:07:55,466 - matplotlib.image - WARNING - Clipping input data to the valid range for imshow with RGB data ([0..1] for floats or [0..255] for integers). Got range [-2.0494049..109.056].
2025-05-27 14:07:55,611 - matplotlib.image - WARNING - Clipping input data to the valid range for imshow with RGB data ([0..1] for floats or [0..255] for integers). Got range [-2.0836544..2.64].
2025-05-27 14:07:55,614 - matplotlib.image - WARNING - Clipping input data to the valid range for imshow with RGB data ([0..1] for floats or [0..255] for integers). Got range [-2.0494049..109.056].
2025-05-27 14:07:55,616 - matplotlib.image - WARNING - Clipping input data to the valid range for imshow with RGB data ([0..1] for floats or [0..255] for integers). Got range [-2.0494049..109.056].
2025-05-27 14:07:55,915 - matplotlib.image - WARNING - Clipping input data to the valid range for imshow with RGB data ([0..1] for floats or [0..255] for integers). Got range [-2.1007793..2.64].
2025-05-27 14:07:55,917 - matplotlib.image - WARNING - Clipping input data to the valid range for imshow with RGB data ([0..1] for floats or [0..255] for integers). Got range [-2.0494049..109.056].
2025-05-27 14:07:55,921 - matplotlib.image - WARNING - Clipping input data to the valid range for imshow with RGB data ([0..1] for floats or [0..255] for integers). Got range [-2.0494049..109.056].
2025-05-27 14:07:56,058 - matplotlib.image - WARNING - Clipping input data to the valid range for imshow with RGB data ([0..1] for floats or [0..255] for integers). Got range [-2.0836544..2.64].
2025-05-27 14:07:56,060 - matplotlib.image - WARNING - Clipping input data to the valid range for imshow with RGB data ([0..1] for floats or [0..255] for integers). Got range [-2.0322802..109.056].
2025-05-27 14:07:56,063 - matplotlib.image - WARNING - Clipping input data to the valid range for imshow with RGB data ([0..1] for floats or [0..255] for integers). Got range [-2.0322802..109.056].
2025-05-27 14:07:56,194 - matplotlib.image - WARNING - Clipping input data to the valid range for imshow with RGB data ([0..1] for floats or [0..255] for integers). Got range [-2.0665298..2.64].
2025-05-27 14:07:56,196 - matplotlib.image - WARNING - Clipping input data to the valid range for imshow with RGB data ([0..1] for floats or [0..255] for integers). Got range [-2.0494049..109.056].
2025-05-27 14:07:56,199 - matplotlib.image - WARNING - Clipping input data to the valid range for imshow with RGB data ([0..1] for floats or [0..255] for integers). Got range [-2.0494049..109.056].
2025-05-27 14:07:56,592 - matplotlib.image - WARNING - Clipping input data to the valid range for imshow with RGB data ([0..1] for floats or [0..255] for integers). Got range [-2.0836544..2.64].
2025-05-27 14:07:56,593 - matplotlib.image - WARNING - Clipping input data to the valid range for imshow with RGB data ([0..1] for floats or [0..255] for integers). Got range [-2.0322802..109.056].
2025-05-27 14:07:56,596 - matplotlib.image - WARNING - Clipping input data to the valid range for imshow with RGB data ([0..1] for floats or [0..255] for integers). Got range [-2.0322802..109.056].
2025-05-27 14:07:56,729 - matplotlib.image - WARNING - Clipping input data to the valid range for imshow with RGB data ([0..1] for floats or [0..255] for integers). Got range [-2.1007793..2.64].
2025-05-27 14:07:56,731 - matplotlib.image - WARNING - Clipping input data to the valid range for imshow with RGB data ([0..1] for floats or [0..255] for integers). Got range [-2.0494049..109.056].
2025-05-27 14:07:56,733 - matplotlib.image - WARNING - Clipping input data to the valid range for imshow with RGB data ([0..1] for floats or [0..255] for integers). Got range [-2.0494049..109.056].
2025-05-27 14:07:56,866 - matplotlib.image - WARNING - Clipping input data to the valid range for imshow with RGB data ([0..1] for floats or [0..255] for integers). Got range [-2.1007793..2.64].
2025-05-27 14:07:56,868 - matplotlib.image - WARNING - Clipping input data to the valid range for imshow with RGB data ([0..1] for floats or [0..255] for integers). Got range [-1.9980307..109.056].
2025-05-27 14:07:56,871 - matplotlib.image - WARNING - Clipping input data to the valid range for imshow with RGB data ([0..1] for floats or [0..255] for integers). Got range [-1.9980307..109.056].
2025-05-27 14:07:57,100 - matplotlib.image - WARNING - Clipping input data to the valid range for imshow with RGB data ([0..1] for floats or [0..255] for integers). Got range [-2.0836544..2.64].
2025-05-27 14:07:57,102 - matplotlib.image - WARNING - Clipping input data to the valid range for imshow with RGB data ([0..1] for floats or [0..255] for integers). Got range [-2.0665298..109.056].
2025-05-27 14:07:57,105 - matplotlib.image - WARNING - Clipping input data to the valid range for imshow with RGB data ([0..1] for floats or [0..255] for integers). Got range [-2.0665298..109.056].
2025-05-27 14:07:57,252 - matplotlib.image - WARNING - Clipping input data to the valid range for imshow with RGB data ([0..1] for floats or [0..255] for integers). Got range [-2.0836544..2.64].
2025-05-27 14:07:57,254 - matplotlib.image - WARNING - Clipping input data to the valid range for imshow with RGB data ([0..1] for floats or [0..255] for integers). Got range [-2.0494049..109.056].
2025-05-27 14:07:57,256 - matplotlib.image - WARNING - Clipping input data to the valid range for imshow with RGB data ([0..1] for floats or [0..255] for integers). Got range [-1.9980307..109.056].
2025-05-27 14:07:57,399 - matplotlib.image - WARNING - Clipping input data to the valid range for imshow with RGB data ([0..1] for floats or [0..255] for integers). Got range [-2.1007793..2.64].
2025-05-27 14:07:57,401 - matplotlib.image - WARNING - Clipping input data to the valid range for imshow with RGB data ([0..1] for floats or [0..255] for integers). Got range [-2.0151556..109.056].
2025-05-27 14:07:57,404 - matplotlib.image - WARNING - Clipping input data to the valid range for imshow with RGB data ([0..1] for floats or [0..255] for integers). Got range [-2.0151556..109.056].
2025-05-27 14:07:57,652 - matplotlib.image - WARNING - Clipping input data to the valid range for imshow with RGB data ([0..1] for floats or [0..255] for integers). Got range [-2.0836544..2.64].
2025-05-27 14:07:57,654 - matplotlib.image - WARNING - Clipping input data to the valid range for imshow with RGB data ([0..1] for floats or [0..255] for integers). Got range [-2.0494049..109.056].
2025-05-27 14:07:57,656 - matplotlib.image - WARNING - Clipping input data to the valid range for imshow with RGB data ([0..1] for floats or [0..255] for integers). Got range [-1.9980307..109.056].
2025-05-27 14:07:57,804 - matplotlib.image - WARNING - Clipping input data to the valid range for imshow with RGB data ([0..1] for floats or [0..255] for integers). Got range [-2.0836544..2.64].
2025-05-27 14:07:57,806 - matplotlib.image - WARNING - Clipping input data to the valid range for imshow with RGB data ([0..1] for floats or [0..255] for integers). Got range [-2.0836544..109.056].
2025-05-27 14:07:57,809 - matplotlib.image - WARNING - Clipping input data to the valid range for imshow with RGB data ([0..1] for floats or [0..255] for integers). Got range [-2.0836544..109.056].
2025-05-27 14:07:57,942 - matplotlib.image - WARNING - Clipping input data to the valid range for imshow with RGB data ([0..1] for floats or [0..255] for integers). Got range [-2.0836544..2.64].
2025-05-27 14:07:57,944 - matplotlib.image - WARNING - Clipping input data to the valid range for imshow with RGB data ([0..1] for floats or [0..255] for integers). Got range [-2.0665298..109.056].
2025-05-27 14:07:57,947 - matplotlib.image - WARNING - Clipping input data to the valid range for imshow with RGB data ([0..1] for floats or [0..255] for integers). Got range [-2.0322802..109.056].
2025-05-27 14:07:58,177 - matplotlib.image - WARNING - Clipping input data to the valid range for imshow with RGB data ([0..1] for floats or [0..255] for integers). Got range [-2.1007793..2.64].
2025-05-27 14:07:58,178 - matplotlib.image - WARNING - Clipping input data to the valid range for imshow with RGB data ([0..1] for floats or [0..255] for integers). Got range [-2.1007793..109.056].
2025-05-27 14:07:58,181 - matplotlib.image - WARNING - Clipping input data to the valid range for imshow with RGB data ([0..1] for floats or [0..255] for integers). Got range [-2.1007793..109.056].
2025-05-27 14:07:58,325 - matplotlib.image - WARNING - Clipping input data to the valid range for imshow with RGB data ([0..1] for floats or [0..255] for integers). Got range [-2.0836544..2.64].
2025-05-27 14:07:58,327 - matplotlib.image - WARNING - Clipping input data to the valid range for imshow with RGB data ([0..1] for floats or [0..255] for integers). Got range [-2.0836544..109.056].
2025-05-27 14:07:58,330 - matplotlib.image - WARNING - Clipping input data to the valid range for imshow with RGB data ([0..1] for floats or [0..255] for integers). Got range [-2.0836544..109.056].
2025-05-27 14:07:58,460 - matplotlib.image - WARNING - Clipping input data to the valid range for imshow with RGB data ([0..1] for floats or [0..255] for integers). Got range [-2.0836544..2.64].
2025-05-27 14:07:58,462 - matplotlib.image - WARNING - Clipping input data to the valid range for imshow with RGB data ([0..1] for floats or [0..255] for integers). Got range [-2.0151556..109.056].
2025-05-27 14:07:58,465 - matplotlib.image - WARNING - Clipping input data to the valid range for imshow with RGB data ([0..1] for floats or [0..255] for integers). Got range [-2.0151556..109.056].
2025-05-27 14:07:58,833 - matplotlib.image - WARNING - Clipping input data to the valid range for imshow with RGB data ([0..1] for floats or [0..255] for integers). Got range [-1.980906..2.64].
2025-05-27 14:07:58,835 - matplotlib.image - WARNING - Clipping input data to the valid range for imshow with RGB data ([0..1] for floats or [0..255] for integers). Got range [-1.980906..109.056].
2025-05-27 14:07:58,838 - matplotlib.image - WARNING - Clipping input data to the valid range for imshow with RGB data ([0..1] for floats or [0..255] for integers). Got range [-1.980906..140.256].
2025-05-27 14:07:58,989 - matplotlib.image - WARNING - Clipping input data to the valid range for imshow with RGB data ([0..1] for floats or [0..255] for integers). Got range [-1.980906..2.64].
2025-05-27 14:07:58,991 - matplotlib.image - WARNING - Clipping input data to the valid range for imshow with RGB data ([0..1] for floats or [0..255] for integers). Got range [-1.980906..109.056].
2025-05-27 14:07:58,995 - matplotlib.image - WARNING - Clipping input data to the valid range for imshow with RGB data ([0..1] for floats or [0..255] for integers). Got range [-1.980906..140.256].
2025-05-27 14:07:59,145 - matplotlib.image - WARNING - Clipping input data to the valid range for imshow with RGB data ([0..1] for floats or [0..255] for integers). Got range [-1.9637812..2.64].
2025-05-27 14:07:59,147 - matplotlib.image - WARNING - Clipping input data to the valid range for imshow with RGB data ([0..1] for floats or [0..255] for integers). Got range [-1.9637812..109.056].
2025-05-27 14:07:59,150 - matplotlib.image - WARNING - Clipping input data to the valid range for imshow with RGB data ([0..1] for floats or [0..255] for integers). Got range [-1.9637812..140.256].
2025-05-27 14:07:59,394 - matplotlib.image - WARNING - Clipping input data to the valid range for imshow with RGB data ([0..1] for floats or [0..255] for integers). Got range [-2.0182073..2.64].
2025-05-27 14:07:59,396 - matplotlib.image - WARNING - Clipping input data to the valid range for imshow with RGB data ([0..1] for floats or [0..255] for integers). Got range [-2.0182073..109.056].
2025-05-27 14:07:59,399 - matplotlib.image - WARNING - Clipping input data to the valid range for imshow with RGB data ([0..1] for floats or [0..255] for integers). Got range [-1.843908..140.256].
2025-05-27 14:07:59,553 - matplotlib.image - WARNING - Clipping input data to the valid range for imshow with RGB data ([0..1] for floats or [0..255] for integers). Got range [-1.9131652..2.64].
2025-05-27 14:07:59,555 - matplotlib.image - WARNING - Clipping input data to the valid range for imshow with RGB data ([0..1] for floats or [0..255] for integers). Got range [-1.9131652..109.056].
2025-05-27 14:07:59,558 - matplotlib.image - WARNING - Clipping input data to the valid range for imshow with RGB data ([0..1] for floats or [0..255] for integers). Got range [-1.8781574..140.256].
2025-05-27 14:07:59,700 - matplotlib.image - WARNING - Clipping input data to the valid range for imshow with RGB data ([0..1] for floats or [0..255] for integers). Got range [-1.8956583..2.64].
2025-05-27 14:07:59,702 - matplotlib.image - WARNING - Clipping input data to the valid range for imshow with RGB data ([0..1] for floats or [0..255] for integers). Got range [-1.8781512..109.056].
2025-05-27 14:07:59,704 - matplotlib.image - WARNING - Clipping input data to the valid range for imshow with RGB data ([0..1] for floats or [0..255] for integers). Got range [-1.8781512..140.256].
2025-05-27 14:07:59,947 - matplotlib.image - WARNING - Clipping input data to the valid range for imshow with RGB data ([0..1] for floats or [0..255] for integers). Got range [-1.8781512..2.64].
2025-05-27 14:07:59,948 - matplotlib.image - WARNING - Clipping input data to the valid range for imshow with RGB data ([0..1] for floats or [0..255] for integers). Got range [-1.8781512..109.056].
2025-05-27 14:07:59,952 - matplotlib.image - WARNING - Clipping input data to the valid range for imshow with RGB data ([0..1] for floats or [0..255] for integers). Got range [-1.8781512..140.256].
2025-05-27 14:08:00,108 - matplotlib.image - WARNING - Clipping input data to the valid range for imshow with RGB data ([0..1] for floats or [0..255] for integers). Got range [-1.8267832..2.64].
2025-05-27 14:08:00,110 - matplotlib.image - WARNING - Clipping input data to the valid range for imshow with RGB data ([0..1] for floats or [0..255] for integers). Got range [-1.8267832..109.056].
2025-05-27 14:08:00,112 - matplotlib.image - WARNING - Clipping input data to the valid range for imshow with RGB data ([0..1] for floats or [0..255] for integers). Got range [-1.8267832..140.256].
2025-05-27 14:08:00,272 - matplotlib.image - WARNING - Clipping input data to the valid range for imshow with RGB data ([0..1] for floats or [0..255] for integers). Got range [-1.8610327..2.64].
2025-05-27 14:08:00,274 - matplotlib.image - WARNING - Clipping input data to the valid range for imshow with RGB data ([0..1] for floats or [0..255] for integers). Got range [-1.8610327..109.056].
2025-05-27 14:08:00,276 - matplotlib.image - WARNING - Clipping input data to the valid range for imshow with RGB data ([0..1] for floats or [0..255] for integers). Got range [-1.8610327..140.256].
2025-05-27 14:08:00,559 - matplotlib.image - WARNING - Clipping input data to the valid range for imshow with RGB data ([0..1] for floats or [0..255] for integers). Got range [-2.117904..2.64].
2025-05-27 14:08:00,560 - matplotlib.image - WARNING - Clipping input data to the valid range for imshow with RGB data ([0..1] for floats or [0..255] for integers). Got range [-2.117904..109.056].
2025-05-27 14:08:00,563 - matplotlib.image - WARNING - Clipping input data to the valid range for imshow with RGB data ([0..1] for floats or [0..255] for integers). Got range [-2.117904..140.256].
2025-05-27 14:08:00,725 - matplotlib.image - WARNING - Clipping input data to the valid range for imshow with RGB data ([0..1] for floats or [0..255] for integers). Got range [-2.117904..2.64].
2025-05-27 14:08:00,727 - matplotlib.image - WARNING - Clipping input data to the valid range for imshow with RGB data ([0..1] for floats or [0..255] for integers). Got range [-2.117904..109.056].
2025-05-27 14:08:00,730 - matplotlib.image - WARNING - Clipping input data to the valid range for imshow with RGB data ([0..1] for floats or [0..255] for integers). Got range [-2.117904..140.256].
2025-05-27 14:08:00,878 - matplotlib.image - WARNING - Clipping input data to the valid range for imshow with RGB data ([0..1] for floats or [0..255] for integers). Got range [-2.117904..2.64].
2025-05-27 14:08:00,881 - matplotlib.image - WARNING - Clipping input data to the valid range for imshow with RGB data ([0..1] for floats or [0..255] for integers). Got range [-2.117904..109.056].
2025-05-27 14:08:00,883 - matplotlib.image - WARNING - Clipping input data to the valid range for imshow with RGB data ([0..1] for floats or [0..255] for integers). Got range [-2.117904..140.256].
2025-05-27 14:08:01,304 - matplotlib.image - WARNING - Clipping input data to the valid range for imshow with RGB data ([0..1] for floats or [0..255] for integers). Got range [-2.117904..2.64].
2025-05-27 14:08:01,305 - matplotlib.image - WARNING - Clipping input data to the valid range for imshow with RGB data ([0..1] for floats or [0..255] for integers). Got range [-2.117904..109.056].
2025-05-27 14:08:01,308 - matplotlib.image - WARNING - Clipping input data to the valid range for imshow with RGB data ([0..1] for floats or [0..255] for integers). Got range [-2.117904..140.256].
2025-05-27 14:08:01,464 - matplotlib.image - WARNING - Clipping input data to the valid range for imshow with RGB data ([0..1] for floats or [0..255] for integers). Got range [-2.117904..2.64].
2025-05-27 14:08:01,465 - matplotlib.image - WARNING - Clipping input data to the valid range for imshow with RGB data ([0..1] for floats or [0..255] for integers). Got range [-2.117904..109.056].
2025-05-27 14:08:01,468 - matplotlib.image - WARNING - Clipping input data to the valid range for imshow with RGB data ([0..1] for floats or [0..255] for integers). Got range [-2.117904..140.256].
2025-05-27 14:08:01,615 - matplotlib.image - WARNING - Clipping input data to the valid range for imshow with RGB data ([0..1] for floats or [0..255] for integers). Got range [-2.117904..2.64].
2025-05-27 14:08:01,617 - matplotlib.image - WARNING - Clipping input data to the valid range for imshow with RGB data ([0..1] for floats or [0..255] for integers). Got range [-2.117904..109.056].
2025-05-27 14:08:01,620 - matplotlib.image - WARNING - Clipping input data to the valid range for imshow with RGB data ([0..1] for floats or [0..255] for integers). Got range [-2.117904..140.256].
2025-05-27 14:08:01,913 - matplotlib.image - WARNING - Clipping input data to the valid range for imshow with RGB data ([0..1] for floats or [0..255] for integers). Got range [-2.117904..2.64].
2025-05-27 14:08:01,915 - matplotlib.image - WARNING - Clipping input data to the valid range for imshow with RGB data ([0..1] for floats or [0..255] for integers). Got range [-2.117904..109.056].
2025-05-27 14:08:01,918 - matplotlib.image - WARNING - Clipping input data to the valid range for imshow with RGB data ([0..1] for floats or [0..255] for integers). Got range [-2.117904..140.256].
2025-05-27 14:08:02,063 - matplotlib.image - WARNING - Clipping input data to the valid range for imshow with RGB data ([0..1] for floats or [0..255] for integers). Got range [-2.117904..2.64].
2025-05-27 14:08:02,064 - matplotlib.image - WARNING - Clipping input data to the valid range for imshow with RGB data ([0..1] for floats or [0..255] for integers). Got range [-2.117904..109.056].
2025-05-27 14:08:02,067 - matplotlib.image - WARNING - Clipping input data to the valid range for imshow with RGB data ([0..1] for floats or [0..255] for integers). Got range [-2.117904..140.256].
2025-05-27 14:08:02,205 - matplotlib.image - WARNING - Clipping input data to the valid range for imshow with RGB data ([0..1] for floats or [0..255] for integers). Got range [-2.117904..2.64].
2025-05-27 14:08:02,206 - matplotlib.image - WARNING - Clipping input data to the valid range for imshow with RGB data ([0..1] for floats or [0..255] for integers). Got range [-2.117904..109.056].
2025-05-27 14:08:02,209 - matplotlib.image - WARNING - Clipping input data to the valid range for imshow with RGB data ([0..1] for floats or [0..255] for integers). Got range [-2.117904..140.256].
2025-05-27 14:08:02,485 - matplotlib.image - WARNING - Clipping input data to the valid range for imshow with RGB data ([0..1] for floats or [0..255] for integers). Got range [-2.117904..2.64].
2025-05-27 14:08:02,488 - matplotlib.image - WARNING - Clipping input data to the valid range for imshow with RGB data ([0..1] for floats or [0..255] for integers). Got range [-2.117904..109.056].
2025-05-27 14:08:02,491 - matplotlib.image - WARNING - Clipping input data to the valid range for imshow with RGB data ([0..1] for floats or [0..255] for integers). Got range [-2.117904..140.256].
2025-05-27 14:08:02,637 - matplotlib.image - WARNING - Clipping input data to the valid range for imshow with RGB data ([0..1] for floats or [0..255] for integers). Got range [-2.117904..2.64].
2025-05-27 14:08:02,639 - matplotlib.image - WARNING - Clipping input data to the valid range for imshow with RGB data ([0..1] for floats or [0..255] for integers). Got range [-2.117904..109.056].
2025-05-27 14:08:02,641 - matplotlib.image - WARNING - Clipping input data to the valid range for imshow with RGB data ([0..1] for floats or [0..255] for integers). Got range [-2.117904..140.256].
2025-05-27 14:08:02,782 - matplotlib.image - WARNING - Clipping input data to the valid range for imshow with RGB data ([0..1] for floats or [0..255] for integers). Got range [-2.117904..2.64].
2025-05-27 14:08:02,783 - matplotlib.image - WARNING - Clipping input data to the valid range for imshow with RGB data ([0..1] for floats or [0..255] for integers). Got range [-2.117904..109.056].
2025-05-27 14:08:02,786 - matplotlib.image - WARNING - Clipping input data to the valid range for imshow with RGB data ([0..1] for floats or [0..255] for integers). Got range [-2.117904..140.256].
2025-05-27 14:08:03,042 - matplotlib.image - WARNING - Clipping input data to the valid range for imshow with RGB data ([0..1] for floats or [0..255] for integers). Got range [-2.117904..2.64].
2025-05-27 14:08:03,044 - matplotlib.image - WARNING - Clipping input data to the valid range for imshow with RGB data ([0..1] for floats or [0..255] for integers). Got range [-2.117904..109.056].
2025-05-27 14:08:03,047 - matplotlib.image - WARNING - Clipping input data to the valid range for imshow with RGB data ([0..1] for floats or [0..255] for integers). Got range [-2.117904..140.256].
2025-05-27 14:08:03,191 - matplotlib.image - WARNING - Clipping input data to the valid range for imshow with RGB data ([0..1] for floats or [0..255] for integers). Got range [-2.117904..2.64].
2025-05-27 14:08:03,192 - matplotlib.image - WARNING - Clipping input data to the valid range for imshow with RGB data ([0..1] for floats or [0..255] for integers). Got range [-2.117904..109.056].
2025-05-27 14:08:03,195 - matplotlib.image - WARNING - Clipping input data to the valid range for imshow with RGB data ([0..1] for floats or [0..255] for integers). Got range [-2.117904..140.256].
2025-05-27 14:08:03,332 - matplotlib.image - WARNING - Clipping input data to the valid range for imshow with RGB data ([0..1] for floats or [0..255] for integers). Got range [-2.117904..2.64].
2025-05-27 14:08:03,333 - matplotlib.image - WARNING - Clipping input data to the valid range for imshow with RGB data ([0..1] for floats or [0..255] for integers). Got range [-2.117904..109.056].
2025-05-27 14:08:03,336 - matplotlib.image - WARNING - Clipping input data to the valid range for imshow with RGB data ([0..1] for floats or [0..255] for integers). Got range [-2.117904..140.256].
2025-05-27 14:08:03,717 - matplotlib.image - WARNING - Clipping input data to the valid range for imshow with RGB data ([0..1] for floats or [0..255] for integers). Got range [-2.117904..2.64].
2025-05-27 14:08:03,719 - matplotlib.image - WARNING - Clipping input data to the valid range for imshow with RGB data ([0..1] for floats or [0..255] for integers). Got range [-2.117904..109.056].
2025-05-27 14:08:03,722 - matplotlib.image - WARNING - Clipping input data to the valid range for imshow with RGB data ([0..1] for floats or [0..255] for integers). Got range [-2.117904..140.256].
2025-05-27 14:08:03,862 - matplotlib.image - WARNING - Clipping input data to the valid range for imshow with RGB data ([0..1] for floats or [0..255] for integers). Got range [-2.117904..2.64].
2025-05-27 14:08:03,864 - matplotlib.image - WARNING - Clipping input data to the valid range for imshow with RGB data ([0..1] for floats or [0..255] for integers). Got range [-2.117904..109.056].
2025-05-27 14:08:03,866 - matplotlib.image - WARNING - Clipping input data to the valid range for imshow with RGB data ([0..1] for floats or [0..255] for integers). Got range [-2.117904..140.256].
2025-05-27 14:08:04,006 - matplotlib.image - WARNING - Clipping input data to the valid range for imshow with RGB data ([0..1] for floats or [0..255] for integers). Got range [-2.117904..2.64].
2025-05-27 14:08:04,008 - matplotlib.image - WARNING - Clipping input data to the valid range for imshow with RGB data ([0..1] for floats or [0..255] for integers). Got range [-2.117904..109.056].
2025-05-27 14:08:04,011 - matplotlib.image - WARNING - Clipping input data to the valid range for imshow with RGB data ([0..1] for floats or [0..255] for integers). Got range [-2.117904..140.256].
2025-05-27 14:08:04,252 - matplotlib.image - WARNING - Clipping input data to the valid range for imshow with RGB data ([0..1] for floats or [0..255] for integers). Got range [-2.117904..2.64].
2025-05-27 14:08:04,254 - matplotlib.image - WARNING - Clipping input data to the valid range for imshow with RGB data ([0..1] for floats or [0..255] for integers). Got range [-2.117904..109.056].
2025-05-27 14:08:04,257 - matplotlib.image - WARNING - Clipping input data to the valid range for imshow with RGB data ([0..1] for floats or [0..255] for integers). Got range [-2.117904..140.256].
2025-05-27 14:08:04,403 - matplotlib.image - WARNING - Clipping input data to the valid range for imshow with RGB data ([0..1] for floats or [0..255] for integers). Got range [-2.117904..2.64].
2025-05-27 14:08:04,405 - matplotlib.image - WARNING - Clipping input data to the valid range for imshow with RGB data ([0..1] for floats or [0..255] for integers). Got range [-2.117904..109.056].
2025-05-27 14:08:04,408 - matplotlib.image - WARNING - Clipping input data to the valid range for imshow with RGB data ([0..1] for floats or [0..255] for integers). Got range [-2.117904..140.256].
2025-05-27 14:08:04,548 - matplotlib.image - WARNING - Clipping input data to the valid range for imshow with RGB data ([0..1] for floats or [0..255] for integers). Got range [-2.117904..2.64].
2025-05-27 14:08:04,550 - matplotlib.image - WARNING - Clipping input data to the valid range for imshow with RGB data ([0..1] for floats or [0..255] for integers). Got range [-2.117904..109.056].
2025-05-27 14:08:04,553 - matplotlib.image - WARNING - Clipping input data to the valid range for imshow with RGB data ([0..1] for floats or [0..255] for integers). Got range [-2.117904..140.256].
2025-05-27 14:08:04,795 - matplotlib.image - WARNING - Clipping input data to the valid range for imshow with RGB data ([0..1] for floats or [0..255] for integers). Got range [-2.117904..2.64].
2025-05-27 14:08:04,797 - matplotlib.image - WARNING - Clipping input data to the valid range for imshow with RGB data ([0..1] for floats or [0..255] for integers). Got range [-2.117904..109.0072].
2025-05-27 14:08:04,799 - matplotlib.image - WARNING - Clipping input data to the valid range for imshow with RGB data ([0..1] for floats or [0..255] for integers). Got range [-2.117904..108.92354].
2025-05-27 14:08:04,939 - matplotlib.image - WARNING - Clipping input data to the valid range for imshow with RGB data ([0..1] for floats or [0..255] for integers). Got range [-2.117904..2.64].
2025-05-27 14:08:04,941 - matplotlib.image - WARNING - Clipping input data to the valid range for imshow with RGB data ([0..1] for floats or [0..255] for integers). Got range [-2.117904..109.0072].
2025-05-27 14:08:04,944 - matplotlib.image - WARNING - Clipping input data to the valid range for imshow with RGB data ([0..1] for floats or [0..255] for integers). Got range [-2.117904..108.94445].
2025-05-27 14:08:05,086 - matplotlib.image - WARNING - Clipping input data to the valid range for imshow with RGB data ([0..1] for floats or [0..255] for integers). Got range [-2.117904..2.64].
2025-05-27 14:08:05,088 - matplotlib.image - WARNING - Clipping input data to the valid range for imshow with RGB data ([0..1] for floats or [0..255] for integers). Got range [-2.117904..109.01417].
2025-05-27 14:08:05,091 - matplotlib.image - WARNING - Clipping input data to the valid range for imshow with RGB data ([0..1] for floats or [0..255] for integers). Got range [-2.117904..108.94445].
2025-05-27 14:08:05,324 - matplotlib.image - WARNING - Clipping input data to the valid range for imshow with RGB data ([0..1] for floats or [0..255] for integers). Got range [-2.117904..2.622571].
2025-05-27 14:08:05,325 - matplotlib.image - WARNING - Clipping input data to the valid range for imshow with RGB data ([0..1] for floats or [0..255] for integers). Got range [-2.117904..109.028114].
2025-05-27 14:08:05,328 - matplotlib.image - WARNING - Clipping input data to the valid range for imshow with RGB data ([0..1] for floats or [0..255] for integers). Got range [-2.117904..109.02114].
2025-05-27 14:08:05,474 - matplotlib.image - WARNING - Clipping input data to the valid range for imshow with RGB data ([0..1] for floats or [0..255] for integers). Got range [-2.117904..2.64].
2025-05-27 14:08:05,476 - matplotlib.image - WARNING - Clipping input data to the valid range for imshow with RGB data ([0..1] for floats or [0..255] for integers). Got range [-2.117904..109.028114].
2025-05-27 14:08:05,479 - matplotlib.image - WARNING - Clipping input data to the valid range for imshow with RGB data ([0..1] for floats or [0..255] for integers). Got range [-2.117904..109.01417].
2025-05-27 14:08:05,619 - matplotlib.image - WARNING - Clipping input data to the valid range for imshow with RGB data ([0..1] for floats or [0..255] for integers). Got range [-2.117904..2.64].
2025-05-27 14:08:05,621 - matplotlib.image - WARNING - Clipping input data to the valid range for imshow with RGB data ([0..1] for floats or [0..255] for integers). Got range [-2.117904..109.02114].
2025-05-27 14:08:05,624 - matplotlib.image - WARNING - Clipping input data to the valid range for imshow with RGB data ([0..1] for floats or [0..255] for integers). Got range [-2.117904..108.993256].
2025-05-27 14:08:05,997 - matplotlib.image - WARNING - Clipping input data to the valid range for imshow with RGB data ([0..1] for floats or [0..255] for integers). Got range [-2.117904..2.64].
2025-05-27 14:08:05,998 - matplotlib.image - WARNING - Clipping input data to the valid range for imshow with RGB data ([0..1] for floats or [0..255] for integers). Got range [-2.117904..109.03509].
2025-05-27 14:08:06,001 - matplotlib.image - WARNING - Clipping input data to the valid range for imshow with RGB data ([0..1] for floats or [0..255] for integers). Got range [-2.117904..108.84685].
2025-05-27 14:08:06,146 - matplotlib.image - WARNING - Clipping input data to the valid range for imshow with RGB data ([0..1] for floats or [0..255] for integers). Got range [-2.117904..2.64].
2025-05-27 14:08:06,148 - matplotlib.image - WARNING - Clipping input data to the valid range for imshow with RGB data ([0..1] for floats or [0..255] for integers). Got range [-2.117904..109.04205].
2025-05-27 14:08:06,150 - matplotlib.image - WARNING - Clipping input data to the valid range for imshow with RGB data ([0..1] for floats or [0..255] for integers). Got range [-2.117904..108.87473].
2025-05-27 14:08:06,288 - matplotlib.image - WARNING - Clipping input data to the valid range for imshow with RGB data ([0..1] for floats or [0..255] for integers). Got range [-2.117904..2.64].
2025-05-27 14:08:06,291 - matplotlib.image - WARNING - Clipping input data to the valid range for imshow with RGB data ([0..1] for floats or [0..255] for integers). Got range [-2.117904..109.03509].
2025-05-27 14:08:06,293 - matplotlib.image - WARNING - Clipping input data to the valid range for imshow with RGB data ([0..1] for floats or [0..255] for integers). Got range [-2.117904..108.902626].
2025-05-27 14:08:06,561 - matplotlib.image - WARNING - Clipping input data to the valid range for imshow with RGB data ([0..1] for floats or [0..255] for integers). Got range [-2.117904..2.622571].
2025-05-27 14:08:06,563 - matplotlib.image - WARNING - Clipping input data to the valid range for imshow with RGB data ([0..1] for floats or [0..255] for integers). Got range [-2.117904..109.04205].
2025-05-27 14:08:06,566 - matplotlib.image - WARNING - Clipping input data to the valid range for imshow with RGB data ([0..1] for floats or [0..255] for integers). Got range [-2.117904..108.96537].
2025-05-27 14:08:06,710 - matplotlib.image - WARNING - Clipping input data to the valid range for imshow with RGB data ([0..1] for floats or [0..255] for integers). Got range [-2.117904..2.622571].
2025-05-27 14:08:06,712 - matplotlib.image - WARNING - Clipping input data to the valid range for imshow with RGB data ([0..1] for floats or [0..255] for integers). Got range [-2.117904..109.04205].
2025-05-27 14:08:06,714 - matplotlib.image - WARNING - Clipping input data to the valid range for imshow with RGB data ([0..1] for floats or [0..255] for integers). Got range [-2.117904..108.94445].
2025-05-27 14:08:06,854 - matplotlib.image - WARNING - Clipping input data to the valid range for imshow with RGB data ([0..1] for floats or [0..255] for integers). Got range [-2.117904..2.64].
2025-05-27 14:08:06,855 - matplotlib.image - WARNING - Clipping input data to the valid range for imshow with RGB data ([0..1] for floats or [0..255] for integers). Got range [-2.117904..109.04903].
2025-05-27 14:08:06,858 - matplotlib.image - WARNING - Clipping input data to the valid range for imshow with RGB data ([0..1] for floats or [0..255] for integers). Got range [-2.117904..108.95142].
2025-05-27 14:08:07,139 - matplotlib.image - WARNING - Clipping input data to the valid range for imshow with RGB data ([0..1] for floats or [0..255] for integers). Got range [-2.117904..2.622571].
2025-05-27 14:08:07,141 - matplotlib.image - WARNING - Clipping input data to the valid range for imshow with RGB data ([0..1] for floats or [0..255] for integers). Got range [-2.117904..109.04903].
2025-05-27 14:08:07,143 - matplotlib.image - WARNING - Clipping input data to the valid range for imshow with RGB data ([0..1] for floats or [0..255] for integers). Got range [-2.117904..108.97234].
2025-05-27 14:08:07,298 - matplotlib.image - WARNING - Clipping input data to the valid range for imshow with RGB data ([0..1] for floats or [0..255] for integers). Got range [-2.117904..2.622571].
2025-05-27 14:08:07,300 - matplotlib.image - WARNING - Clipping input data to the valid range for imshow with RGB data ([0..1] for floats or [0..255] for integers). Got range [-2.117904..109.04903].
2025-05-27 14:08:07,302 - matplotlib.image - WARNING - Clipping input data to the valid range for imshow with RGB data ([0..1] for floats or [0..255] for integers). Got range [-2.117904..108.92354].
2025-05-27 14:08:07,437 - matplotlib.image - WARNING - Clipping input data to the valid range for imshow with RGB data ([0..1] for floats or [0..255] for integers). Got range [-2.117904..2.64].
2025-05-27 14:08:07,438 - matplotlib.image - WARNING - Clipping input data to the valid range for imshow with RGB data ([0..1] for floats or [0..255] for integers). Got range [-2.117904..109.04903].
2025-05-27 14:08:07,442 - matplotlib.image - WARNING - Clipping input data to the valid range for imshow with RGB data ([0..1] for floats or [0..255] for integers). Got range [-2.117904..108.84685].
2025-05-27 14:08:07,698 - matplotlib.image - WARNING - Clipping input data to the valid range for imshow with RGB data ([0..1] for floats or [0..255] for integers). Got range [-2.117904..2.64].
2025-05-27 14:08:07,700 - matplotlib.image - WARNING - Clipping input data to the valid range for imshow with RGB data ([0..1] for floats or [0..255] for integers). Got range [-2.117904..109.028114].
2025-05-27 14:08:07,703 - matplotlib.image - WARNING - Clipping input data to the valid range for imshow with RGB data ([0..1] for floats or [0..255] for integers). Got range [-2.117904..108.93051].
2025-05-27 14:08:07,845 - matplotlib.image - WARNING - Clipping input data to the valid range for imshow with RGB data ([0..1] for floats or [0..255] for integers). Got range [-2.117904..2.622571].
2025-05-27 14:08:07,847 - matplotlib.image - WARNING - Clipping input data to the valid range for imshow with RGB data ([0..1] for floats or [0..255] for integers). Got range [-2.117904..109.028114].
2025-05-27 14:08:07,850 - matplotlib.image - WARNING - Clipping input data to the valid range for imshow with RGB data ([0..1] for floats or [0..255] for integers). Got range [-2.117904..108.860794].
2025-05-27 14:08:07,990 - matplotlib.image - WARNING - Clipping input data to the valid range for imshow with RGB data ([0..1] for floats or [0..255] for integers). Got range [-2.117904..2.64].
2025-05-27 14:08:07,992 - matplotlib.image - WARNING - Clipping input data to the valid range for imshow with RGB data ([0..1] for floats or [0..255] for integers). Got range [-2.117904..109.02114].
2025-05-27 14:08:07,994 - matplotlib.image - WARNING - Clipping input data to the valid range for imshow with RGB data ([0..1] for floats or [0..255] for integers). Got range [-2.117904..108.993256].
2025-05-27 14:08:08,382 - matplotlib.image - WARNING - Clipping input data to the valid range for imshow with RGB data ([0..1] for floats or [0..255] for integers). Got range [-2.117904..2.64].
2025-05-27 14:08:08,385 - matplotlib.image - WARNING - Clipping input data to the valid range for imshow with RGB data ([0..1] for floats or [0..255] for integers). Got range [-2.117904..109.056].
2025-05-27 14:08:08,388 - matplotlib.image - WARNING - Clipping input data to the valid range for imshow with RGB data ([0..1] for floats or [0..255] for integers). Got range [-2.117904..108.9584].
2025-05-27 14:08:08,534 - matplotlib.image - WARNING - Clipping input data to the valid range for imshow with RGB data ([0..1] for floats or [0..255] for integers). Got range [-2.117904..2.622571].
2025-05-27 14:08:08,535 - matplotlib.image - WARNING - Clipping input data to the valid range for imshow with RGB data ([0..1] for floats or [0..255] for integers). Got range [-2.117904..109.04903].
2025-05-27 14:08:08,538 - matplotlib.image - WARNING - Clipping input data to the valid range for imshow with RGB data ([0..1] for floats or [0..255] for integers). Got range [-2.117904..108.902626].
2025-05-27 14:08:08,684 - matplotlib.image - WARNING - Clipping input data to the valid range for imshow with RGB data ([0..1] for floats or [0..255] for integers). Got range [-2.117904..2.64].
2025-05-27 14:08:08,686 - matplotlib.image - WARNING - Clipping input data to the valid range for imshow with RGB data ([0..1] for floats or [0..255] for integers). Got range [-2.117904..109.04903].
2025-05-27 14:08:08,688 - matplotlib.image - WARNING - Clipping input data to the valid range for imshow with RGB data ([0..1] for floats or [0..255] for integers). Got range [-2.117904..108.88868].
2025-05-27 14:08:08,927 - matplotlib.image - WARNING - Clipping input data to the valid range for imshow with RGB data ([0..1] for floats or [0..255] for integers). Got range [-2.117904..2.5877128].
2025-05-27 14:08:08,928 - matplotlib.image - WARNING - Clipping input data to the valid range for imshow with RGB data ([0..1] for floats or [0..255] for integers). Got range [-2.117904..109.01417].
2025-05-27 14:08:08,931 - matplotlib.image - WARNING - Clipping input data to the valid range for imshow with RGB data ([0..1] for floats or [0..255] for integers). Got range [-2.117904..108.90959].
2025-05-27 14:08:09,074 - matplotlib.image - WARNING - Clipping input data to the valid range for imshow with RGB data ([0..1] for floats or [0..255] for integers). Got range [-2.117904..2.622571].
2025-05-27 14:08:09,076 - matplotlib.image - WARNING - Clipping input data to the valid range for imshow with RGB data ([0..1] for floats or [0..255] for integers). Got range [-2.117904..109.01417].
2025-05-27 14:08:09,079 - matplotlib.image - WARNING - Clipping input data to the valid range for imshow with RGB data ([0..1] for floats or [0..255] for integers). Got range [-2.117904..108.98628].
2025-05-27 14:08:09,214 - matplotlib.image - WARNING - Clipping input data to the valid range for imshow with RGB data ([0..1] for floats or [0..255] for integers). Got range [-2.117904..2.64].
2025-05-27 14:08:09,216 - matplotlib.image - WARNING - Clipping input data to the valid range for imshow with RGB data ([0..1] for floats or [0..255] for integers). Got range [-2.117904..109.01417].
2025-05-27 14:08:09,219 - matplotlib.image - WARNING - Clipping input data to the valid range for imshow with RGB data ([0..1] for floats or [0..255] for integers). Got range [-2.117904..108.937485].
2025-05-27 14:08:09,460 - matplotlib.image - WARNING - Clipping input data to the valid range for imshow with RGB data ([0..1] for floats or [0..255] for integers). Got range [-2.117904..2.64].
2025-05-27 14:08:09,462 - matplotlib.image - WARNING - Clipping input data to the valid range for imshow with RGB data ([0..1] for floats or [0..255] for integers). Got range [-2.117904..109.00023].
2025-05-27 14:08:09,466 - matplotlib.image - WARNING - Clipping input data to the valid range for imshow with RGB data ([0..1] for floats or [0..255] for integers). Got range [-2.117904..108.88868].
2025-05-27 14:08:09,603 - matplotlib.image - WARNING - Clipping input data to the valid range for imshow with RGB data ([0..1] for floats or [0..255] for integers). Got range [-2.117904..2.64].
2025-05-27 14:08:09,605 - matplotlib.image - WARNING - Clipping input data to the valid range for imshow with RGB data ([0..1] for floats or [0..255] for integers). Got range [-2.117904..109.01417].
2025-05-27 14:08:09,608 - matplotlib.image - WARNING - Clipping input data to the valid range for imshow with RGB data ([0..1] for floats or [0..255] for integers). Got range [-2.117904..108.85382].
2025-05-27 14:08:09,746 - matplotlib.image - WARNING - Clipping input data to the valid range for imshow with RGB data ([0..1] for floats or [0..255] for integers). Got range [-2.117904..2.64].
2025-05-27 14:08:09,748 - matplotlib.image - WARNING - Clipping input data to the valid range for imshow with RGB data ([0..1] for floats or [0..255] for integers). Got range [-2.117904..109.01417].
2025-05-27 14:08:09,751 - matplotlib.image - WARNING - Clipping input data to the valid range for imshow with RGB data ([0..1] for floats or [0..255] for integers). Got range [-2.117904..108.839874].
2025-05-27 14:08:09,985 - matplotlib.image - WARNING - Clipping input data to the valid range for imshow with RGB data ([0..1] for floats or [0..255] for integers). Got range [-2.117904..2.64].
2025-05-27 14:08:09,987 - matplotlib.image - WARNING - Clipping input data to the valid range for imshow with RGB data ([0..1] for floats or [0..255] for integers). Got range [-2.117904..109.01417].
2025-05-27 14:08:09,990 - matplotlib.image - WARNING - Clipping input data to the valid range for imshow with RGB data ([0..1] for floats or [0..255] for integers). Got range [-2.117904..108.86777].
2025-05-27 14:08:10,132 - matplotlib.image - WARNING - Clipping input data to the valid range for imshow with RGB data ([0..1] for floats or [0..255] for integers). Got range [-2.117904..2.64].
2025-05-27 14:08:10,133 - matplotlib.image - WARNING - Clipping input data to the valid range for imshow with RGB data ([0..1] for floats or [0..255] for integers). Got range [-2.117904..109.01417].
2025-05-27 14:08:10,136 - matplotlib.image - WARNING - Clipping input data to the valid range for imshow with RGB data ([0..1] for floats or [0..255] for integers). Got range [-2.117904..108.95142].
2025-05-27 14:08:10,272 - matplotlib.image - WARNING - Clipping input data to the valid range for imshow with RGB data ([0..1] for floats or [0..255] for integers). Got range [-2.117904..2.64].
2025-05-27 14:08:10,274 - matplotlib.image - WARNING - Clipping input data to the valid range for imshow with RGB data ([0..1] for floats or [0..255] for integers). Got range [-2.117904..109.02114].
2025-05-27 14:08:10,277 - matplotlib.image - WARNING - Clipping input data to the valid range for imshow with RGB data ([0..1] for floats or [0..255] for integers). Got range [-2.117904..108.97234].
2025-05-27 14:08:10,664 - matplotlib.image - WARNING - Clipping input data to the valid range for imshow with RGB data ([0..1] for floats or [0..255] for integers). Got range [-2.117904..2.535425].
2025-05-27 14:08:10,666 - matplotlib.image - WARNING - Clipping input data to the valid range for imshow with RGB data ([0..1] for floats or [0..255] for integers). Got range [-2.117904..108.93051].
2025-05-27 14:08:10,669 - matplotlib.image - WARNING - Clipping input data to the valid range for imshow with RGB data ([0..1] for floats or [0..255] for integers). Got range [-2.117904..108.902626].
2025-05-27 14:08:10,807 - matplotlib.image - WARNING - Clipping input data to the valid range for imshow with RGB data ([0..1] for floats or [0..255] for integers). Got range [-2.117904..2.5702832].
2025-05-27 14:08:10,808 - matplotlib.image - WARNING - Clipping input data to the valid range for imshow with RGB data ([0..1] for floats or [0..255] for integers). Got range [-2.117904..108.937485].
2025-05-27 14:08:10,812 - matplotlib.image - WARNING - Clipping input data to the valid range for imshow with RGB data ([0..1] for floats or [0..255] for integers). Got range [-2.117904..108.93051].
2025-05-27 14:08:10,947 - matplotlib.image - WARNING - Clipping input data to the valid range for imshow with RGB data ([0..1] for floats or [0..255] for integers). Got range [-2.117904..2.535425].
2025-05-27 14:08:10,949 - matplotlib.image - WARNING - Clipping input data to the valid range for imshow with RGB data ([0..1] for floats or [0..255] for integers). Got range [-2.117904..108.94445].
2025-05-27 14:08:10,952 - matplotlib.image - WARNING - Clipping input data to the valid range for imshow with RGB data ([0..1] for floats or [0..255] for integers). Got range [-2.117904..108.94445].
2025-05-27 14:08:11,234 - matplotlib.image - WARNING - Clipping input data to the valid range for imshow with RGB data ([0..1] for floats or [0..255] for integers). Got range [-2.117904..2.5702832].
2025-05-27 14:08:11,236 - matplotlib.image - WARNING - Clipping input data to the valid range for imshow with RGB data ([0..1] for floats or [0..255] for integers). Got range [-2.117904..108.93051].
2025-05-27 14:08:11,239 - matplotlib.image - WARNING - Clipping input data to the valid range for imshow with RGB data ([0..1] for floats or [0..255] for integers). Got range [-2.117904..108.902626].
2025-05-27 14:08:11,388 - matplotlib.image - WARNING - Clipping input data to the valid range for imshow with RGB data ([0..1] for floats or [0..255] for integers). Got range [-2.117904..2.6051416].
2025-05-27 14:08:11,390 - matplotlib.image - WARNING - Clipping input data to the valid range for imshow with RGB data ([0..1] for floats or [0..255] for integers). Got range [-2.117904..108.937485].
2025-05-27 14:08:11,393 - matplotlib.image - WARNING - Clipping input data to the valid range for imshow with RGB data ([0..1] for floats or [0..255] for integers). Got range [-2.117904..108.937485].
2025-05-27 14:08:11,528 - matplotlib.image - WARNING - Clipping input data to the valid range for imshow with RGB data ([0..1] for floats or [0..255] for integers). Got range [-2.117904..2.6051416].
2025-05-27 14:08:11,530 - matplotlib.image - WARNING - Clipping input data to the valid range for imshow with RGB data ([0..1] for floats or [0..255] for integers). Got range [-2.117904..108.916565].
2025-05-27 14:08:11,533 - matplotlib.image - WARNING - Clipping input data to the valid range for imshow with RGB data ([0..1] for floats or [0..255] for integers). Got range [-2.117904..108.916565].
2025-05-27 14:08:11,788 - matplotlib.image - WARNING - Clipping input data to the valid range for imshow with RGB data ([0..1] for floats or [0..255] for integers). Got range [-2.117904..2.343704].
2025-05-27 14:08:11,790 - matplotlib.image - WARNING - Clipping input data to the valid range for imshow with RGB data ([0..1] for floats or [0..255] for integers). Got range [-2.117904..108.916565].
2025-05-27 14:08:11,793 - matplotlib.image - WARNING - Clipping input data to the valid range for imshow with RGB data ([0..1] for floats or [0..255] for integers). Got range [-2.117904..108.89565].
2025-05-27 14:08:11,933 - matplotlib.image - WARNING - Clipping input data to the valid range for imshow with RGB data ([0..1] for floats or [0..255] for integers). Got range [-2.117904..2.3262744].
2025-05-27 14:08:11,935 - matplotlib.image - WARNING - Clipping input data to the valid range for imshow with RGB data ([0..1] for floats or [0..255] for integers). Got range [-2.117904..108.93051].
2025-05-27 14:08:11,938 - matplotlib.image - WARNING - Clipping input data to the valid range for imshow with RGB data ([0..1] for floats or [0..255] for integers). Got range [-2.117904..108.88868].
2025-05-27 14:08:12,074 - matplotlib.image - WARNING - Clipping input data to the valid range for imshow with RGB data ([0..1] for floats or [0..255] for integers). Got range [-2.117904..2.3262744].
2025-05-27 14:08:12,076 - matplotlib.image - WARNING - Clipping input data to the valid range for imshow with RGB data ([0..1] for floats or [0..255] for integers). Got range [-2.117904..108.916565].
2025-05-27 14:08:12,079 - matplotlib.image - WARNING - Clipping input data to the valid range for imshow with RGB data ([0..1] for floats or [0..255] for integers). Got range [-2.117904..108.902626].
2025-05-27 14:08:12,353 - matplotlib.image - WARNING - Clipping input data to the valid range for imshow with RGB data ([0..1] for floats or [0..255] for integers). Got range [-2.117904..2.465708].
2025-05-27 14:08:12,355 - matplotlib.image - WARNING - Clipping input data to the valid range for imshow with RGB data ([0..1] for floats or [0..255] for integers). Got range [-2.117904..108.98628].
2025-05-27 14:08:12,357 - matplotlib.image - WARNING - Clipping input data to the valid range for imshow with RGB data ([0..1] for floats or [0..255] for integers). Got range [-2.117904..108.89565].
2025-05-27 14:08:12,504 - matplotlib.image - WARNING - Clipping input data to the valid range for imshow with RGB data ([0..1] for floats or [0..255] for integers). Got range [-2.117904..2.5005665].
2025-05-27 14:08:12,505 - matplotlib.image - WARNING - Clipping input data to the valid range for imshow with RGB data ([0..1] for floats or [0..255] for integers). Got range [-2.117904..109.00023].
2025-05-27 14:08:12,508 - matplotlib.image - WARNING - Clipping input data to the valid range for imshow with RGB data ([0..1] for floats or [0..255] for integers). Got range [-2.117904..108.89565].
2025-05-27 14:08:12,646 - matplotlib.image - WARNING - Clipping input data to the valid range for imshow with RGB data ([0..1] for floats or [0..255] for integers). Got range [-2.117904..2.465708].
2025-05-27 14:08:12,648 - matplotlib.image - WARNING - Clipping input data to the valid range for imshow with RGB data ([0..1] for floats or [0..255] for integers). Got range [-2.117904..108.98628].
2025-05-27 14:08:12,651 - matplotlib.image - WARNING - Clipping input data to the valid range for imshow with RGB data ([0..1] for floats or [0..255] for integers). Got range [-2.117904..108.916565].
2025-05-27 14:08:13,047 - matplotlib.image - WARNING - Clipping input data to the valid range for imshow with RGB data ([0..1] for floats or [0..255] for integers). Got range [-2.117904..2.5702832].
2025-05-27 14:08:13,049 - matplotlib.image - WARNING - Clipping input data to the valid range for imshow with RGB data ([0..1] for floats or [0..255] for integers). Got range [-2.117904..109.0072].
2025-05-27 14:08:13,053 - matplotlib.image - WARNING - Clipping input data to the valid range for imshow with RGB data ([0..1] for floats or [0..255] for integers). Got range [-2.117904..108.93051].
2025-05-27 14:08:13,194 - matplotlib.image - WARNING - Clipping input data to the valid range for imshow with RGB data ([0..1] for floats or [0..255] for integers). Got range [-2.117904..2.6051416].
2025-05-27 14:08:13,196 - matplotlib.image - WARNING - Clipping input data to the valid range for imshow with RGB data ([0..1] for floats or [0..255] for integers). Got range [-2.117904..109.00023].
2025-05-27 14:08:13,199 - matplotlib.image - WARNING - Clipping input data to the valid range for imshow with RGB data ([0..1] for floats or [0..255] for integers). Got range [-2.117904..108.937485].
2025-05-27 14:08:13,339 - matplotlib.image - WARNING - Clipping input data to the valid range for imshow with RGB data ([0..1] for floats or [0..255] for integers). Got range [-2.117904..2.5702832].
2025-05-27 14:08:13,340 - matplotlib.image - WARNING - Clipping input data to the valid range for imshow with RGB data ([0..1] for floats or [0..255] for integers). Got range [-2.117904..109.0072].
2025-05-27 14:08:13,343 - matplotlib.image - WARNING - Clipping input data to the valid range for imshow with RGB data ([0..1] for floats or [0..255] for integers). Got range [-2.117904..108.937485].
2025-05-27 14:08:13,583 - matplotlib.image - WARNING - Clipping input data to the valid range for imshow with RGB data ([0..1] for floats or [0..255] for integers). Got range [-2.1007793..2.5877128].
2025-05-27 14:08:13,585 - matplotlib.image - WARNING - Clipping input data to the valid range for imshow with RGB data ([0..1] for floats or [0..255] for integers). Got range [-2.1007793..109.01417].
2025-05-27 14:08:13,588 - matplotlib.image - WARNING - Clipping input data to the valid range for imshow with RGB data ([0..1] for floats or [0..255] for integers). Got range [-2.1007793..108.93051].
2025-05-27 14:08:13,730 - matplotlib.image - WARNING - Clipping input data to the valid range for imshow with RGB data ([0..1] for floats or [0..255] for integers). Got range [-2.117904..2.5877128].
2025-05-27 14:08:13,731 - matplotlib.image - WARNING - Clipping input data to the valid range for imshow with RGB data ([0..1] for floats or [0..255] for integers). Got range [-2.117904..109.00023].
2025-05-27 14:08:13,734 - matplotlib.image - WARNING - Clipping input data to the valid range for imshow with RGB data ([0..1] for floats or [0..255] for integers). Got range [-2.117904..108.93051].
2025-05-27 14:08:13,875 - matplotlib.image - WARNING - Clipping input data to the valid range for imshow with RGB data ([0..1] for floats or [0..255] for integers). Got range [-2.117904..2.6051416].
2025-05-27 14:08:13,877 - matplotlib.image - WARNING - Clipping input data to the valid range for imshow with RGB data ([0..1] for floats or [0..255] for integers). Got range [-2.117904..109.01417].
2025-05-27 14:08:13,880 - matplotlib.image - WARNING - Clipping input data to the valid range for imshow with RGB data ([0..1] for floats or [0..255] for integers). Got range [-2.117904..108.95142].
2025-05-27 14:08:14,115 - matplotlib.image - WARNING - Clipping input data to the valid range for imshow with RGB data ([0..1] for floats or [0..255] for integers). Got range [-2.1007793..2.6051416].
2025-05-27 14:08:14,118 - matplotlib.image - WARNING - Clipping input data to the valid range for imshow with RGB data ([0..1] for floats or [0..255] for integers). Got range [-2.1007793..109.04205].
2025-05-27 14:08:14,121 - matplotlib.image - WARNING - Clipping input data to the valid range for imshow with RGB data ([0..1] for floats or [0..255] for integers). Got range [-2.1007793..108.94445].
2025-05-27 14:08:14,262 - matplotlib.image - WARNING - Clipping input data to the valid range for imshow with RGB data ([0..1] for floats or [0..255] for integers). Got range [-2.117904..2.6051416].
2025-05-27 14:08:14,264 - matplotlib.image - WARNING - Clipping input data to the valid range for imshow with RGB data ([0..1] for floats or [0..255] for integers). Got range [-2.117904..109.02114].
2025-05-27 14:08:14,267 - matplotlib.image - WARNING - Clipping input data to the valid range for imshow with RGB data ([0..1] for floats or [0..255] for integers). Got range [-2.117904..108.94445].
2025-05-27 14:08:14,409 - matplotlib.image - WARNING - Clipping input data to the valid range for imshow with RGB data ([0..1] for floats or [0..255] for integers). Got range [-2.117904..2.6051416].
2025-05-27 14:08:14,411 - matplotlib.image - WARNING - Clipping input data to the valid range for imshow with RGB data ([0..1] for floats or [0..255] for integers). Got range [-2.117904..108.993256].
2025-05-27 14:08:14,414 - matplotlib.image - WARNING - Clipping input data to the valid range for imshow with RGB data ([0..1] for floats or [0..255] for integers). Got range [-2.117904..108.94445].
2025-05-27 14:08:14,670 - matplotlib.image - WARNING - Clipping input data to the valid range for imshow with RGB data ([0..1] for floats or [0..255] for integers). Got range [-2.0836544..2.5877128].
2025-05-27 14:08:14,671 - matplotlib.image - WARNING - Clipping input data to the valid range for imshow with RGB data ([0..1] for floats or [0..255] for integers). Got range [-2.0836544..109.03509].
2025-05-27 14:08:14,674 - matplotlib.image - WARNING - Clipping input data to the valid range for imshow with RGB data ([0..1] for floats or [0..255] for integers). Got range [-2.0836544..108.9584].
2025-05-27 14:08:14,819 - matplotlib.image - WARNING - Clipping input data to the valid range for imshow with RGB data ([0..1] for floats or [0..255] for integers). Got range [-2.0836544..2.6051416].
2025-05-27 14:08:14,821 - matplotlib.image - WARNING - Clipping input data to the valid range for imshow with RGB data ([0..1] for floats or [0..255] for integers). Got range [-2.0836544..109.04205].
2025-05-27 14:08:14,824 - matplotlib.image - WARNING - Clipping input data to the valid range for imshow with RGB data ([0..1] for floats or [0..255] for integers). Got range [-2.0836544..108.95142].
2025-05-27 14:08:14,965 - matplotlib.image - WARNING - Clipping input data to the valid range for imshow with RGB data ([0..1] for floats or [0..255] for integers). Got range [-2.0836544..2.5877128].
2025-05-27 14:08:14,967 - matplotlib.image - WARNING - Clipping input data to the valid range for imshow with RGB data ([0..1] for floats or [0..255] for integers). Got range [-2.0836544..109.01417].
2025-05-27 14:08:14,970 - matplotlib.image - WARNING - Clipping input data to the valid range for imshow with RGB data ([0..1] for floats or [0..255] for integers). Got range [-2.0836544..108.94445].
2025-05-27 14:08:15,357 - matplotlib.image - WARNING - Clipping input data to the valid range for imshow with RGB data ([0..1] for floats or [0..255] for integers). Got range [-2.0665298..2.535425].
2025-05-27 14:08:15,359 - matplotlib.image - WARNING - Clipping input data to the valid range for imshow with RGB data ([0..1] for floats or [0..255] for integers). Got range [-2.0665298..109.01417].
2025-05-27 14:08:15,361 - matplotlib.image - WARNING - Clipping input data to the valid range for imshow with RGB data ([0..1] for floats or [0..255] for integers). Got range [-2.0665298..108.96537].
2025-05-27 14:08:15,518 - matplotlib.image - WARNING - Clipping input data to the valid range for imshow with RGB data ([0..1] for floats or [0..255] for integers). Got range [-2.0836544..2.5702832].
2025-05-27 14:08:15,520 - matplotlib.image - WARNING - Clipping input data to the valid range for imshow with RGB data ([0..1] for floats or [0..255] for integers). Got range [-2.0836544..109.0072].
2025-05-27 14:08:15,523 - matplotlib.image - WARNING - Clipping input data to the valid range for imshow with RGB data ([0..1] for floats or [0..255] for integers). Got range [-2.0836544..108.9584].
2025-05-27 14:08:15,664 - matplotlib.image - WARNING - Clipping input data to the valid range for imshow with RGB data ([0..1] for floats or [0..255] for integers). Got range [-2.0665298..2.6051416].
2025-05-27 14:08:15,666 - matplotlib.image - WARNING - Clipping input data to the valid range for imshow with RGB data ([0..1] for floats or [0..255] for integers). Got range [-2.0665298..109.04205].
2025-05-27 14:08:15,669 - matplotlib.image - WARNING - Clipping input data to the valid range for imshow with RGB data ([0..1] for floats or [0..255] for integers). Got range [-2.0665298..108.97234].
2025-05-27 14:08:15,920 - matplotlib.image - WARNING - Clipping input data to the valid range for imshow with RGB data ([0..1] for floats or [0..255] for integers). Got range [-2.0836544..2.5528543].
2025-05-27 14:08:15,922 - matplotlib.image - WARNING - Clipping input data to the valid range for imshow with RGB data ([0..1] for floats or [0..255] for integers). Got range [-2.0836544..109.02114].
2025-05-27 14:08:15,925 - matplotlib.image - WARNING - Clipping input data to the valid range for imshow with RGB data ([0..1] for floats or [0..255] for integers). Got range [-2.0836544..108.96537].
2025-05-27 14:08:16,079 - matplotlib.image - WARNING - Clipping input data to the valid range for imshow with RGB data ([0..1] for floats or [0..255] for integers). Got range [-2.0665298..2.535425].
2025-05-27 14:08:16,080 - matplotlib.image - WARNING - Clipping input data to the valid range for imshow with RGB data ([0..1] for floats or [0..255] for integers). Got range [-2.0665298..109.01417].
2025-05-27 14:08:16,083 - matplotlib.image - WARNING - Clipping input data to the valid range for imshow with RGB data ([0..1] for floats or [0..255] for integers). Got range [-2.0665298..108.96537].
2025-05-27 14:08:16,228 - matplotlib.image - WARNING - Clipping input data to the valid range for imshow with RGB data ([0..1] for floats or [0..255] for integers). Got range [-2.0836544..2.5877128].
2025-05-27 14:08:16,230 - matplotlib.image - WARNING - Clipping input data to the valid range for imshow with RGB data ([0..1] for floats or [0..255] for integers). Got range [-2.0836544..109.03509].
2025-05-27 14:08:16,233 - matplotlib.image - WARNING - Clipping input data to the valid range for imshow with RGB data ([0..1] for floats or [0..255] for integers). Got range [-2.0836544..108.96537].
2025-05-27 14:08:16,501 - matplotlib.image - WARNING - Clipping input data to the valid range for imshow with RGB data ([0..1] for floats or [0..255] for integers). Got range [-2.0836544..2.5528543].
2025-05-27 14:08:16,503 - matplotlib.image - WARNING - Clipping input data to the valid range for imshow with RGB data ([0..1] for floats or [0..255] for integers). Got range [-2.0836544..109.01417].
2025-05-27 14:08:16,506 - matplotlib.image - WARNING - Clipping input data to the valid range for imshow with RGB data ([0..1] for floats or [0..255] for integers). Got range [-2.0836544..108.97234].
2025-05-27 14:08:16,660 - matplotlib.image - WARNING - Clipping input data to the valid range for imshow with RGB data ([0..1] for floats or [0..255] for integers). Got range [-2.1007793..2.5877128].
2025-05-27 14:08:16,663 - matplotlib.image - WARNING - Clipping input data to the valid range for imshow with RGB data ([0..1] for floats or [0..255] for integers). Got range [-2.1007793..109.03509].
2025-05-27 14:08:16,665 - matplotlib.image - WARNING - Clipping input data to the valid range for imshow with RGB data ([0..1] for floats or [0..255] for integers). Got range [-2.1007793..108.9584].
2025-05-27 14:08:16,806 - matplotlib.image - WARNING - Clipping input data to the valid range for imshow with RGB data ([0..1] for floats or [0..255] for integers). Got range [-2.0494049..2.622571].
2025-05-27 14:08:16,808 - matplotlib.image - WARNING - Clipping input data to the valid range for imshow with RGB data ([0..1] for floats or [0..255] for integers). Got range [-2.0494049..109.04903].
2025-05-27 14:08:16,811 - matplotlib.image - WARNING - Clipping input data to the valid range for imshow with RGB data ([0..1] for floats or [0..255] for integers). Got range [-2.0494049..108.95142].
2025-05-27 14:08:17,098 - matplotlib.image - WARNING - Clipping input data to the valid range for imshow with RGB data ([0..1] for floats or [0..255] for integers). Got range [-2.117904..2.64].
2025-05-27 14:08:17,100 - matplotlib.image - WARNING - Clipping input data to the valid range for imshow with RGB data ([0..1] for floats or [0..255] for integers). Got range [-2.0836544..109.056].
2025-05-27 14:08:17,103 - matplotlib.image - WARNING - Clipping input data to the valid range for imshow with RGB data ([0..1] for floats or [0..255] for integers). Got range [-2.117904..109.056].
2025-05-27 14:08:17,253 - matplotlib.image - WARNING - Clipping input data to the valid range for imshow with RGB data ([0..1] for floats or [0..255] for integers). Got range [-2.117904..2.64].
2025-05-27 14:08:17,255 - matplotlib.image - WARNING - Clipping input data to the valid range for imshow with RGB data ([0..1] for floats or [0..255] for integers). Got range [-2.1007793..109.056].
2025-05-27 14:08:17,258 - matplotlib.image - WARNING - Clipping input data to the valid range for imshow with RGB data ([0..1] for floats or [0..255] for integers). Got range [-2.117904..109.056].
2025-05-27 14:08:17,408 - matplotlib.image - WARNING - Clipping input data to the valid range for imshow with RGB data ([0..1] for floats or [0..255] for integers). Got range [-2.117904..2.64].
2025-05-27 14:08:17,410 - matplotlib.image - WARNING - Clipping input data to the valid range for imshow with RGB data ([0..1] for floats or [0..255] for integers). Got range [-2.117904..109.056].
2025-05-27 14:08:17,413 - matplotlib.image - WARNING - Clipping input data to the valid range for imshow with RGB data ([0..1] for floats or [0..255] for integers). Got range [-2.117904..109.056].
2025-05-27 14:08:17,886 - matplotlib.image - WARNING - Clipping input data to the valid range for imshow with RGB data ([0..1] for floats or [0..255] for integers). Got range [-2.117904..2.64].
2025-05-27 14:08:17,888 - matplotlib.image - WARNING - Clipping input data to the valid range for imshow with RGB data ([0..1] for floats or [0..255] for integers). Got range [-2.0836544..109.056].
2025-05-27 14:08:17,891 - matplotlib.image - WARNING - Clipping input data to the valid range for imshow with RGB data ([0..1] for floats or [0..255] for integers). Got range [-2.117904..109.056].
2025-05-27 14:08:18,040 - matplotlib.image - WARNING - Clipping input data to the valid range for imshow with RGB data ([0..1] for floats or [0..255] for integers). Got range [-2.117904..2.64].
2025-05-27 14:08:18,042 - matplotlib.image - WARNING - Clipping input data to the valid range for imshow with RGB data ([0..1] for floats or [0..255] for integers). Got range [-2.0836544..109.056].
2025-05-27 14:08:18,045 - matplotlib.image - WARNING - Clipping input data to the valid range for imshow with RGB data ([0..1] for floats or [0..255] for integers). Got range [-2.117904..109.056].
2025-05-27 14:08:18,192 - matplotlib.image - WARNING - Clipping input data to the valid range for imshow with RGB data ([0..1] for floats or [0..255] for integers). Got range [-2.117904..2.64].
2025-05-27 14:08:18,194 - matplotlib.image - WARNING - Clipping input data to the valid range for imshow with RGB data ([0..1] for floats or [0..255] for integers). Got range [-2.0836544..109.056].
2025-05-27 14:08:18,197 - matplotlib.image - WARNING - Clipping input data to the valid range for imshow with RGB data ([0..1] for floats or [0..255] for integers). Got range [-2.117904..109.056].
2025-05-27 14:08:18,474 - matplotlib.image - WARNING - Clipping input data to the valid range for imshow with RGB data ([0..1] for floats or [0..255] for integers). Got range [-2.117904..2.64].
2025-05-27 14:08:18,475 - matplotlib.image - WARNING - Clipping input data to the valid range for imshow with RGB data ([0..1] for floats or [0..255] for integers). Got range [-2.117904..109.056].
2025-05-27 14:08:18,478 - matplotlib.image - WARNING - Clipping input data to the valid range for imshow with RGB data ([0..1] for floats or [0..255] for integers). Got range [-2.117904..109.056].
2025-05-27 14:08:18,631 - matplotlib.image - WARNING - Clipping input data to the valid range for imshow with RGB data ([0..1] for floats or [0..255] for integers). Got range [-2.117904..2.64].
2025-05-27 14:08:18,633 - matplotlib.image - WARNING - Clipping input data to the valid range for imshow with RGB data ([0..1] for floats or [0..255] for integers). Got range [-2.117904..109.056].
2025-05-27 14:08:18,636 - matplotlib.image - WARNING - Clipping input data to the valid range for imshow with RGB data ([0..1] for floats or [0..255] for integers). Got range [-2.117904..109.056].
2025-05-27 14:08:18,782 - matplotlib.image - WARNING - Clipping input data to the valid range for imshow with RGB data ([0..1] for floats or [0..255] for integers). Got range [-2.117904..2.64].
2025-05-27 14:08:18,785 - matplotlib.image - WARNING - Clipping input data to the valid range for imshow with RGB data ([0..1] for floats or [0..255] for integers). Got range [-2.1007793..109.056].
2025-05-27 14:08:18,788 - matplotlib.image - WARNING - Clipping input data to the valid range for imshow with RGB data ([0..1] for floats or [0..255] for integers). Got range [-2.117904..109.056].
2025-05-27 14:08:19,034 - matplotlib.image - WARNING - Clipping input data to the valid range for imshow with RGB data ([0..1] for floats or [0..255] for integers). Got range [-2.117904..2.64].
2025-05-27 14:08:19,036 - matplotlib.image - WARNING - Clipping input data to the valid range for imshow with RGB data ([0..1] for floats or [0..255] for integers). Got range [-2.117904..109.056].
2025-05-27 14:08:19,039 - matplotlib.image - WARNING - Clipping input data to the valid range for imshow with RGB data ([0..1] for floats or [0..255] for integers). Got range [-2.117904..109.056].
2025-05-27 14:08:19,192 - matplotlib.image - WARNING - Clipping input data to the valid range for imshow with RGB data ([0..1] for floats or [0..255] for integers). Got range [-2.117904..2.64].
2025-05-27 14:08:19,194 - matplotlib.image - WARNING - Clipping input data to the valid range for imshow with RGB data ([0..1] for floats or [0..255] for integers). Got range [-2.117904..109.056].
2025-05-27 14:08:19,198 - matplotlib.image - WARNING - Clipping input data to the valid range for imshow with RGB data ([0..1] for floats or [0..255] for integers). Got range [-2.117904..109.056].
2025-05-27 14:08:19,346 - matplotlib.image - WARNING - Clipping input data to the valid range for imshow with RGB data ([0..1] for floats or [0..255] for integers). Got range [-2.117904..2.64].
2025-05-27 14:08:19,348 - matplotlib.image - WARNING - Clipping input data to the valid range for imshow with RGB data ([0..1] for floats or [0..255] for integers). Got range [-2.1007793..109.056].
2025-05-27 14:08:19,352 - matplotlib.image - WARNING - Clipping input data to the valid range for imshow with RGB data ([0..1] for floats or [0..255] for integers). Got range [-2.117904..109.056].
2025-05-27 14:08:19,601 - matplotlib.image - WARNING - Clipping input data to the valid range for imshow with RGB data ([0..1] for floats or [0..255] for integers). Got range [-2.117904..2.64].
2025-05-27 14:08:19,603 - matplotlib.image - WARNING - Clipping input data to the valid range for imshow with RGB data ([0..1] for floats or [0..255] for integers). Got range [-2.117904..109.056].
2025-05-27 14:08:19,607 - matplotlib.image - WARNING - Clipping input data to the valid range for imshow with RGB data ([0..1] for floats or [0..255] for integers). Got range [-2.117904..109.056].
2025-05-27 14:08:19,761 - matplotlib.image - WARNING - Clipping input data to the valid range for imshow with RGB data ([0..1] for floats or [0..255] for integers). Got range [-2.117904..2.64].
2025-05-27 14:08:19,763 - matplotlib.image - WARNING - Clipping input data to the valid range for imshow with RGB data ([0..1] for floats or [0..255] for integers). Got range [-2.117904..109.056].
2025-05-27 14:08:19,767 - matplotlib.image - WARNING - Clipping input data to the valid range for imshow with RGB data ([0..1] for floats or [0..255] for integers). Got range [-2.117904..109.056].
2025-05-27 14:08:20,046 - matplotlib.image - WARNING - Clipping input data to the valid range for imshow with RGB data ([0..1] for floats or [0..255] for integers). Got range [-2.117904..2.64].
2025-05-27 14:08:20,048 - matplotlib.image - WARNING - Clipping input data to the valid range for imshow with RGB data ([0..1] for floats or [0..255] for integers). Got range [-2.117904..109.056].
2025-05-27 14:08:20,051 - matplotlib.image - WARNING - Clipping input data to the valid range for imshow with RGB data ([0..1] for floats or [0..255] for integers). Got range [-2.117904..109.056].
2025-05-27 14:08:20,312 - matplotlib.image - WARNING - Clipping input data to the valid range for imshow with RGB data ([0..1] for floats or [0..255] for integers). Got range [-2.117904..2.64].
2025-05-27 14:08:20,314 - matplotlib.image - WARNING - Clipping input data to the valid range for imshow with RGB data ([0..1] for floats or [0..255] for integers). Got range [-2.117904..109.056].
2025-05-27 14:08:20,317 - matplotlib.image - WARNING - Clipping input data to the valid range for imshow with RGB data ([0..1] for floats or [0..255] for integers). Got range [-2.117904..109.056].
2025-05-27 14:08:20,478 - matplotlib.image - WARNING - Clipping input data to the valid range for imshow with RGB data ([0..1] for floats or [0..255] for integers). Got range [-2.117904..2.64].
2025-05-27 14:08:20,480 - matplotlib.image - WARNING - Clipping input data to the valid range for imshow with RGB data ([0..1] for floats or [0..255] for integers). Got range [-2.117904..109.056].
2025-05-27 14:08:20,483 - matplotlib.image - WARNING - Clipping input data to the valid range for imshow with RGB data ([0..1] for floats or [0..255] for integers). Got range [-2.117904..109.056].
2025-05-27 14:08:20,631 - matplotlib.image - WARNING - Clipping input data to the valid range for imshow with RGB data ([0..1] for floats or [0..255] for integers). Got range [-2.117904..2.64].
2025-05-27 14:08:20,633 - matplotlib.image - WARNING - Clipping input data to the valid range for imshow with RGB data ([0..1] for floats or [0..255] for integers). Got range [-2.117904..109.04903].
2025-05-27 14:08:20,636 - matplotlib.image - WARNING - Clipping input data to the valid range for imshow with RGB data ([0..1] for floats or [0..255] for integers). Got range [-2.117904..109.056].
2025-05-27 14:08:20,896 - matplotlib.image - WARNING - Clipping input data to the valid range for imshow with RGB data ([0..1] for floats or [0..255] for integers). Got range [-2.117904..2.64].
2025-05-27 14:08:20,897 - matplotlib.image - WARNING - Clipping input data to the valid range for imshow with RGB data ([0..1] for floats or [0..255] for integers). Got range [-2.117904..109.056].
2025-05-27 14:08:20,900 - matplotlib.image - WARNING - Clipping input data to the valid range for imshow with RGB data ([0..1] for floats or [0..255] for integers). Got range [-2.117904..109.056].
2025-05-27 14:08:21,069 - matplotlib.image - WARNING - Clipping input data to the valid range for imshow with RGB data ([0..1] for floats or [0..255] for integers). Got range [-2.117904..2.64].
2025-05-27 14:08:21,070 - matplotlib.image - WARNING - Clipping input data to the valid range for imshow with RGB data ([0..1] for floats or [0..255] for integers). Got range [-2.117904..109.056].
2025-05-27 14:08:21,073 - matplotlib.image - WARNING - Clipping input data to the valid range for imshow with RGB data ([0..1] for floats or [0..255] for integers). Got range [-2.117904..109.056].
2025-05-27 14:08:21,232 - matplotlib.image - WARNING - Clipping input data to the valid range for imshow with RGB data ([0..1] for floats or [0..255] for integers). Got range [-2.117904..2.64].
2025-05-27 14:08:21,233 - matplotlib.image - WARNING - Clipping input data to the valid range for imshow with RGB data ([0..1] for floats or [0..255] for integers). Got range [-2.117904..109.056].
2025-05-27 14:08:21,236 - matplotlib.image - WARNING - Clipping input data to the valid range for imshow with RGB data ([0..1] for floats or [0..255] for integers). Got range [-2.117904..109.056].
2025-05-27 14:08:21,487 - matplotlib.image - WARNING - Clipping input data to the valid range for imshow with RGB data ([0..1] for floats or [0..255] for integers). Got range [-2.117904..2.64].
2025-05-27 14:08:21,490 - matplotlib.image - WARNING - Clipping input data to the valid range for imshow with RGB data ([0..1] for floats or [0..255] for integers). Got range [-2.117904..109.056].
2025-05-27 14:08:21,493 - matplotlib.image - WARNING - Clipping input data to the valid range for imshow with RGB data ([0..1] for floats or [0..255] for integers). Got range [-2.117904..109.04903].
2025-05-27 14:08:21,655 - matplotlib.image - WARNING - Clipping input data to the valid range for imshow with RGB data ([0..1] for floats or [0..255] for integers). Got range [-2.117904..2.64].
2025-05-27 14:08:21,657 - matplotlib.image - WARNING - Clipping input data to the valid range for imshow with RGB data ([0..1] for floats or [0..255] for integers). Got range [-2.117904..109.056].
2025-05-27 14:08:21,659 - matplotlib.image - WARNING - Clipping input data to the valid range for imshow with RGB data ([0..1] for floats or [0..255] for integers). Got range [-2.117904..109.04205].
2025-05-27 14:08:21,807 - matplotlib.image - WARNING - Clipping input data to the valid range for imshow with RGB data ([0..1] for floats or [0..255] for integers). Got range [-2.117904..2.64].
2025-05-27 14:08:21,808 - matplotlib.image - WARNING - Clipping input data to the valid range for imshow with RGB data ([0..1] for floats or [0..255] for integers). Got range [-2.117904..109.056].
2025-05-27 14:08:21,811 - matplotlib.image - WARNING - Clipping input data to the valid range for imshow with RGB data ([0..1] for floats or [0..255] for integers). Got range [-2.117904..109.056].
2025-05-27 14:08:22,057 - matplotlib.image - WARNING - Clipping input data to the valid range for imshow with RGB data ([0..1] for floats or [0..255] for integers). Got range [-2.117904..2.64].
2025-05-27 14:08:22,059 - matplotlib.image - WARNING - Clipping input data to the valid range for imshow with RGB data ([0..1] for floats or [0..255] for integers). Got range [-2.117904..109.056].
2025-05-27 14:08:22,062 - matplotlib.image - WARNING - Clipping input data to the valid range for imshow with RGB data ([0..1] for floats or [0..255] for integers). Got range [-2.117904..109.04205].
2025-05-27 14:08:22,207 - matplotlib.image - WARNING - Clipping input data to the valid range for imshow with RGB data ([0..1] for floats or [0..255] for integers). Got range [-2.117904..2.64].
2025-05-27 14:08:22,208 - matplotlib.image - WARNING - Clipping input data to the valid range for imshow with RGB data ([0..1] for floats or [0..255] for integers). Got range [-2.117904..109.056].
2025-05-27 14:08:22,211 - matplotlib.image - WARNING - Clipping input data to the valid range for imshow with RGB data ([0..1] for floats or [0..255] for integers). Got range [-2.117904..109.028114].
2025-05-27 14:08:22,462 - matplotlib.image - WARNING - Clipping input data to the valid range for imshow with RGB data ([0..1] for floats or [0..255] for integers). Got range [-2.117904..2.64].
2025-05-27 14:08:22,464 - matplotlib.image - WARNING - Clipping input data to the valid range for imshow with RGB data ([0..1] for floats or [0..255] for integers). Got range [-2.117904..109.0072].
2025-05-27 14:08:22,466 - matplotlib.image - WARNING - Clipping input data to the valid range for imshow with RGB data ([0..1] for floats or [0..255] for integers). Got range [-2.117904..109.056].
2025-05-27 14:08:22,736 - matplotlib.image - WARNING - Clipping input data to the valid range for imshow with RGB data ([0..1] for floats or [0..255] for integers). Got range [-2.1007793..2.64].
2025-05-27 14:08:22,738 - matplotlib.image - WARNING - Clipping input data to the valid range for imshow with RGB data ([0..1] for floats or [0..255] for integers). Got range [-2.1007793..109.056].
2025-05-27 14:08:22,741 - matplotlib.image - WARNING - Clipping input data to the valid range for imshow with RGB data ([0..1] for floats or [0..255] for integers). Got range [-2.1007793..109.056].
2025-05-27 14:08:22,877 - matplotlib.image - WARNING - Clipping input data to the valid range for imshow with RGB data ([0..1] for floats or [0..255] for integers). Got range [-2.0665298..2.64].
2025-05-27 14:08:22,879 - matplotlib.image - WARNING - Clipping input data to the valid range for imshow with RGB data ([0..1] for floats or [0..255] for integers). Got range [-2.0665298..109.056].
2025-05-27 14:08:22,882 - matplotlib.image - WARNING - Clipping input data to the valid range for imshow with RGB data ([0..1] for floats or [0..255] for integers). Got range [-2.0151556..109.056].
2025-05-27 14:08:23,023 - matplotlib.image - WARNING - Clipping input data to the valid range for imshow with RGB data ([0..1] for floats or [0..255] for integers). Got range [-2.0665298..2.64].
2025-05-27 14:08:23,025 - matplotlib.image - WARNING - Clipping input data to the valid range for imshow with RGB data ([0..1] for floats or [0..255] for integers). Got range [-2.0665298..109.056].
2025-05-27 14:08:23,028 - matplotlib.image - WARNING - Clipping input data to the valid range for imshow with RGB data ([0..1] for floats or [0..255] for integers). Got range [-2.0665298..109.056].
2025-05-27 14:08:23,310 - matplotlib.image - WARNING - Clipping input data to the valid range for imshow with RGB data ([0..1] for floats or [0..255] for integers). Got range [-2.0836544..2.64].
2025-05-27 14:08:23,311 - matplotlib.image - WARNING - Clipping input data to the valid range for imshow with RGB data ([0..1] for floats or [0..255] for integers). Got range [-2.0665298..109.056].
2025-05-27 14:08:23,315 - matplotlib.image - WARNING - Clipping input data to the valid range for imshow with RGB data ([0..1] for floats or [0..255] for integers). Got range [-2.0494049..109.056].
2025-05-27 14:08:23,454 - matplotlib.image - WARNING - Clipping input data to the valid range for imshow with RGB data ([0..1] for floats or [0..255] for integers). Got range [-2.0836544..2.64].
2025-05-27 14:08:23,456 - matplotlib.image - WARNING - Clipping input data to the valid range for imshow with RGB data ([0..1] for floats or [0..255] for integers). Got range [-1.9980307..109.056].
2025-05-27 14:08:23,458 - matplotlib.image - WARNING - Clipping input data to the valid range for imshow with RGB data ([0..1] for floats or [0..255] for integers). Got range [-1.9980307..109.056].
2025-05-27 14:08:23,592 - matplotlib.image - WARNING - Clipping input data to the valid range for imshow with RGB data ([0..1] for floats or [0..255] for integers). Got range [-2.0836544..2.64].
2025-05-27 14:08:23,594 - matplotlib.image - WARNING - Clipping input data to the valid range for imshow with RGB data ([0..1] for floats or [0..255] for integers). Got range [-2.0665298..109.056].
2025-05-27 14:08:23,597 - matplotlib.image - WARNING - Clipping input data to the valid range for imshow with RGB data ([0..1] for floats or [0..255] for integers). Got range [-2.0494049..109.056].
2025-05-27 14:08:23,848 - matplotlib.image - WARNING - Clipping input data to the valid range for imshow with RGB data ([0..1] for floats or [0..255] for integers). Got range [-2.0665298..2.64].
2025-05-27 14:08:23,851 - matplotlib.image - WARNING - Clipping input data to the valid range for imshow with RGB data ([0..1] for floats or [0..255] for integers). Got range [-2.0665298..109.056].
2025-05-27 14:08:23,853 - matplotlib.image - WARNING - Clipping input data to the valid range for imshow with RGB data ([0..1] for floats or [0..255] for integers). Got range [-2.0665298..109.056].
2025-05-27 14:08:23,985 - matplotlib.image - WARNING - Clipping input data to the valid range for imshow with RGB data ([0..1] for floats or [0..255] for integers). Got range [-2.117904..2.64].
2025-05-27 14:08:23,987 - matplotlib.image - WARNING - Clipping input data to the valid range for imshow with RGB data ([0..1] for floats or [0..255] for integers). Got range [-2.117904..109.056].
2025-05-27 14:08:23,990 - matplotlib.image - WARNING - Clipping input data to the valid range for imshow with RGB data ([0..1] for floats or [0..255] for integers). Got range [-2.117904..109.056].
2025-05-27 14:08:24,121 - matplotlib.image - WARNING - Clipping input data to the valid range for imshow with RGB data ([0..1] for floats or [0..255] for integers). Got range [-2.0836544..2.64].
2025-05-27 14:08:24,123 - matplotlib.image - WARNING - Clipping input data to the valid range for imshow with RGB data ([0..1] for floats or [0..255] for integers). Got range [-1.9980307..109.056].
2025-05-27 14:08:24,126 - matplotlib.image - WARNING - Clipping input data to the valid range for imshow with RGB data ([0..1] for floats or [0..255] for integers). Got range [-2.0182073..109.056].
2025-05-27 14:08:24,368 - matplotlib.image - WARNING - Clipping input data to the valid range for imshow with RGB data ([0..1] for floats or [0..255] for integers). Got range [-2.117904..2.64].
2025-05-27 14:08:24,370 - matplotlib.image - WARNING - Clipping input data to the valid range for imshow with RGB data ([0..1] for floats or [0..255] for integers). Got range [-2.117904..109.056].
2025-05-27 14:08:24,373 - matplotlib.image - WARNING - Clipping input data to the valid range for imshow with RGB data ([0..1] for floats or [0..255] for integers). Got range [-2.117904..109.056].
2025-05-27 14:08:24,506 - matplotlib.image - WARNING - Clipping input data to the valid range for imshow with RGB data ([0..1] for floats or [0..255] for integers). Got range [-2.0836544..2.64].
2025-05-27 14:08:24,507 - matplotlib.image - WARNING - Clipping input data to the valid range for imshow with RGB data ([0..1] for floats or [0..255] for integers). Got range [-2.0836544..109.056].
2025-05-27 14:08:24,510 - matplotlib.image - WARNING - Clipping input data to the valid range for imshow with RGB data ([0..1] for floats or [0..255] for integers). Got range [-2.0836544..109.056].
2025-05-27 14:08:24,776 - matplotlib.image - WARNING - Clipping input data to the valid range for imshow with RGB data ([0..1] for floats or [0..255] for integers). Got range [-2.0836544..2.64].
2025-05-27 14:08:24,778 - matplotlib.image - WARNING - Clipping input data to the valid range for imshow with RGB data ([0..1] for floats or [0..255] for integers). Got range [-2.0836544..109.056].
2025-05-27 14:08:24,780 - matplotlib.image - WARNING - Clipping input data to the valid range for imshow with RGB data ([0..1] for floats or [0..255] for integers). Got range [-2.0836544..109.056].
2025-05-27 14:08:25,014 - matplotlib.image - WARNING - Clipping input data to the valid range for imshow with RGB data ([0..1] for floats or [0..255] for integers). Got range [-2.0182073..2.64].
2025-05-27 14:08:25,016 - matplotlib.image - WARNING - Clipping input data to the valid range for imshow with RGB data ([0..1] for floats or [0..255] for integers). Got range [-1.9980307..109.056].
2025-05-27 14:08:25,019 - matplotlib.image - WARNING - Clipping input data to the valid range for imshow with RGB data ([0..1] for floats or [0..255] for integers). Got range [-1.9466565..109.056].
2025-05-27 14:08:25,156 - matplotlib.image - WARNING - Clipping input data to the valid range for imshow with RGB data ([0..1] for floats or [0..255] for integers). Got range [-1.9980307..2.64].
2025-05-27 14:08:25,157 - matplotlib.image - WARNING - Clipping input data to the valid range for imshow with RGB data ([0..1] for floats or [0..255] for integers). Got range [-1.9637812..109.056].
2025-05-27 14:08:25,160 - matplotlib.image - WARNING - Clipping input data to the valid range for imshow with RGB data ([0..1] for floats or [0..255] for integers). Got range [-1.9466565..109.056].
2025-05-27 14:08:25,288 - matplotlib.image - WARNING - Clipping input data to the valid range for imshow with RGB data ([0..1] for floats or [0..255] for integers). Got range [-1.9980307..2.64].
2025-05-27 14:08:25,291 - matplotlib.image - WARNING - Clipping input data to the valid range for imshow with RGB data ([0..1] for floats or [0..255] for integers). Got range [-1.9637812..109.056].
2025-05-27 14:08:25,293 - matplotlib.image - WARNING - Clipping input data to the valid range for imshow with RGB data ([0..1] for floats or [0..255] for integers). Got range [-1.9637812..109.056].
2025-05-27 14:08:25,530 - matplotlib.image - WARNING - Clipping input data to the valid range for imshow with RGB data ([0..1] for floats or [0..255] for integers). Got range [-1.980906..2.622571].
2025-05-27 14:08:25,531 - matplotlib.image - WARNING - Clipping input data to the valid range for imshow with RGB data ([0..1] for floats or [0..255] for integers). Got range [-1.980906..109.04205].
2025-05-27 14:08:25,534 - matplotlib.image - WARNING - Clipping input data to the valid range for imshow with RGB data ([0..1] for floats or [0..255] for integers). Got range [-1.980906..109.04205].
2025-05-27 14:08:25,687 - matplotlib.image - WARNING - Clipping input data to the valid range for imshow with RGB data ([0..1] for floats or [0..255] for integers). Got range [-1.980906..2.6051416].
2025-05-27 14:08:25,688 - matplotlib.image - WARNING - Clipping input data to the valid range for imshow with RGB data ([0..1] for floats or [0..255] for integers). Got range [-1.9466565..109.04205].
2025-05-27 14:08:25,692 - matplotlib.image - WARNING - Clipping input data to the valid range for imshow with RGB data ([0..1] for floats or [0..255] for integers). Got range [-1.980906..109.04205].
2025-05-27 14:08:25,841 - matplotlib.image - WARNING - Clipping input data to the valid range for imshow with RGB data ([0..1] for floats or [0..255] for integers). Got range [-1.980906..2.622571].
2025-05-27 14:08:25,843 - matplotlib.image - WARNING - Clipping input data to the valid range for imshow with RGB data ([0..1] for floats or [0..255] for integers). Got range [-1.9637812..109.04903].
2025-05-27 14:08:25,846 - matplotlib.image - WARNING - Clipping input data to the valid range for imshow with RGB data ([0..1] for floats or [0..255] for integers). Got range [-1.980906..109.04903].
2025-05-27 14:08:26,116 - matplotlib.image - WARNING - Clipping input data to the valid range for imshow with RGB data ([0..1] for floats or [0..255] for integers). Got range [-1.9980307..2.6051416].
2025-05-27 14:08:26,118 - matplotlib.image - WARNING - Clipping input data to the valid range for imshow with RGB data ([0..1] for floats or [0..255] for integers). Got range [-1.9295317..109.03509].
2025-05-27 14:08:26,121 - matplotlib.image - WARNING - Clipping input data to the valid range for imshow with RGB data ([0..1] for floats or [0..255] for integers). Got range [-1.9980307..109.04205].
2025-05-27 14:08:26,278 - matplotlib.image - WARNING - Clipping input data to the valid range for imshow with RGB data ([0..1] for floats or [0..255] for integers). Got range [-1.980906..2.6051416].
2025-05-27 14:08:26,280 - matplotlib.image - WARNING - Clipping input data to the valid range for imshow with RGB data ([0..1] for floats or [0..255] for integers). Got range [-1.9637812..109.03509].
2025-05-27 14:08:26,282 - matplotlib.image - WARNING - Clipping input data to the valid range for imshow with RGB data ([0..1] for floats or [0..255] for integers). Got range [-1.980906..109.03509].
2025-05-27 14:08:26,435 - matplotlib.image - WARNING - Clipping input data to the valid range for imshow with RGB data ([0..1] for floats or [0..255] for integers). Got range [-1.9980307..2.64].
2025-05-27 14:08:26,436 - matplotlib.image - WARNING - Clipping input data to the valid range for imshow with RGB data ([0..1] for floats or [0..255] for integers). Got range [-1.9980307..109.028114].
2025-05-27 14:08:26,439 - matplotlib.image - WARNING - Clipping input data to the valid range for imshow with RGB data ([0..1] for floats or [0..255] for integers). Got range [-1.9980307..109.056].
2025-05-27 14:08:26,690 - matplotlib.image - WARNING - Clipping input data to the valid range for imshow with RGB data ([0..1] for floats or [0..255] for integers). Got range [-2.0151556..2.6051416].
2025-05-27 14:08:26,691 - matplotlib.image - WARNING - Clipping input data to the valid range for imshow with RGB data ([0..1] for floats or [0..255] for integers). Got range [-1.9980307..109.028114].
2025-05-27 14:08:26,695 - matplotlib.image - WARNING - Clipping input data to the valid range for imshow with RGB data ([0..1] for floats or [0..255] for integers). Got range [-2.0151556..109.028114].
2025-05-27 14:08:26,863 - matplotlib.image - WARNING - Clipping input data to the valid range for imshow with RGB data ([0..1] for floats or [0..255] for integers). Got range [-1.9980307..2.64].
2025-05-27 14:08:26,865 - matplotlib.image - WARNING - Clipping input data to the valid range for imshow with RGB data ([0..1] for floats or [0..255] for integers). Got range [-1.980906..109.028114].
2025-05-27 14:08:26,868 - matplotlib.image - WARNING - Clipping input data to the valid range for imshow with RGB data ([0..1] for floats or [0..255] for integers). Got range [-1.9980307..109.04205].
2025-05-27 14:08:27,159 - matplotlib.image - WARNING - Clipping input data to the valid range for imshow with RGB data ([0..1] for floats or [0..255] for integers). Got range [-2.0151556..2.6051416].
2025-05-27 14:08:27,162 - matplotlib.image - WARNING - Clipping input data to the valid range for imshow with RGB data ([0..1] for floats or [0..255] for integers). Got range [-1.9466565..109.028114].
2025-05-27 14:08:27,165 - matplotlib.image - WARNING - Clipping input data to the valid range for imshow with RGB data ([0..1] for floats or [0..255] for integers). Got range [-2.0151556..109.04205].
2025-05-27 14:08:27,443 - matplotlib.image - WARNING - Clipping input data to the valid range for imshow with RGB data ([0..1] for floats or [0..255] for integers). Got range [-1.9980307..2.622571].
2025-05-27 14:08:27,445 - matplotlib.image - WARNING - Clipping input data to the valid range for imshow with RGB data ([0..1] for floats or [0..255] for integers). Got range [-1.9637812..109.028114].
2025-05-27 14:08:27,448 - matplotlib.image - WARNING - Clipping input data to the valid range for imshow with RGB data ([0..1] for floats or [0..255] for integers). Got range [-1.9980307..109.04903].
2025-05-27 14:08:27,605 - matplotlib.image - WARNING - Clipping input data to the valid range for imshow with RGB data ([0..1] for floats or [0..255] for integers). Got range [-1.9980307..2.622571].
2025-05-27 14:08:27,606 - matplotlib.image - WARNING - Clipping input data to the valid range for imshow with RGB data ([0..1] for floats or [0..255] for integers). Got range [-1.980906..109.04205].
2025-05-27 14:08:27,609 - matplotlib.image - WARNING - Clipping input data to the valid range for imshow with RGB data ([0..1] for floats or [0..255] for integers). Got range [-1.9980307..109.04903].
2025-05-27 14:08:27,762 - matplotlib.image - WARNING - Clipping input data to the valid range for imshow with RGB data ([0..1] for floats or [0..255] for integers). Got range [-1.980906..2.622571].
2025-05-27 14:08:27,764 - matplotlib.image - WARNING - Clipping input data to the valid range for imshow with RGB data ([0..1] for floats or [0..255] for integers). Got range [-1.9466565..109.04903].
2025-05-27 14:08:27,767 - matplotlib.image - WARNING - Clipping input data to the valid range for imshow with RGB data ([0..1] for floats or [0..255] for integers). Got range [-1.980906..109.04903].
2025-05-27 14:08:28,071 - matplotlib.image - WARNING - Clipping input data to the valid range for imshow with RGB data ([0..1] for floats or [0..255] for integers). Got range [-1.9980307..2.622571].
2025-05-27 14:08:28,072 - matplotlib.image - WARNING - Clipping input data to the valid range for imshow with RGB data ([0..1] for floats or [0..255] for integers). Got range [-1.980906..109.04903].
2025-05-27 14:08:28,076 - matplotlib.image - WARNING - Clipping input data to the valid range for imshow with RGB data ([0..1] for floats or [0..255] for integers). Got range [-1.9980307..109.04205].
2025-05-27 14:08:28,234 - matplotlib.image - WARNING - Clipping input data to the valid range for imshow with RGB data ([0..1] for floats or [0..255] for integers). Got range [-1.9980307..2.622571].
2025-05-27 14:08:28,236 - matplotlib.image - WARNING - Clipping input data to the valid range for imshow with RGB data ([0..1] for floats or [0..255] for integers). Got range [-1.9637812..109.04205].
2025-05-27 14:08:28,238 - matplotlib.image - WARNING - Clipping input data to the valid range for imshow with RGB data ([0..1] for floats or [0..255] for integers). Got range [-1.9980307..109.04903].
2025-05-27 14:08:28,390 - matplotlib.image - WARNING - Clipping input data to the valid range for imshow with RGB data ([0..1] for floats or [0..255] for integers). Got range [-1.9980307..2.64].
2025-05-27 14:08:28,393 - matplotlib.image - WARNING - Clipping input data to the valid range for imshow with RGB data ([0..1] for floats or [0..255] for integers). Got range [-1.980906..109.056].
2025-05-27 14:08:28,395 - matplotlib.image - WARNING - Clipping input data to the valid range for imshow with RGB data ([0..1] for floats or [0..255] for integers). Got range [-1.9980307..109.056].
2025-05-27 14:08:28,692 - matplotlib.image - WARNING - Clipping input data to the valid range for imshow with RGB data ([0..1] for floats or [0..255] for integers). Got range [-2.0151556..2.64].
2025-05-27 14:08:28,694 - matplotlib.image - WARNING - Clipping input data to the valid range for imshow with RGB data ([0..1] for floats or [0..255] for integers). Got range [-1.9980307..109.04903].
2025-05-27 14:08:28,697 - matplotlib.image - WARNING - Clipping input data to the valid range for imshow with RGB data ([0..1] for floats or [0..255] for integers). Got range [-2.0151556..109.056].
2025-05-27 14:08:28,853 - matplotlib.image - WARNING - Clipping input data to the valid range for imshow with RGB data ([0..1] for floats or [0..255] for integers). Got range [-2.0151556..2.64].
2025-05-27 14:08:28,855 - matplotlib.image - WARNING - Clipping input data to the valid range for imshow with RGB data ([0..1] for floats or [0..255] for integers). Got range [-1.9637812..109.04903].
2025-05-27 14:08:28,857 - matplotlib.image - WARNING - Clipping input data to the valid range for imshow with RGB data ([0..1] for floats or [0..255] for integers). Got range [-2.0151556..109.04903].
2025-05-27 14:08:29,007 - matplotlib.image - WARNING - Clipping input data to the valid range for imshow with RGB data ([0..1] for floats or [0..255] for integers). Got range [-2.0151556..2.64].
2025-05-27 14:08:29,009 - matplotlib.image - WARNING - Clipping input data to the valid range for imshow with RGB data ([0..1] for floats or [0..255] for integers). Got range [-2.0151556..109.04903].
2025-05-27 14:08:29,012 - matplotlib.image - WARNING - Clipping input data to the valid range for imshow with RGB data ([0..1] for floats or [0..255] for integers). Got range [-2.0151556..109.04205].
2025-05-27 14:08:29,300 - matplotlib.image - WARNING - Clipping input data to the valid range for imshow with RGB data ([0..1] for floats or [0..255] for integers). Got range [-1.9980307..2.64].
2025-05-27 14:08:29,302 - matplotlib.image - WARNING - Clipping input data to the valid range for imshow with RGB data ([0..1] for floats or [0..255] for integers). Got range [-1.9980307..109.03509].
2025-05-27 14:08:29,304 - matplotlib.image - WARNING - Clipping input data to the valid range for imshow with RGB data ([0..1] for floats or [0..255] for integers). Got range [-1.9980307..109.03509].
2025-05-27 14:08:29,465 - matplotlib.image - WARNING - Clipping input data to the valid range for imshow with RGB data ([0..1] for floats or [0..255] for integers). Got range [-2.0322802..2.64].
2025-05-27 14:08:29,467 - matplotlib.image - WARNING - Clipping input data to the valid range for imshow with RGB data ([0..1] for floats or [0..255] for integers). Got range [-1.9637812..109.02114].
2025-05-27 14:08:29,469 - matplotlib.image - WARNING - Clipping input data to the valid range for imshow with RGB data ([0..1] for floats or [0..255] for integers). Got range [-2.0322802..109.028114].
2025-05-27 14:08:29,626 - matplotlib.image - WARNING - Clipping input data to the valid range for imshow with RGB data ([0..1] for floats or [0..255] for integers). Got range [-2.0322802..2.64].
2025-05-27 14:08:29,628 - matplotlib.image - WARNING - Clipping input data to the valid range for imshow with RGB data ([0..1] for floats or [0..255] for integers). Got range [-2.0322802..109.04205].
2025-05-27 14:08:29,765 - matplotlib.image - WARNING - Clipping input data to the valid range for imshow with RGB data ([0..1] for floats or [0..255] for integers). Got range [-2.0322802..109.028114].
2025-05-27 14:08:30,015 - matplotlib.image - WARNING - Clipping input data to the valid range for imshow with RGB data ([0..1] for floats or [0..255] for integers). Got range [-2.0151556..2.64].
2025-05-27 14:08:30,017 - matplotlib.image - WARNING - Clipping input data to the valid range for imshow with RGB data ([0..1] for floats or [0..255] for integers). Got range [-1.9637812..109.04205].
2025-05-27 14:08:30,020 - matplotlib.image - WARNING - Clipping input data to the valid range for imshow with RGB data ([0..1] for floats or [0..255] for integers). Got range [-2.0151556..109.03509].
2025-05-27 14:08:30,170 - matplotlib.image - WARNING - Clipping input data to the valid range for imshow with RGB data ([0..1] for floats or [0..255] for integers). Got range [-1.9980307..2.622571].
2025-05-27 14:08:30,172 - matplotlib.image - WARNING - Clipping input data to the valid range for imshow with RGB data ([0..1] for floats or [0..255] for integers). Got range [-1.9656862..109.04205].
2025-05-27 14:08:30,175 - matplotlib.image - WARNING - Clipping input data to the valid range for imshow with RGB data ([0..1] for floats or [0..255] for integers). Got range [-1.9980307..109.04205].
2025-05-27 14:08:30,326 - matplotlib.image - WARNING - Clipping input data to the valid range for imshow with RGB data ([0..1] for floats or [0..255] for integers). Got range [-1.9980307..2.622571].
2025-05-27 14:08:30,327 - matplotlib.image - WARNING - Clipping input data to the valid range for imshow with RGB data ([0..1] for floats or [0..255] for integers). Got range [-1.9637812..109.04903].
2025-05-27 14:08:30,330 - matplotlib.image - WARNING - Clipping input data to the valid range for imshow with RGB data ([0..1] for floats or [0..255] for integers). Got range [-1.9980307..109.04903].
2025-05-27 14:08:30,587 - matplotlib.image - WARNING - Clipping input data to the valid range for imshow with RGB data ([0..1] for floats or [0..255] for integers). Got range [-1.9980307..2.6051416].
2025-05-27 14:08:30,588 - matplotlib.image - WARNING - Clipping input data to the valid range for imshow with RGB data ([0..1] for floats or [0..255] for integers). Got range [-1.9466565..109.04205].
2025-05-27 14:08:30,591 - matplotlib.image - WARNING - Clipping input data to the valid range for imshow with RGB data ([0..1] for floats or [0..255] for integers). Got range [-1.9980307..109.04205].
2025-05-27 14:08:30,749 - matplotlib.image - WARNING - Clipping input data to the valid range for imshow with RGB data ([0..1] for floats or [0..255] for integers). Got range [-1.9980307..2.622571].
2025-05-27 14:08:30,751 - matplotlib.image - WARNING - Clipping input data to the valid range for imshow with RGB data ([0..1] for floats or [0..255] for integers). Got range [-1.9637812..109.04903].
2025-05-27 14:08:30,754 - matplotlib.image - WARNING - Clipping input data to the valid range for imshow with RGB data ([0..1] for floats or [0..255] for integers). Got range [-1.9980307..109.04903].
2025-05-27 14:08:30,904 - matplotlib.image - WARNING - Clipping input data to the valid range for imshow with RGB data ([0..1] for floats or [0..255] for integers). Got range [-2.0151556..2.622571].
2025-05-27 14:08:30,906 - matplotlib.image - WARNING - Clipping input data to the valid range for imshow with RGB data ([0..1] for floats or [0..255] for integers). Got range [-1.9980307..109.03509].
2025-05-27 14:08:30,909 - matplotlib.image - WARNING - Clipping input data to the valid range for imshow with RGB data ([0..1] for floats or [0..255] for integers). Got range [-2.0151556..109.03509].
2025-05-27 14:08:31,168 - matplotlib.image - WARNING - Clipping input data to the valid range for imshow with RGB data ([0..1] for floats or [0..255] for integers). Got range [-2.0151556..2.6051416].
2025-05-27 14:08:31,169 - matplotlib.image - WARNING - Clipping input data to the valid range for imshow with RGB data ([0..1] for floats or [0..255] for integers). Got range [-1.9637812..109.028114].
2025-05-27 14:08:31,172 - matplotlib.image - WARNING - Clipping input data to the valid range for imshow with RGB data ([0..1] for floats or [0..255] for integers). Got range [-2.0151556..109.03509].
2025-05-27 14:08:31,332 - matplotlib.image - WARNING - Clipping input data to the valid range for imshow with RGB data ([0..1] for floats or [0..255] for integers). Got range [-2.0151556..2.622571].
2025-05-27 14:08:31,333 - matplotlib.image - WARNING - Clipping input data to the valid range for imshow with RGB data ([0..1] for floats or [0..255] for integers). Got range [-2.0151556..109.04205].
2025-05-27 14:08:31,336 - matplotlib.image - WARNING - Clipping input data to the valid range for imshow with RGB data ([0..1] for floats or [0..255] for integers). Got range [-2.0151556..109.04903].
2025-05-27 14:08:31,490 - matplotlib.image - WARNING - Clipping input data to the valid range for imshow with RGB data ([0..1] for floats or [0..255] for integers). Got range [-2.0151556..2.6051416].
2025-05-27 14:08:31,492 - matplotlib.image - WARNING - Clipping input data to the valid range for imshow with RGB data ([0..1] for floats or [0..255] for integers). Got range [-2.0151556..109.03509].
2025-05-27 14:08:31,495 - matplotlib.image - WARNING - Clipping input data to the valid range for imshow with RGB data ([0..1] for floats or [0..255] for integers). Got range [-2.0151556..109.04205].
2025-05-27 14:08:31,741 - matplotlib.image - WARNING - Clipping input data to the valid range for imshow with RGB data ([0..1] for floats or [0..255] for integers). Got range [-1.980906..2.64].
2025-05-27 14:08:31,743 - matplotlib.image - WARNING - Clipping input data to the valid range for imshow with RGB data ([0..1] for floats or [0..255] for integers). Got range [-1.9466565..109.04903].
2025-05-27 14:08:31,746 - matplotlib.image - WARNING - Clipping input data to the valid range for imshow with RGB data ([0..1] for floats or [0..255] for integers). Got range [-1.980906..109.04903].
2025-05-27 14:08:31,925 - matplotlib.image - WARNING - Clipping input data to the valid range for imshow with RGB data ([0..1] for floats or [0..255] for integers). Got range [-1.9637812..2.622571].
2025-05-27 14:08:31,927 - matplotlib.image - WARNING - Clipping input data to the valid range for imshow with RGB data ([0..1] for floats or [0..255] for integers). Got range [-1.9637812..109.04903].
2025-05-27 14:08:31,930 - matplotlib.image - WARNING - Clipping input data to the valid range for imshow with RGB data ([0..1] for floats or [0..255] for integers). Got range [-1.9637812..109.04903].
2025-05-27 14:08:32,083 - matplotlib.image - WARNING - Clipping input data to the valid range for imshow with RGB data ([0..1] for floats or [0..255] for integers). Got range [-2.0322802..2.6051416].
2025-05-27 14:08:32,084 - matplotlib.image - WARNING - Clipping input data to the valid range for imshow with RGB data ([0..1] for floats or [0..255] for integers). Got range [-1.9637812..109.04205].
2025-05-27 14:08:32,088 - matplotlib.image - WARNING - Clipping input data to the valid range for imshow with RGB data ([0..1] for floats or [0..255] for integers). Got range [-2.0322802..109.04205].
2025-05-27 14:08:32,491 - matplotlib.image - WARNING - Clipping input data to the valid range for imshow with RGB data ([0..1] for floats or [0..255] for integers). Got range [-1.9980307..2.622571].
2025-05-27 14:08:32,493 - matplotlib.image - WARNING - Clipping input data to the valid range for imshow with RGB data ([0..1] for floats or [0..255] for integers). Got range [-1.980906..109.04903].
2025-05-27 14:08:32,496 - matplotlib.image - WARNING - Clipping input data to the valid range for imshow with RGB data ([0..1] for floats or [0..255] for integers). Got range [-1.9980307..109.04903].
2025-05-27 14:08:32,666 - matplotlib.image - WARNING - Clipping input data to the valid range for imshow with RGB data ([0..1] for floats or [0..255] for integers). Got range [-1.9980307..2.64].
2025-05-27 14:08:32,668 - matplotlib.image - WARNING - Clipping input data to the valid range for imshow with RGB data ([0..1] for floats or [0..255] for integers). Got range [-1.9637812..109.056].
2025-05-27 14:08:32,670 - matplotlib.image - WARNING - Clipping input data to the valid range for imshow with RGB data ([0..1] for floats or [0..255] for integers). Got range [-1.9980307..109.056].
2025-05-27 14:08:32,821 - matplotlib.image - WARNING - Clipping input data to the valid range for imshow with RGB data ([0..1] for floats or [0..255] for integers). Got range [-2.0151556..2.622571].
2025-05-27 14:08:32,823 - matplotlib.image - WARNING - Clipping input data to the valid range for imshow with RGB data ([0..1] for floats or [0..255] for integers). Got range [-1.9295317..109.04903].
2025-05-27 14:08:32,825 - matplotlib.image - WARNING - Clipping input data to the valid range for imshow with RGB data ([0..1] for floats or [0..255] for integers). Got range [-2.0151556..109.04903].
2025-05-27 14:08:33,075 - matplotlib.image - WARNING - Clipping input data to the valid range for imshow with RGB data ([0..1] for floats or [0..255] for integers). Got range [-1.9980307..2.64].
2025-05-27 14:08:33,076 - matplotlib.image - WARNING - Clipping input data to the valid range for imshow with RGB data ([0..1] for floats or [0..255] for integers). Got range [-1.9295317..109.056].
2025-05-27 14:08:33,079 - matplotlib.image - WARNING - Clipping input data to the valid range for imshow with RGB data ([0..1] for floats or [0..255] for integers). Got range [-1.9980307..109.056].
2025-05-27 14:08:33,240 - matplotlib.image - WARNING - Clipping input data to the valid range for imshow with RGB data ([0..1] for floats or [0..255] for integers). Got range [-1.9980307..2.64].
2025-05-27 14:08:33,242 - matplotlib.image - WARNING - Clipping input data to the valid range for imshow with RGB data ([0..1] for floats or [0..255] for integers). Got range [-1.9466565..109.056].
2025-05-27 14:08:33,245 - matplotlib.image - WARNING - Clipping input data to the valid range for imshow with RGB data ([0..1] for floats or [0..255] for integers). Got range [-1.9980307..109.056].
2025-05-27 14:08:33,399 - matplotlib.image - WARNING - Clipping input data to the valid range for imshow with RGB data ([0..1] for floats or [0..255] for integers). Got range [-1.9980307..2.64].
2025-05-27 14:08:33,400 - matplotlib.image - WARNING - Clipping input data to the valid range for imshow with RGB data ([0..1] for floats or [0..255] for integers). Got range [-1.9637812..109.056].
2025-05-27 14:08:33,403 - matplotlib.image - WARNING - Clipping input data to the valid range for imshow with RGB data ([0..1] for floats or [0..255] for integers). Got range [-1.9980307..109.056].
2025-05-27 14:08:33,691 - matplotlib.image - WARNING - Clipping input data to the valid range for imshow with RGB data ([0..1] for floats or [0..255] for integers). Got range [-2.117904..2.64].
2025-05-27 14:08:33,692 - matplotlib.image - WARNING - Clipping input data to the valid range for imshow with RGB data ([0..1] for floats or [0..255] for integers). Got range [-2.117904..109.02114].
2025-05-27 14:08:33,695 - matplotlib.image - WARNING - Clipping input data to the valid range for imshow with RGB data ([0..1] for floats or [0..255] for integers). Got range [-2.117904..108.70045].
2025-05-27 14:08:33,868 - matplotlib.image - WARNING - Clipping input data to the valid range for imshow with RGB data ([0..1] for floats or [0..255] for integers). Got range [-2.117904..2.64].
2025-05-27 14:08:33,870 - matplotlib.image - WARNING - Clipping input data to the valid range for imshow with RGB data ([0..1] for floats or [0..255] for integers). Got range [-2.117904..109.04205].
2025-05-27 14:08:33,872 - matplotlib.image - WARNING - Clipping input data to the valid range for imshow with RGB data ([0..1] for floats or [0..255] for integers). Got range [-2.117904..108.74227].
2025-05-27 14:08:34,032 - matplotlib.image - WARNING - Clipping input data to the valid range for imshow with RGB data ([0..1] for floats or [0..255] for integers). Got range [-2.117904..2.64].
2025-05-27 14:08:34,034 - matplotlib.image - WARNING - Clipping input data to the valid range for imshow with RGB data ([0..1] for floats or [0..255] for integers). Got range [-2.117904..109.056].
2025-05-27 14:08:34,038 - matplotlib.image - WARNING - Clipping input data to the valid range for imshow with RGB data ([0..1] for floats or [0..255] for integers). Got range [-2.117904..108.693474].
2025-05-27 14:08:34,313 - matplotlib.image - WARNING - Clipping input data to the valid range for imshow with RGB data ([0..1] for floats or [0..255] for integers). Got range [-2.117904..2.64].
2025-05-27 14:08:34,315 - matplotlib.image - WARNING - Clipping input data to the valid range for imshow with RGB data ([0..1] for floats or [0..255] for integers). Got range [-2.117904..109.04903].
2025-05-27 14:08:34,318 - matplotlib.image - WARNING - Clipping input data to the valid range for imshow with RGB data ([0..1] for floats or [0..255] for integers). Got range [-2.117904..108.72136].
2025-05-27 14:08:34,488 - matplotlib.image - WARNING - Clipping input data to the valid range for imshow with RGB data ([0..1] for floats or [0..255] for integers). Got range [-2.117904..2.622571].
2025-05-27 14:08:34,490 - matplotlib.image - WARNING - Clipping input data to the valid range for imshow with RGB data ([0..1] for floats or [0..255] for integers). Got range [-2.117904..109.04205].
2025-05-27 14:08:34,493 - matplotlib.image - WARNING - Clipping input data to the valid range for imshow with RGB data ([0..1] for floats or [0..255] for integers). Got range [-2.117904..108.86777].
2025-05-27 14:08:34,655 - matplotlib.image - WARNING - Clipping input data to the valid range for imshow with RGB data ([0..1] for floats or [0..255] for integers). Got range [-2.117904..2.64].
2025-05-27 14:08:34,657 - matplotlib.image - WARNING - Clipping input data to the valid range for imshow with RGB data ([0..1] for floats or [0..255] for integers). Got range [-2.117904..109.056].
2025-05-27 14:08:34,660 - matplotlib.image - WARNING - Clipping input data to the valid range for imshow with RGB data ([0..1] for floats or [0..255] for integers). Got range [-2.117904..108.88171].
2025-05-27 14:08:35,071 - matplotlib.image - WARNING - Clipping input data to the valid range for imshow with RGB data ([0..1] for floats or [0..255] for integers). Got range [-2.117904..2.64].
2025-05-27 14:08:35,073 - matplotlib.image - WARNING - Clipping input data to the valid range for imshow with RGB data ([0..1] for floats or [0..255] for integers). Got range [-2.117904..109.04903].
2025-05-27 14:08:35,076 - matplotlib.image - WARNING - Clipping input data to the valid range for imshow with RGB data ([0..1] for floats or [0..255] for integers). Got range [-2.117904..108.88868].
2025-05-27 14:08:35,243 - matplotlib.image - WARNING - Clipping input data to the valid range for imshow with RGB data ([0..1] for floats or [0..255] for integers). Got range [-2.117904..2.64].
2025-05-27 14:08:35,244 - matplotlib.image - WARNING - Clipping input data to the valid range for imshow with RGB data ([0..1] for floats or [0..255] for integers). Got range [-2.117904..109.056].
2025-05-27 14:08:35,247 - matplotlib.image - WARNING - Clipping input data to the valid range for imshow with RGB data ([0..1] for floats or [0..255] for integers). Got range [-2.117904..108.96537].
2025-05-27 14:08:35,396 - matplotlib.image - WARNING - Clipping input data to the valid range for imshow with RGB data ([0..1] for floats or [0..255] for integers). Got range [-2.117904..2.64].
2025-05-27 14:08:35,398 - matplotlib.image - WARNING - Clipping input data to the valid range for imshow with RGB data ([0..1] for floats or [0..255] for integers). Got range [-2.117904..109.04903].
2025-05-27 14:08:35,402 - matplotlib.image - WARNING - Clipping input data to the valid range for imshow with RGB data ([0..1] for floats or [0..255] for integers). Got range [-2.117904..108.92354].
2025-05-27 14:08:35,658 - matplotlib.image - WARNING - Clipping input data to the valid range for imshow with RGB data ([0..1] for floats or [0..255] for integers). Got range [-2.117904..2.64].
2025-05-27 14:08:35,660 - matplotlib.image - WARNING - Clipping input data to the valid range for imshow with RGB data ([0..1] for floats or [0..255] for integers). Got range [-2.117904..109.056].
2025-05-27 14:08:35,662 - matplotlib.image - WARNING - Clipping input data to the valid range for imshow with RGB data ([0..1] for floats or [0..255] for integers). Got range [-2.117904..109.056].
2025-05-27 14:08:35,818 - matplotlib.image - WARNING - Clipping input data to the valid range for imshow with RGB data ([0..1] for floats or [0..255] for integers). Got range [-2.117904..2.64].
2025-05-27 14:08:35,819 - matplotlib.image - WARNING - Clipping input data to the valid range for imshow with RGB data ([0..1] for floats or [0..255] for integers). Got range [-2.117904..109.056].
2025-05-27 14:08:35,822 - matplotlib.image - WARNING - Clipping input data to the valid range for imshow with RGB data ([0..1] for floats or [0..255] for integers). Got range [-2.117904..109.04903].
2025-05-27 14:08:35,979 - matplotlib.image - WARNING - Clipping input data to the valid range for imshow with RGB data ([0..1] for floats or [0..255] for integers). Got range [-2.117904..2.64].
2025-05-27 14:08:35,980 - matplotlib.image - WARNING - Clipping input data to the valid range for imshow with RGB data ([0..1] for floats or [0..255] for integers). Got range [-2.117904..109.056].
2025-05-27 14:08:35,983 - matplotlib.image - WARNING - Clipping input data to the valid range for imshow with RGB data ([0..1] for floats or [0..255] for integers). Got range [-2.117904..109.056].
2025-05-27 14:08:36,242 - matplotlib.image - WARNING - Clipping input data to the valid range for imshow with RGB data ([0..1] for floats or [0..255] for integers). Got range [-2.117904..2.64].
2025-05-27 14:08:36,243 - matplotlib.image - WARNING - Clipping input data to the valid range for imshow with RGB data ([0..1] for floats or [0..255] for integers). Got range [-2.117904..109.056].
2025-05-27 14:08:36,247 - matplotlib.image - WARNING - Clipping input data to the valid range for imshow with RGB data ([0..1] for floats or [0..255] for integers). Got range [-2.117904..108.97931].
2025-05-27 14:08:36,417 - matplotlib.image - WARNING - Clipping input data to the valid range for imshow with RGB data ([0..1] for floats or [0..255] for integers). Got range [-2.117904..2.64].
2025-05-27 14:08:36,419 - matplotlib.image - WARNING - Clipping input data to the valid range for imshow with RGB data ([0..1] for floats or [0..255] for integers). Got range [-2.117904..109.028114].
2025-05-27 14:08:36,421 - matplotlib.image - WARNING - Clipping input data to the valid range for imshow with RGB data ([0..1] for floats or [0..255] for integers). Got range [-2.117904..108.97234].
2025-05-27 14:08:36,568 - matplotlib.image - WARNING - Clipping input data to the valid range for imshow with RGB data ([0..1] for floats or [0..255] for integers). Got range [-2.117904..2.622571].
2025-05-27 14:08:36,570 - matplotlib.image - WARNING - Clipping input data to the valid range for imshow with RGB data ([0..1] for floats or [0..255] for integers). Got range [-2.117904..109.04205].
2025-05-27 14:08:36,573 - matplotlib.image - WARNING - Clipping input data to the valid range for imshow with RGB data ([0..1] for floats or [0..255] for integers). Got range [-2.117904..109.03509].
2025-05-27 14:08:36,822 - matplotlib.image - WARNING - Clipping input data to the valid range for imshow with RGB data ([0..1] for floats or [0..255] for integers). Got range [-2.117904..2.64].
2025-05-27 14:08:36,824 - matplotlib.image - WARNING - Clipping input data to the valid range for imshow with RGB data ([0..1] for floats or [0..255] for integers). Got range [-2.117904..109.03509].
2025-05-27 14:08:36,827 - matplotlib.image - WARNING - Clipping input data to the valid range for imshow with RGB data ([0..1] for floats or [0..255] for integers). Got range [-2.117904..108.9584].
2025-05-27 14:08:36,981 - matplotlib.image - WARNING - Clipping input data to the valid range for imshow with RGB data ([0..1] for floats or [0..255] for integers). Got range [-2.117904..2.622571].
2025-05-27 14:08:36,983 - matplotlib.image - WARNING - Clipping input data to the valid range for imshow with RGB data ([0..1] for floats or [0..255] for integers). Got range [-2.117904..109.03509].
2025-05-27 14:08:36,986 - matplotlib.image - WARNING - Clipping input data to the valid range for imshow with RGB data ([0..1] for floats or [0..255] for integers). Got range [-2.117904..108.97931].
2025-05-27 14:08:37,152 - matplotlib.image - WARNING - Clipping input data to the valid range for imshow with RGB data ([0..1] for floats or [0..255] for integers). Got range [-2.117904..2.64].
2025-05-27 14:08:37,154 - matplotlib.image - WARNING - Clipping input data to the valid range for imshow with RGB data ([0..1] for floats or [0..255] for integers). Got range [-2.117904..109.056].
2025-05-27 14:08:37,157 - matplotlib.image - WARNING - Clipping input data to the valid range for imshow with RGB data ([0..1] for floats or [0..255] for integers). Got range [-2.117904..108.937485].
2025-05-27 14:08:37,558 - matplotlib.image - WARNING - Clipping input data to the valid range for imshow with RGB data ([0..1] for floats or [0..255] for integers). Got range [-2.117904..2.64].
2025-05-27 14:08:37,560 - matplotlib.image - WARNING - Clipping input data to the valid range for imshow with RGB data ([0..1] for floats or [0..255] for integers). Got range [-2.117904..109.056].
2025-05-27 14:08:37,563 - matplotlib.image - WARNING - Clipping input data to the valid range for imshow with RGB data ([0..1] for floats or [0..255] for integers). Got range [-2.117904..108.94445].
2025-05-27 14:08:37,721 - matplotlib.image - WARNING - Clipping input data to the valid range for imshow with RGB data ([0..1] for floats or [0..255] for integers). Got range [-2.117904..2.622571].
2025-05-27 14:08:37,723 - matplotlib.image - WARNING - Clipping input data to the valid range for imshow with RGB data ([0..1] for floats or [0..255] for integers). Got range [-2.117904..109.04903].
2025-05-27 14:08:37,726 - matplotlib.image - WARNING - Clipping input data to the valid range for imshow with RGB data ([0..1] for floats or [0..255] for integers). Got range [-2.117904..108.88868].
2025-05-27 14:08:37,871 - matplotlib.image - WARNING - Clipping input data to the valid range for imshow with RGB data ([0..1] for floats or [0..255] for integers). Got range [-2.117904..2.64].
2025-05-27 14:08:37,873 - matplotlib.image - WARNING - Clipping input data to the valid range for imshow with RGB data ([0..1] for floats or [0..255] for integers). Got range [-2.117904..109.056].
2025-05-27 14:08:37,876 - matplotlib.image - WARNING - Clipping input data to the valid range for imshow with RGB data ([0..1] for floats or [0..255] for integers). Got range [-2.117904..108.87473].
2025-05-27 14:08:38,151 - matplotlib.image - WARNING - Clipping input data to the valid range for imshow with RGB data ([0..1] for floats or [0..255] for integers). Got range [-2.117904..2.64].
2025-05-27 14:08:38,152 - matplotlib.image - WARNING - Clipping input data to the valid range for imshow with RGB data ([0..1] for floats or [0..255] for integers). Got range [-2.117904..109.056].
2025-05-27 14:08:38,155 - matplotlib.image - WARNING - Clipping input data to the valid range for imshow with RGB data ([0..1] for floats or [0..255] for integers). Got range [-2.117904..109.028114].
2025-05-27 14:08:38,302 - matplotlib.image - WARNING - Clipping input data to the valid range for imshow with RGB data ([0..1] for floats or [0..255] for integers). Got range [-2.117904..2.64].
2025-05-27 14:08:38,304 - matplotlib.image - WARNING - Clipping input data to the valid range for imshow with RGB data ([0..1] for floats or [0..255] for integers). Got range [-2.117904..109.056].
2025-05-27 14:08:38,307 - matplotlib.image - WARNING - Clipping input data to the valid range for imshow with RGB data ([0..1] for floats or [0..255] for integers). Got range [-2.117904..109.03509].
2025-05-27 14:08:38,452 - matplotlib.image - WARNING - Clipping input data to the valid range for imshow with RGB data ([0..1] for floats or [0..255] for integers). Got range [-2.117904..2.64].
2025-05-27 14:08:38,453 - matplotlib.image - WARNING - Clipping input data to the valid range for imshow with RGB data ([0..1] for floats or [0..255] for integers). Got range [-2.117904..109.056].
2025-05-27 14:08:38,456 - matplotlib.image - WARNING - Clipping input data to the valid range for imshow with RGB data ([0..1] for floats or [0..255] for integers). Got range [-2.117904..108.993256].
2025-05-27 14:08:38,720 - matplotlib.image - WARNING - Clipping input data to the valid range for imshow with RGB data ([0..1] for floats or [0..255] for integers). Got range [-2.117904..2.64].
2025-05-27 14:08:38,721 - matplotlib.image - WARNING - Clipping input data to the valid range for imshow with RGB data ([0..1] for floats or [0..255] for integers). Got range [-2.117904..109.056].
2025-05-27 14:08:38,724 - matplotlib.image - WARNING - Clipping input data to the valid range for imshow with RGB data ([0..1] for floats or [0..255] for integers). Got range [-2.117904..109.02114].
2025-05-27 14:08:38,878 - matplotlib.image - WARNING - Clipping input data to the valid range for imshow with RGB data ([0..1] for floats or [0..255] for integers). Got range [-2.117904..2.64].
2025-05-27 14:08:38,880 - matplotlib.image - WARNING - Clipping input data to the valid range for imshow with RGB data ([0..1] for floats or [0..255] for integers). Got range [-2.117904..109.04903].
2025-05-27 14:08:38,882 - matplotlib.image - WARNING - Clipping input data to the valid range for imshow with RGB data ([0..1] for floats or [0..255] for integers). Got range [-2.117904..109.02114].
2025-05-27 14:08:39,022 - matplotlib.image - WARNING - Clipping input data to the valid range for imshow with RGB data ([0..1] for floats or [0..255] for integers). Got range [-2.117904..2.64].
2025-05-27 14:08:39,024 - matplotlib.image - WARNING - Clipping input data to the valid range for imshow with RGB data ([0..1] for floats or [0..255] for integers). Got range [-2.117904..109.056].
2025-05-27 14:08:39,026 - matplotlib.image - WARNING - Clipping input data to the valid range for imshow with RGB data ([0..1] for floats or [0..255] for integers). Got range [-2.117904..109.04903].
2025-05-27 14:08:39,330 - matplotlib.image - WARNING - Clipping input data to the valid range for imshow with RGB data ([0..1] for floats or [0..255] for integers). Got range [-2.117904..2.64].
2025-05-27 14:08:39,332 - matplotlib.image - WARNING - Clipping input data to the valid range for imshow with RGB data ([0..1] for floats or [0..255] for integers). Got range [-2.117904..109.04903].
2025-05-27 14:08:39,336 - matplotlib.image - WARNING - Clipping input data to the valid range for imshow with RGB data ([0..1] for floats or [0..255] for integers). Got range [-2.117904..109.04903].
2025-05-27 14:08:39,483 - matplotlib.image - WARNING - Clipping input data to the valid range for imshow with RGB data ([0..1] for floats or [0..255] for integers). Got range [-2.117904..2.64].
2025-05-27 14:08:39,484 - matplotlib.image - WARNING - Clipping input data to the valid range for imshow with RGB data ([0..1] for floats or [0..255] for integers). Got range [-2.117904..109.03509].
2025-05-27 14:08:39,488 - matplotlib.image - WARNING - Clipping input data to the valid range for imshow with RGB data ([0..1] for floats or [0..255] for integers). Got range [-2.117904..109.056].
2025-05-27 14:08:39,634 - matplotlib.image - WARNING - Clipping input data to the valid range for imshow with RGB data ([0..1] for floats or [0..255] for integers). Got range [-2.117904..2.64].
2025-05-27 14:08:39,636 - matplotlib.image - WARNING - Clipping input data to the valid range for imshow with RGB data ([0..1] for floats or [0..255] for integers). Got range [-2.117904..109.04205].
2025-05-27 14:08:39,639 - matplotlib.image - WARNING - Clipping input data to the valid range for imshow with RGB data ([0..1] for floats or [0..255] for integers). Got range [-2.117904..109.056].
2025-05-27 14:08:40,031 - matplotlib.image - WARNING - Clipping input data to the valid range for imshow with RGB data ([0..1] for floats or [0..255] for integers). Got range [-2.117904..2.622571].
2025-05-27 14:08:40,033 - matplotlib.image - WARNING - Clipping input data to the valid range for imshow with RGB data ([0..1] for floats or [0..255] for integers). Got range [-2.117904..109.04205].
2025-05-27 14:08:40,036 - matplotlib.image - WARNING - Clipping input data to the valid range for imshow with RGB data ([0..1] for floats or [0..255] for integers). Got range [-2.117904..109.04205].
2025-05-27 14:08:40,191 - matplotlib.image - WARNING - Clipping input data to the valid range for imshow with RGB data ([0..1] for floats or [0..255] for integers). Got range [-2.117904..2.64].
2025-05-27 14:08:40,192 - matplotlib.image - WARNING - Clipping input data to the valid range for imshow with RGB data ([0..1] for floats or [0..255] for integers). Got range [-2.117904..109.04205].
2025-05-27 14:08:40,195 - matplotlib.image - WARNING - Clipping input data to the valid range for imshow with RGB data ([0..1] for floats or [0..255] for integers). Got range [-2.117904..109.04205].
2025-05-27 14:08:40,339 - matplotlib.image - WARNING - Clipping input data to the valid range for imshow with RGB data ([0..1] for floats or [0..255] for integers). Got range [-2.117904..2.622571].
2025-05-27 14:08:40,341 - matplotlib.image - WARNING - Clipping input data to the valid range for imshow with RGB data ([0..1] for floats or [0..255] for integers). Got range [-2.117904..109.04903].
2025-05-27 14:08:40,344 - matplotlib.image - WARNING - Clipping input data to the valid range for imshow with RGB data ([0..1] for floats or [0..255] for integers). Got range [-2.117904..109.01417].
2025-05-27 14:08:40,590 - matplotlib.image - WARNING - Clipping input data to the valid range for imshow with RGB data ([0..1] for floats or [0..255] for integers). Got range [-2.0151556..2.3088455].
2025-05-27 14:08:40,592 - matplotlib.image - WARNING - Clipping input data to the valid range for imshow with RGB data ([0..1] for floats or [0..255] for integers). Got range [-2.0151556..108.860794].
2025-05-27 14:08:40,594 - matplotlib.image - WARNING - Clipping input data to the valid range for imshow with RGB data ([0..1] for floats or [0..255] for integers). Got range [-2.0151556..108.92354].
2025-05-27 14:08:40,751 - matplotlib.image - WARNING - Clipping input data to the valid range for imshow with RGB data ([0..1] for floats or [0..255] for integers). Got range [-2.0322802..2.3262744].
2025-05-27 14:08:40,753 - matplotlib.image - WARNING - Clipping input data to the valid range for imshow with RGB data ([0..1] for floats or [0..255] for integers). Got range [-2.0322802..108.85382].
2025-05-27 14:08:40,755 - matplotlib.image - WARNING - Clipping input data to the valid range for imshow with RGB data ([0..1] for floats or [0..255] for integers). Got range [-2.0322802..108.93051].
2025-05-27 14:08:40,890 - matplotlib.image - WARNING - Clipping input data to the valid range for imshow with RGB data ([0..1] for floats or [0..255] for integers). Got range [-2.0151556..2.3262744].
2025-05-27 14:08:40,891 - matplotlib.image - WARNING - Clipping input data to the valid range for imshow with RGB data ([0..1] for floats or [0..255] for integers). Got range [-2.0151556..108.93051].
2025-05-27 14:08:40,894 - matplotlib.image - WARNING - Clipping input data to the valid range for imshow with RGB data ([0..1] for floats or [0..255] for integers). Got range [-2.0151556..108.93051].
2025-05-27 14:08:41,129 - matplotlib.image - WARNING - Clipping input data to the valid range for imshow with RGB data ([0..1] for floats or [0..255] for integers). Got range [-1.9980307..2.3611329].
2025-05-27 14:08:41,130 - matplotlib.image - WARNING - Clipping input data to the valid range for imshow with RGB data ([0..1] for floats or [0..255] for integers). Got range [-1.9980307..108.93051].
2025-05-27 14:08:41,133 - matplotlib.image - WARNING - Clipping input data to the valid range for imshow with RGB data ([0..1] for floats or [0..255] for integers). Got range [-1.9980307..108.94445].
2025-05-27 14:08:41,291 - matplotlib.image - WARNING - Clipping input data to the valid range for imshow with RGB data ([0..1] for floats or [0..255] for integers). Got range [-1.980906..2.3611329].
2025-05-27 14:08:41,292 - matplotlib.image - WARNING - Clipping input data to the valid range for imshow with RGB data ([0..1] for floats or [0..255] for integers). Got range [-1.980906..108.94445].
2025-05-27 14:08:41,295 - matplotlib.image - WARNING - Clipping input data to the valid range for imshow with RGB data ([0..1] for floats or [0..255] for integers). Got range [-1.980906..108.94445].
2025-05-27 14:08:41,439 - matplotlib.image - WARNING - Clipping input data to the valid range for imshow with RGB data ([0..1] for floats or [0..255] for integers). Got range [-1.980906..2.343704].
2025-05-27 14:08:41,440 - matplotlib.image - WARNING - Clipping input data to the valid range for imshow with RGB data ([0..1] for floats or [0..255] for integers). Got range [-1.980906..108.937485].
2025-05-27 14:08:41,443 - matplotlib.image - WARNING - Clipping input data to the valid range for imshow with RGB data ([0..1] for floats or [0..255] for integers). Got range [-1.980906..108.937485].
2025-05-27 14:08:41,698 - matplotlib.image - WARNING - Clipping input data to the valid range for imshow with RGB data ([0..1] for floats or [0..255] for integers). Got range [-1.9980307..2.343704].
2025-05-27 14:08:41,700 - matplotlib.image - WARNING - Clipping input data to the valid range for imshow with RGB data ([0..1] for floats or [0..255] for integers). Got range [-1.9980307..108.937485].
2025-05-27 14:08:41,703 - matplotlib.image - WARNING - Clipping input data to the valid range for imshow with RGB data ([0..1] for floats or [0..255] for integers). Got range [-1.9980307..108.937485].
2025-05-27 14:08:41,847 - matplotlib.image - WARNING - Clipping input data to the valid range for imshow with RGB data ([0..1] for floats or [0..255] for integers). Got range [-1.9980307..2.3262744].
2025-05-27 14:08:41,849 - matplotlib.image - WARNING - Clipping input data to the valid range for imshow with RGB data ([0..1] for floats or [0..255] for integers). Got range [-1.9980307..108.902626].
2025-05-27 14:08:41,851 - matplotlib.image - WARNING - Clipping input data to the valid range for imshow with RGB data ([0..1] for floats or [0..255] for integers). Got range [-1.9980307..108.93051].
2025-05-27 14:08:41,993 - matplotlib.image - WARNING - Clipping input data to the valid range for imshow with RGB data ([0..1] for floats or [0..255] for integers). Got range [-1.980906..2.343704].
2025-05-27 14:08:41,995 - matplotlib.image - WARNING - Clipping input data to the valid range for imshow with RGB data ([0..1] for floats or [0..255] for integers). Got range [-1.980906..108.937485].
2025-05-27 14:08:41,998 - matplotlib.image - WARNING - Clipping input data to the valid range for imshow with RGB data ([0..1] for floats or [0..255] for integers). Got range [-1.980906..108.937485].
2025-05-27 14:08:42,364 - matplotlib.image - WARNING - Clipping input data to the valid range for imshow with RGB data ([0..1] for floats or [0..255] for integers). Got range [-1.9637812..2.343704].
2025-05-27 14:08:42,366 - matplotlib.image - WARNING - Clipping input data to the valid range for imshow with RGB data ([0..1] for floats or [0..255] for integers). Got range [-1.9637812..108.937485].
2025-05-27 14:08:42,369 - matplotlib.image - WARNING - Clipping input data to the valid range for imshow with RGB data ([0..1] for floats or [0..255] for integers). Got range [-1.9637812..108.937485].
2025-05-27 14:08:42,523 - matplotlib.image - WARNING - Clipping input data to the valid range for imshow with RGB data ([0..1] for floats or [0..255] for integers). Got range [-1.9980307..2.3262744].
2025-05-27 14:08:42,524 - matplotlib.image - WARNING - Clipping input data to the valid range for imshow with RGB data ([0..1] for floats or [0..255] for integers). Got range [-1.9980307..108.93051].
2025-05-27 14:08:42,527 - matplotlib.image - WARNING - Clipping input data to the valid range for imshow with RGB data ([0..1] for floats or [0..255] for integers). Got range [-1.9980307..108.93051].
2025-05-27 14:08:42,678 - matplotlib.image - WARNING - Clipping input data to the valid range for imshow with RGB data ([0..1] for floats or [0..255] for integers). Got range [-1.980906..2.343704].
2025-05-27 14:08:42,680 - matplotlib.image - WARNING - Clipping input data to the valid range for imshow with RGB data ([0..1] for floats or [0..255] for integers). Got range [-1.980906..108.937485].
2025-05-27 14:08:42,682 - matplotlib.image - WARNING - Clipping input data to the valid range for imshow with RGB data ([0..1] for floats or [0..255] for integers). Got range [-1.980906..108.937485].
2025-05-27 14:08:42,928 - matplotlib.image - WARNING - Clipping input data to the valid range for imshow with RGB data ([0..1] for floats or [0..255] for integers). Got range [-1.9466565..2.343704].
2025-05-27 14:08:42,930 - matplotlib.image - WARNING - Clipping input data to the valid range for imshow with RGB data ([0..1] for floats or [0..255] for integers). Got range [-1.9466565..108.937485].
2025-05-27 14:08:42,933 - matplotlib.image - WARNING - Clipping input data to the valid range for imshow with RGB data ([0..1] for floats or [0..255] for integers). Got range [-1.9466565..108.937485].
2025-05-27 14:08:43,084 - matplotlib.image - WARNING - Clipping input data to the valid range for imshow with RGB data ([0..1] for floats or [0..255] for integers). Got range [-1.9124069..2.343704].
2025-05-27 14:08:43,086 - matplotlib.image - WARNING - Clipping input data to the valid range for imshow with RGB data ([0..1] for floats or [0..255] for integers). Got range [-1.9124069..108.937485].
2025-05-27 14:08:43,089 - matplotlib.image - WARNING - Clipping input data to the valid range for imshow with RGB data ([0..1] for floats or [0..255] for integers). Got range [-1.9124069..108.937485].
2025-05-27 14:08:43,235 - matplotlib.image - WARNING - Clipping input data to the valid range for imshow with RGB data ([0..1] for floats or [0..255] for integers). Got range [-1.8610327..2.343704].
2025-05-27 14:08:43,236 - matplotlib.image - WARNING - Clipping input data to the valid range for imshow with RGB data ([0..1] for floats or [0..255] for integers). Got range [-1.8610327..108.937485].
2025-05-27 14:08:43,239 - matplotlib.image - WARNING - Clipping input data to the valid range for imshow with RGB data ([0..1] for floats or [0..255] for integers). Got range [-1.8610327..108.937485].
2025-05-27 14:08:43,510 - matplotlib.image - WARNING - Clipping input data to the valid range for imshow with RGB data ([0..1] for floats or [0..255] for integers). Got range [-1.7240347..2.2391288].
2025-05-27 14:08:43,512 - matplotlib.image - WARNING - Clipping input data to the valid range for imshow with RGB data ([0..1] for floats or [0..255] for integers). Got range [-1.7240347..108.86777].
2025-05-27 14:08:43,515 - matplotlib.image - WARNING - Clipping input data to the valid range for imshow with RGB data ([0..1] for floats or [0..255] for integers). Got range [-1.7240347..108.89565].
2025-05-27 14:08:43,676 - matplotlib.image - WARNING - Clipping input data to the valid range for imshow with RGB data ([0..1] for floats or [0..255] for integers). Got range [-1.6855742..2.2391288].
2025-05-27 14:08:43,678 - matplotlib.image - WARNING - Clipping input data to the valid range for imshow with RGB data ([0..1] for floats or [0..255] for integers). Got range [-1.5699118..108.86777].
2025-05-27 14:08:43,681 - matplotlib.image - WARNING - Clipping input data to the valid range for imshow with RGB data ([0..1] for floats or [0..255] for integers). Got range [-1.5699118..108.89565].
2025-05-27 14:08:43,829 - matplotlib.image - WARNING - Clipping input data to the valid range for imshow with RGB data ([0..1] for floats or [0..255] for integers). Got range [-1.7556022..2.2565577].
2025-05-27 14:08:43,831 - matplotlib.image - WARNING - Clipping input data to the valid range for imshow with RGB data ([0..1] for floats or [0..255] for integers). Got range [-1.3986644..108.902626].
2025-05-27 14:08:43,834 - matplotlib.image - WARNING - Clipping input data to the valid range for imshow with RGB data ([0..1] for floats or [0..255] for integers). Got range [-1.3986644..108.902626].
2025-05-27 14:08:44,115 - matplotlib.image - WARNING - Clipping input data to the valid range for imshow with RGB data ([0..1] for floats or [0..255] for integers). Got range [-1.8606442..2.2391288].
2025-05-27 14:08:44,116 - matplotlib.image - WARNING - Clipping input data to the valid range for imshow with RGB data ([0..1] for floats or [0..255] for integers). Got range [-1.6855742..108.89565].
2025-05-27 14:08:44,119 - matplotlib.image - WARNING - Clipping input data to the valid range for imshow with RGB data ([0..1] for floats or [0..255] for integers). Got range [-1.6680672..108.89565].
2025-05-27 14:08:44,286 - matplotlib.image - WARNING - Clipping input data to the valid range for imshow with RGB data ([0..1] for floats or [0..255] for integers). Got range [-1.8081232..2.2216995].
2025-05-27 14:08:44,288 - matplotlib.image - WARNING - Clipping input data to the valid range for imshow with RGB data ([0..1] for floats or [0..255] for integers). Got range [-1.6680672..108.88868].
2025-05-27 14:08:44,290 - matplotlib.image - WARNING - Clipping input data to the valid range for imshow with RGB data ([0..1] for floats or [0..255] for integers). Got range [-1.6680672..108.88868].
2025-05-27 14:08:44,437 - matplotlib.image - WARNING - Clipping input data to the valid range for imshow with RGB data ([0..1] for floats or [0..255] for integers). Got range [-1.7731092..2.2216995].
2025-05-27 14:08:44,438 - matplotlib.image - WARNING - Clipping input data to the valid range for imshow with RGB data ([0..1] for floats or [0..255] for integers). Got range [-1.5630252..108.88868].
2025-05-27 14:08:44,441 - matplotlib.image - WARNING - Clipping input data to the valid range for imshow with RGB data ([0..1] for floats or [0..255] for integers). Got range [-1.5630252..108.88868].
2025-05-27 14:08:44,864 - matplotlib.image - WARNING - Clipping input data to the valid range for imshow with RGB data ([0..1] for floats or [0..255] for integers). Got range [-2.117904..2.64].
2025-05-27 14:08:44,865 - matplotlib.image - WARNING - Clipping input data to the valid range for imshow with RGB data ([0..1] for floats or [0..255] for integers). Got range [-2.1007793..108.693474].
2025-05-27 14:08:44,868 - matplotlib.image - WARNING - Clipping input data to the valid range for imshow with RGB data ([0..1] for floats or [0..255] for integers). Got range [-2.0836544..153.61871].
2025-05-27 14:08:45,009 - matplotlib.image - WARNING - Clipping input data to the valid range for imshow with RGB data ([0..1] for floats or [0..255] for integers). Got range [-2.117904..2.64].
2025-05-27 14:08:45,011 - matplotlib.image - WARNING - Clipping input data to the valid range for imshow with RGB data ([0..1] for floats or [0..255] for integers). Got range [-2.117904..108.693474].
2025-05-27 14:08:45,014 - matplotlib.image - WARNING - Clipping input data to the valid range for imshow with RGB data ([0..1] for floats or [0..255] for integers). Got range [-2.117904..153.59818].
2025-05-27 14:08:45,154 - matplotlib.image - WARNING - Clipping input data to the valid range for imshow with RGB data ([0..1] for floats or [0..255] for integers). Got range [-2.117904..2.64].
2025-05-27 14:08:45,156 - matplotlib.image - WARNING - Clipping input data to the valid range for imshow with RGB data ([0..1] for floats or [0..255] for integers). Got range [-2.117904..108.98628].
2025-05-27 14:08:45,159 - matplotlib.image - WARNING - Clipping input data to the valid range for imshow with RGB data ([0..1] for floats or [0..255] for integers). Got range [-2.117904..153.52966].
2025-05-27 14:08:45,424 - matplotlib.image - WARNING - Clipping input data to the valid range for imshow with RGB data ([0..1] for floats or [0..255] for integers). Got range [-2.117904..2.6051416].
2025-05-27 14:08:45,425 - matplotlib.image - WARNING - Clipping input data to the valid range for imshow with RGB data ([0..1] for floats or [0..255] for integers). Got range [-2.1007793..108.672554].
2025-05-27 14:08:45,428 - matplotlib.image - WARNING - Clipping input data to the valid range for imshow with RGB data ([0..1] for floats or [0..255] for integers). Got range [-2.1007793..153.45432].
2025-05-27 14:08:45,586 - matplotlib.image - WARNING - Clipping input data to the valid range for imshow with RGB data ([0..1] for floats or [0..255] for integers). Got range [-2.117904..2.5877128].
2025-05-27 14:08:45,588 - matplotlib.image - WARNING - Clipping input data to the valid range for imshow with RGB data ([0..1] for floats or [0..255] for integers). Got range [-2.1007793..108.63073].
2025-05-27 14:08:45,591 - matplotlib.image - WARNING - Clipping input data to the valid range for imshow with RGB data ([0..1] for floats or [0..255] for integers). Got range [-2.1007793..153.47487].
2025-05-27 14:08:45,731 - matplotlib.image - WARNING - Clipping input data to the valid range for imshow with RGB data ([0..1] for floats or [0..255] for integers). Got range [-2.117904..2.6051416].
2025-05-27 14:08:45,733 - matplotlib.image - WARNING - Clipping input data to the valid range for imshow with RGB data ([0..1] for floats or [0..255] for integers). Got range [-2.117904..108.92354].
2025-05-27 14:08:45,736 - matplotlib.image - WARNING - Clipping input data to the valid range for imshow with RGB data ([0..1] for floats or [0..255] for integers). Got range [-2.1007793..153.52966].
2025-05-27 14:08:45,981 - matplotlib.image - WARNING - Clipping input data to the valid range for imshow with RGB data ([0..1] for floats or [0..255] for integers). Got range [-2.117904..2.64].
2025-05-27 14:08:45,983 - matplotlib.image - WARNING - Clipping input data to the valid range for imshow with RGB data ([0..1] for floats or [0..255] for integers). Got range [-2.117904..108.6377].
2025-05-27 14:08:45,986 - matplotlib.image - WARNING - Clipping input data to the valid range for imshow with RGB data ([0..1] for floats or [0..255] for integers). Got range [-2.1007793..153.41322].
2025-05-27 14:08:46,146 - matplotlib.image - WARNING - Clipping input data to the valid range for imshow with RGB data ([0..1] for floats or [0..255] for integers). Got range [-2.117904..2.622571].
2025-05-27 14:08:46,147 - matplotlib.image - WARNING - Clipping input data to the valid range for imshow with RGB data ([0..1] for floats or [0..255] for integers). Got range [-2.117904..108.63073].
2025-05-27 14:08:46,150 - matplotlib.image - WARNING - Clipping input data to the valid range for imshow with RGB data ([0..1] for floats or [0..255] for integers). Got range [-2.117904..153.36526].
2025-05-27 14:08:46,291 - matplotlib.image - WARNING - Clipping input data to the valid range for imshow with RGB data ([0..1] for floats or [0..255] for integers). Got range [-2.117904..2.6051416].
2025-05-27 14:08:46,293 - matplotlib.image - WARNING - Clipping input data to the valid range for imshow with RGB data ([0..1] for floats or [0..255] for integers). Got range [-2.117904..108.63073].
2025-05-27 14:08:46,296 - matplotlib.image - WARNING - Clipping input data to the valid range for imshow with RGB data ([0..1] for floats or [0..255] for integers). Got range [-2.117904..153.53651].
2025-05-27 14:08:46,552 - matplotlib.image - WARNING - Clipping input data to the valid range for imshow with RGB data ([0..1] for floats or [0..255] for integers). Got range [-2.117904..2.64].
2025-05-27 14:08:46,554 - matplotlib.image - WARNING - Clipping input data to the valid range for imshow with RGB data ([0..1] for floats or [0..255] for integers). Got range [-2.117904..108.5889].
2025-05-27 14:08:46,557 - matplotlib.image - WARNING - Clipping input data to the valid range for imshow with RGB data ([0..1] for floats or [0..255] for integers). Got range [-2.1007793..153.48857].
2025-05-27 14:08:46,720 - matplotlib.image - WARNING - Clipping input data to the valid range for imshow with RGB data ([0..1] for floats or [0..255] for integers). Got range [-2.117904..2.6051416].
2025-05-27 14:08:46,722 - matplotlib.image - WARNING - Clipping input data to the valid range for imshow with RGB data ([0..1] for floats or [0..255] for integers). Got range [-2.1007793..108.59587].
2025-05-27 14:08:46,725 - matplotlib.image - WARNING - Clipping input data to the valid range for imshow with RGB data ([0..1] for floats or [0..255] for integers). Got range [-2.1007793..153.42693].
2025-05-27 14:08:46,978 - matplotlib.image - WARNING - Clipping input data to the valid range for imshow with RGB data ([0..1] for floats or [0..255] for integers). Got range [-2.117904..2.6051416].
2025-05-27 14:08:46,980 - matplotlib.image - WARNING - Clipping input data to the valid range for imshow with RGB data ([0..1] for floats or [0..255] for integers). Got range [-2.0836544..108.61678].
2025-05-27 14:08:46,983 - matplotlib.image - WARNING - Clipping input data to the valid range for imshow with RGB data ([0..1] for floats or [0..255] for integers). Got range [-2.0836544..153.54337].
2025-05-27 14:08:47,230 - matplotlib.image - WARNING - Clipping input data to the valid range for imshow with RGB data ([0..1] for floats or [0..255] for integers). Got range [-2.117904..2.5528543].
2025-05-27 14:08:47,232 - matplotlib.image - WARNING - Clipping input data to the valid range for imshow with RGB data ([0..1] for floats or [0..255] for integers). Got range [-2.1007793..108.5889].
2025-05-27 14:08:47,236 - matplotlib.image - WARNING - Clipping input data to the valid range for imshow with RGB data ([0..1] for floats or [0..255] for integers). Got range [-2.1007793..153.41322].
2025-05-27 14:08:47,401 - matplotlib.image - WARNING - Clipping input data to the valid range for imshow with RGB data ([0..1] for floats or [0..255] for integers). Got range [-2.117904..2.5528543].
2025-05-27 14:08:47,403 - matplotlib.image - WARNING - Clipping input data to the valid range for imshow with RGB data ([0..1] for floats or [0..255] for integers). Got range [-2.1007793..108.57495].
2025-05-27 14:08:47,406 - matplotlib.image - WARNING - Clipping input data to the valid range for imshow with RGB data ([0..1] for floats or [0..255] for integers). Got range [-2.1007793..153.45432].
2025-05-27 14:08:47,551 - matplotlib.image - WARNING - Clipping input data to the valid range for imshow with RGB data ([0..1] for floats or [0..255] for integers). Got range [-2.117904..2.5528543].
2025-05-27 14:08:47,553 - matplotlib.image - WARNING - Clipping input data to the valid range for imshow with RGB data ([0..1] for floats or [0..255] for integers). Got range [-2.117904..108.61678].
2025-05-27 14:08:47,556 - matplotlib.image - WARNING - Clipping input data to the valid range for imshow with RGB data ([0..1] for floats or [0..255] for integers). Got range [-2.1007793..153.47487].
2025-05-27 14:08:47,798 - matplotlib.image - WARNING - Clipping input data to the valid range for imshow with RGB data ([0..1] for floats or [0..255] for integers). Got range [-2.117904..2.535425].
2025-05-27 14:08:47,799 - matplotlib.image - WARNING - Clipping input data to the valid range for imshow with RGB data ([0..1] for floats or [0..255] for integers). Got range [-2.117904..108.62376].
2025-05-27 14:08:47,802 - matplotlib.image - WARNING - Clipping input data to the valid range for imshow with RGB data ([0..1] for floats or [0..255] for integers). Got range [-2.1007793..153.44746].
2025-05-27 14:08:47,963 - matplotlib.image - WARNING - Clipping input data to the valid range for imshow with RGB data ([0..1] for floats or [0..255] for integers). Got range [-2.117904..2.535425].
2025-05-27 14:08:47,964 - matplotlib.image - WARNING - Clipping input data to the valid range for imshow with RGB data ([0..1] for floats or [0..255] for integers). Got range [-2.117904..108.62376].
2025-05-27 14:08:47,967 - matplotlib.image - WARNING - Clipping input data to the valid range for imshow with RGB data ([0..1] for floats or [0..255] for integers). Got range [-2.117904..153.49542].
2025-05-27 14:08:48,108 - matplotlib.image - WARNING - Clipping input data to the valid range for imshow with RGB data ([0..1] for floats or [0..255] for integers). Got range [-2.117904..2.5179958].
2025-05-27 14:08:48,110 - matplotlib.image - WARNING - Clipping input data to the valid range for imshow with RGB data ([0..1] for floats or [0..255] for integers). Got range [-2.117904..108.63073].
2025-05-27 14:08:48,113 - matplotlib.image - WARNING - Clipping input data to the valid range for imshow with RGB data ([0..1] for floats or [0..255] for integers). Got range [-2.1007793..153.43378].
2025-05-27 14:08:48,362 - matplotlib.image - WARNING - Clipping input data to the valid range for imshow with RGB data ([0..1] for floats or [0..255] for integers). Got range [-2.117904..2.5005665].
2025-05-27 14:08:48,364 - matplotlib.image - WARNING - Clipping input data to the valid range for imshow with RGB data ([0..1] for floats or [0..255] for integers). Got range [-2.117904..108.59587].
2025-05-27 14:08:48,366 - matplotlib.image - WARNING - Clipping input data to the valid range for imshow with RGB data ([0..1] for floats or [0..255] for integers). Got range [-2.117904..153.46117].
2025-05-27 14:08:48,524 - matplotlib.image - WARNING - Clipping input data to the valid range for imshow with RGB data ([0..1] for floats or [0..255] for integers). Got range [-2.117904..2.5005665].
2025-05-27 14:08:48,525 - matplotlib.image - WARNING - Clipping input data to the valid range for imshow with RGB data ([0..1] for floats or [0..255] for integers). Got range [-2.117904..108.60981].
2025-05-27 14:08:48,528 - matplotlib.image - WARNING - Clipping input data to the valid range for imshow with RGB data ([0..1] for floats or [0..255] for integers). Got range [-2.1007793..153.42693].
2025-05-27 14:08:48,680 - matplotlib.image - WARNING - Clipping input data to the valid range for imshow with RGB data ([0..1] for floats or [0..255] for integers). Got range [-2.117904..2.5179958].
2025-05-27 14:08:48,681 - matplotlib.image - WARNING - Clipping input data to the valid range for imshow with RGB data ([0..1] for floats or [0..255] for integers). Got range [-2.117904..108.62376].
2025-05-27 14:08:48,684 - matplotlib.image - WARNING - Clipping input data to the valid range for imshow with RGB data ([0..1] for floats or [0..255] for integers). Got range [-2.1007793..153.48857].
2025-05-27 14:08:48,925 - matplotlib.image - WARNING - Clipping input data to the valid range for imshow with RGB data ([0..1] for floats or [0..255] for integers). Got range [-2.117904..2.5528543].
2025-05-27 14:08:48,927 - matplotlib.image - WARNING - Clipping input data to the valid range for imshow with RGB data ([0..1] for floats or [0..255] for integers). Got range [-2.117904..108.6377].
2025-05-27 14:08:48,929 - matplotlib.image - WARNING - Clipping input data to the valid range for imshow with RGB data ([0..1] for floats or [0..255] for integers). Got range [-2.1007793..153.44061].
2025-05-27 14:08:49,088 - matplotlib.image - WARNING - Clipping input data to the valid range for imshow with RGB data ([0..1] for floats or [0..255] for integers). Got range [-2.117904..2.535425].
2025-05-27 14:08:49,089 - matplotlib.image - WARNING - Clipping input data to the valid range for imshow with RGB data ([0..1] for floats or [0..255] for integers). Got range [-2.117904..108.63073].
2025-05-27 14:08:49,214 - matplotlib.image - WARNING - Clipping input data to the valid range for imshow with RGB data ([0..1] for floats or [0..255] for integers). Got range [-2.0836544..153.45432].
2025-05-27 14:08:49,358 - matplotlib.image - WARNING - Clipping input data to the valid range for imshow with RGB data ([0..1] for floats or [0..255] for integers). Got range [-2.117904..2.5179958].
2025-05-27 14:08:49,360 - matplotlib.image - WARNING - Clipping input data to the valid range for imshow with RGB data ([0..1] for floats or [0..255] for integers). Got range [-2.117904..108.63073].
2025-05-27 14:08:49,362 - matplotlib.image - WARNING - Clipping input data to the valid range for imshow with RGB data ([0..1] for floats or [0..255] for integers). Got range [-2.117904..153.41322].
2025-05-27 14:08:49,632 - matplotlib.image - WARNING - Clipping input data to the valid range for imshow with RGB data ([0..1] for floats or [0..255] for integers). Got range [-1.5699118..2.622571].
2025-05-27 14:08:49,633 - matplotlib.image - WARNING - Clipping input data to the valid range for imshow with RGB data ([0..1] for floats or [0..255] for integers). Got range [-1.5699118..108.902626].
2025-05-27 14:08:49,636 - matplotlib.image - WARNING - Clipping input data to the valid range for imshow with RGB data ([0..1] for floats or [0..255] for integers). Got range [-1.5699118..108.937485].
2025-05-27 14:08:49,806 - matplotlib.image - WARNING - Clipping input data to the valid range for imshow with RGB data ([0..1] for floats or [0..255] for integers). Got range [-1.6555357..2.64].
2025-05-27 14:08:49,807 - matplotlib.image - WARNING - Clipping input data to the valid range for imshow with RGB data ([0..1] for floats or [0..255] for integers). Got range [-1.6555357..108.902626].
2025-05-27 14:08:49,810 - matplotlib.image - WARNING - Clipping input data to the valid range for imshow with RGB data ([0..1] for floats or [0..255] for integers). Got range [-1.6555357..108.93051].
2025-05-27 14:08:49,956 - matplotlib.image - WARNING - Clipping input data to the valid range for imshow with RGB data ([0..1] for floats or [0..255] for integers). Got range [-1.7240347..2.64].
2025-05-27 14:08:49,957 - matplotlib.image - WARNING - Clipping input data to the valid range for imshow with RGB data ([0..1] for floats or [0..255] for integers). Got range [-1.7240347..108.9584].
2025-05-27 14:08:49,960 - matplotlib.image - WARNING - Clipping input data to the valid range for imshow with RGB data ([0..1] for floats or [0..255] for integers). Got range [-1.7240347..108.92354].
2025-05-27 14:08:50,246 - matplotlib.image - WARNING - Clipping input data to the valid range for imshow with RGB data ([0..1] for floats or [0..255] for integers). Got range [-1.5699118..2.64].
2025-05-27 14:08:50,247 - matplotlib.image - WARNING - Clipping input data to the valid range for imshow with RGB data ([0..1] for floats or [0..255] for integers). Got range [-1.5699118..2.64].
2025-05-27 14:08:50,250 - matplotlib.image - WARNING - Clipping input data to the valid range for imshow with RGB data ([0..1] for floats or [0..255] for integers). Got range [-1.5699118..109.01417].
2025-05-27 14:08:50,414 - matplotlib.image - WARNING - Clipping input data to the valid range for imshow with RGB data ([0..1] for floats or [0..255] for integers). Got range [-1.5699118..2.64].
2025-05-27 14:08:50,415 - matplotlib.image - WARNING - Clipping input data to the valid range for imshow with RGB data ([0..1] for floats or [0..255] for integers). Got range [-1.5699118..2.64].
2025-05-27 14:08:50,417 - matplotlib.image - WARNING - Clipping input data to the valid range for imshow with RGB data ([0..1] for floats or [0..255] for integers). Got range [-1.5699118..109.00023].
2025-05-27 14:08:50,564 - matplotlib.image - WARNING - Clipping input data to the valid range for imshow with RGB data ([0..1] for floats or [0..255] for integers). Got range [-1.5527872..2.64].
2025-05-27 14:08:50,566 - matplotlib.image - WARNING - Clipping input data to the valid range for imshow with RGB data ([0..1] for floats or [0..255] for integers). Got range [-1.5527872..108.90959].
2025-05-27 14:08:50,569 - matplotlib.image - WARNING - Clipping input data to the valid range for imshow with RGB data ([0..1] for floats or [0..255] for integers). Got range [-1.5527872..109.00023].
2025-05-27 14:08:50,863 - matplotlib.image - WARNING - Clipping input data to the valid range for imshow with RGB data ([0..1] for floats or [0..255] for integers). Got range [-1.4157891..2.64].
2025-05-27 14:08:50,865 - matplotlib.image - WARNING - Clipping input data to the valid range for imshow with RGB data ([0..1] for floats or [0..255] for integers). Got range [-1.4157891..2.64].
2025-05-27 14:08:50,867 - matplotlib.image - WARNING - Clipping input data to the valid range for imshow with RGB data ([0..1] for floats or [0..255] for integers). Got range [-1.4157891..108.96537].
2025-05-27 14:08:51,032 - matplotlib.image - WARNING - Clipping input data to the valid range for imshow with RGB data ([0..1] for floats or [0..255] for integers). Got range [-1.3986644..2.64].
2025-05-27 14:08:51,033 - matplotlib.image - WARNING - Clipping input data to the valid range for imshow with RGB data ([0..1] for floats or [0..255] for integers). Got range [-1.3986644..2.64].
2025-05-27 14:08:51,036 - matplotlib.image - WARNING - Clipping input data to the valid range for imshow with RGB data ([0..1] for floats or [0..255] for integers). Got range [-1.3986644..109.00023].
2025-05-27 14:08:51,178 - matplotlib.image - WARNING - Clipping input data to the valid range for imshow with RGB data ([0..1] for floats or [0..255] for integers). Got range [-1.3301654..2.64].
2025-05-27 14:08:51,180 - matplotlib.image - WARNING - Clipping input data to the valid range for imshow with RGB data ([0..1] for floats or [0..255] for integers). Got range [-1.3301654..2.64].
2025-05-27 14:08:51,182 - matplotlib.image - WARNING - Clipping input data to the valid range for imshow with RGB data ([0..1] for floats or [0..255] for integers). Got range [-1.3301654..108.97931].
2025-05-27 14:08:51,493 - matplotlib.image - WARNING - Clipping input data to the valid range for imshow with RGB data ([0..1] for floats or [0..255] for integers). Got range [-1.7754089..2.64].
2025-05-27 14:08:51,495 - matplotlib.image - WARNING - Clipping input data to the valid range for imshow with RGB data ([0..1] for floats or [0..255] for integers). Got range [-1.7754089..2.64].
2025-05-27 14:08:51,497 - matplotlib.image - WARNING - Clipping input data to the valid range for imshow with RGB data ([0..1] for floats or [0..255] for integers). Got range [-1.7754089..109.03509].
2025-05-27 14:08:51,642 - matplotlib.image - WARNING - Clipping input data to the valid range for imshow with RGB data ([0..1] for floats or [0..255] for integers). Got range [-1.9295317..2.64].
2025-05-27 14:08:51,644 - matplotlib.image - WARNING - Clipping input data to the valid range for imshow with RGB data ([0..1] for floats or [0..255] for integers). Got range [-1.9295317..2.64].
2025-05-27 14:08:51,646 - matplotlib.image - WARNING - Clipping input data to the valid range for imshow with RGB data ([0..1] for floats or [0..255] for integers). Got range [-1.9295317..109.00023].
2025-05-27 14:08:51,913 - matplotlib.image - WARNING - Clipping input data to the valid range for imshow with RGB data ([0..1] for floats or [0..255] for integers). Got range [-1.9466565..2.64].
2025-05-27 14:08:51,915 - matplotlib.image - WARNING - Clipping input data to the valid range for imshow with RGB data ([0..1] for floats or [0..255] for integers). Got range [-1.9466565..2.64].
2025-05-27 14:08:51,917 - matplotlib.image - WARNING - Clipping input data to the valid range for imshow with RGB data ([0..1] for floats or [0..255] for integers). Got range [-1.9466565..109.02114].
2025-05-27 14:08:52,190 - matplotlib.image - WARNING - Clipping input data to the valid range for imshow with RGB data ([0..1] for floats or [0..255] for integers). Got range [-1.4500387..2.64].
2025-05-27 14:08:52,191 - matplotlib.image - WARNING - Clipping input data to the valid range for imshow with RGB data ([0..1] for floats or [0..255] for integers). Got range [-1.4500387..2.64].
2025-05-27 14:08:52,193 - matplotlib.image - WARNING - Clipping input data to the valid range for imshow with RGB data ([0..1] for floats or [0..255] for integers). Got range [-1.4500387..108.96537].
2025-05-27 14:08:52,338 - matplotlib.image - WARNING - Clipping input data to the valid range for imshow with RGB data ([0..1] for floats or [0..255] for integers). Got range [-1.3815396..2.64].
2025-05-27 14:08:52,340 - matplotlib.image - WARNING - Clipping input data to the valid range for imshow with RGB data ([0..1] for floats or [0..255] for integers). Got range [-1.3815396..2.64].
2025-05-27 14:08:52,343 - matplotlib.image - WARNING - Clipping input data to the valid range for imshow with RGB data ([0..1] for floats or [0..255] for integers). Got range [-1.3815396..108.98628].
2025-05-27 14:08:52,489 - matplotlib.image - WARNING - Clipping input data to the valid range for imshow with RGB data ([0..1] for floats or [0..255] for integers). Got range [-1.3301654..2.64].
2025-05-27 14:08:52,491 - matplotlib.image - WARNING - Clipping input data to the valid range for imshow with RGB data ([0..1] for floats or [0..255] for integers). Got range [-1.3301654..108.89565].
2025-05-27 14:08:52,493 - matplotlib.image - WARNING - Clipping input data to the valid range for imshow with RGB data ([0..1] for floats or [0..255] for integers). Got range [-1.3301654..109.0072].
2025-05-27 14:08:52,742 - matplotlib.image - WARNING - Clipping input data to the valid range for imshow with RGB data ([0..1] for floats or [0..255] for integers). Got range [-1.3130406..2.622571].
2025-05-27 14:08:52,743 - matplotlib.image - WARNING - Clipping input data to the valid range for imshow with RGB data ([0..1] for floats or [0..255] for integers). Got range [-1.3130406..2.622571].
2025-05-27 14:08:52,745 - matplotlib.image - WARNING - Clipping input data to the valid range for imshow with RGB data ([0..1] for floats or [0..255] for integers). Got range [-1.3130406..108.993256].
2025-05-27 14:08:52,903 - matplotlib.image - WARNING - Clipping input data to the valid range for imshow with RGB data ([0..1] for floats or [0..255] for integers). Got range [-1.3130406..2.64].
2025-05-27 14:08:52,905 - matplotlib.image - WARNING - Clipping input data to the valid range for imshow with RGB data ([0..1] for floats or [0..255] for integers). Got range [-1.3130406..2.64].
2025-05-27 14:08:52,907 - matplotlib.image - WARNING - Clipping input data to the valid range for imshow with RGB data ([0..1] for floats or [0..255] for integers). Got range [-1.3130406..109.01417].
2025-05-27 14:08:53,048 - matplotlib.image - WARNING - Clipping input data to the valid range for imshow with RGB data ([0..1] for floats or [0..255] for integers). Got range [-1.2959158..2.64].
2025-05-27 14:08:53,050 - matplotlib.image - WARNING - Clipping input data to the valid range for imshow with RGB data ([0..1] for floats or [0..255] for integers). Got range [-1.2959158..108.85382].
2025-05-27 14:08:53,052 - matplotlib.image - WARNING - Clipping input data to the valid range for imshow with RGB data ([0..1] for floats or [0..255] for integers). Got range [-1.2959158..109.00023].
2025-05-27 14:08:53,298 - matplotlib.image - WARNING - Clipping input data to the valid range for imshow with RGB data ([0..1] for floats or [0..255] for integers). Got range [-1.9637812..2.64].
2025-05-27 14:08:53,300 - matplotlib.image - WARNING - Clipping input data to the valid range for imshow with RGB data ([0..1] for floats or [0..255] for integers). Got range [-1.9637812..109.056].
2025-05-27 14:08:53,303 - matplotlib.image - WARNING - Clipping input data to the valid range for imshow with RGB data ([0..1] for floats or [0..255] for integers). Got range [-1.9637812..109.056].
2025-05-27 14:08:53,448 - matplotlib.image - WARNING - Clipping input data to the valid range for imshow with RGB data ([0..1] for floats or [0..255] for integers). Got range [-1.9295317..2.64].
2025-05-27 14:08:53,450 - matplotlib.image - WARNING - Clipping input data to the valid range for imshow with RGB data ([0..1] for floats or [0..255] for integers). Got range [-1.9295317..109.056].
2025-05-27 14:08:53,453 - matplotlib.image - WARNING - Clipping input data to the valid range for imshow with RGB data ([0..1] for floats or [0..255] for integers). Got range [-1.9295317..109.056].
2025-05-27 14:08:53,587 - matplotlib.image - WARNING - Clipping input data to the valid range for imshow with RGB data ([0..1] for floats or [0..255] for integers). Got range [-1.9637812..2.64].
2025-05-27 14:08:53,589 - matplotlib.image - WARNING - Clipping input data to the valid range for imshow with RGB data ([0..1] for floats or [0..255] for integers). Got range [-1.9637812..109.056].
2025-05-27 14:08:53,591 - matplotlib.image - WARNING - Clipping input data to the valid range for imshow with RGB data ([0..1] for floats or [0..255] for integers). Got range [-1.9637812..109.056].
2025-05-27 14:08:53,826 - matplotlib.image - WARNING - Clipping input data to the valid range for imshow with RGB data ([0..1] for floats or [0..255] for integers). Got range [-2.0494049..2.64].
2025-05-27 14:08:53,828 - matplotlib.image - WARNING - Clipping input data to the valid range for imshow with RGB data ([0..1] for floats or [0..255] for integers). Got range [-2.0494049..109.056].
2025-05-27 14:08:53,830 - matplotlib.image - WARNING - Clipping input data to the valid range for imshow with RGB data ([0..1] for floats or [0..255] for integers). Got range [-2.0494049..109.056].
2025-05-27 14:08:53,986 - matplotlib.image - WARNING - Clipping input data to the valid range for imshow with RGB data ([0..1] for floats or [0..255] for integers). Got range [-2.0322802..2.64].
2025-05-27 14:08:53,988 - matplotlib.image - WARNING - Clipping input data to the valid range for imshow with RGB data ([0..1] for floats or [0..255] for integers). Got range [-2.0322802..109.056].
2025-05-27 14:08:53,991 - matplotlib.image - WARNING - Clipping input data to the valid range for imshow with RGB data ([0..1] for floats or [0..255] for integers). Got range [-2.0322802..109.056].
2025-05-27 14:08:54,240 - matplotlib.image - WARNING - Clipping input data to the valid range for imshow with RGB data ([0..1] for floats or [0..255] for integers). Got range [-2.117904..2.64].
2025-05-27 14:08:54,241 - matplotlib.image - WARNING - Clipping input data to the valid range for imshow with RGB data ([0..1] for floats or [0..255] for integers). Got range [-2.117904..109.056].
2025-05-27 14:08:54,244 - matplotlib.image - WARNING - Clipping input data to the valid range for imshow with RGB data ([0..1] for floats or [0..255] for integers). Got range [-2.117904..109.056].
2025-05-27 14:08:54,483 - matplotlib.image - WARNING - Clipping input data to the valid range for imshow with RGB data ([0..1] for floats or [0..255] for integers). Got range [-2.0494049..2.64].
2025-05-27 14:08:54,484 - matplotlib.image - WARNING - Clipping input data to the valid range for imshow with RGB data ([0..1] for floats or [0..255] for integers). Got range [-2.0494049..109.056].
2025-05-27 14:08:54,487 - matplotlib.image - WARNING - Clipping input data to the valid range for imshow with RGB data ([0..1] for floats or [0..255] for integers). Got range [-2.0494049..109.056].
2025-05-27 14:08:54,634 - matplotlib.image - WARNING - Clipping input data to the valid range for imshow with RGB data ([0..1] for floats or [0..255] for integers). Got range [-2.0494049..2.64].
2025-05-27 14:08:54,636 - matplotlib.image - WARNING - Clipping input data to the valid range for imshow with RGB data ([0..1] for floats or [0..255] for integers). Got range [-2.0494049..109.056].
2025-05-27 14:08:54,638 - matplotlib.image - WARNING - Clipping input data to the valid range for imshow with RGB data ([0..1] for floats or [0..255] for integers). Got range [-2.0494049..109.056].
2025-05-27 14:08:54,772 - matplotlib.image - WARNING - Clipping input data to the valid range for imshow with RGB data ([0..1] for floats or [0..255] for integers). Got range [-2.0494049..2.64].
2025-05-27 14:08:54,773 - matplotlib.image - WARNING - Clipping input data to the valid range for imshow with RGB data ([0..1] for floats or [0..255] for integers). Got range [-2.0494049..109.056].
2025-05-27 14:08:54,776 - matplotlib.image - WARNING - Clipping input data to the valid range for imshow with RGB data ([0..1] for floats or [0..255] for integers). Got range [-2.0494049..109.056].
2025-05-27 14:08:55,008 - matplotlib.image - WARNING - Clipping input data to the valid range for imshow with RGB data ([0..1] for floats or [0..255] for integers). Got range [-2.0151556..2.64].
2025-05-27 14:08:55,010 - matplotlib.image - WARNING - Clipping input data to the valid range for imshow with RGB data ([0..1] for floats or [0..255] for integers). Got range [-2.0151556..109.056].
2025-05-27 14:08:55,013 - matplotlib.image - WARNING - Clipping input data to the valid range for imshow with RGB data ([0..1] for floats or [0..255] for integers). Got range [-2.0151556..109.056].
2025-05-27 14:08:55,156 - matplotlib.image - WARNING - Clipping input data to the valid range for imshow with RGB data ([0..1] for floats or [0..255] for integers). Got range [-1.980906..2.64].
2025-05-27 14:08:55,158 - matplotlib.image - WARNING - Clipping input data to the valid range for imshow with RGB data ([0..1] for floats or [0..255] for integers). Got range [-1.980906..109.056].
2025-05-27 14:08:55,160 - matplotlib.image - WARNING - Clipping input data to the valid range for imshow with RGB data ([0..1] for floats or [0..255] for integers). Got range [-1.980906..109.056].
2025-05-27 14:08:55,300 - matplotlib.image - WARNING - Clipping input data to the valid range for imshow with RGB data ([0..1] for floats or [0..255] for integers). Got range [-2.117904..2.64].
2025-05-27 14:08:55,302 - matplotlib.image - WARNING - Clipping input data to the valid range for imshow with RGB data ([0..1] for floats or [0..255] for integers). Got range [-2.0322802..109.056].
2025-05-27 14:08:55,304 - matplotlib.image - WARNING - Clipping input data to the valid range for imshow with RGB data ([0..1] for floats or [0..255] for integers). Got range [-2.0322802..109.056].
2025-05-27 14:08:55,564 - matplotlib.image - WARNING - Clipping input data to the valid range for imshow with RGB data ([0..1] for floats or [0..255] for integers). Got range [-2.0494049..2.64].
2025-05-27 14:08:55,565 - matplotlib.image - WARNING - Clipping input data to the valid range for imshow with RGB data ([0..1] for floats or [0..255] for integers). Got range [-2.0494049..109.056].
2025-05-27 14:08:55,571 - matplotlib.image - WARNING - Clipping input data to the valid range for imshow with RGB data ([0..1] for floats or [0..255] for integers). Got range [-1.9980307..109.056].
2025-05-27 14:08:55,729 - matplotlib.image - WARNING - Clipping input data to the valid range for imshow with RGB data ([0..1] for floats or [0..255] for integers). Got range [-2.0151556..2.64].
2025-05-27 14:08:55,731 - matplotlib.image - WARNING - Clipping input data to the valid range for imshow with RGB data ([0..1] for floats or [0..255] for integers). Got range [-2.0151556..109.056].
2025-05-27 14:08:55,734 - matplotlib.image - WARNING - Clipping input data to the valid range for imshow with RGB data ([0..1] for floats or [0..255] for integers). Got range [-2.0151556..109.056].
2025-05-27 14:08:55,878 - matplotlib.image - WARNING - Clipping input data to the valid range for imshow with RGB data ([0..1] for floats or [0..255] for integers). Got range [-2.0494049..2.64].
2025-05-27 14:08:55,879 - matplotlib.image - WARNING - Clipping input data to the valid range for imshow with RGB data ([0..1] for floats or [0..255] for integers). Got range [-2.0494049..109.056].
2025-05-27 14:08:55,882 - matplotlib.image - WARNING - Clipping input data to the valid range for imshow with RGB data ([0..1] for floats or [0..255] for integers). Got range [-2.0151556..109.056].
2025-05-27 14:08:56,140 - matplotlib.image - WARNING - Clipping input data to the valid range for imshow with RGB data ([0..1] for floats or [0..255] for integers). Got range [-1.9637812..2.64].
2025-05-27 14:08:56,141 - matplotlib.image - WARNING - Clipping input data to the valid range for imshow with RGB data ([0..1] for floats or [0..255] for integers). Got range [-1.9637812..109.056].
2025-05-27 14:08:56,145 - matplotlib.image - WARNING - Clipping input data to the valid range for imshow with RGB data ([0..1] for floats or [0..255] for integers). Got range [-1.9637812..109.04903].
2025-05-27 14:08:56,287 - matplotlib.image - WARNING - Clipping input data to the valid range for imshow with RGB data ([0..1] for floats or [0..255] for integers). Got range [-1.9980307..2.64].
2025-05-27 14:08:56,288 - matplotlib.image - WARNING - Clipping input data to the valid range for imshow with RGB data ([0..1] for floats or [0..255] for integers). Got range [-1.9980307..109.04903].
2025-05-27 14:08:56,291 - matplotlib.image - WARNING - Clipping input data to the valid range for imshow with RGB data ([0..1] for floats or [0..255] for integers). Got range [-1.9980307..109.04205].
2025-05-27 14:08:56,542 - matplotlib.image - WARNING - Clipping input data to the valid range for imshow with RGB data ([0..1] for floats or [0..255] for integers). Got range [-1.9980307..2.64].
2025-05-27 14:08:56,543 - matplotlib.image - WARNING - Clipping input data to the valid range for imshow with RGB data ([0..1] for floats or [0..255] for integers). Got range [-1.9980307..109.04205].
2025-05-27 14:08:56,546 - matplotlib.image - WARNING - Clipping input data to the valid range for imshow with RGB data ([0..1] for floats or [0..255] for integers). Got range [-1.9980307..109.02114].
2025-05-27 14:08:56,820 - matplotlib.image - WARNING - Clipping input data to the valid range for imshow with RGB data ([0..1] for floats or [0..255] for integers). Got range [-1.8606442..2.4134207].
2025-05-27 14:08:56,821 - matplotlib.image - WARNING - Clipping input data to the valid range for imshow with RGB data ([0..1] for floats or [0..255] for integers). Got range [-1.8606442..108.93051].
2025-05-27 14:08:56,824 - matplotlib.image - WARNING - Clipping input data to the valid range for imshow with RGB data ([0..1] for floats or [0..255] for integers). Got range [-1.8606442..108.693474].
2025-05-27 14:08:56,981 - matplotlib.image - WARNING - Clipping input data to the valid range for imshow with RGB data ([0..1] for floats or [0..255] for integers). Got range [-1.8781512..2.2739873].
2025-05-27 14:08:56,983 - matplotlib.image - WARNING - Clipping input data to the valid range for imshow with RGB data ([0..1] for floats or [0..255] for integers). Got range [-1.8256302..108.902626].
2025-05-27 14:08:56,985 - matplotlib.image - WARNING - Clipping input data to the valid range for imshow with RGB data ([0..1] for floats or [0..255] for integers). Got range [-1.8256302..108.714386].
2025-05-27 14:08:57,132 - matplotlib.image - WARNING - Clipping input data to the valid range for imshow with RGB data ([0..1] for floats or [0..255] for integers). Got range [-1.8606442..2.2489083].
2025-05-27 14:08:57,134 - matplotlib.image - WARNING - Clipping input data to the valid range for imshow with RGB data ([0..1] for floats or [0..255] for integers). Got range [-1.8606442..108.89565].
2025-05-27 14:08:57,137 - matplotlib.image - WARNING - Clipping input data to the valid range for imshow with RGB data ([0..1] for floats or [0..255] for integers). Got range [-1.8606442..108.749245].
2025-05-27 14:08:57,415 - matplotlib.image - WARNING - Clipping input data to the valid range for imshow with RGB data ([0..1] for floats or [0..255] for integers). Got range [-1.9481792..2.5005665].
2025-05-27 14:08:57,416 - matplotlib.image - WARNING - Clipping input data to the valid range for imshow with RGB data ([0..1] for floats or [0..255] for integers). Got range [-1.8781512..108.993256].
2025-05-27 14:08:57,419 - matplotlib.image - WARNING - Clipping input data to the valid range for imshow with RGB data ([0..1] for floats or [0..255] for integers). Got range [-1.8781512..108.72833].
2025-05-27 14:08:57,580 - matplotlib.image - WARNING - Clipping input data to the valid range for imshow with RGB data ([0..1] for floats or [0..255] for integers). Got range [-1.8952821..2.343704].
2025-05-27 14:08:57,581 - matplotlib.image - WARNING - Clipping input data to the valid range for imshow with RGB data ([0..1] for floats or [0..255] for integers). Got range [-1.8431373..108.88868].
2025-05-27 14:08:57,584 - matplotlib.image - WARNING - Clipping input data to the valid range for imshow with RGB data ([0..1] for floats or [0..255] for integers). Got range [-1.7731092..108.770164].
2025-05-27 14:08:57,729 - matplotlib.image - WARNING - Clipping input data to the valid range for imshow with RGB data ([0..1] for floats or [0..255] for integers). Got range [-1.9481792..2.3785625].
2025-05-27 14:08:57,730 - matplotlib.image - WARNING - Clipping input data to the valid range for imshow with RGB data ([0..1] for floats or [0..255] for integers). Got range [-1.9481792..108.88868].
2025-05-27 14:08:57,733 - matplotlib.image - WARNING - Clipping input data to the valid range for imshow with RGB data ([0..1] for floats or [0..255] for integers). Got range [-1.9481792..108.7841].
2025-05-27 14:08:58,025 - matplotlib.image - WARNING - Clipping input data to the valid range for imshow with RGB data ([0..1] for floats or [0..255] for integers). Got range [-1.9831933..2.3611329].
2025-05-27 14:08:58,027 - matplotlib.image - WARNING - Clipping input data to the valid range for imshow with RGB data ([0..1] for floats or [0..255] for integers). Got range [-1.9831933..108.94445].
2025-05-27 14:08:58,030 - matplotlib.image - WARNING - Clipping input data to the valid range for imshow with RGB data ([0..1] for floats or [0..255] for integers). Got range [-1.9831933..108.74227].
2025-05-27 14:08:58,195 - matplotlib.image - WARNING - Clipping input data to the valid range for imshow with RGB data ([0..1] for floats or [0..255] for integers). Got range [-1.9131652..2.2914162].
2025-05-27 14:08:58,196 - matplotlib.image - WARNING - Clipping input data to the valid range for imshow with RGB data ([0..1] for floats or [0..255] for integers). Got range [-1.8781512..108.88868].
2025-05-27 14:08:58,199 - matplotlib.image - WARNING - Clipping input data to the valid range for imshow with RGB data ([0..1] for floats or [0..255] for integers). Got range [-1.9131652..108.74227].
2025-05-27 14:08:58,345 - matplotlib.image - WARNING - Clipping input data to the valid range for imshow with RGB data ([0..1] for floats or [0..255] for integers). Got range [-1.8956583..2.4308496].
2025-05-27 14:08:58,347 - matplotlib.image - WARNING - Clipping input data to the valid range for imshow with RGB data ([0..1] for floats or [0..255] for integers). Got range [-1.6897851..108.84685].
2025-05-27 14:08:58,349 - matplotlib.image - WARNING - Clipping input data to the valid range for imshow with RGB data ([0..1] for floats or [0..255] for integers). Got range [-1.8956583..108.74227].
2025-05-27 14:08:58,649 - matplotlib.image - WARNING - Clipping input data to the valid range for imshow with RGB data ([0..1] for floats or [0..255] for integers). Got range [-1.8606442..2.343704].
2025-05-27 14:08:58,651 - matplotlib.image - WARNING - Clipping input data to the valid range for imshow with RGB data ([0..1] for floats or [0..255] for integers). Got range [-1.8096584..108.937485].
2025-05-27 14:08:58,653 - matplotlib.image - WARNING - Clipping input data to the valid range for imshow with RGB data ([0..1] for floats or [0..255] for integers). Got range [-1.8606442..108.76319].
2025-05-27 14:08:58,819 - matplotlib.image - WARNING - Clipping input data to the valid range for imshow with RGB data ([0..1] for floats or [0..255] for integers). Got range [-1.9131652..2.3959913].
2025-05-27 14:08:58,820 - matplotlib.image - WARNING - Clipping input data to the valid range for imshow with RGB data ([0..1] for floats or [0..255] for integers). Got range [-1.8081232..108.9584].
2025-05-27 14:08:58,823 - matplotlib.image - WARNING - Clipping input data to the valid range for imshow with RGB data ([0..1] for floats or [0..255] for integers). Got range [-1.8431373..108.75622].
2025-05-27 14:08:59,089 - matplotlib.image - WARNING - Clipping input data to the valid range for imshow with RGB data ([0..1] for floats or [0..255] for integers). Got range [-1.9306722..2.5702832].
2025-05-27 14:08:59,091 - matplotlib.image - WARNING - Clipping input data to the valid range for imshow with RGB data ([0..1] for floats or [0..255] for integers). Got range [-1.8781512..109.028114].
2025-05-27 14:08:59,094 - matplotlib.image - WARNING - Clipping input data to the valid range for imshow with RGB data ([0..1] for floats or [0..255] for integers). Got range [-1.9306722..108.72136].
2025-05-27 14:08:59,387 - matplotlib.image - WARNING - Clipping input data to the valid range for imshow with RGB data ([0..1] for floats or [0..255] for integers). Got range [-1.9306722..2.5179958].
2025-05-27 14:08:59,389 - matplotlib.image - WARNING - Clipping input data to the valid range for imshow with RGB data ([0..1] for floats or [0..255] for integers). Got range [-1.8781512..108.90959].
2025-05-27 14:08:59,391 - matplotlib.image - WARNING - Clipping input data to the valid range for imshow with RGB data ([0..1] for floats or [0..255] for integers). Got range [-1.9306722..108.67953].
2025-05-27 14:08:59,539 - matplotlib.image - WARNING - Clipping input data to the valid range for imshow with RGB data ([0..1] for floats or [0..255] for integers). Got range [-1.8956583..2.4308496].
2025-05-27 14:08:59,541 - matplotlib.image - WARNING - Clipping input data to the valid range for imshow with RGB data ([0..1] for floats or [0..255] for integers). Got range [-1.8956583..108.902626].
2025-05-27 14:08:59,544 - matplotlib.image - WARNING - Clipping input data to the valid range for imshow with RGB data ([0..1] for floats or [0..255] for integers). Got range [-1.8956583..108.770164].
2025-05-27 14:08:59,694 - matplotlib.image - WARNING - Clipping input data to the valid range for imshow with RGB data ([0..1] for floats or [0..255] for integers). Got range [-1.8952821..2.535425].
2025-05-27 14:08:59,695 - matplotlib.image - WARNING - Clipping input data to the valid range for imshow with RGB data ([0..1] for floats or [0..255] for integers). Got range [-1.8081232..108.90959].
2025-05-27 14:08:59,698 - matplotlib.image - WARNING - Clipping input data to the valid range for imshow with RGB data ([0..1] for floats or [0..255] for integers). Got range [-1.8781512..108.7841].
2025-05-27 14:08:59,958 - matplotlib.image - WARNING - Clipping input data to the valid range for imshow with RGB data ([0..1] for floats or [0..255] for integers). Got range [-1.9131652..2.4482791].
2025-05-27 14:08:59,960 - matplotlib.image - WARNING - Clipping input data to the valid range for imshow with RGB data ([0..1] for floats or [0..255] for integers). Got range [-1.8431373..108.916565].
2025-05-27 14:08:59,962 - matplotlib.image - WARNING - Clipping input data to the valid range for imshow with RGB data ([0..1] for floats or [0..255] for integers). Got range [-1.9131652..108.70741].
2025-05-27 14:09:00,113 - matplotlib.image - WARNING - Clipping input data to the valid range for imshow with RGB data ([0..1] for floats or [0..255] for integers). Got range [-1.9306722..2.4831376].
2025-05-27 14:09:00,114 - matplotlib.image - WARNING - Clipping input data to the valid range for imshow with RGB data ([0..1] for floats or [0..255] for integers). Got range [-1.8256302..108.937485].
2025-05-27 14:09:00,117 - matplotlib.image - WARNING - Clipping input data to the valid range for imshow with RGB data ([0..1] for floats or [0..255] for integers). Got range [-1.9131652..108.693474].
2025-05-27 14:09:00,260 - matplotlib.image - WARNING - Clipping input data to the valid range for imshow with RGB data ([0..1] for floats or [0..255] for integers). Got range [-1.8956583..2.3959913].
2025-05-27 14:09:00,261 - matplotlib.image - WARNING - Clipping input data to the valid range for imshow with RGB data ([0..1] for floats or [0..255] for integers). Got range [-1.8606442..108.92354].
2025-05-27 14:09:00,264 - matplotlib.image - WARNING - Clipping input data to the valid range for imshow with RGB data ([0..1] for floats or [0..255] for integers). Got range [-1.8956583..108.735306].
2025-05-27 14:09:00,522 - matplotlib.image - WARNING - Clipping input data to the valid range for imshow with RGB data ([0..1] for floats or [0..255] for integers). Got range [-1.9131652..2.4134207].
2025-05-27 14:09:00,524 - matplotlib.image - WARNING - Clipping input data to the valid range for imshow with RGB data ([0..1] for floats or [0..255] for integers). Got range [-1.9131652..108.95142].
2025-05-27 14:09:00,527 - matplotlib.image - WARNING - Clipping input data to the valid range for imshow with RGB data ([0..1] for floats or [0..255] for integers). Got range [-1.9131652..108.749245].
2025-05-27 14:09:00,691 - matplotlib.image - WARNING - Clipping input data to the valid range for imshow with RGB data ([0..1] for floats or [0..255] for integers). Got range [-1.8956583..2.3785625].
2025-05-27 14:09:00,693 - matplotlib.image - WARNING - Clipping input data to the valid range for imshow with RGB data ([0..1] for floats or [0..255] for integers). Got range [-1.8956583..108.95142].
2025-05-27 14:09:00,696 - matplotlib.image - WARNING - Clipping input data to the valid range for imshow with RGB data ([0..1] for floats or [0..255] for integers). Got range [-1.8956583..108.749245].
2025-05-27 14:09:00,839 - matplotlib.image - WARNING - Clipping input data to the valid range for imshow with RGB data ([0..1] for floats or [0..255] for integers). Got range [-1.9131652..2.3959913].
2025-05-27 14:09:00,841 - matplotlib.image - WARNING - Clipping input data to the valid range for imshow with RGB data ([0..1] for floats or [0..255] for integers). Got range [-1.8256302..108.9584].
2025-05-27 14:09:00,844 - matplotlib.image - WARNING - Clipping input data to the valid range for imshow with RGB data ([0..1] for floats or [0..255] for integers). Got range [-1.9131652..108.770164].
2025-05-27 14:09:01,084 - matplotlib.image - WARNING - Clipping input data to the valid range for imshow with RGB data ([0..1] for floats or [0..255] for integers). Got range [-1.8781512..2.4831376].
2025-05-27 14:09:01,085 - matplotlib.image - WARNING - Clipping input data to the valid range for imshow with RGB data ([0..1] for floats or [0..255] for integers). Got range [-1.8256302..108.96537].
2025-05-27 14:09:01,088 - matplotlib.image - WARNING - Clipping input data to the valid range for imshow with RGB data ([0..1] for floats or [0..255] for integers). Got range [-1.8781512..108.75622].
2025-05-27 14:09:01,237 - matplotlib.image - WARNING - Clipping input data to the valid range for imshow with RGB data ([0..1] for floats or [0..255] for integers). Got range [-1.8956583..2.4134207].
2025-05-27 14:09:01,239 - matplotlib.image - WARNING - Clipping input data to the valid range for imshow with RGB data ([0..1] for floats or [0..255] for integers). Got range [-1.8256302..108.93051].
2025-05-27 14:09:01,242 - matplotlib.image - WARNING - Clipping input data to the valid range for imshow with RGB data ([0..1] for floats or [0..255] for integers). Got range [-1.8956583..108.735306].
2025-05-27 14:09:01,503 - matplotlib.image - WARNING - Clipping input data to the valid range for imshow with RGB data ([0..1] for floats or [0..255] for integers). Got range [-1.9656862..2.3611329].
2025-05-27 14:09:01,506 - matplotlib.image - WARNING - Clipping input data to the valid range for imshow with RGB data ([0..1] for floats or [0..255] for integers). Got range [-1.8431373..108.94445].
2025-05-27 14:09:01,508 - matplotlib.image - WARNING - Clipping input data to the valid range for imshow with RGB data ([0..1] for floats or [0..255] for integers). Got range [-1.9656862..108.72136].
2025-05-27 14:09:01,747 - matplotlib.image - WARNING - Clipping input data to the valid range for imshow with RGB data ([0..1] for floats or [0..255] for integers). Got range [-1.9481792..2.4308496].
2025-05-27 14:09:01,749 - matplotlib.image - WARNING - Clipping input data to the valid range for imshow with RGB data ([0..1] for floats or [0..255] for integers). Got range [-1.9481792..108.97234].
2025-05-27 14:09:01,752 - matplotlib.image - WARNING - Clipping input data to the valid range for imshow with RGB data ([0..1] for floats or [0..255] for integers). Got range [-1.9481792..108.735306].
2025-05-27 14:09:01,900 - matplotlib.image - WARNING - Clipping input data to the valid range for imshow with RGB data ([0..1] for floats or [0..255] for integers). Got range [-1.9481792..2.4134207].
2025-05-27 14:09:01,902 - matplotlib.image - WARNING - Clipping input data to the valid range for imshow with RGB data ([0..1] for floats or [0..255] for integers). Got range [-1.9306722..108.96537].
2025-05-27 14:09:01,905 - matplotlib.image - WARNING - Clipping input data to the valid range for imshow with RGB data ([0..1] for floats or [0..255] for integers). Got range [-1.9481792..108.75622].
2025-05-27 14:09:02,047 - matplotlib.image - WARNING - Clipping input data to the valid range for imshow with RGB data ([0..1] for floats or [0..255] for integers). Got range [-1.9656862..2.4482791].
2025-05-27 14:09:02,049 - matplotlib.image - WARNING - Clipping input data to the valid range for imshow with RGB data ([0..1] for floats or [0..255] for integers). Got range [-1.9656862..108.95142].
2025-05-27 14:09:02,051 - matplotlib.image - WARNING - Clipping input data to the valid range for imshow with RGB data ([0..1] for floats or [0..255] for integers). Got range [-1.9656862..108.74227].
2025-05-27 14:09:02,317 - matplotlib.image - WARNING - Clipping input data to the valid range for imshow with RGB data ([0..1] for floats or [0..255] for integers). Got range [-1.9481792..2.343704].
2025-05-27 14:09:02,319 - matplotlib.image - WARNING - Clipping input data to the valid range for imshow with RGB data ([0..1] for floats or [0..255] for integers). Got range [-1.9481792..108.937485].
2025-05-27 14:09:02,322 - matplotlib.image - WARNING - Clipping input data to the valid range for imshow with RGB data ([0..1] for floats or [0..255] for integers). Got range [-1.9481792..108.74227].
2025-05-27 14:09:02,487 - matplotlib.image - WARNING - Clipping input data to the valid range for imshow with RGB data ([0..1] for floats or [0..255] for integers). Got range [-1.9306722..2.4134207].
2025-05-27 14:09:02,488 - matplotlib.image - WARNING - Clipping input data to the valid range for imshow with RGB data ([0..1] for floats or [0..255] for integers). Got range [-1.9306722..108.96537].
2025-05-27 14:09:02,491 - matplotlib.image - WARNING - Clipping input data to the valid range for imshow with RGB data ([0..1] for floats or [0..255] for integers). Got range [-1.9306722..108.7841].
2025-05-27 14:09:02,637 - matplotlib.image - WARNING - Clipping input data to the valid range for imshow with RGB data ([0..1] for floats or [0..255] for integers). Got range [-1.9306722..2.4134207].
2025-05-27 14:09:02,638 - matplotlib.image - WARNING - Clipping input data to the valid range for imshow with RGB data ([0..1] for floats or [0..255] for integers). Got range [-1.9306722..108.96537].
2025-05-27 14:09:02,641 - matplotlib.image - WARNING - Clipping input data to the valid range for imshow with RGB data ([0..1] for floats or [0..255] for integers). Got range [-1.9306722..108.749245].
2025-05-27 14:09:02,901 - matplotlib.image - WARNING - Clipping input data to the valid range for imshow with RGB data ([0..1] for floats or [0..255] for integers). Got range [-1.9481792..2.3611329].
2025-05-27 14:09:02,902 - matplotlib.image - WARNING - Clipping input data to the valid range for imshow with RGB data ([0..1] for floats or [0..255] for integers). Got range [-1.9131652..108.94445].
2025-05-27 14:09:02,905 - matplotlib.image - WARNING - Clipping input data to the valid range for imshow with RGB data ([0..1] for floats or [0..255] for integers). Got range [-1.9481792..108.81896].
2025-05-27 14:09:03,063 - matplotlib.image - WARNING - Clipping input data to the valid range for imshow with RGB data ([0..1] for floats or [0..255] for integers). Got range [-1.9306722..2.465708].
2025-05-27 14:09:03,065 - matplotlib.image - WARNING - Clipping input data to the valid range for imshow with RGB data ([0..1] for floats or [0..255] for integers). Got range [-1.8956583..108.98628].
2025-05-27 14:09:03,068 - matplotlib.image - WARNING - Clipping input data to the valid range for imshow with RGB data ([0..1] for floats or [0..255] for integers). Got range [-1.9306722..108.81896].
2025-05-27 14:09:03,210 - matplotlib.image - WARNING - Clipping input data to the valid range for imshow with RGB data ([0..1] for floats or [0..255] for integers). Got range [-1.9131652..2.4482791].
2025-05-27 14:09:03,211 - matplotlib.image - WARNING - Clipping input data to the valid range for imshow with RGB data ([0..1] for floats or [0..255] for integers). Got range [-1.8606442..108.94445].
2025-05-27 14:09:03,214 - matplotlib.image - WARNING - Clipping input data to the valid range for imshow with RGB data ([0..1] for floats or [0..255] for integers). Got range [-1.9131652..108.749245].
2025-05-27 14:09:03,489 - matplotlib.image - WARNING - Clipping input data to the valid range for imshow with RGB data ([0..1] for floats or [0..255] for integers). Got range [-2.117904..2.64].
2025-05-27 14:09:03,491 - matplotlib.image - WARNING - Clipping input data to the valid range for imshow with RGB data ([0..1] for floats or [0..255] for integers). Got range [-2.117904..109.056].
2025-05-27 14:09:03,495 - matplotlib.image - WARNING - Clipping input data to the valid range for imshow with RGB data ([0..1] for floats or [0..255] for integers). Got range [-2.117904..153.87216].
2025-05-27 14:09:03,649 - matplotlib.image - WARNING - Clipping input data to the valid range for imshow with RGB data ([0..1] for floats or [0..255] for integers). Got range [-2.117904..2.64].
2025-05-27 14:09:03,652 - matplotlib.image - WARNING - Clipping input data to the valid range for imshow with RGB data ([0..1] for floats or [0..255] for integers). Got range [-2.117904..109.056].
2025-05-27 14:09:03,655 - matplotlib.image - WARNING - Clipping input data to the valid range for imshow with RGB data ([0..1] for floats or [0..255] for integers). Got range [-2.117904..153.89272].
2025-05-27 14:09:03,912 - matplotlib.image - WARNING - Clipping input data to the valid range for imshow with RGB data ([0..1] for floats or [0..255] for integers). Got range [-2.117904..2.64].
2025-05-27 14:09:03,914 - matplotlib.image - WARNING - Clipping input data to the valid range for imshow with RGB data ([0..1] for floats or [0..255] for integers). Got range [-2.117904..109.056].
2025-05-27 14:09:03,918 - matplotlib.image - WARNING - Clipping input data to the valid range for imshow with RGB data ([0..1] for floats or [0..255] for integers). Got range [-2.117904..153.86531].
2025-05-27 14:09:04,199 - matplotlib.image - WARNING - Clipping input data to the valid range for imshow with RGB data ([0..1] for floats or [0..255] for integers). Got range [-2.117904..2.64].
2025-05-27 14:09:04,202 - matplotlib.image - WARNING - Clipping input data to the valid range for imshow with RGB data ([0..1] for floats or [0..255] for integers). Got range [-2.117904..109.056].
2025-05-27 14:09:04,205 - matplotlib.image - WARNING - Clipping input data to the valid range for imshow with RGB data ([0..1] for floats or [0..255] for integers). Got range [-2.117904..153.89272].
2025-05-27 14:09:04,355 - matplotlib.image - WARNING - Clipping input data to the valid range for imshow with RGB data ([0..1] for floats or [0..255] for integers). Got range [-2.117904..2.64].
2025-05-27 14:09:04,358 - matplotlib.image - WARNING - Clipping input data to the valid range for imshow with RGB data ([0..1] for floats or [0..255] for integers). Got range [-2.117904..109.056].
2025-05-27 14:09:04,362 - matplotlib.image - WARNING - Clipping input data to the valid range for imshow with RGB data ([0..1] for floats or [0..255] for integers). Got range [-2.117904..153.88586].
2025-05-27 14:09:04,504 - matplotlib.image - WARNING - Clipping input data to the valid range for imshow with RGB data ([0..1] for floats or [0..255] for integers). Got range [-2.117904..2.64].
2025-05-27 14:09:04,506 - matplotlib.image - WARNING - Clipping input data to the valid range for imshow with RGB data ([0..1] for floats or [0..255] for integers). Got range [-2.117904..109.056].
2025-05-27 14:09:04,510 - matplotlib.image - WARNING - Clipping input data to the valid range for imshow with RGB data ([0..1] for floats or [0..255] for integers). Got range [-2.117904..153.88586].
2025-05-27 14:09:04,795 - matplotlib.image - WARNING - Clipping input data to the valid range for imshow with RGB data ([0..1] for floats or [0..255] for integers). Got range [-2.117904..2.64].
2025-05-27 14:09:04,798 - matplotlib.image - WARNING - Clipping input data to the valid range for imshow with RGB data ([0..1] for floats or [0..255] for integers). Got range [-2.117904..109.056].
2025-05-27 14:09:04,801 - matplotlib.image - WARNING - Clipping input data to the valid range for imshow with RGB data ([0..1] for floats or [0..255] for integers). Got range [-2.117904..153.87901].
2025-05-27 14:09:04,963 - matplotlib.image - WARNING - Clipping input data to the valid range for imshow with RGB data ([0..1] for floats or [0..255] for integers). Got range [-2.117904..2.64].
2025-05-27 14:09:04,966 - matplotlib.image - WARNING - Clipping input data to the valid range for imshow with RGB data ([0..1] for floats or [0..255] for integers). Got range [-2.117904..109.056].
2025-05-27 14:09:04,969 - matplotlib.image - WARNING - Clipping input data to the valid range for imshow with RGB data ([0..1] for floats or [0..255] for integers). Got range [-2.117904..153.86531].
2025-05-27 14:09:05,112 - matplotlib.image - WARNING - Clipping input data to the valid range for imshow with RGB data ([0..1] for floats or [0..255] for integers). Got range [-2.117904..2.64].
2025-05-27 14:09:05,115 - matplotlib.image - WARNING - Clipping input data to the valid range for imshow with RGB data ([0..1] for floats or [0..255] for integers). Got range [-2.117904..109.056].
2025-05-27 14:09:05,118 - matplotlib.image - WARNING - Clipping input data to the valid range for imshow with RGB data ([0..1] for floats or [0..255] for integers). Got range [-2.117904..153.87216].
2025-05-27 14:09:05,381 - matplotlib.image - WARNING - Clipping input data to the valid range for imshow with RGB data ([0..1] for floats or [0..255] for integers). Got range [-2.117904..2.64].
2025-05-27 14:09:05,383 - matplotlib.image - WARNING - Clipping input data to the valid range for imshow with RGB data ([0..1] for floats or [0..255] for integers). Got range [-2.117904..109.056].
2025-05-27 14:09:05,387 - matplotlib.image - WARNING - Clipping input data to the valid range for imshow with RGB data ([0..1] for floats or [0..255] for integers). Got range [-2.117904..153.83107].
2025-05-27 14:09:05,542 - matplotlib.image - WARNING - Clipping input data to the valid range for imshow with RGB data ([0..1] for floats or [0..255] for integers). Got range [-2.117904..2.64].
2025-05-27 14:09:05,544 - matplotlib.image - WARNING - Clipping input data to the valid range for imshow with RGB data ([0..1] for floats or [0..255] for integers). Got range [-2.117904..109.056].
2025-05-27 14:09:05,548 - matplotlib.image - WARNING - Clipping input data to the valid range for imshow with RGB data ([0..1] for floats or [0..255] for integers). Got range [-2.117904..153.83792].
2025-05-27 14:09:05,698 - matplotlib.image - WARNING - Clipping input data to the valid range for imshow with RGB data ([0..1] for floats or [0..255] for integers). Got range [-2.117904..2.64].
2025-05-27 14:09:05,700 - matplotlib.image - WARNING - Clipping input data to the valid range for imshow with RGB data ([0..1] for floats or [0..255] for integers). Got range [-2.117904..109.056].
2025-05-27 14:09:05,703 - matplotlib.image - WARNING - Clipping input data to the valid range for imshow with RGB data ([0..1] for floats or [0..255] for integers). Got range [-2.117904..153.83792].
2025-05-27 14:09:05,962 - matplotlib.image - WARNING - Clipping input data to the valid range for imshow with RGB data ([0..1] for floats or [0..255] for integers). Got range [-2.117904..2.64].
2025-05-27 14:09:05,964 - matplotlib.image - WARNING - Clipping input data to the valid range for imshow with RGB data ([0..1] for floats or [0..255] for integers). Got range [-2.117904..109.056].
2025-05-27 14:09:05,967 - matplotlib.image - WARNING - Clipping input data to the valid range for imshow with RGB data ([0..1] for floats or [0..255] for integers). Got range [-2.117904..153.59818].
2025-05-27 14:09:06,248 - matplotlib.image - WARNING - Clipping input data to the valid range for imshow with RGB data ([0..1] for floats or [0..255] for integers). Got range [-2.117904..2.64].
2025-05-27 14:09:06,251 - matplotlib.image - WARNING - Clipping input data to the valid range for imshow with RGB data ([0..1] for floats or [0..255] for integers). Got range [-2.117904..109.056].
2025-05-27 14:09:06,254 - matplotlib.image - WARNING - Clipping input data to the valid range for imshow with RGB data ([0..1] for floats or [0..255] for integers). Got range [-2.117904..153.62556].
2025-05-27 14:09:06,404 - matplotlib.image - WARNING - Clipping input data to the valid range for imshow with RGB data ([0..1] for floats or [0..255] for integers). Got range [-2.117904..2.64].
2025-05-27 14:09:06,406 - matplotlib.image - WARNING - Clipping input data to the valid range for imshow with RGB data ([0..1] for floats or [0..255] for integers). Got range [-2.117904..109.056].
2025-05-27 14:09:06,409 - matplotlib.image - WARNING - Clipping input data to the valid range for imshow with RGB data ([0..1] for floats or [0..255] for integers). Got range [-2.117904..153.52966].
2025-05-27 14:09:06,670 - matplotlib.image - WARNING - Clipping input data to the valid range for imshow with RGB data ([0..1] for floats or [0..255] for integers). Got range [-2.117904..2.64].
2025-05-27 14:09:06,672 - matplotlib.image - WARNING - Clipping input data to the valid range for imshow with RGB data ([0..1] for floats or [0..255] for integers). Got range [-2.117904..109.056].
2025-05-27 14:09:06,676 - matplotlib.image - WARNING - Clipping input data to the valid range for imshow with RGB data ([0..1] for floats or [0..255] for integers). Got range [-2.117904..153.73517].
2025-05-27 14:09:06,829 - matplotlib.image - WARNING - Clipping input data to the valid range for imshow with RGB data ([0..1] for floats or [0..255] for integers). Got range [-2.117904..2.64].
2025-05-27 14:09:06,832 - matplotlib.image - WARNING - Clipping input data to the valid range for imshow with RGB data ([0..1] for floats or [0..255] for integers). Got range [-2.117904..109.056].
2025-05-27 14:09:06,835 - matplotlib.image - WARNING - Clipping input data to the valid range for imshow with RGB data ([0..1] for floats or [0..255] for integers). Got range [-2.117904..153.80367].
2025-05-27 14:09:06,984 - matplotlib.image - WARNING - Clipping input data to the valid range for imshow with RGB data ([0..1] for floats or [0..255] for integers). Got range [-2.117904..2.64].
2025-05-27 14:09:06,986 - matplotlib.image - WARNING - Clipping input data to the valid range for imshow with RGB data ([0..1] for floats or [0..255] for integers). Got range [-2.117904..109.056].
2025-05-27 14:09:06,989 - matplotlib.image - WARNING - Clipping input data to the valid range for imshow with RGB data ([0..1] for floats or [0..255] for integers). Got range [-2.117904..153.84476].
2025-05-27 14:09:07,229 - matplotlib.image - WARNING - Clipping input data to the valid range for imshow with RGB data ([0..1] for floats or [0..255] for integers). Got range [-2.117904..2.64].
2025-05-27 14:09:07,232 - matplotlib.image - WARNING - Clipping input data to the valid range for imshow with RGB data ([0..1] for floats or [0..255] for integers). Got range [-2.117904..109.056].
2025-05-27 14:09:07,235 - matplotlib.image - WARNING - Clipping input data to the valid range for imshow with RGB data ([0..1] for floats or [0..255] for integers). Got range [-2.117904..153.89272].
2025-05-27 14:09:07,391 - matplotlib.image - WARNING - Clipping input data to the valid range for imshow with RGB data ([0..1] for floats or [0..255] for integers). Got range [-2.117904..2.64].
2025-05-27 14:09:07,394 - matplotlib.image - WARNING - Clipping input data to the valid range for imshow with RGB data ([0..1] for floats or [0..255] for integers). Got range [-2.117904..109.056].
2025-05-27 14:09:07,397 - matplotlib.image - WARNING - Clipping input data to the valid range for imshow with RGB data ([0..1] for floats or [0..255] for integers). Got range [-2.117904..153.88586].
2025-05-27 14:09:07,541 - matplotlib.image - WARNING - Clipping input data to the valid range for imshow with RGB data ([0..1] for floats or [0..255] for integers). Got range [-2.117904..2.64].
2025-05-27 14:09:07,544 - matplotlib.image - WARNING - Clipping input data to the valid range for imshow with RGB data ([0..1] for floats or [0..255] for integers). Got range [-2.117904..109.056].
2025-05-27 14:09:07,547 - matplotlib.image - WARNING - Clipping input data to the valid range for imshow with RGB data ([0..1] for floats or [0..255] for integers). Got range [-2.117904..153.89957].
2025-05-27 14:09:07,789 - matplotlib.image - WARNING - Clipping input data to the valid range for imshow with RGB data ([0..1] for floats or [0..255] for integers). Got range [-2.117904..2.64].
2025-05-27 14:09:07,792 - matplotlib.image - WARNING - Clipping input data to the valid range for imshow with RGB data ([0..1] for floats or [0..255] for integers). Got range [-2.117904..109.056].
2025-05-27 14:09:07,795 - matplotlib.image - WARNING - Clipping input data to the valid range for imshow with RGB data ([0..1] for floats or [0..255] for integers). Got range [-2.117904..153.82422].
2025-05-27 14:09:07,952 - matplotlib.image - WARNING - Clipping input data to the valid range for imshow with RGB data ([0..1] for floats or [0..255] for integers). Got range [-2.117904..2.64].
2025-05-27 14:09:07,955 - matplotlib.image - WARNING - Clipping input data to the valid range for imshow with RGB data ([0..1] for floats or [0..255] for integers). Got range [-2.117904..109.056].
2025-05-27 14:09:07,958 - matplotlib.image - WARNING - Clipping input data to the valid range for imshow with RGB data ([0..1] for floats or [0..255] for integers). Got range [-2.117904..153.82422].
2025-05-27 14:09:08,099 - matplotlib.image - WARNING - Clipping input data to the valid range for imshow with RGB data ([0..1] for floats or [0..255] for integers). Got range [-2.117904..2.64].
2025-05-27 14:09:08,101 - matplotlib.image - WARNING - Clipping input data to the valid range for imshow with RGB data ([0..1] for floats or [0..255] for integers). Got range [-2.117904..109.056].
2025-05-27 14:09:08,105 - matplotlib.image - WARNING - Clipping input data to the valid range for imshow with RGB data ([0..1] for floats or [0..255] for integers). Got range [-2.117904..153.78996].
2025-05-27 14:09:08,351 - matplotlib.image - WARNING - Clipping input data to the valid range for imshow with RGB data ([0..1] for floats or [0..255] for integers). Got range [-2.117904..2.64].
2025-05-27 14:09:08,354 - matplotlib.image - WARNING - Clipping input data to the valid range for imshow with RGB data ([0..1] for floats or [0..255] for integers). Got range [-2.117904..109.056].
2025-05-27 14:09:08,357 - matplotlib.image - WARNING - Clipping input data to the valid range for imshow with RGB data ([0..1] for floats or [0..255] for integers). Got range [-2.117904..153.83107].
2025-05-27 14:09:08,669 - matplotlib.image - WARNING - Clipping input data to the valid range for imshow with RGB data ([0..1] for floats or [0..255] for integers). Got range [-2.117904..2.64].
2025-05-27 14:09:08,672 - matplotlib.image - WARNING - Clipping input data to the valid range for imshow with RGB data ([0..1] for floats or [0..255] for integers). Got range [-2.117904..109.056].
2025-05-27 14:09:08,675 - matplotlib.image - WARNING - Clipping input data to the valid range for imshow with RGB data ([0..1] for floats or [0..255] for integers). Got range [-2.117904..153.81052].
2025-05-27 14:09:08,829 - matplotlib.image - WARNING - Clipping input data to the valid range for imshow with RGB data ([0..1] for floats or [0..255] for integers). Got range [-2.117904..2.64].
2025-05-27 14:09:08,831 - matplotlib.image - WARNING - Clipping input data to the valid range for imshow with RGB data ([0..1] for floats or [0..255] for integers). Got range [-2.117904..109.056].
2025-05-27 14:09:08,834 - matplotlib.image - WARNING - Clipping input data to the valid range for imshow with RGB data ([0..1] for floats or [0..255] for integers). Got range [-2.117904..153.81737].
2025-05-27 14:09:09,078 - matplotlib.image - WARNING - Clipping input data to the valid range for imshow with RGB data ([0..1] for floats or [0..255] for integers). Got range [-2.117904..2.64].
2025-05-27 14:09:09,080 - matplotlib.image - WARNING - Clipping input data to the valid range for imshow with RGB data ([0..1] for floats or [0..255] for integers). Got range [-2.117904..109.056].
2025-05-27 14:09:09,084 - matplotlib.image - WARNING - Clipping input data to the valid range for imshow with RGB data ([0..1] for floats or [0..255] for integers). Got range [-2.117904..153.72832].
2025-05-27 14:09:09,233 - matplotlib.image - WARNING - Clipping input data to the valid range for imshow with RGB data ([0..1] for floats or [0..255] for integers). Got range [-2.117904..2.64].
2025-05-27 14:09:09,236 - matplotlib.image - WARNING - Clipping input data to the valid range for imshow with RGB data ([0..1] for floats or [0..255] for integers). Got range [-2.117904..109.056].
2025-05-27 14:09:09,239 - matplotlib.image - WARNING - Clipping input data to the valid range for imshow with RGB data ([0..1] for floats or [0..255] for integers). Got range [-2.117904..153.68721].
2025-05-27 14:09:09,382 - matplotlib.image - WARNING - Clipping input data to the valid range for imshow with RGB data ([0..1] for floats or [0..255] for integers). Got range [-2.117904..2.64].
2025-05-27 14:09:09,385 - matplotlib.image - WARNING - Clipping input data to the valid range for imshow with RGB data ([0..1] for floats or [0..255] for integers). Got range [-2.117904..109.056].
2025-05-27 14:09:09,388 - matplotlib.image - WARNING - Clipping input data to the valid range for imshow with RGB data ([0..1] for floats or [0..255] for integers). Got range [-2.117904..153.71461].
2025-05-27 14:09:09,655 - matplotlib.image - WARNING - Clipping input data to the valid range for imshow with RGB data ([0..1] for floats or [0..255] for integers). Got range [-2.0322802..2.64].
2025-05-27 14:09:09,657 - matplotlib.image - WARNING - Clipping input data to the valid range for imshow with RGB data ([0..1] for floats or [0..255] for integers). Got range [-2.0322802..109.056].
2025-05-27 14:09:09,660 - matplotlib.image - WARNING - Clipping input data to the valid range for imshow with RGB data ([0..1] for floats or [0..255] for integers). Got range [-2.0322802..140.256].
2025-05-27 14:09:09,797 - matplotlib.image - WARNING - Clipping input data to the valid range for imshow with RGB data ([0..1] for floats or [0..255] for integers). Got range [-2.0665298..2.64].
2025-05-27 14:09:09,799 - matplotlib.image - WARNING - Clipping input data to the valid range for imshow with RGB data ([0..1] for floats or [0..255] for integers). Got range [-2.0665298..109.056].
2025-05-27 14:09:09,802 - matplotlib.image - WARNING - Clipping input data to the valid range for imshow with RGB data ([0..1] for floats or [0..255] for integers). Got range [-2.0665298..140.256].
2025-05-27 14:09:09,940 - matplotlib.image - WARNING - Clipping input data to the valid range for imshow with RGB data ([0..1] for floats or [0..255] for integers). Got range [-2.0836544..2.64].
2025-05-27 14:09:09,942 - matplotlib.image - WARNING - Clipping input data to the valid range for imshow with RGB data ([0..1] for floats or [0..255] for integers). Got range [-2.0494049..109.056].
2025-05-27 14:09:09,945 - matplotlib.image - WARNING - Clipping input data to the valid range for imshow with RGB data ([0..1] for floats or [0..255] for integers). Got range [-2.0494049..140.256].
2025-05-27 14:09:10,239 - matplotlib.image - WARNING - Clipping input data to the valid range for imshow with RGB data ([0..1] for floats or [0..255] for integers). Got range [-2.0665298..2.64].
2025-05-27 14:09:10,241 - matplotlib.image - WARNING - Clipping input data to the valid range for imshow with RGB data ([0..1] for floats or [0..255] for integers). Got range [-2.0494049..109.056].
2025-05-27 14:09:10,244 - matplotlib.image - WARNING - Clipping input data to the valid range for imshow with RGB data ([0..1] for floats or [0..255] for integers). Got range [-2.0494049..140.256].
2025-05-27 14:09:10,386 - matplotlib.image - WARNING - Clipping input data to the valid range for imshow with RGB data ([0..1] for floats or [0..255] for integers). Got range [-2.0665298..2.64].
2025-05-27 14:09:10,387 - matplotlib.image - WARNING - Clipping input data to the valid range for imshow with RGB data ([0..1] for floats or [0..255] for integers). Got range [-2.0665298..109.056].
2025-05-27 14:09:10,390 - matplotlib.image - WARNING - Clipping input data to the valid range for imshow with RGB data ([0..1] for floats or [0..255] for integers). Got range [-2.0665298..140.256].
2025-05-27 14:09:10,530 - matplotlib.image - WARNING - Clipping input data to the valid range for imshow with RGB data ([0..1] for floats or [0..255] for integers). Got range [-2.0665298..2.64].
2025-05-27 14:09:10,531 - matplotlib.image - WARNING - Clipping input data to the valid range for imshow with RGB data ([0..1] for floats or [0..255] for integers). Got range [-2.0665298..109.056].
2025-05-27 14:09:10,535 - matplotlib.image - WARNING - Clipping input data to the valid range for imshow with RGB data ([0..1] for floats or [0..255] for integers). Got range [-2.0665298..140.256].
2025-05-27 14:09:10,953 - matplotlib.image - WARNING - Clipping input data to the valid range for imshow with RGB data ([0..1] for floats or [0..255] for integers). Got range [-2.0665298..2.64].
2025-05-27 14:09:10,955 - matplotlib.image - WARNING - Clipping input data to the valid range for imshow with RGB data ([0..1] for floats or [0..255] for integers). Got range [-2.0665298..109.056].
2025-05-27 14:09:10,958 - matplotlib.image - WARNING - Clipping input data to the valid range for imshow with RGB data ([0..1] for floats or [0..255] for integers). Got range [-2.0665298..140.256].
2025-05-27 14:09:11,093 - matplotlib.image - WARNING - Clipping input data to the valid range for imshow with RGB data ([0..1] for floats or [0..255] for integers). Got range [-2.0322802..2.64].
2025-05-27 14:09:11,095 - matplotlib.image - WARNING - Clipping input data to the valid range for imshow with RGB data ([0..1] for floats or [0..255] for integers). Got range [-2.0322802..109.056].
2025-05-27 14:09:11,098 - matplotlib.image - WARNING - Clipping input data to the valid range for imshow with RGB data ([0..1] for floats or [0..255] for integers). Got range [-2.0322802..140.256].
2025-05-27 14:09:11,231 - matplotlib.image - WARNING - Clipping input data to the valid range for imshow with RGB data ([0..1] for floats or [0..255] for integers). Got range [-2.0665298..2.64].
2025-05-27 14:09:11,233 - matplotlib.image - WARNING - Clipping input data to the valid range for imshow with RGB data ([0..1] for floats or [0..255] for integers). Got range [-2.0665298..109.056].
2025-05-27 14:09:11,235 - matplotlib.image - WARNING - Clipping input data to the valid range for imshow with RGB data ([0..1] for floats or [0..255] for integers). Got range [-2.0665298..140.256].
2025-05-27 14:09:11,519 - matplotlib.image - WARNING - Clipping input data to the valid range for imshow with RGB data ([0..1] for floats or [0..255] for integers). Got range [-2.0494049..2.6051416].
2025-05-27 14:09:11,521 - matplotlib.image - WARNING - Clipping input data to the valid range for imshow with RGB data ([0..1] for floats or [0..255] for integers). Got range [-2.0494049..109.04205].
2025-05-27 14:09:11,524 - matplotlib.image - WARNING - Clipping input data to the valid range for imshow with RGB data ([0..1] for floats or [0..255] for integers). Got range [-2.0494049..140.24205].
2025-05-27 14:09:11,671 - matplotlib.image - WARNING - Clipping input data to the valid range for imshow with RGB data ([0..1] for floats or [0..255] for integers). Got range [-2.0665298..2.6051416].
2025-05-27 14:09:11,673 - matplotlib.image - WARNING - Clipping input data to the valid range for imshow with RGB data ([0..1] for floats or [0..255] for integers). Got range [-2.0665298..109.04205].
2025-05-27 14:09:11,676 - matplotlib.image - WARNING - Clipping input data to the valid range for imshow with RGB data ([0..1] for floats or [0..255] for integers). Got range [-2.0665298..140.24205].
2025-05-27 14:09:11,828 - matplotlib.image - WARNING - Clipping input data to the valid range for imshow with RGB data ([0..1] for floats or [0..255] for integers). Got range [-2.0494049..2.622571].
2025-05-27 14:09:11,830 - matplotlib.image - WARNING - Clipping input data to the valid range for imshow with RGB data ([0..1] for floats or [0..255] for integers). Got range [-2.0494049..109.04903].
2025-05-27 14:09:11,833 - matplotlib.image - WARNING - Clipping input data to the valid range for imshow with RGB data ([0..1] for floats or [0..255] for integers). Got range [-2.0494049..140.24902].
2025-05-27 14:09:12,093 - matplotlib.image - WARNING - Clipping input data to the valid range for imshow with RGB data ([0..1] for floats or [0..255] for integers). Got range [-2.0494049..2.6051416].
2025-05-27 14:09:12,095 - matplotlib.image - WARNING - Clipping input data to the valid range for imshow with RGB data ([0..1] for floats or [0..255] for integers). Got range [-2.0494049..109.04205].
2025-05-27 14:09:12,098 - matplotlib.image - WARNING - Clipping input data to the valid range for imshow with RGB data ([0..1] for floats or [0..255] for integers). Got range [-2.0494049..140.24205].
2025-05-27 14:09:12,244 - matplotlib.image - WARNING - Clipping input data to the valid range for imshow with RGB data ([0..1] for floats or [0..255] for integers). Got range [-2.0494049..2.6051416].
2025-05-27 14:09:12,246 - matplotlib.image - WARNING - Clipping input data to the valid range for imshow with RGB data ([0..1] for floats or [0..255] for integers). Got range [-2.0494049..109.04205].
2025-05-27 14:09:12,248 - matplotlib.image - WARNING - Clipping input data to the valid range for imshow with RGB data ([0..1] for floats or [0..255] for integers). Got range [-2.0494049..140.24205].
2025-05-27 14:09:12,396 - matplotlib.image - WARNING - Clipping input data to the valid range for imshow with RGB data ([0..1] for floats or [0..255] for integers). Got range [-2.0494049..2.622571].
2025-05-27 14:09:12,397 - matplotlib.image - WARNING - Clipping input data to the valid range for imshow with RGB data ([0..1] for floats or [0..255] for integers). Got range [-2.0494049..109.04903].
2025-05-27 14:09:12,400 - matplotlib.image - WARNING - Clipping input data to the valid range for imshow with RGB data ([0..1] for floats or [0..255] for integers). Got range [-2.0494049..140.24902].
2025-05-27 14:09:12,640 - matplotlib.image - WARNING - Clipping input data to the valid range for imshow with RGB data ([0..1] for floats or [0..255] for integers). Got range [-2.0665298..2.6051416].
2025-05-27 14:09:12,642 - matplotlib.image - WARNING - Clipping input data to the valid range for imshow with RGB data ([0..1] for floats or [0..255] for integers). Got range [-2.0665298..109.04205].
2025-05-27 14:09:12,644 - matplotlib.image - WARNING - Clipping input data to the valid range for imshow with RGB data ([0..1] for floats or [0..255] for integers). Got range [-2.0665298..140.24205].
2025-05-27 14:09:12,796 - matplotlib.image - WARNING - Clipping input data to the valid range for imshow with RGB data ([0..1] for floats or [0..255] for integers). Got range [-2.0322802..2.6051416].
2025-05-27 14:09:12,798 - matplotlib.image - WARNING - Clipping input data to the valid range for imshow with RGB data ([0..1] for floats or [0..255] for integers). Got range [-2.0322802..109.04205].
2025-05-27 14:09:12,801 - matplotlib.image - WARNING - Clipping input data to the valid range for imshow with RGB data ([0..1] for floats or [0..255] for integers). Got range [-2.0322802..140.24205].
2025-05-27 14:09:12,941 - matplotlib.image - WARNING - Clipping input data to the valid range for imshow with RGB data ([0..1] for floats or [0..255] for integers). Got range [-2.0494049..2.64].
2025-05-27 14:09:12,942 - matplotlib.image - WARNING - Clipping input data to the valid range for imshow with RGB data ([0..1] for floats or [0..255] for integers). Got range [-2.0494049..109.056].
2025-05-27 14:09:12,946 - matplotlib.image - WARNING - Clipping input data to the valid range for imshow with RGB data ([0..1] for floats or [0..255] for integers). Got range [-2.0494049..140.256].
2025-05-27 14:09:13,343 - matplotlib.image - WARNING - Clipping input data to the valid range for imshow with RGB data ([0..1] for floats or [0..255] for integers). Got range [-1.8956583..2.6051416].
2025-05-27 14:09:13,344 - matplotlib.image - WARNING - Clipping input data to the valid range for imshow with RGB data ([0..1] for floats or [0..255] for integers). Got range [-1.8956583..109.04205].
2025-05-27 14:09:13,348 - matplotlib.image - WARNING - Clipping input data to the valid range for imshow with RGB data ([0..1] for floats or [0..255] for integers). Got range [-1.8956583..153.89957].
2025-05-27 14:09:13,481 - matplotlib.image - WARNING - Clipping input data to the valid range for imshow with RGB data ([0..1] for floats or [0..255] for integers). Got range [-1.8781574..2.5528543].
2025-05-27 14:09:13,483 - matplotlib.image - WARNING - Clipping input data to the valid range for imshow with RGB data ([0..1] for floats or [0..255] for integers). Got range [-1.8781574..109.02114].
2025-05-27 14:09:13,486 - matplotlib.image - WARNING - Clipping input data to the valid range for imshow with RGB data ([0..1] for floats or [0..255] for integers). Got range [-1.8781574..153.89957].
2025-05-27 14:09:13,627 - matplotlib.image - WARNING - Clipping input data to the valid range for imshow with RGB data ([0..1] for floats or [0..255] for integers). Got range [-1.9124069..2.622571].
2025-05-27 14:09:13,630 - matplotlib.image - WARNING - Clipping input data to the valid range for imshow with RGB data ([0..1] for floats or [0..255] for integers). Got range [-1.9124069..109.04903].
2025-05-27 14:09:13,633 - matplotlib.image - WARNING - Clipping input data to the valid range for imshow with RGB data ([0..1] for floats or [0..255] for integers). Got range [-1.9124069..153.87216].
2025-05-27 14:09:13,887 - matplotlib.image - WARNING - Clipping input data to the valid range for imshow with RGB data ([0..1] for floats or [0..255] for integers). Got range [-1.8781574..2.64].
2025-05-27 14:09:13,891 - matplotlib.image - WARNING - Clipping input data to the valid range for imshow with RGB data ([0..1] for floats or [0..255] for integers). Got range [-1.8781574..109.04903].
2025-05-27 14:09:13,895 - matplotlib.image - WARNING - Clipping input data to the valid range for imshow with RGB data ([0..1] for floats or [0..255] for integers). Got range [-1.8781574..153.89957].
2025-05-27 14:09:14,048 - matplotlib.image - WARNING - Clipping input data to the valid range for imshow with RGB data ([0..1] for floats or [0..255] for integers). Got range [-1.8781574..2.622571].
2025-05-27 14:09:14,050 - matplotlib.image - WARNING - Clipping input data to the valid range for imshow with RGB data ([0..1] for floats or [0..255] for integers). Got range [-1.8781574..109.04903].
2025-05-27 14:09:14,054 - matplotlib.image - WARNING - Clipping input data to the valid range for imshow with RGB data ([0..1] for floats or [0..255] for integers). Got range [-1.8781574..153.89957].
2025-05-27 14:09:14,193 - matplotlib.image - WARNING - Clipping input data to the valid range for imshow with RGB data ([0..1] for floats or [0..255] for integers). Got range [-1.8610327..2.64].
2025-05-27 14:09:14,194 - matplotlib.image - WARNING - Clipping input data to the valid range for imshow with RGB data ([0..1] for floats or [0..255] for integers). Got range [-1.8610327..109.056].
2025-05-27 14:09:14,198 - matplotlib.image - WARNING - Clipping input data to the valid range for imshow with RGB data ([0..1] for floats or [0..255] for integers). Got range [-1.8610327..153.89957].
2025-05-27 14:09:14,434 - matplotlib.image - WARNING - Clipping input data to the valid range for imshow with RGB data ([0..1] for floats or [0..255] for integers). Got range [-1.843908..2.64].
2025-05-27 14:09:14,436 - matplotlib.image - WARNING - Clipping input data to the valid range for imshow with RGB data ([0..1] for floats or [0..255] for integers). Got range [-1.843908..109.056].
2025-05-27 14:09:14,440 - matplotlib.image - WARNING - Clipping input data to the valid range for imshow with RGB data ([0..1] for floats or [0..255] for integers). Got range [-1.843908..153.89957].
2025-05-27 14:09:14,587 - matplotlib.image - WARNING - Clipping input data to the valid range for imshow with RGB data ([0..1] for floats or [0..255] for integers). Got range [-1.9481792..2.64].
2025-05-27 14:09:14,589 - matplotlib.image - WARNING - Clipping input data to the valid range for imshow with RGB data ([0..1] for floats or [0..255] for integers). Got range [-1.9481792..109.056].
2025-05-27 14:09:14,593 - matplotlib.image - WARNING - Clipping input data to the valid range for imshow with RGB data ([0..1] for floats or [0..255] for integers). Got range [-1.9481792..153.89272].
2025-05-27 14:09:14,726 - matplotlib.image - WARNING - Clipping input data to the valid range for imshow with RGB data ([0..1] for floats or [0..255] for integers). Got range [-1.8267832..2.64].
2025-05-27 14:09:14,728 - matplotlib.image - WARNING - Clipping input data to the valid range for imshow with RGB data ([0..1] for floats or [0..255] for integers). Got range [-1.8267832..109.056].
2025-05-27 14:09:14,731 - matplotlib.image - WARNING - Clipping input data to the valid range for imshow with RGB data ([0..1] for floats or [0..255] for integers). Got range [-1.8267832..153.89272].
2025-05-27 14:09:14,965 - matplotlib.image - WARNING - Clipping input data to the valid range for imshow with RGB data ([0..1] for floats or [0..255] for integers). Got range [-1.8096584..2.64].
2025-05-27 14:09:14,967 - matplotlib.image - WARNING - Clipping input data to the valid range for imshow with RGB data ([0..1] for floats or [0..255] for integers). Got range [-1.8096584..109.056].
2025-05-27 14:09:14,970 - matplotlib.image - WARNING - Clipping input data to the valid range for imshow with RGB data ([0..1] for floats or [0..255] for integers). Got range [-1.8096584..153.89957].
2025-05-27 14:09:15,106 - matplotlib.image - WARNING - Clipping input data to the valid range for imshow with RGB data ([0..1] for floats or [0..255] for integers). Got range [-1.8044444..2.64].
2025-05-27 14:09:15,107 - matplotlib.image - WARNING - Clipping input data to the valid range for imshow with RGB data ([0..1] for floats or [0..255] for integers). Got range [-1.8044444..109.056].
2025-05-27 14:09:15,111 - matplotlib.image - WARNING - Clipping input data to the valid range for imshow with RGB data ([0..1] for floats or [0..255] for integers). Got range [-1.8044444..153.86531].
2025-05-27 14:09:15,241 - matplotlib.image - WARNING - Clipping input data to the valid range for imshow with RGB data ([0..1] for floats or [0..255] for integers). Got range [-1.8044444..2.5702832].
2025-05-27 14:09:15,243 - matplotlib.image - WARNING - Clipping input data to the valid range for imshow with RGB data ([0..1] for floats or [0..255] for integers). Got range [-1.8044444..109.028114].
2025-05-27 14:09:15,246 - matplotlib.image - WARNING - Clipping input data to the valid range for imshow with RGB data ([0..1] for floats or [0..255] for integers). Got range [-1.8044444..153.89957].
2025-05-27 14:09:15,639 - matplotlib.image - WARNING - Clipping input data to the valid range for imshow with RGB data ([0..1] for floats or [0..255] for integers). Got range [-1.7870152..2.2739873].
2025-05-27 14:09:15,641 - matplotlib.image - WARNING - Clipping input data to the valid range for imshow with RGB data ([0..1] for floats or [0..255] for integers). Got range [-1.7870152..108.90959].
2025-05-27 14:09:15,644 - matplotlib.image - WARNING - Clipping input data to the valid range for imshow with RGB data ([0..1] for floats or [0..255] for integers). Got range [-1.7870152..153.89272].
2025-05-27 14:09:15,774 - matplotlib.image - WARNING - Clipping input data to the valid range for imshow with RGB data ([0..1] for floats or [0..255] for integers). Got range [-1.7582842..2.4308496].
2025-05-27 14:09:15,775 - matplotlib.image - WARNING - Clipping input data to the valid range for imshow with RGB data ([0..1] for floats or [0..255] for integers). Got range [-1.7582842..108.89565].
2025-05-27 14:09:15,778 - matplotlib.image - WARNING - Clipping input data to the valid range for imshow with RGB data ([0..1] for floats or [0..255] for integers). Got range [-1.7582842..153.89957].
2025-05-27 14:09:15,909 - matplotlib.image - WARNING - Clipping input data to the valid range for imshow with RGB data ([0..1] for floats or [0..255] for integers). Got range [-1.7030813..2.4831376].
2025-05-27 14:09:15,911 - matplotlib.image - WARNING - Clipping input data to the valid range for imshow with RGB data ([0..1] for floats or [0..255] for integers). Got range [-1.7030813..108.95142].
2025-05-27 14:09:15,914 - matplotlib.image - WARNING - Clipping input data to the valid range for imshow with RGB data ([0..1] for floats or [0..255] for integers). Got range [-1.7030813..153.85161].
2025-05-27 14:09:16,184 - matplotlib.image - WARNING - Clipping input data to the valid range for imshow with RGB data ([0..1] for floats or [0..255] for integers). Got range [-1.8781512..2.64].
2025-05-27 14:09:16,186 - matplotlib.image - WARNING - Clipping input data to the valid range for imshow with RGB data ([0..1] for floats or [0..255] for integers). Got range [-1.8781512..109.04903].
2025-05-27 14:09:16,189 - matplotlib.image - WARNING - Clipping input data to the valid range for imshow with RGB data ([0..1] for floats or [0..255] for integers). Got range [-1.8781512..139.94228].
2025-05-27 14:09:16,345 - matplotlib.image - WARNING - Clipping input data to the valid range for imshow with RGB data ([0..1] for floats or [0..255] for integers). Got range [-1.8431373..2.64].
2025-05-27 14:09:16,347 - matplotlib.image - WARNING - Clipping input data to the valid range for imshow with RGB data ([0..1] for floats or [0..255] for integers). Got range [-1.8431373..109.056].
2025-05-27 14:09:16,350 - matplotlib.image - WARNING - Clipping input data to the valid range for imshow with RGB data ([0..1] for floats or [0..255] for integers). Got range [-1.8431373..139.89348].
2025-05-27 14:09:16,497 - matplotlib.image - WARNING - Clipping input data to the valid range for imshow with RGB data ([0..1] for floats or [0..255] for integers). Got range [-1.8606442..2.64].
2025-05-27 14:09:16,498 - matplotlib.image - WARNING - Clipping input data to the valid range for imshow with RGB data ([0..1] for floats or [0..255] for integers). Got range [-1.8606442..109.056].
2025-05-27 14:09:16,501 - matplotlib.image - WARNING - Clipping input data to the valid range for imshow with RGB data ([0..1] for floats or [0..255] for integers). Got range [-1.8606442..139.80981].
2025-05-27 14:09:16,802 - matplotlib.image - WARNING - Clipping input data to the valid range for imshow with RGB data ([0..1] for floats or [0..255] for integers). Got range [-1.8044444..2.64].
2025-05-27 14:09:16,805 - matplotlib.image - WARNING - Clipping input data to the valid range for imshow with RGB data ([0..1] for floats or [0..255] for integers). Got range [-1.8044444..109.056].
2025-05-27 14:09:16,808 - matplotlib.image - WARNING - Clipping input data to the valid range for imshow with RGB data ([0..1] for floats or [0..255] for integers). Got range [-1.8044444..108.67953].
2025-05-27 14:09:16,952 - matplotlib.image - WARNING - Clipping input data to the valid range for imshow with RGB data ([0..1] for floats or [0..255] for integers). Got range [-1.8044444..2.64].
2025-05-27 14:09:16,953 - matplotlib.image - WARNING - Clipping input data to the valid range for imshow with RGB data ([0..1] for floats or [0..255] for integers). Got range [-1.8044444..109.056].
2025-05-27 14:09:16,956 - matplotlib.image - WARNING - Clipping input data to the valid range for imshow with RGB data ([0..1] for floats or [0..255] for integers). Got range [-1.8044444..139.63551].
2025-05-27 14:09:17,104 - matplotlib.image - WARNING - Clipping input data to the valid range for imshow with RGB data ([0..1] for floats or [0..255] for integers). Got range [-1.7870152..2.64].
2025-05-27 14:09:17,105 - matplotlib.image - WARNING - Clipping input data to the valid range for imshow with RGB data ([0..1] for floats or [0..255] for integers). Got range [-1.7870152..109.056].
2025-05-27 14:09:17,108 - matplotlib.image - WARNING - Clipping input data to the valid range for imshow with RGB data ([0..1] for floats or [0..255] for integers). Got range [-1.7870152..139.52397].
2025-05-27 14:09:17,398 - matplotlib.image - WARNING - Clipping input data to the valid range for imshow with RGB data ([0..1] for floats or [0..255] for integers). Got range [-1.8267832..2.64].
2025-05-27 14:09:17,399 - matplotlib.image - WARNING - Clipping input data to the valid range for imshow with RGB data ([0..1] for floats or [0..255] for integers). Got range [-1.8267832..109.056].
2025-05-27 14:09:17,402 - matplotlib.image - WARNING - Clipping input data to the valid range for imshow with RGB data ([0..1] for floats or [0..255] for integers). Got range [-1.8267832..108.93051].
2025-05-27 14:09:17,563 - matplotlib.image - WARNING - Clipping input data to the valid range for imshow with RGB data ([0..1] for floats or [0..255] for integers). Got range [-1.8267832..2.64].
2025-05-27 14:09:17,565 - matplotlib.image - WARNING - Clipping input data to the valid range for imshow with RGB data ([0..1] for floats or [0..255] for integers). Got range [-1.8267832..109.056].
2025-05-27 14:09:17,567 - matplotlib.image - WARNING - Clipping input data to the valid range for imshow with RGB data ([0..1] for floats or [0..255] for integers). Got range [-1.8267832..108.97931].
2025-05-27 14:09:17,839 - matplotlib.image - WARNING - Clipping input data to the valid range for imshow with RGB data ([0..1] for floats or [0..255] for integers). Got range [-1.8267832..2.64].
2025-05-27 14:09:17,841 - matplotlib.image - WARNING - Clipping input data to the valid range for imshow with RGB data ([0..1] for floats or [0..255] for integers). Got range [-1.8267832..109.056].
2025-05-27 14:09:17,844 - matplotlib.image - WARNING - Clipping input data to the valid range for imshow with RGB data ([0..1] for floats or [0..255] for integers). Got range [-1.8267832..108.94445].
2025-05-27 14:09:18,081 - matplotlib.image - WARNING - Clipping input data to the valid range for imshow with RGB data ([0..1] for floats or [0..255] for integers). Got range [-1.843908..2.64].
2025-05-27 14:09:18,083 - matplotlib.image - WARNING - Clipping input data to the valid range for imshow with RGB data ([0..1] for floats or [0..255] for integers). Got range [-1.843908..109.056].
2025-05-27 14:09:18,087 - matplotlib.image - WARNING - Clipping input data to the valid range for imshow with RGB data ([0..1] for floats or [0..255] for integers). Got range [-1.843908..140.21417].
2025-05-27 14:09:18,245 - matplotlib.image - WARNING - Clipping input data to the valid range for imshow with RGB data ([0..1] for floats or [0..255] for integers). Got range [-1.843908..2.64].
2025-05-27 14:09:18,247 - matplotlib.image - WARNING - Clipping input data to the valid range for imshow with RGB data ([0..1] for floats or [0..255] for integers). Got range [-1.843908..109.056].
2025-05-27 14:09:18,250 - matplotlib.image - WARNING - Clipping input data to the valid range for imshow with RGB data ([0..1] for floats or [0..255] for integers). Got range [-1.843908..140.1793].
2025-05-27 14:09:18,396 - matplotlib.image - WARNING - Clipping input data to the valid range for imshow with RGB data ([0..1] for floats or [0..255] for integers). Got range [-1.843908..2.64].
2025-05-27 14:09:18,398 - matplotlib.image - WARNING - Clipping input data to the valid range for imshow with RGB data ([0..1] for floats or [0..255] for integers). Got range [-1.843908..109.056].
2025-05-27 14:09:18,402 - matplotlib.image - WARNING - Clipping input data to the valid range for imshow with RGB data ([0..1] for floats or [0..255] for integers). Got range [-1.843908..140.20023].
2025-05-27 14:09:18,645 - matplotlib.image - WARNING - Clipping input data to the valid range for imshow with RGB data ([0..1] for floats or [0..255] for integers). Got range [-1.8610327..2.64].
2025-05-27 14:09:18,647 - matplotlib.image - WARNING - Clipping input data to the valid range for imshow with RGB data ([0..1] for floats or [0..255] for integers). Got range [-1.8610327..109.056].
2025-05-27 14:09:18,650 - matplotlib.image - WARNING - Clipping input data to the valid range for imshow with RGB data ([0..1] for floats or [0..255] for integers). Got range [-1.8610327..140.24205].
2025-05-27 14:09:18,808 - matplotlib.image - WARNING - Clipping input data to the valid range for imshow with RGB data ([0..1] for floats or [0..255] for integers). Got range [-1.8781574..2.64].
2025-05-27 14:09:18,810 - matplotlib.image - WARNING - Clipping input data to the valid range for imshow with RGB data ([0..1] for floats or [0..255] for integers). Got range [-1.8781574..109.056].
2025-05-27 14:09:18,813 - matplotlib.image - WARNING - Clipping input data to the valid range for imshow with RGB data ([0..1] for floats or [0..255] for integers). Got range [-1.8781574..140.24902].
2025-05-27 14:09:18,958 - matplotlib.image - WARNING - Clipping input data to the valid range for imshow with RGB data ([0..1] for floats or [0..255] for integers). Got range [-1.8781574..2.64].
2025-05-27 14:09:18,960 - matplotlib.image - WARNING - Clipping input data to the valid range for imshow with RGB data ([0..1] for floats or [0..255] for integers). Got range [-1.8781574..109.056].
2025-05-27 14:09:18,963 - matplotlib.image - WARNING - Clipping input data to the valid range for imshow with RGB data ([0..1] for floats or [0..255] for integers). Got range [-1.8781574..140.24902].
2025-05-27 14:09:19,202 - matplotlib.image - WARNING - Clipping input data to the valid range for imshow with RGB data ([0..1] for floats or [0..255] for integers). Got range [-2.0494049..2.64].
2025-05-27 14:09:19,204 - matplotlib.image - WARNING - Clipping input data to the valid range for imshow with RGB data ([0..1] for floats or [0..255] for integers). Got range [-2.0494049..109.056].
2025-05-27 14:09:19,208 - matplotlib.image - WARNING - Clipping input data to the valid range for imshow with RGB data ([0..1] for floats or [0..255] for integers). Got range [-2.0494049..140.012].
2025-05-27 14:09:19,367 - matplotlib.image - WARNING - Clipping input data to the valid range for imshow with RGB data ([0..1] for floats or [0..255] for integers). Got range [-2.0665298..2.64].
2025-05-27 14:09:19,369 - matplotlib.image - WARNING - Clipping input data to the valid range for imshow with RGB data ([0..1] for floats or [0..255] for integers). Got range [-2.0665298..109.056].
2025-05-27 14:09:19,372 - matplotlib.image - WARNING - Clipping input data to the valid range for imshow with RGB data ([0..1] for floats or [0..255] for integers). Got range [-2.0665298..139.89348].
2025-05-27 14:09:19,519 - matplotlib.image - WARNING - Clipping input data to the valid range for imshow with RGB data ([0..1] for floats or [0..255] for integers). Got range [-2.0665298..2.64].
2025-05-27 14:09:19,521 - matplotlib.image - WARNING - Clipping input data to the valid range for imshow with RGB data ([0..1] for floats or [0..255] for integers). Got range [-2.0665298..109.056].
2025-05-27 14:09:19,524 - matplotlib.image - WARNING - Clipping input data to the valid range for imshow with RGB data ([0..1] for floats or [0..255] for integers). Got range [-2.0665298..139.89348].
2025-05-27 14:09:19,781 - matplotlib.image - WARNING - Clipping input data to the valid range for imshow with RGB data ([0..1] for floats or [0..255] for integers). Got range [-2.0494049..2.64].
2025-05-27 14:09:19,783 - matplotlib.image - WARNING - Clipping input data to the valid range for imshow with RGB data ([0..1] for floats or [0..255] for integers). Got range [-2.0322802..109.056].
2025-05-27 14:09:19,786 - matplotlib.image - WARNING - Clipping input data to the valid range for imshow with RGB data ([0..1] for floats or [0..255] for integers). Got range [-2.0494049..140.01897].
2025-05-27 14:09:19,935 - matplotlib.image - WARNING - Clipping input data to the valid range for imshow with RGB data ([0..1] for floats or [0..255] for integers). Got range [-2.0357141..2.64].
2025-05-27 14:09:19,936 - matplotlib.image - WARNING - Clipping input data to the valid range for imshow with RGB data ([0..1] for floats or [0..255] for integers). Got range [-2.0357141..109.056].
2025-05-27 14:09:19,939 - matplotlib.image - WARNING - Clipping input data to the valid range for imshow with RGB data ([0..1] for floats or [0..255] for integers). Got range [-2.0357141..139.97015].
2025-05-27 14:09:20,234 - matplotlib.image - WARNING - Clipping input data to the valid range for imshow with RGB data ([0..1] for floats or [0..255] for integers). Got range [-2.0357141..2.64].
2025-05-27 14:09:20,236 - matplotlib.image - WARNING - Clipping input data to the valid range for imshow with RGB data ([0..1] for floats or [0..255] for integers). Got range [-2.0357141..109.056].
2025-05-27 14:09:20,239 - matplotlib.image - WARNING - Clipping input data to the valid range for imshow with RGB data ([0..1] for floats or [0..255] for integers). Got range [-2.0357141..139.94925].
2025-05-27 14:09:20,492 - matplotlib.image - WARNING - Clipping input data to the valid range for imshow with RGB data ([0..1] for floats or [0..255] for integers). Got range [-2.0494049..2.64].
2025-05-27 14:09:20,495 - matplotlib.image - WARNING - Clipping input data to the valid range for imshow with RGB data ([0..1] for floats or [0..255] for integers). Got range [-2.0182073..109.056].
2025-05-27 14:09:20,498 - matplotlib.image - WARNING - Clipping input data to the valid range for imshow with RGB data ([0..1] for floats or [0..255] for integers). Got range [-2.0494049..139.94228].
2025-05-27 14:09:20,666 - matplotlib.image - WARNING - Clipping input data to the valid range for imshow with RGB data ([0..1] for floats or [0..255] for integers). Got range [-2.0357141..2.64].
2025-05-27 14:09:20,667 - matplotlib.image - WARNING - Clipping input data to the valid range for imshow with RGB data ([0..1] for floats or [0..255] for integers). Got range [-2.0322802..109.056].
2025-05-27 14:09:20,671 - matplotlib.image - WARNING - Clipping input data to the valid range for imshow with RGB data ([0..1] for floats or [0..255] for integers). Got range [-2.0357141..139.9353].
2025-05-27 14:09:20,817 - matplotlib.image - WARNING - Clipping input data to the valid range for imshow with RGB data ([0..1] for floats or [0..255] for integers). Got range [-2.0494049..2.64].
2025-05-27 14:09:20,818 - matplotlib.image - WARNING - Clipping input data to the valid range for imshow with RGB data ([0..1] for floats or [0..255] for integers). Got range [-2.0322802..109.056].
2025-05-27 14:09:20,821 - matplotlib.image - WARNING - Clipping input data to the valid range for imshow with RGB data ([0..1] for floats or [0..255] for integers). Got range [-2.0494049..140.06776].
2025-05-27 14:09:21,074 - matplotlib.image - WARNING - Clipping input data to the valid range for imshow with RGB data ([0..1] for floats or [0..255] for integers). Got range [-2.0494049..2.64].
2025-05-27 14:09:21,076 - matplotlib.image - WARNING - Clipping input data to the valid range for imshow with RGB data ([0..1] for floats or [0..255] for integers). Got range [-2.0494049..109.056].
2025-05-27 14:09:21,079 - matplotlib.image - WARNING - Clipping input data to the valid range for imshow with RGB data ([0..1] for floats or [0..255] for integers). Got range [-2.0494049..140.22115].
2025-05-27 14:09:21,232 - matplotlib.image - WARNING - Clipping input data to the valid range for imshow with RGB data ([0..1] for floats or [0..255] for integers). Got range [-2.0357141..2.64].
2025-05-27 14:09:21,234 - matplotlib.image - WARNING - Clipping input data to the valid range for imshow with RGB data ([0..1] for floats or [0..255] for integers). Got range [-2.0322802..109.056].
2025-05-27 14:09:21,237 - matplotlib.image - WARNING - Clipping input data to the valid range for imshow with RGB data ([0..1] for floats or [0..255] for integers). Got range [-2.0357141..140.22812].
2025-05-27 14:09:21,383 - matplotlib.image - WARNING - Clipping input data to the valid range for imshow with RGB data ([0..1] for floats or [0..255] for integers). Got range [-2.0357141..2.64].
2025-05-27 14:09:21,385 - matplotlib.image - WARNING - Clipping input data to the valid range for imshow with RGB data ([0..1] for floats or [0..255] for integers). Got range [-2.0357141..109.056].
2025-05-27 14:09:21,388 - matplotlib.image - WARNING - Clipping input data to the valid range for imshow with RGB data ([0..1] for floats or [0..255] for integers). Got range [-2.0357141..140.23509].
2025-05-27 14:09:21,668 - matplotlib.image - WARNING - Clipping input data to the valid range for imshow with RGB data ([0..1] for floats or [0..255] for integers). Got range [-2.117904..2.5702832].
2025-05-27 14:09:21,670 - matplotlib.image - WARNING - Clipping input data to the valid range for imshow with RGB data ([0..1] for floats or [0..255] for integers). Got range [-2.117904..109.00023].
2025-05-27 14:09:21,673 - matplotlib.image - WARNING - Clipping input data to the valid range for imshow with RGB data ([0..1] for floats or [0..255] for integers). Got range [-2.117904..153.88586].
2025-05-27 14:09:21,847 - matplotlib.image - WARNING - Clipping input data to the valid range for imshow with RGB data ([0..1] for floats or [0..255] for integers). Got range [-2.117904..2.6051416].
2025-05-27 14:09:21,848 - matplotlib.image - WARNING - Clipping input data to the valid range for imshow with RGB data ([0..1] for floats or [0..255] for integers). Got range [-2.117904..109.0072].
2025-05-27 14:09:21,851 - matplotlib.image - WARNING - Clipping input data to the valid range for imshow with RGB data ([0..1] for floats or [0..255] for integers). Got range [-2.117904..153.89272].
2025-05-27 14:09:22,015 - matplotlib.image - WARNING - Clipping input data to the valid range for imshow with RGB data ([0..1] for floats or [0..255] for integers). Got range [-2.117904..2.5877128].
2025-05-27 14:09:22,017 - matplotlib.image - WARNING - Clipping input data to the valid range for imshow with RGB data ([0..1] for floats or [0..255] for integers). Got range [-2.117904..109.03509].
2025-05-27 14:09:22,020 - matplotlib.image - WARNING - Clipping input data to the valid range for imshow with RGB data ([0..1] for floats or [0..255] for integers). Got range [-2.117904..153.89272].
2025-05-27 14:09:22,331 - matplotlib.image - WARNING - Clipping input data to the valid range for imshow with RGB data ([0..1] for floats or [0..255] for integers). Got range [-2.117904..2.535425].
2025-05-27 14:09:22,333 - matplotlib.image - WARNING - Clipping input data to the valid range for imshow with RGB data ([0..1] for floats or [0..255] for integers). Got range [-2.117904..109.01417].
2025-05-27 14:09:22,336 - matplotlib.image - WARNING - Clipping input data to the valid range for imshow with RGB data ([0..1] for floats or [0..255] for integers). Got range [-2.117904..153.88586].
2025-05-27 14:09:22,518 - matplotlib.image - WARNING - Clipping input data to the valid range for imshow with RGB data ([0..1] for floats or [0..255] for integers). Got range [-2.117904..2.5702832].
2025-05-27 14:09:22,519 - matplotlib.image - WARNING - Clipping input data to the valid range for imshow with RGB data ([0..1] for floats or [0..255] for integers). Got range [-2.117904..108.993256].
2025-05-27 14:09:22,522 - matplotlib.image - WARNING - Clipping input data to the valid range for imshow with RGB data ([0..1] for floats or [0..255] for integers). Got range [-2.117904..153.89957].
2025-05-27 14:09:22,846 - matplotlib.image - WARNING - Clipping input data to the valid range for imshow with RGB data ([0..1] for floats or [0..255] for integers). Got range [-2.117904..2.535425].
2025-05-27 14:09:22,848 - matplotlib.image - WARNING - Clipping input data to the valid range for imshow with RGB data ([0..1] for floats or [0..255] for integers). Got range [-2.117904..109.01417].
2025-05-27 14:09:22,851 - matplotlib.image - WARNING - Clipping input data to the valid range for imshow with RGB data ([0..1] for floats or [0..255] for integers). Got range [-2.117904..140.21417].
2025-05-27 14:09:23,178 - matplotlib.image - WARNING - Clipping input data to the valid range for imshow with RGB data ([0..1] for floats or [0..255] for integers). Got range [-2.117904..2.5528543].
2025-05-27 14:09:23,180 - matplotlib.image - WARNING - Clipping input data to the valid range for imshow with RGB data ([0..1] for floats or [0..255] for integers). Got range [-2.117904..108.94445].
2025-05-27 14:09:23,183 - matplotlib.image - WARNING - Clipping input data to the valid range for imshow with RGB data ([0..1] for floats or [0..255] for integers). Got range [-2.117904..153.84476].
2025-05-27 14:09:23,360 - matplotlib.image - WARNING - Clipping input data to the valid range for imshow with RGB data ([0..1] for floats or [0..255] for integers). Got range [-2.117904..2.6051416].
2025-05-27 14:09:23,362 - matplotlib.image - WARNING - Clipping input data to the valid range for imshow with RGB data ([0..1] for floats or [0..255] for integers). Got range [-2.117904..108.993256].
2025-05-27 14:09:23,365 - matplotlib.image - WARNING - Clipping input data to the valid range for imshow with RGB data ([0..1] for floats or [0..255] for integers). Got range [-2.117904..153.85846].
2025-05-27 14:09:23,531 - matplotlib.image - WARNING - Clipping input data to the valid range for imshow with RGB data ([0..1] for floats or [0..255] for integers). Got range [-2.117904..2.64].
2025-05-27 14:09:23,533 - matplotlib.image - WARNING - Clipping input data to the valid range for imshow with RGB data ([0..1] for floats or [0..255] for integers). Got range [-2.117904..109.028114].
2025-05-27 14:09:23,536 - matplotlib.image - WARNING - Clipping input data to the valid range for imshow with RGB data ([0..1] for floats or [0..255] for integers). Got range [-2.117904..153.86531].
2025-05-27 14:09:23,925 - matplotlib.image - WARNING - Clipping input data to the valid range for imshow with RGB data ([0..1] for floats or [0..255] for integers). Got range [-2.117904..2.535425].
2025-05-27 14:09:23,927 - matplotlib.image - WARNING - Clipping input data to the valid range for imshow with RGB data ([0..1] for floats or [0..255] for integers). Got range [-2.117904..108.93051].
2025-05-27 14:09:23,930 - matplotlib.image - WARNING - Clipping input data to the valid range for imshow with RGB data ([0..1] for floats or [0..255] for integers). Got range [-2.117904..153.87901].
2025-05-27 14:09:24,093 - matplotlib.image - WARNING - Clipping input data to the valid range for imshow with RGB data ([0..1] for floats or [0..255] for integers). Got range [-2.117904..2.5702832].
2025-05-27 14:09:24,095 - matplotlib.image - WARNING - Clipping input data to the valid range for imshow with RGB data ([0..1] for floats or [0..255] for integers). Got range [-2.117904..108.902626].
2025-05-27 14:09:24,098 - matplotlib.image - WARNING - Clipping input data to the valid range for imshow with RGB data ([0..1] for floats or [0..255] for integers). Got range [-2.117904..140.10263].
2025-05-27 14:09:24,260 - matplotlib.image - WARNING - Clipping input data to the valid range for imshow with RGB data ([0..1] for floats or [0..255] for integers). Got range [-2.117904..2.5528543].
2025-05-27 14:09:24,261 - matplotlib.image - WARNING - Clipping input data to the valid range for imshow with RGB data ([0..1] for floats or [0..255] for integers). Got range [-2.117904..108.96537].
2025-05-27 14:09:24,265 - matplotlib.image - WARNING - Clipping input data to the valid range for imshow with RGB data ([0..1] for floats or [0..255] for integers). Got range [-2.117904..140.10263].
2025-05-27 14:09:24,585 - matplotlib.image - WARNING - Clipping input data to the valid range for imshow with RGB data ([0..1] for floats or [0..255] for integers). Got range [-2.117904..2.5528543].
2025-05-27 14:09:24,588 - matplotlib.image - WARNING - Clipping input data to the valid range for imshow with RGB data ([0..1] for floats or [0..255] for integers). Got range [-2.117904..108.98628].
2025-05-27 14:09:24,591 - matplotlib.image - WARNING - Clipping input data to the valid range for imshow with RGB data ([0..1] for floats or [0..255] for integers). Got range [-2.117904..153.87901].
2025-05-27 14:09:24,754 - matplotlib.image - WARNING - Clipping input data to the valid range for imshow with RGB data ([0..1] for floats or [0..255] for integers). Got range [-2.117904..2.5702832].
2025-05-27 14:09:24,756 - matplotlib.image - WARNING - Clipping input data to the valid range for imshow with RGB data ([0..1] for floats or [0..255] for integers). Got range [-2.117904..109.0072].
2025-05-27 14:09:24,759 - matplotlib.image - WARNING - Clipping input data to the valid range for imshow with RGB data ([0..1] for floats or [0..255] for integers). Got range [-2.117904..153.81052].
2025-05-27 14:09:24,929 - matplotlib.image - WARNING - Clipping input data to the valid range for imshow with RGB data ([0..1] for floats or [0..255] for integers). Got range [-2.117904..2.5528543].
2025-05-27 14:09:24,930 - matplotlib.image - WARNING - Clipping input data to the valid range for imshow with RGB data ([0..1] for floats or [0..255] for integers). Got range [-2.117904..109.01417].
2025-05-27 14:09:24,933 - matplotlib.image - WARNING - Clipping input data to the valid range for imshow with RGB data ([0..1] for floats or [0..255] for integers). Got range [-2.117904..153.81737].
2025-05-27 14:09:25,221 - matplotlib.image - WARNING - Clipping input data to the valid range for imshow with RGB data ([0..1] for floats or [0..255] for integers). Got range [-2.117904..2.5702832].
2025-05-27 14:09:25,223 - matplotlib.image - WARNING - Clipping input data to the valid range for imshow with RGB data ([0..1] for floats or [0..255] for integers). Got range [-2.117904..108.72136].
2025-05-27 14:09:25,226 - matplotlib.image - WARNING - Clipping input data to the valid range for imshow with RGB data ([0..1] for floats or [0..255] for integers). Got range [-2.117904..153.78311].
2025-05-27 14:09:25,392 - matplotlib.image - WARNING - Clipping input data to the valid range for imshow with RGB data ([0..1] for floats or [0..255] for integers). Got range [-2.117904..2.5005665].
2025-05-27 14:09:25,393 - matplotlib.image - WARNING - Clipping input data to the valid range for imshow with RGB data ([0..1] for floats or [0..255] for integers). Got range [-2.117904..108.76319].
2025-05-27 14:09:25,397 - matplotlib.image - WARNING - Clipping input data to the valid range for imshow with RGB data ([0..1] for floats or [0..255] for integers). Got range [-2.117904..153.79681].
2025-05-27 14:09:25,710 - matplotlib.image - WARNING - Clipping input data to the valid range for imshow with RGB data ([0..1] for floats or [0..255] for integers). Got range [-2.117904..2.535425].
2025-05-27 14:09:25,711 - matplotlib.image - WARNING - Clipping input data to the valid range for imshow with RGB data ([0..1] for floats or [0..255] for integers). Got range [-2.117904..108.93051].
2025-05-27 14:09:25,714 - matplotlib.image - WARNING - Clipping input data to the valid range for imshow with RGB data ([0..1] for floats or [0..255] for integers). Got range [-2.117904..153.76256].
2025-05-27 14:09:25,993 - matplotlib.image - WARNING - Clipping input data to the valid range for imshow with RGB data ([0..1] for floats or [0..255] for integers). Got range [-1.4329139..2.64].
2025-05-27 14:09:25,995 - matplotlib.image - WARNING - Clipping input data to the valid range for imshow with RGB data ([0..1] for floats or [0..255] for integers). Got range [-1.4329139..109.056].
2025-05-27 14:09:25,998 - matplotlib.image - WARNING - Clipping input data to the valid range for imshow with RGB data ([0..1] for floats or [0..255] for integers). Got range [-1.4329139..153.89957].
2025-05-27 14:09:26,170 - matplotlib.image - WARNING - Clipping input data to the valid range for imshow with RGB data ([0..1] for floats or [0..255] for integers). Got range [-1.4500387..2.64].
2025-05-27 14:09:26,172 - matplotlib.image - WARNING - Clipping input data to the valid range for imshow with RGB data ([0..1] for floats or [0..255] for integers). Got range [-1.4500387..109.056].
2025-05-27 14:09:26,175 - matplotlib.image - WARNING - Clipping input data to the valid range for imshow with RGB data ([0..1] for floats or [0..255] for integers). Got range [-1.4500387..153.89957].
2025-05-27 14:09:26,328 - matplotlib.image - WARNING - Clipping input data to the valid range for imshow with RGB data ([0..1] for floats or [0..255] for integers). Got range [-1.5014129..2.64].
2025-05-27 14:09:26,329 - matplotlib.image - WARNING - Clipping input data to the valid range for imshow with RGB data ([0..1] for floats or [0..255] for integers). Got range [-1.5014129..109.056].
2025-05-27 14:09:26,333 - matplotlib.image - WARNING - Clipping input data to the valid range for imshow with RGB data ([0..1] for floats or [0..255] for integers). Got range [-1.5014129..153.89957].
2025-05-27 14:09:26,586 - matplotlib.image - WARNING - Clipping input data to the valid range for imshow with RGB data ([0..1] for floats or [0..255] for integers). Got range [-1.5870366..2.64].
2025-05-27 14:09:26,587 - matplotlib.image - WARNING - Clipping input data to the valid range for imshow with RGB data ([0..1] for floats or [0..255] for integers). Got range [-1.5870366..109.056].
2025-05-27 14:09:26,591 - matplotlib.image - WARNING - Clipping input data to the valid range for imshow with RGB data ([0..1] for floats or [0..255] for integers). Got range [-1.5870366..153.89957].
2025-05-27 14:09:26,746 - matplotlib.image - WARNING - Clipping input data to the valid range for imshow with RGB data ([0..1] for floats or [0..255] for integers). Got range [-1.5805322..2.64].
2025-05-27 14:09:26,748 - matplotlib.image - WARNING - Clipping input data to the valid range for imshow with RGB data ([0..1] for floats or [0..255] for integers). Got range [-1.5805322..109.056].
2025-05-27 14:09:26,751 - matplotlib.image - WARNING - Clipping input data to the valid range for imshow with RGB data ([0..1] for floats or [0..255] for integers). Got range [-1.5527872..153.89957].
2025-05-27 14:09:26,906 - matplotlib.image - WARNING - Clipping input data to the valid range for imshow with RGB data ([0..1] for floats or [0..255] for integers). Got range [-1.5455182..2.64].
2025-05-27 14:09:26,908 - matplotlib.image - WARNING - Clipping input data to the valid range for imshow with RGB data ([0..1] for floats or [0..255] for integers). Got range [-1.5455182..109.056].
2025-05-27 14:09:26,911 - matplotlib.image - WARNING - Clipping input data to the valid range for imshow with RGB data ([0..1] for floats or [0..255] for integers). Got range [-1.5014129..153.89957].
2025-05-27 14:09:27,173 - matplotlib.image - WARNING - Clipping input data to the valid range for imshow with RGB data ([0..1] for floats or [0..255] for integers). Got range [-1.5699118..2.64].
2025-05-27 14:09:27,174 - matplotlib.image - WARNING - Clipping input data to the valid range for imshow with RGB data ([0..1] for floats or [0..255] for integers). Got range [-1.5699118..109.056].
2025-05-27 14:09:27,178 - matplotlib.image - WARNING - Clipping input data to the valid range for imshow with RGB data ([0..1] for floats or [0..255] for integers). Got range [-1.5699118..153.89957].
2025-05-27 14:09:27,335 - matplotlib.image - WARNING - Clipping input data to the valid range for imshow with RGB data ([0..1] for floats or [0..255] for integers). Got range [-1.6505601..2.64].
2025-05-27 14:09:27,337 - matplotlib.image - WARNING - Clipping input data to the valid range for imshow with RGB data ([0..1] for floats or [0..255] for integers). Got range [-1.6505601..109.056].
2025-05-27 14:09:27,341 - matplotlib.image - WARNING - Clipping input data to the valid range for imshow with RGB data ([0..1] for floats or [0..255] for integers). Got range [-1.6041614..153.89957].
2025-05-27 14:09:27,495 - matplotlib.image - WARNING - Clipping input data to the valid range for imshow with RGB data ([0..1] for floats or [0..255] for integers). Got range [-1.6555357..2.64].
2025-05-27 14:09:27,497 - matplotlib.image - WARNING - Clipping input data to the valid range for imshow with RGB data ([0..1] for floats or [0..255] for integers). Got range [-1.6555357..109.056].
2025-05-27 14:09:27,500 - matplotlib.image - WARNING - Clipping input data to the valid range for imshow with RGB data ([0..1] for floats or [0..255] for integers). Got range [-1.6555357..153.89957].
2025-05-27 14:09:27,763 - matplotlib.image - WARNING - Clipping input data to the valid range for imshow with RGB data ([0..1] for floats or [0..255] for integers). Got range [-1.7582842..2.64].
2025-05-27 14:09:27,765 - matplotlib.image - WARNING - Clipping input data to the valid range for imshow with RGB data ([0..1] for floats or [0..255] for integers). Got range [-1.7582842..109.056].
2025-05-27 14:09:27,769 - matplotlib.image - WARNING - Clipping input data to the valid range for imshow with RGB data ([0..1] for floats or [0..255] for integers). Got range [-1.7582842..153.89957].
2025-05-27 14:09:28,075 - matplotlib.image - WARNING - Clipping input data to the valid range for imshow with RGB data ([0..1] for floats or [0..255] for integers). Got range [-1.7240347..2.64].
2025-05-27 14:09:28,076 - matplotlib.image - WARNING - Clipping input data to the valid range for imshow with RGB data ([0..1] for floats or [0..255] for integers). Got range [-1.7240347..109.056].
2025-05-27 14:09:28,081 - matplotlib.image - WARNING - Clipping input data to the valid range for imshow with RGB data ([0..1] for floats or [0..255] for integers). Got range [-1.7240347..153.89957].
2025-05-27 14:09:28,220 - matplotlib.image - WARNING - Clipping input data to the valid range for imshow with RGB data ([0..1] for floats or [0..255] for integers). Got range [-1.7240347..2.64].
2025-05-27 14:09:28,222 - matplotlib.image - WARNING - Clipping input data to the valid range for imshow with RGB data ([0..1] for floats or [0..255] for integers). Got range [-1.7240347..109.056].
2025-05-27 14:09:28,226 - matplotlib.image - WARNING - Clipping input data to the valid range for imshow with RGB data ([0..1] for floats or [0..255] for integers). Got range [-1.7240347..153.89957].
2025-05-27 14:09:28,462 - matplotlib.image - WARNING - Clipping input data to the valid range for imshow with RGB data ([0..1] for floats or [0..255] for integers). Got range [-1.7754089..2.64].
2025-05-27 14:09:28,464 - matplotlib.image - WARNING - Clipping input data to the valid range for imshow with RGB data ([0..1] for floats or [0..255] for integers). Got range [-1.7754089..109.056].
2025-05-27 14:09:28,468 - matplotlib.image - WARNING - Clipping input data to the valid range for imshow with RGB data ([0..1] for floats or [0..255] for integers). Got range [-1.7754089..153.89957].
2025-05-27 14:09:28,627 - matplotlib.image - WARNING - Clipping input data to the valid range for imshow with RGB data ([0..1] for floats or [0..255] for integers). Got range [-1.7582842..2.64].
2025-05-27 14:09:28,629 - matplotlib.image - WARNING - Clipping input data to the valid range for imshow with RGB data ([0..1] for floats or [0..255] for integers). Got range [-1.7582842..109.056].
2025-05-27 14:09:28,633 - matplotlib.image - WARNING - Clipping input data to the valid range for imshow with RGB data ([0..1] for floats or [0..255] for integers). Got range [-1.7582842..153.89957].
2025-05-27 14:09:28,776 - matplotlib.image - WARNING - Clipping input data to the valid range for imshow with RGB data ([0..1] for floats or [0..255] for integers). Got range [-1.7582842..2.64].
2025-05-27 14:09:28,778 - matplotlib.image - WARNING - Clipping input data to the valid range for imshow with RGB data ([0..1] for floats or [0..255] for integers). Got range [-1.7582842..109.056].
2025-05-27 14:09:28,782 - matplotlib.image - WARNING - Clipping input data to the valid range for imshow with RGB data ([0..1] for floats or [0..255] for integers). Got range [-1.7582842..153.89957].
2025-05-27 14:09:29,023 - matplotlib.image - WARNING - Clipping input data to the valid range for imshow with RGB data ([0..1] for floats or [0..255] for integers). Got range [-2.117904..2.3785625].
2025-05-27 14:09:29,024 - matplotlib.image - WARNING - Clipping input data to the valid range for imshow with RGB data ([0..1] for floats or [0..255] for integers). Got range [-2.117904..108.937485].
2025-05-27 14:09:29,027 - matplotlib.image - WARNING - Clipping input data to the valid range for imshow with RGB data ([0..1] for floats or [0..255] for integers). Got range [-2.117904..108.59587].
2025-05-27 14:09:29,168 - matplotlib.image - WARNING - Clipping input data to the valid range for imshow with RGB data ([0..1] for floats or [0..255] for integers). Got range [-2.117904..2.343704].
2025-05-27 14:09:29,170 - matplotlib.image - WARNING - Clipping input data to the valid range for imshow with RGB data ([0..1] for floats or [0..255] for integers). Got range [-2.117904..108.937485].
2025-05-27 14:09:29,172 - matplotlib.image - WARNING - Clipping input data to the valid range for imshow with RGB data ([0..1] for floats or [0..255] for integers). Got range [-2.117904..108.59587].
2025-05-27 14:09:29,308 - matplotlib.image - WARNING - Clipping input data to the valid range for imshow with RGB data ([0..1] for floats or [0..255] for integers). Got range [-2.117904..2.4308496].
2025-05-27 14:09:29,310 - matplotlib.image - WARNING - Clipping input data to the valid range for imshow with RGB data ([0..1] for floats or [0..255] for integers). Got range [-2.117904..108.97234].
2025-05-27 14:09:29,312 - matplotlib.image - WARNING - Clipping input data to the valid range for imshow with RGB data ([0..1] for floats or [0..255] for integers). Got range [-2.117904..108.61678].
2025-05-27 14:09:29,580 - matplotlib.image - WARNING - Clipping input data to the valid range for imshow with RGB data ([0..1] for floats or [0..255] for integers). Got range [-2.0836544..2.3262744].
2025-05-27 14:09:29,582 - matplotlib.image - WARNING - Clipping input data to the valid range for imshow with RGB data ([0..1] for floats or [0..255] for integers). Got range [-2.0836544..108.93051].
2025-05-27 14:09:29,584 - matplotlib.image - WARNING - Clipping input data to the valid range for imshow with RGB data ([0..1] for floats or [0..255] for integers). Got range [-2.0836544..108.66559].
2025-05-27 14:09:29,721 - matplotlib.image - WARNING - Clipping input data to the valid range for imshow with RGB data ([0..1] for floats or [0..255] for integers). Got range [-2.117904..2.3785625].
2025-05-27 14:09:29,723 - matplotlib.image - WARNING - Clipping input data to the valid range for imshow with RGB data ([0..1] for floats or [0..255] for integers). Got range [-2.117904..108.95142].
2025-05-27 14:09:29,725 - matplotlib.image - WARNING - Clipping input data to the valid range for imshow with RGB data ([0..1] for floats or [0..255] for integers). Got range [-2.117904..108.6865].
2025-05-27 14:09:29,844 - matplotlib.image - WARNING - Clipping input data to the valid range for imshow with RGB data ([0..1] for floats or [0..255] for integers). Got range [-2.117904..2.3088455].
2025-05-27 14:09:29,846 - matplotlib.image - WARNING - Clipping input data to the valid range for imshow with RGB data ([0..1] for floats or [0..255] for integers). Got range [-2.117904..108.92354].
2025-05-27 14:09:29,849 - matplotlib.image - WARNING - Clipping input data to the valid range for imshow with RGB data ([0..1] for floats or [0..255] for integers). Got range [-2.117904..108.658615].
2025-05-27 14:09:30,105 - matplotlib.image - WARNING - Clipping input data to the valid range for imshow with RGB data ([0..1] for floats or [0..255] for integers). Got range [-2.1007793..2.3088455].
2025-05-27 14:09:30,108 - matplotlib.image - WARNING - Clipping input data to the valid range for imshow with RGB data ([0..1] for floats or [0..255] for integers). Got range [-2.1007793..108.92354].
2025-05-27 14:09:30,111 - matplotlib.image - WARNING - Clipping input data to the valid range for imshow with RGB data ([0..1] for floats or [0..255] for integers). Got range [-2.1007793..108.74227].
2025-05-27 14:09:30,372 - matplotlib.image - WARNING - Clipping input data to the valid range for imshow with RGB data ([0..1] for floats or [0..255] for integers). Got range [-2.1007793..2.2739873].
2025-05-27 14:09:30,374 - matplotlib.image - WARNING - Clipping input data to the valid range for imshow with RGB data ([0..1] for floats or [0..255] for integers). Got range [-2.1007793..108.90959].
2025-05-27 14:09:30,378 - matplotlib.image - WARNING - Clipping input data to the valid range for imshow with RGB data ([0..1] for floats or [0..255] for integers). Got range [-2.1007793..108.70741].
2025-05-27 14:09:30,497 - matplotlib.image - WARNING - Clipping input data to the valid range for imshow with RGB data ([0..1] for floats or [0..255] for integers). Got range [-2.1007793..2.2914162].
2025-05-27 14:09:30,499 - matplotlib.image - WARNING - Clipping input data to the valid range for imshow with RGB data ([0..1] for floats or [0..255] for integers). Got range [-2.1007793..108.916565].
2025-05-27 14:09:30,501 - matplotlib.image - WARNING - Clipping input data to the valid range for imshow with RGB data ([0..1] for floats or [0..255] for integers). Got range [-2.1007793..108.749245].
2025-05-27 14:09:30,744 - matplotlib.image - WARNING - Clipping input data to the valid range for imshow with RGB data ([0..1] for floats or [0..255] for integers). Got range [-2.0665298..2.0474076].
2025-05-27 14:09:30,746 - matplotlib.image - WARNING - Clipping input data to the valid range for imshow with RGB data ([0..1] for floats or [0..255] for integers). Got range [-2.0665298..108.6865].
2025-05-27 14:09:30,749 - matplotlib.image - WARNING - Clipping input data to the valid range for imshow with RGB data ([0..1] for floats or [0..255] for integers). Got range [-2.0665298..108.6865].
2025-05-27 14:09:30,871 - matplotlib.image - WARNING - Clipping input data to the valid range for imshow with RGB data ([0..1] for floats or [0..255] for integers). Got range [-2.0836544..2.0125492].
2025-05-27 14:09:30,873 - matplotlib.image - WARNING - Clipping input data to the valid range for imshow with RGB data ([0..1] for floats or [0..255] for integers). Got range [-2.0836544..108.67953].
2025-05-27 14:09:30,876 - matplotlib.image - WARNING - Clipping input data to the valid range for imshow with RGB data ([0..1] for floats or [0..255] for integers). Got range [-2.0836544..108.67953].
2025-05-27 14:09:30,993 - matplotlib.image - WARNING - Clipping input data to the valid range for imshow with RGB data ([0..1] for floats or [0..255] for integers). Got range [-2.0665298..1.8731157].
2025-05-27 14:09:30,995 - matplotlib.image - WARNING - Clipping input data to the valid range for imshow with RGB data ([0..1] for floats or [0..255] for integers). Got range [-2.0494049..108.70045].
2025-05-27 14:09:30,998 - matplotlib.image - WARNING - Clipping input data to the valid range for imshow with RGB data ([0..1] for floats or [0..255] for integers). Got range [-2.0665298..108.672554].
2025-05-27 14:09:31,241 - matplotlib.image - WARNING - Clipping input data to the valid range for imshow with RGB data ([0..1] for floats or [0..255] for integers). Got range [-2.0836544..2.0784314].
2025-05-27 14:09:31,242 - matplotlib.image - WARNING - Clipping input data to the valid range for imshow with RGB data ([0..1] for floats or [0..255] for integers). Got range [-2.0836544..108.693474].
2025-05-27 14:09:31,245 - matplotlib.image - WARNING - Clipping input data to the valid range for imshow with RGB data ([0..1] for floats or [0..255] for integers). Got range [-2.0836544..108.672554].
2025-05-27 14:09:31,379 - matplotlib.image - WARNING - Clipping input data to the valid range for imshow with RGB data ([0..1] for floats or [0..255] for integers). Got range [-2.117904..2.1309524].
2025-05-27 14:09:31,381 - matplotlib.image - WARNING - Clipping input data to the valid range for imshow with RGB data ([0..1] for floats or [0..255] for integers). Got range [-2.117904..108.6865].
2025-05-27 14:09:31,384 - matplotlib.image - WARNING - Clipping input data to the valid range for imshow with RGB data ([0..1] for floats or [0..255] for integers). Got range [-2.117904..108.70045].
2025-05-27 14:09:31,506 - matplotlib.image - WARNING - Clipping input data to the valid range for imshow with RGB data ([0..1] for floats or [0..255] for integers). Got range [-2.117904..2.1484594].
2025-05-27 14:09:31,508 - matplotlib.image - WARNING - Clipping input data to the valid range for imshow with RGB data ([0..1] for floats or [0..255] for integers). Got range [-2.117904..108.714386].
2025-05-27 14:09:31,511 - matplotlib.image - WARNING - Clipping input data to the valid range for imshow with RGB data ([0..1] for floats or [0..255] for integers). Got range [-2.117904..108.6377].
2025-05-27 14:09:31,744 - matplotlib.image - WARNING - Clipping input data to the valid range for imshow with RGB data ([0..1] for floats or [0..255] for integers). Got range [-2.117904..2.235994].
2025-05-27 14:09:31,746 - matplotlib.image - WARNING - Clipping input data to the valid range for imshow with RGB data ([0..1] for floats or [0..255] for integers). Got range [-2.117904..108.72136].
2025-05-27 14:09:31,748 - matplotlib.image - WARNING - Clipping input data to the valid range for imshow with RGB data ([0..1] for floats or [0..255] for integers). Got range [-2.117904..108.5889].
2025-05-27 14:09:31,883 - matplotlib.image - WARNING - Clipping input data to the valid range for imshow with RGB data ([0..1] for floats or [0..255] for integers). Got range [-2.117904..2.2009804].
2025-05-27 14:09:31,885 - matplotlib.image - WARNING - Clipping input data to the valid range for imshow with RGB data ([0..1] for floats or [0..255] for integers). Got range [-2.117904..108.56101].
2025-05-27 14:09:31,887 - matplotlib.image - WARNING - Clipping input data to the valid range for imshow with RGB data ([0..1] for floats or [0..255] for integers). Got range [-2.117904..108.56101].
2025-05-27 14:09:32,018 - matplotlib.image - WARNING - Clipping input data to the valid range for imshow with RGB data ([0..1] for floats or [0..255] for integers). Got range [-2.117904..2.2565577].
2025-05-27 14:09:32,020 - matplotlib.image - WARNING - Clipping input data to the valid range for imshow with RGB data ([0..1] for floats or [0..255] for integers). Got range [-2.117904..108.770164].
2025-05-27 14:09:32,023 - matplotlib.image - WARNING - Clipping input data to the valid range for imshow with RGB data ([0..1] for floats or [0..255] for integers). Got range [-2.117904..108.56101].
2025-05-27 14:09:32,248 - matplotlib.image - WARNING - Clipping input data to the valid range for imshow with RGB data ([0..1] for floats or [0..255] for integers). Got range [-2.0494049..2.64].
2025-05-27 14:09:32,250 - matplotlib.image - WARNING - Clipping input data to the valid range for imshow with RGB data ([0..1] for floats or [0..255] for integers). Got range [-2.0494049..109.056].
2025-05-27 14:09:32,254 - matplotlib.image - WARNING - Clipping input data to the valid range for imshow with RGB data ([0..1] for floats or [0..255] for integers). Got range [-2.0494049..153.85161].
2025-05-27 14:09:32,536 - matplotlib.image - WARNING - Clipping input data to the valid range for imshow with RGB data ([0..1] for floats or [0..255] for integers). Got range [-2.0494049..2.64].
2025-05-27 14:09:32,538 - matplotlib.image - WARNING - Clipping input data to the valid range for imshow with RGB data ([0..1] for floats or [0..255] for integers). Got range [-2.0322802..109.056].
2025-05-27 14:09:32,542 - matplotlib.image - WARNING - Clipping input data to the valid range for imshow with RGB data ([0..1] for floats or [0..255] for integers). Got range [-2.0494049..153.87216].
2025-05-27 14:09:32,681 - matplotlib.image - WARNING - Clipping input data to the valid range for imshow with RGB data ([0..1] for floats or [0..255] for integers). Got range [-2.0322802..2.64].
2025-05-27 14:09:32,683 - matplotlib.image - WARNING - Clipping input data to the valid range for imshow with RGB data ([0..1] for floats or [0..255] for integers). Got range [-2.0322802..109.056].
2025-05-27 14:09:32,686 - matplotlib.image - WARNING - Clipping input data to the valid range for imshow with RGB data ([0..1] for floats or [0..255] for integers). Got range [-2.0322802..153.88586].
2025-05-27 14:09:32,929 - matplotlib.image - WARNING - Clipping input data to the valid range for imshow with RGB data ([0..1] for floats or [0..255] for integers). Got range [-2.0494049..2.64].
2025-05-27 14:09:32,931 - matplotlib.image - WARNING - Clipping input data to the valid range for imshow with RGB data ([0..1] for floats or [0..255] for integers). Got range [-2.0494049..109.056].
2025-05-27 14:09:32,934 - matplotlib.image - WARNING - Clipping input data to the valid range for imshow with RGB data ([0..1] for floats or [0..255] for integers). Got range [-2.0494049..153.88586].
2025-05-27 14:09:33,076 - matplotlib.image - WARNING - Clipping input data to the valid range for imshow with RGB data ([0..1] for floats or [0..255] for integers). Got range [-2.0494049..2.64].
2025-05-27 14:09:33,077 - matplotlib.image - WARNING - Clipping input data to the valid range for imshow with RGB data ([0..1] for floats or [0..255] for integers). Got range [-2.0322802..109.056].
2025-05-27 14:09:33,080 - matplotlib.image - WARNING - Clipping input data to the valid range for imshow with RGB data ([0..1] for floats or [0..255] for integers). Got range [-2.0322802..153.87901].
2025-05-27 14:09:33,227 - matplotlib.image - WARNING - Clipping input data to the valid range for imshow with RGB data ([0..1] for floats or [0..255] for integers). Got range [-2.0494049..2.64].
2025-05-27 14:09:33,229 - matplotlib.image - WARNING - Clipping input data to the valid range for imshow with RGB data ([0..1] for floats or [0..255] for integers). Got range [-2.0494049..109.056].
2025-05-27 14:09:33,231 - matplotlib.image - WARNING - Clipping input data to the valid range for imshow with RGB data ([0..1] for floats or [0..255] for integers). Got range [-2.0494049..153.87901].
2025-05-27 14:09:33,475 - matplotlib.image - WARNING - Clipping input data to the valid range for imshow with RGB data ([0..1] for floats or [0..255] for integers). Got range [-2.117904..2.64].
2025-05-27 14:09:33,477 - matplotlib.image - WARNING - Clipping input data to the valid range for imshow with RGB data ([0..1] for floats or [0..255] for integers). Got range [-2.117904..109.056].
2025-05-27 14:09:33,480 - matplotlib.image - WARNING - Clipping input data to the valid range for imshow with RGB data ([0..1] for floats or [0..255] for integers). Got range [-2.117904..153.88586].
2025-05-27 14:09:33,619 - matplotlib.image - WARNING - Clipping input data to the valid range for imshow with RGB data ([0..1] for floats or [0..255] for integers). Got range [-2.117904..2.64].
2025-05-27 14:09:33,621 - matplotlib.image - WARNING - Clipping input data to the valid range for imshow with RGB data ([0..1] for floats or [0..255] for integers). Got range [-2.117904..109.056].
2025-05-27 14:09:33,624 - matplotlib.image - WARNING - Clipping input data to the valid range for imshow with RGB data ([0..1] for floats or [0..255] for integers). Got range [-2.117904..153.87901].
2025-05-27 14:09:33,768 - matplotlib.image - WARNING - Clipping input data to the valid range for imshow with RGB data ([0..1] for floats or [0..255] for integers). Got range [-2.0665298..2.64].
2025-05-27 14:09:33,769 - matplotlib.image - WARNING - Clipping input data to the valid range for imshow with RGB data ([0..1] for floats or [0..255] for integers). Got range [-2.0665298..109.056].
2025-05-27 14:09:33,772 - matplotlib.image - WARNING - Clipping input data to the valid range for imshow with RGB data ([0..1] for floats or [0..255] for integers). Got range [-2.0665298..153.86531].
2025-05-27 14:09:34,015 - matplotlib.image - WARNING - Clipping input data to the valid range for imshow with RGB data ([0..1] for floats or [0..255] for integers). Got range [-2.117904..2.64].
2025-05-27 14:09:34,016 - matplotlib.image - WARNING - Clipping input data to the valid range for imshow with RGB data ([0..1] for floats or [0..255] for integers). Got range [-2.0665298..109.056].
2025-05-27 14:09:34,019 - matplotlib.image - WARNING - Clipping input data to the valid range for imshow with RGB data ([0..1] for floats or [0..255] for integers). Got range [-2.117904..153.73517].
2025-05-27 14:09:34,165 - matplotlib.image - WARNING - Clipping input data to the valid range for imshow with RGB data ([0..1] for floats or [0..255] for integers). Got range [-2.0836544..2.64].
2025-05-27 14:09:34,167 - matplotlib.image - WARNING - Clipping input data to the valid range for imshow with RGB data ([0..1] for floats or [0..255] for integers). Got range [-2.0836544..109.056].
2025-05-27 14:09:34,170 - matplotlib.image - WARNING - Clipping input data to the valid range for imshow with RGB data ([0..1] for floats or [0..255] for integers). Got range [-2.0836544..153.71461].
2025-05-27 14:09:34,310 - matplotlib.image - WARNING - Clipping input data to the valid range for imshow with RGB data ([0..1] for floats or [0..255] for integers). Got range [-2.0665298..2.64].
2025-05-27 14:09:34,313 - matplotlib.image - WARNING - Clipping input data to the valid range for imshow with RGB data ([0..1] for floats or [0..255] for integers). Got range [-2.0322802..109.056].
2025-05-27 14:09:34,315 - matplotlib.image - WARNING - Clipping input data to the valid range for imshow with RGB data ([0..1] for floats or [0..255] for integers). Got range [-2.0494049..153.75572].
2025-05-27 14:09:34,732 - matplotlib.image - WARNING - Clipping input data to the valid range for imshow with RGB data ([0..1] for floats or [0..255] for integers). Got range [-2.0836544..2.64].
2025-05-27 14:09:34,734 - matplotlib.image - WARNING - Clipping input data to the valid range for imshow with RGB data ([0..1] for floats or [0..255] for integers). Got range [-2.0836544..109.056].
2025-05-27 14:09:34,737 - matplotlib.image - WARNING - Clipping input data to the valid range for imshow with RGB data ([0..1] for floats or [0..255] for integers). Got range [-2.0836544..153.65982].
2025-05-27 14:09:34,882 - matplotlib.image - WARNING - Clipping input data to the valid range for imshow with RGB data ([0..1] for floats or [0..255] for integers). Got range [-2.117904..2.64].
2025-05-27 14:09:34,884 - matplotlib.image - WARNING - Clipping input data to the valid range for imshow with RGB data ([0..1] for floats or [0..255] for integers). Got range [-2.0665298..109.056].
2025-05-27 14:09:34,887 - matplotlib.image - WARNING - Clipping input data to the valid range for imshow with RGB data ([0..1] for floats or [0..255] for integers). Got range [-2.0665298..153.70091].
2025-05-27 14:09:35,027 - matplotlib.image - WARNING - Clipping input data to the valid range for imshow with RGB data ([0..1] for floats or [0..255] for integers). Got range [-2.117904..2.64].
2025-05-27 14:09:35,028 - matplotlib.image - WARNING - Clipping input data to the valid range for imshow with RGB data ([0..1] for floats or [0..255] for integers). Got range [-2.117904..109.056].
2025-05-27 14:09:35,032 - matplotlib.image - WARNING - Clipping input data to the valid range for imshow with RGB data ([0..1] for floats or [0..255] for integers). Got range [-2.117904..153.82422].
2025-05-27 14:09:35,321 - matplotlib.image - WARNING - Clipping input data to the valid range for imshow with RGB data ([0..1] for floats or [0..255] for integers). Got range [-2.1007793..2.64].
2025-05-27 14:09:35,323 - matplotlib.image - WARNING - Clipping input data to the valid range for imshow with RGB data ([0..1] for floats or [0..255] for integers). Got range [-2.1007793..109.056].
2025-05-27 14:09:35,327 - matplotlib.image - WARNING - Clipping input data to the valid range for imshow with RGB data ([0..1] for floats or [0..255] for integers). Got range [-2.1007793..153.71461].
2025-05-27 14:09:35,468 - matplotlib.image - WARNING - Clipping input data to the valid range for imshow with RGB data ([0..1] for floats or [0..255] for integers). Got range [-2.0665298..2.64].
2025-05-27 14:09:35,470 - matplotlib.image - WARNING - Clipping input data to the valid range for imshow with RGB data ([0..1] for floats or [0..255] for integers). Got range [-2.0322802..109.056].
2025-05-27 14:09:35,474 - matplotlib.image - WARNING - Clipping input data to the valid range for imshow with RGB data ([0..1] for floats or [0..255] for integers). Got range [-2.0665298..153.26253].
2025-05-27 14:09:35,620 - matplotlib.image - WARNING - Clipping input data to the valid range for imshow with RGB data ([0..1] for floats or [0..255] for integers). Got range [-2.0836544..2.64].
2025-05-27 14:09:35,622 - matplotlib.image - WARNING - Clipping input data to the valid range for imshow with RGB data ([0..1] for floats or [0..255] for integers). Got range [-2.0836544..109.056].
2025-05-27 14:09:35,625 - matplotlib.image - WARNING - Clipping input data to the valid range for imshow with RGB data ([0..1] for floats or [0..255] for integers). Got range [-2.0836544..153.31047].
2025-05-27 14:09:35,925 - matplotlib.image - WARNING - Clipping input data to the valid range for imshow with RGB data ([0..1] for floats or [0..255] for integers). Got range [-2.0494049..2.5005665].
2025-05-27 14:09:35,927 - matplotlib.image - WARNING - Clipping input data to the valid range for imshow with RGB data ([0..1] for floats or [0..255] for integers). Got range [-2.0322802..109.00023].
2025-05-27 14:09:35,930 - matplotlib.image - WARNING - Clipping input data to the valid range for imshow with RGB data ([0..1] for floats or [0..255] for integers). Got range [-2.0494049..140.20023].
2025-05-27 14:09:36,056 - matplotlib.image - WARNING - Clipping input data to the valid range for imshow with RGB data ([0..1] for floats or [0..255] for integers). Got range [-2.0322802..2.5528543].
2025-05-27 14:09:36,058 - matplotlib.image - WARNING - Clipping input data to the valid range for imshow with RGB data ([0..1] for floats or [0..255] for integers). Got range [-2.0322802..109.02114].
2025-05-27 14:09:36,060 - matplotlib.image - WARNING - Clipping input data to the valid range for imshow with RGB data ([0..1] for floats or [0..255] for integers). Got range [-2.0322802..140.22115].
2025-05-27 14:09:36,189 - matplotlib.image - WARNING - Clipping input data to the valid range for imshow with RGB data ([0..1] for floats or [0..255] for integers). Got range [-2.0494049..2.5528543].
2025-05-27 14:09:36,190 - matplotlib.image - WARNING - Clipping input data to the valid range for imshow with RGB data ([0..1] for floats or [0..255] for integers). Got range [-2.0151556..109.02114].
2025-05-27 14:09:36,193 - matplotlib.image - WARNING - Clipping input data to the valid range for imshow with RGB data ([0..1] for floats or [0..255] for integers). Got range [-2.0494049..140.22115].
2025-05-27 14:09:36,452 - matplotlib.image - WARNING - Clipping input data to the valid range for imshow with RGB data ([0..1] for floats or [0..255] for integers). Got range [-2.0494049..2.535425].
2025-05-27 14:09:36,454 - matplotlib.image - WARNING - Clipping input data to the valid range for imshow with RGB data ([0..1] for floats or [0..255] for integers). Got range [-2.0151556..109.01417].
2025-05-27 14:09:36,457 - matplotlib.image - WARNING - Clipping input data to the valid range for imshow with RGB data ([0..1] for floats or [0..255] for integers). Got range [-2.0494049..140.21417].
2025-05-27 14:09:36,598 - matplotlib.image - WARNING - Clipping input data to the valid range for imshow with RGB data ([0..1] for floats or [0..255] for integers). Got range [-2.0494049..2.5528543].
2025-05-27 14:09:36,600 - matplotlib.image - WARNING - Clipping input data to the valid range for imshow with RGB data ([0..1] for floats or [0..255] for integers). Got range [-2.0494049..109.02114].
2025-05-27 14:09:36,602 - matplotlib.image - WARNING - Clipping input data to the valid range for imshow with RGB data ([0..1] for floats or [0..255] for integers). Got range [-2.0494049..140.22115].
2025-05-27 14:09:36,729 - matplotlib.image - WARNING - Clipping input data to the valid range for imshow with RGB data ([0..1] for floats or [0..255] for integers). Got range [-2.0665298..2.5877128].
2025-05-27 14:09:36,731 - matplotlib.image - WARNING - Clipping input data to the valid range for imshow with RGB data ([0..1] for floats or [0..255] for integers). Got range [-2.0151556..109.03509].
2025-05-27 14:09:36,734 - matplotlib.image - WARNING - Clipping input data to the valid range for imshow with RGB data ([0..1] for floats or [0..255] for integers). Got range [-2.0494049..140.23509].
2025-05-27 14:09:37,103 - matplotlib.image - WARNING - Clipping input data to the valid range for imshow with RGB data ([0..1] for floats or [0..255] for integers). Got range [-2.0665298..2.5528543].
2025-05-27 14:09:37,105 - matplotlib.image - WARNING - Clipping input data to the valid range for imshow with RGB data ([0..1] for floats or [0..255] for integers). Got range [-2.0494049..109.02114].
2025-05-27 14:09:37,108 - matplotlib.image - WARNING - Clipping input data to the valid range for imshow with RGB data ([0..1] for floats or [0..255] for integers). Got range [-2.0665298..140.22115].
2025-05-27 14:09:37,236 - matplotlib.image - WARNING - Clipping input data to the valid range for imshow with RGB data ([0..1] for floats or [0..255] for integers). Got range [-2.0494049..2.5528543].
2025-05-27 14:09:37,238 - matplotlib.image - WARNING - Clipping input data to the valid range for imshow with RGB data ([0..1] for floats or [0..255] for integers). Got range [-2.0494049..109.02114].
2025-05-27 14:09:37,241 - matplotlib.image - WARNING - Clipping input data to the valid range for imshow with RGB data ([0..1] for floats or [0..255] for integers). Got range [-2.0494049..140.22115].
2025-05-27 14:09:37,370 - matplotlib.image - WARNING - Clipping input data to the valid range for imshow with RGB data ([0..1] for floats or [0..255] for integers). Got range [-2.0494049..2.5702832].
2025-05-27 14:09:37,371 - matplotlib.image - WARNING - Clipping input data to the valid range for imshow with RGB data ([0..1] for floats or [0..255] for integers). Got range [-2.0494049..109.028114].
2025-05-27 14:09:37,374 - matplotlib.image - WARNING - Clipping input data to the valid range for imshow with RGB data ([0..1] for floats or [0..255] for integers). Got range [-2.0494049..140.22812].
2025-05-27 14:09:37,620 - matplotlib.image - WARNING - Clipping input data to the valid range for imshow with RGB data ([0..1] for floats or [0..255] for integers). Got range [-2.0494049..2.4308496].
2025-05-27 14:09:37,623 - matplotlib.image - WARNING - Clipping input data to the valid range for imshow with RGB data ([0..1] for floats or [0..255] for integers). Got range [-2.0322802..108.97234].
2025-05-27 14:09:37,625 - matplotlib.image - WARNING - Clipping input data to the valid range for imshow with RGB data ([0..1] for floats or [0..255] for integers). Got range [-2.0494049..140.17233].
2025-05-27 14:09:37,760 - matplotlib.image - WARNING - Clipping input data to the valid range for imshow with RGB data ([0..1] for floats or [0..255] for integers). Got range [-2.0494049..2.3959913].
2025-05-27 14:09:37,762 - matplotlib.image - WARNING - Clipping input data to the valid range for imshow with RGB data ([0..1] for floats or [0..255] for integers). Got range [-2.0494049..108.9584].
2025-05-27 14:09:37,764 - matplotlib.image - WARNING - Clipping input data to the valid range for imshow with RGB data ([0..1] for floats or [0..255] for integers). Got range [-2.0494049..140.1584].
2025-05-27 14:09:37,898 - matplotlib.image - WARNING - Clipping input data to the valid range for imshow with RGB data ([0..1] for floats or [0..255] for integers). Got range [-2.0494049..2.4308496].
2025-05-27 14:09:37,900 - matplotlib.image - WARNING - Clipping input data to the valid range for imshow with RGB data ([0..1] for floats or [0..255] for integers). Got range [-2.0151556..108.97234].
2025-05-27 14:09:37,903 - matplotlib.image - WARNING - Clipping input data to the valid range for imshow with RGB data ([0..1] for floats or [0..255] for integers). Got range [-2.0494049..140.17233].
2025-05-27 14:09:38,164 - matplotlib.image - WARNING - Clipping input data to the valid range for imshow with RGB data ([0..1] for floats or [0..255] for integers). Got range [-2.0494049..2.3785625].
2025-05-27 14:09:38,165 - matplotlib.image - WARNING - Clipping input data to the valid range for imshow with RGB data ([0..1] for floats or [0..255] for integers). Got range [-2.0322802..108.95142].
2025-05-27 14:09:38,168 - matplotlib.image - WARNING - Clipping input data to the valid range for imshow with RGB data ([0..1] for floats or [0..255] for integers). Got range [-2.0494049..140.08171].
2025-05-27 14:09:38,320 - matplotlib.image - WARNING - Clipping input data to the valid range for imshow with RGB data ([0..1] for floats or [0..255] for integers). Got range [-2.0494049..2.3935575].
2025-05-27 14:09:38,322 - matplotlib.image - WARNING - Clipping input data to the valid range for imshow with RGB data ([0..1] for floats or [0..255] for integers). Got range [-2.0494049..108.937485].
2025-05-27 14:09:38,324 - matplotlib.image - WARNING - Clipping input data to the valid range for imshow with RGB data ([0..1] for floats or [0..255] for integers). Got range [-2.0494049..140.08868].
2025-05-27 14:09:38,453 - matplotlib.image - WARNING - Clipping input data to the valid range for imshow with RGB data ([0..1] for floats or [0..255] for integers). Got range [-2.0494049..2.3785625].
2025-05-27 14:09:38,455 - matplotlib.image - WARNING - Clipping input data to the valid range for imshow with RGB data ([0..1] for floats or [0..255] for integers). Got range [-2.0322802..108.95142].
2025-05-27 14:09:38,458 - matplotlib.image - WARNING - Clipping input data to the valid range for imshow with RGB data ([0..1] for floats or [0..255] for integers). Got range [-2.0494049..140.04684].
2025-05-27 14:09:38,713 - matplotlib.image - WARNING - Clipping input data to the valid range for imshow with RGB data ([0..1] for floats or [0..255] for integers). Got range [-2.0494049..2.4134207].
2025-05-27 14:09:38,714 - matplotlib.image - WARNING - Clipping input data to the valid range for imshow with RGB data ([0..1] for floats or [0..255] for integers). Got range [-2.0151556..108.916565].
2025-05-27 14:09:38,718 - matplotlib.image - WARNING - Clipping input data to the valid range for imshow with RGB data ([0..1] for floats or [0..255] for integers). Got range [-2.0494049..140.11656].
2025-05-27 14:09:38,859 - matplotlib.image - WARNING - Clipping input data to the valid range for imshow with RGB data ([0..1] for floats or [0..255] for integers). Got range [-2.0494049..2.343704].
2025-05-27 14:09:38,861 - matplotlib.image - WARNING - Clipping input data to the valid range for imshow with RGB data ([0..1] for floats or [0..255] for integers). Got range [-2.0322802..108.916565].
2025-05-27 14:09:38,863 - matplotlib.image - WARNING - Clipping input data to the valid range for imshow with RGB data ([0..1] for floats or [0..255] for integers). Got range [-2.0494049..140.08171].
2025-05-27 14:09:39,126 - matplotlib.image - WARNING - Clipping input data to the valid range for imshow with RGB data ([0..1] for floats or [0..255] for integers). Got range [-2.0494049..2.3959913].
2025-05-27 14:09:39,128 - matplotlib.image - WARNING - Clipping input data to the valid range for imshow with RGB data ([0..1] for floats or [0..255] for integers). Got range [-1.9980307..108.9584].
2025-05-27 14:09:39,131 - matplotlib.image - WARNING - Clipping input data to the valid range for imshow with RGB data ([0..1] for floats or [0..255] for integers). Got range [-2.0494049..140.05382].
2025-05-27 14:09:39,359 - matplotlib.image - WARNING - Clipping input data to the valid range for imshow with RGB data ([0..1] for floats or [0..255] for integers). Got range [-2.0494049..2.3611329].
2025-05-27 14:09:39,361 - matplotlib.image - WARNING - Clipping input data to the valid range for imshow with RGB data ([0..1] for floats or [0..255] for integers). Got range [-2.0151556..108.94445].
2025-05-27 14:09:39,363 - matplotlib.image - WARNING - Clipping input data to the valid range for imshow with RGB data ([0..1] for floats or [0..255] for integers). Got range [-2.0494049..140.10263].
2025-05-27 14:09:39,501 - matplotlib.image - WARNING - Clipping input data to the valid range for imshow with RGB data ([0..1] for floats or [0..255] for integers). Got range [-2.0494049..2.3262744].
2025-05-27 14:09:39,502 - matplotlib.image - WARNING - Clipping input data to the valid range for imshow with RGB data ([0..1] for floats or [0..255] for integers). Got range [-2.0494049..108.92354].
2025-05-27 14:09:39,505 - matplotlib.image - WARNING - Clipping input data to the valid range for imshow with RGB data ([0..1] for floats or [0..255] for integers). Got range [-2.0494049..140.08868].
2025-05-27 14:09:39,634 - matplotlib.image - WARNING - Clipping input data to the valid range for imshow with RGB data ([0..1] for floats or [0..255] for integers). Got range [-2.0494049..2.3262744].
2025-05-27 14:09:39,636 - matplotlib.image - WARNING - Clipping input data to the valid range for imshow with RGB data ([0..1] for floats or [0..255] for integers). Got range [-2.0322802..108.93051].
2025-05-27 14:09:39,639 - matplotlib.image - WARNING - Clipping input data to the valid range for imshow with RGB data ([0..1] for floats or [0..255] for integers). Got range [-2.0494049..140.09566].
2025-05-27 14:09:39,867 - matplotlib.image - WARNING - Clipping input data to the valid range for imshow with RGB data ([0..1] for floats or [0..255] for integers). Got range [-2.0494049..2.3959913].
2025-05-27 14:09:39,870 - matplotlib.image - WARNING - Clipping input data to the valid range for imshow with RGB data ([0..1] for floats or [0..255] for integers). Got range [-2.0494049..108.9584].
2025-05-27 14:09:39,873 - matplotlib.image - WARNING - Clipping input data to the valid range for imshow with RGB data ([0..1] for floats or [0..255] for integers). Got range [-2.0494049..140.14445].
2025-05-27 14:09:40,018 - matplotlib.image - WARNING - Clipping input data to the valid range for imshow with RGB data ([0..1] for floats or [0..255] for integers). Got range [-2.0665298..2.4308496].
2025-05-27 14:09:40,020 - matplotlib.image - WARNING - Clipping input data to the valid range for imshow with RGB data ([0..1] for floats or [0..255] for integers). Got range [-2.0665298..108.97234].
2025-05-27 14:09:40,023 - matplotlib.image - WARNING - Clipping input data to the valid range for imshow with RGB data ([0..1] for floats or [0..255] for integers). Got range [-2.0665298..140.17233].
2025-05-27 14:09:40,153 - matplotlib.image - WARNING - Clipping input data to the valid range for imshow with RGB data ([0..1] for floats or [0..255] for integers). Got range [-2.0665298..2.4134207].
2025-05-27 14:09:40,155 - matplotlib.image - WARNING - Clipping input data to the valid range for imshow with RGB data ([0..1] for floats or [0..255] for integers). Got range [-2.0665298..108.96537].
2025-05-27 14:09:40,158 - matplotlib.image - WARNING - Clipping input data to the valid range for imshow with RGB data ([0..1] for floats or [0..255] for integers). Got range [-2.0665298..140.16537].
2025-05-27 14:09:40,426 - matplotlib.image - WARNING - Clipping input data to the valid range for imshow with RGB data ([0..1] for floats or [0..255] for integers). Got range [-2.0494049..2.3611329].
2025-05-27 14:09:40,428 - matplotlib.image - WARNING - Clipping input data to the valid range for imshow with RGB data ([0..1] for floats or [0..255] for integers). Got range [-2.0494049..108.94445].
2025-05-27 14:09:40,431 - matplotlib.image - WARNING - Clipping input data to the valid range for imshow with RGB data ([0..1] for floats or [0..255] for integers). Got range [-2.0494049..140.13748].
2025-05-27 14:09:40,565 - matplotlib.image - WARNING - Clipping input data to the valid range for imshow with RGB data ([0..1] for floats or [0..255] for integers). Got range [-2.0494049..2.4308496].
2025-05-27 14:09:40,566 - matplotlib.image - WARNING - Clipping input data to the valid range for imshow with RGB data ([0..1] for floats or [0..255] for integers). Got range [-2.0494049..108.97234].
2025-05-27 14:09:40,569 - matplotlib.image - WARNING - Clipping input data to the valid range for imshow with RGB data ([0..1] for floats or [0..255] for integers). Got range [-2.0494049..140.17233].
2025-05-27 14:09:40,704 - matplotlib.image - WARNING - Clipping input data to the valid range for imshow with RGB data ([0..1] for floats or [0..255] for integers). Got range [-2.0494049..2.3785625].
2025-05-27 14:09:40,706 - matplotlib.image - WARNING - Clipping input data to the valid range for imshow with RGB data ([0..1] for floats or [0..255] for integers). Got range [-2.0494049..108.95142].
2025-05-27 14:09:40,709 - matplotlib.image - WARNING - Clipping input data to the valid range for imshow with RGB data ([0..1] for floats or [0..255] for integers). Got range [-2.0494049..140.15143].
2025-05-27 14:09:40,979 - matplotlib.image - WARNING - Clipping input data to the valid range for imshow with RGB data ([0..1] for floats or [0..255] for integers). Got range [-2.117904..2.5179958].
2025-05-27 14:09:40,981 - matplotlib.image - WARNING - Clipping input data to the valid range for imshow with RGB data ([0..1] for floats or [0..255] for integers). Got range [-2.117904..108.937485].
2025-05-27 14:09:40,984 - matplotlib.image - WARNING - Clipping input data to the valid range for imshow with RGB data ([0..1] for floats or [0..255] for integers). Got range [-2.117904..140.2072].
2025-05-27 14:09:41,127 - matplotlib.image - WARNING - Clipping input data to the valid range for imshow with RGB data ([0..1] for floats or [0..255] for integers). Got range [-2.117904..2.5179958].
2025-05-27 14:09:41,129 - matplotlib.image - WARNING - Clipping input data to the valid range for imshow with RGB data ([0..1] for floats or [0..255] for integers). Got range [-2.117904..108.9584].
2025-05-27 14:09:41,132 - matplotlib.image - WARNING - Clipping input data to the valid range for imshow with RGB data ([0..1] for floats or [0..255] for integers). Got range [-2.117904..140.2072].
2025-05-27 14:09:41,412 - matplotlib.image - WARNING - Clipping input data to the valid range for imshow with RGB data ([0..1] for floats or [0..255] for integers). Got range [-2.117904..2.5528543].
2025-05-27 14:09:41,414 - matplotlib.image - WARNING - Clipping input data to the valid range for imshow with RGB data ([0..1] for floats or [0..255] for integers). Got range [-2.117904..108.92354].
2025-05-27 14:09:41,417 - matplotlib.image - WARNING - Clipping input data to the valid range for imshow with RGB data ([0..1] for floats or [0..255] for integers). Got range [-2.0836544..140.22115].
2025-05-27 14:09:41,667 - matplotlib.image - WARNING - Clipping input data to the valid range for imshow with RGB data ([0..1] for floats or [0..255] for integers). Got range [-1.9637812..2.1345534].
2025-05-27 14:09:41,669 - matplotlib.image - WARNING - Clipping input data to the valid range for imshow with RGB data ([0..1] for floats or [0..255] for integers). Got range [-1.8610327..108.79108].
2025-05-27 14:09:41,672 - matplotlib.image - WARNING - Clipping input data to the valid range for imshow with RGB data ([0..1] for floats or [0..255] for integers). Got range [-1.8610327..139.92833].
2025-05-27 14:09:41,821 - matplotlib.image - WARNING - Clipping input data to the valid range for imshow with RGB data ([0..1] for floats or [0..255] for integers). Got range [-1.9980307..2.1345534].
2025-05-27 14:09:41,823 - matplotlib.image - WARNING - Clipping input data to the valid range for imshow with RGB data ([0..1] for floats or [0..255] for integers). Got range [-1.9980307..108.85382].
2025-05-27 14:09:41,825 - matplotlib.image - WARNING - Clipping input data to the valid range for imshow with RGB data ([0..1] for floats or [0..255] for integers). Got range [-1.8781574..139.94925].
2025-05-27 14:09:41,959 - matplotlib.image - WARNING - Clipping input data to the valid range for imshow with RGB data ([0..1] for floats or [0..255] for integers). Got range [-1.980906..2.1519828].
2025-05-27 14:09:41,961 - matplotlib.image - WARNING - Clipping input data to the valid range for imshow with RGB data ([0..1] for floats or [0..255] for integers). Got range [-1.980906..108.860794].
2025-05-27 14:09:41,964 - matplotlib.image - WARNING - Clipping input data to the valid range for imshow with RGB data ([0..1] for floats or [0..255] for integers). Got range [-1.843908..139.9632].
2025-05-27 14:09:42,217 - matplotlib.image - WARNING - Clipping input data to the valid range for imshow with RGB data ([0..1] for floats or [0..255] for integers). Got range [-2.0494049..2.3262744].
2025-05-27 14:09:42,218 - matplotlib.image - WARNING - Clipping input data to the valid range for imshow with RGB data ([0..1] for floats or [0..255] for integers). Got range [-1.9466565..108.93051].
2025-05-27 14:09:42,221 - matplotlib.image - WARNING - Clipping input data to the valid range for imshow with RGB data ([0..1] for floats or [0..255] for integers). Got range [-1.7411594..139.99805].
2025-05-27 14:09:42,359 - matplotlib.image - WARNING - Clipping input data to the valid range for imshow with RGB data ([0..1] for floats or [0..255] for integers). Got range [-2.0665298..2.3088455].
2025-05-27 14:09:42,361 - matplotlib.image - WARNING - Clipping input data to the valid range for imshow with RGB data ([0..1] for floats or [0..255] for integers). Got range [-2.0151556..108.90959].
2025-05-27 14:09:42,364 - matplotlib.image - WARNING - Clipping input data to the valid range for imshow with RGB data ([0..1] for floats or [0..255] for integers). Got range [-1.7069099..139.99107].
2025-05-27 14:09:42,492 - matplotlib.image - WARNING - Clipping input data to the valid range for imshow with RGB data ([0..1] for floats or [0..255] for integers). Got range [-2.1007793..2.3262744].
2025-05-27 14:09:42,493 - matplotlib.image - WARNING - Clipping input data to the valid range for imshow with RGB data ([0..1] for floats or [0..255] for integers). Got range [-1.9980307..108.90959].
2025-05-27 14:09:42,496 - matplotlib.image - WARNING - Clipping input data to the valid range for imshow with RGB data ([0..1] for floats or [0..255] for integers). Got range [-1.6726604..140.01897].
2025-05-27 14:09:42,731 - matplotlib.image - WARNING - Clipping input data to the valid range for imshow with RGB data ([0..1] for floats or [0..255] for integers). Got range [-2.117904..2.6051416].
2025-05-27 14:09:42,733 - matplotlib.image - WARNING - Clipping input data to the valid range for imshow with RGB data ([0..1] for floats or [0..255] for integers). Got range [-2.1007793..108.95142].
2025-05-27 14:09:42,736 - matplotlib.image - WARNING - Clipping input data to the valid range for imshow with RGB data ([0..1] for floats or [0..255] for integers). Got range [-1.5356624..140.06776].
2025-05-27 14:09:42,885 - matplotlib.image - WARNING - Clipping input data to the valid range for imshow with RGB data ([0..1] for floats or [0..255] for integers). Got range [-2.1007793..2.64].
2025-05-27 14:09:42,887 - matplotlib.image - WARNING - Clipping input data to the valid range for imshow with RGB data ([0..1] for floats or [0..255] for integers). Got range [-2.0665298..109.056].
2025-05-27 14:09:42,890 - matplotlib.image - WARNING - Clipping input data to the valid range for imshow with RGB data ([0..1] for floats or [0..255] for integers). Got range [-1.5356624..140.17233].
2025-05-27 14:09:43,030 - matplotlib.image - WARNING - Clipping input data to the valid range for imshow with RGB data ([0..1] for floats or [0..255] for integers). Got range [-2.0322802..2.5702832].
2025-05-27 14:09:43,032 - matplotlib.image - WARNING - Clipping input data to the valid range for imshow with RGB data ([0..1] for floats or [0..255] for integers). Got range [-2.0322802..108.98628].
2025-05-27 14:09:43,035 - matplotlib.image - WARNING - Clipping input data to the valid range for imshow with RGB data ([0..1] for floats or [0..255] for integers). Got range [-1.6726604..140.10959].
2025-05-27 14:09:43,279 - matplotlib.image - WARNING - Clipping input data to the valid range for imshow with RGB data ([0..1] for floats or [0..255] for integers). Got range [-1.9980307..2.64].
2025-05-27 14:09:43,281 - matplotlib.image - WARNING - Clipping input data to the valid range for imshow with RGB data ([0..1] for floats or [0..255] for integers). Got range [-1.9466565..109.056].
2025-05-27 14:09:43,285 - matplotlib.image - WARNING - Clipping input data to the valid range for imshow with RGB data ([0..1] for floats or [0..255] for integers). Got range [-1.5527872..140.18628].
2025-05-27 14:09:43,426 - matplotlib.image - WARNING - Clipping input data to the valid range for imshow with RGB data ([0..1] for floats or [0..255] for integers). Got range [-2.0836544..2.64].
2025-05-27 14:09:43,427 - matplotlib.image - WARNING - Clipping input data to the valid range for imshow with RGB data ([0..1] for floats or [0..255] for integers). Got range [-1.9637812..109.056].
2025-05-27 14:09:43,431 - matplotlib.image - WARNING - Clipping input data to the valid range for imshow with RGB data ([0..1] for floats or [0..255] for integers). Got range [-1.5699118..140.08171].
2025-05-27 14:09:43,702 - matplotlib.image - WARNING - Clipping input data to the valid range for imshow with RGB data ([0..1] for floats or [0..255] for integers). Got range [-2.1007793..2.64].
2025-05-27 14:09:43,704 - matplotlib.image - WARNING - Clipping input data to the valid range for imshow with RGB data ([0..1] for floats or [0..255] for integers). Got range [-2.1007793..109.04205].
2025-05-27 14:09:43,707 - matplotlib.image - WARNING - Clipping input data to the valid range for imshow with RGB data ([0..1] for floats or [0..255] for integers). Got range [-1.6555357..140.10959].
2025-05-27 14:09:43,926 - matplotlib.image - WARNING - Clipping input data to the valid range for imshow with RGB data ([0..1] for floats or [0..255] for integers). Got range [-1.9980307..2.5528543].
2025-05-27 14:09:43,928 - matplotlib.image - WARNING - Clipping input data to the valid range for imshow with RGB data ([0..1] for floats or [0..255] for integers). Got range [-1.9980307..108.97234].
2025-05-27 14:09:43,931 - matplotlib.image - WARNING - Clipping input data to the valid range for imshow with RGB data ([0..1] for floats or [0..255] for integers). Got range [-1.4157891..139.58672].
2025-05-27 14:09:44,079 - matplotlib.image - WARNING - Clipping input data to the valid range for imshow with RGB data ([0..1] for floats or [0..255] for integers). Got range [-1.9466565..2.5005665].
2025-05-27 14:09:44,081 - matplotlib.image - WARNING - Clipping input data to the valid range for imshow with RGB data ([0..1] for floats or [0..255] for integers). Got range [-1.7411594..109.00023].
2025-05-27 14:09:44,084 - matplotlib.image - WARNING - Clipping input data to the valid range for imshow with RGB data ([0..1] for floats or [0..255] for integers). Got range [-1.3815396..139.57974].
2025-05-27 14:09:44,218 - matplotlib.image - WARNING - Clipping input data to the valid range for imshow with RGB data ([0..1] for floats or [0..255] for integers). Got range [-1.8952821..2.4482791].
2025-05-27 14:09:44,220 - matplotlib.image - WARNING - Clipping input data to the valid range for imshow with RGB data ([0..1] for floats or [0..255] for integers). Got range [-1.6726604..108.97234].
2025-05-27 14:09:44,223 - matplotlib.image - WARNING - Clipping input data to the valid range for imshow with RGB data ([0..1] for floats or [0..255] for integers). Got range [-1.3815396..139.48912].
2025-05-27 14:09:44,469 - matplotlib.image - WARNING - Clipping input data to the valid range for imshow with RGB data ([0..1] for floats or [0..255] for integers). Got range [-1.980906..2.64].
2025-05-27 14:09:44,471 - matplotlib.image - WARNING - Clipping input data to the valid range for imshow with RGB data ([0..1] for floats or [0..255] for integers). Got range [-1.8267832..109.04205].
2025-05-27 14:09:44,475 - matplotlib.image - WARNING - Clipping input data to the valid range for imshow with RGB data ([0..1] for floats or [0..255] for integers). Got range [-1.8952821..153.73517].
2025-05-27 14:09:44,660 - matplotlib.image - WARNING - Clipping input data to the valid range for imshow with RGB data ([0..1] for floats or [0..255] for integers). Got range [-2.0322802..2.64].
2025-05-27 14:09:44,662 - matplotlib.image - WARNING - Clipping input data to the valid range for imshow with RGB data ([0..1] for floats or [0..255] for integers). Got range [-1.9124069..109.04205].
2025-05-27 14:09:44,665 - matplotlib.image - WARNING - Clipping input data to the valid range for imshow with RGB data ([0..1] for floats or [0..255] for integers). Got range [-1.7582842..153.74202].
2025-05-27 14:09:44,832 - matplotlib.image - WARNING - Clipping input data to the valid range for imshow with RGB data ([0..1] for floats or [0..255] for integers). Got range [-1.9637812..2.64].
2025-05-27 14:09:44,834 - matplotlib.image - WARNING - Clipping input data to the valid range for imshow with RGB data ([0..1] for floats or [0..255] for integers). Got range [-1.6041614..109.056].
2025-05-27 14:09:44,837 - matplotlib.image - WARNING - Clipping input data to the valid range for imshow with RGB data ([0..1] for floats or [0..255] for integers). Got range [-1.9637812..153.72147].
2025-05-27 14:09:45,109 - matplotlib.image - WARNING - Clipping input data to the valid range for imshow with RGB data ([0..1] for floats or [0..255] for integers). Got range [-1.9124069..2.64].
2025-05-27 14:09:45,111 - matplotlib.image - WARNING - Clipping input data to the valid range for imshow with RGB data ([0..1] for floats or [0..255] for integers). Got range [-1.8610327..109.04903].
2025-05-27 14:09:45,114 - matplotlib.image - WARNING - Clipping input data to the valid range for imshow with RGB data ([0..1] for floats or [0..255] for integers). Got range [-1.7925336..153.83792].
2025-05-27 14:09:45,295 - matplotlib.image - WARNING - Clipping input data to the valid range for imshow with RGB data ([0..1] for floats or [0..255] for integers). Got range [-1.9295317..2.64].
2025-05-27 14:09:45,297 - matplotlib.image - WARNING - Clipping input data to the valid range for imshow with RGB data ([0..1] for floats or [0..255] for integers). Got range [-1.9131652..109.028114].
2025-05-27 14:09:45,301 - matplotlib.image - WARNING - Clipping input data to the valid range for imshow with RGB data ([0..1] for floats or [0..255] for integers). Got range [-1.8781574..153.73517].
2025-05-27 14:09:45,474 - matplotlib.image - WARNING - Clipping input data to the valid range for imshow with RGB data ([0..1] for floats or [0..255] for integers). Got range [-1.8952821..2.64].
2025-05-27 14:09:45,476 - matplotlib.image - WARNING - Clipping input data to the valid range for imshow with RGB data ([0..1] for floats or [0..255] for integers). Got range [-1.8606442..109.028114].
2025-05-27 14:09:45,479 - matplotlib.image - WARNING - Clipping input data to the valid range for imshow with RGB data ([0..1] for floats or [0..255] for integers). Got range [-1.7925336..153.78996].
2025-05-27 14:09:45,789 - matplotlib.image - WARNING - Clipping input data to the valid range for imshow with RGB data ([0..1] for floats or [0..255] for integers). Got range [-1.9124069..2.64].
2025-05-27 14:09:45,791 - matplotlib.image - WARNING - Clipping input data to the valid range for imshow with RGB data ([0..1] for floats or [0..255] for integers). Got range [-1.8096584..109.028114].
2025-05-27 14:09:45,794 - matplotlib.image - WARNING - Clipping input data to the valid range for imshow with RGB data ([0..1] for floats or [0..255] for integers). Got range [-1.6555357..153.72832].
2025-05-27 14:09:45,991 - matplotlib.image - WARNING - Clipping input data to the valid range for imshow with RGB data ([0..1] for floats or [0..255] for integers). Got range [-2.0322802..2.64].
2025-05-27 14:09:45,992 - matplotlib.image - WARNING - Clipping input data to the valid range for imshow with RGB data ([0..1] for floats or [0..255] for integers). Got range [-1.8610327..109.04205].
2025-05-27 14:09:45,995 - matplotlib.image - WARNING - Clipping input data to the valid range for imshow with RGB data ([0..1] for floats or [0..255] for integers). Got range [-1.6726604..153.73517].
2025-05-27 14:09:46,315 - matplotlib.image - WARNING - Clipping input data to the valid range for imshow with RGB data ([0..1] for floats or [0..255] for integers). Got range [-1.9131652..2.64].
2025-05-27 14:09:46,317 - matplotlib.image - WARNING - Clipping input data to the valid range for imshow with RGB data ([0..1] for floats or [0..255] for integers). Got range [-1.4558606..109.056].
2025-05-27 14:09:46,320 - matplotlib.image - WARNING - Clipping input data to the valid range for imshow with RGB data ([0..1] for floats or [0..255] for integers). Got range [-1.4558606..153.81737].
2025-05-27 14:09:46,637 - matplotlib.image - WARNING - Clipping input data to the valid range for imshow with RGB data ([0..1] for floats or [0..255] for integers). Got range [-1.9295317..2.5528543].
2025-05-27 14:09:46,638 - matplotlib.image - WARNING - Clipping input data to the valid range for imshow with RGB data ([0..1] for floats or [0..255] for integers). Got range [-1.7411594..108.94445].
2025-05-27 14:09:46,642 - matplotlib.image - WARNING - Clipping input data to the valid range for imshow with RGB data ([0..1] for floats or [0..255] for integers). Got range [-1.7411594..153.74202].
2025-05-27 14:09:46,830 - matplotlib.image - WARNING - Clipping input data to the valid range for imshow with RGB data ([0..1] for floats or [0..255] for integers). Got range [-1.8781574..2.64].
2025-05-27 14:09:46,832 - matplotlib.image - WARNING - Clipping input data to the valid range for imshow with RGB data ([0..1] for floats or [0..255] for integers). Got range [-1.7582842..108.9584].
2025-05-27 14:09:46,835 - matplotlib.image - WARNING - Clipping input data to the valid range for imshow with RGB data ([0..1] for floats or [0..255] for integers). Got range [-1.6384109..153.73517].
2025-05-27 14:09:47,006 - matplotlib.image - WARNING - Clipping input data to the valid range for imshow with RGB data ([0..1] for floats or [0..255] for integers). Got range [-1.9295317..2.64].
2025-05-27 14:09:47,007 - matplotlib.image - WARNING - Clipping input data to the valid range for imshow with RGB data ([0..1] for floats or [0..255] for integers). Got range [-1.7069099..109.056].
2025-05-27 14:09:47,010 - matplotlib.image - WARNING - Clipping input data to the valid range for imshow with RGB data ([0..1] for floats or [0..255] for integers). Got range [-1.6041614..153.74202].
2025-05-27 14:09:47,355 - matplotlib.image - WARNING - Clipping input data to the valid range for imshow with RGB data ([0..1] for floats or [0..255] for integers). Got range [-1.8952821..2.64].
2025-05-27 14:09:47,357 - matplotlib.image - WARNING - Clipping input data to the valid range for imshow with RGB data ([0..1] for floats or [0..255] for integers). Got range [-1.8096584..109.03509].
2025-05-27 14:09:47,360 - matplotlib.image - WARNING - Clipping input data to the valid range for imshow with RGB data ([0..1] for floats or [0..255] for integers). Got range [-1.7925336..153.67352].
2025-05-27 14:09:47,533 - matplotlib.image - WARNING - Clipping input data to the valid range for imshow with RGB data ([0..1] for floats or [0..255] for integers). Got range [-1.9124069..2.64].
2025-05-27 14:09:47,534 - matplotlib.image - WARNING - Clipping input data to the valid range for imshow with RGB data ([0..1] for floats or [0..255] for integers). Got range [-1.7240347..109.04205].
2025-05-27 14:09:47,537 - matplotlib.image - WARNING - Clipping input data to the valid range for imshow with RGB data ([0..1] for floats or [0..255] for integers). Got range [-1.7240347..153.71461].
2025-05-27 14:09:47,714 - matplotlib.image - WARNING - Clipping input data to the valid range for imshow with RGB data ([0..1] for floats or [0..255] for integers). Got range [-1.8781574..2.64].
2025-05-27 14:09:47,715 - matplotlib.image - WARNING - Clipping input data to the valid range for imshow with RGB data ([0..1] for floats or [0..255] for integers). Got range [-1.7240347..109.056].
2025-05-27 14:09:47,719 - matplotlib.image - WARNING - Clipping input data to the valid range for imshow with RGB data ([0..1] for floats or [0..255] for integers). Got range [-1.7240347..153.71461].
2025-05-27 14:09:48,014 - matplotlib.image - WARNING - Clipping input data to the valid range for imshow with RGB data ([0..1] for floats or [0..255] for integers). Got range [-1.9637812..2.6051416].
2025-05-27 14:09:48,016 - matplotlib.image - WARNING - Clipping input data to the valid range for imshow with RGB data ([0..1] for floats or [0..255] for integers). Got range [-1.8267832..109.04205].
2025-05-27 14:09:48,019 - matplotlib.image - WARNING - Clipping input data to the valid range for imshow with RGB data ([0..1] for floats or [0..255] for integers). Got range [-1.6855742..153.70776].
2025-05-27 14:09:48,204 - matplotlib.image - WARNING - Clipping input data to the valid range for imshow with RGB data ([0..1] for floats or [0..255] for integers). Got range [-1.9124069..2.6051416].
2025-05-27 14:09:48,206 - matplotlib.image - WARNING - Clipping input data to the valid range for imshow with RGB data ([0..1] for floats or [0..255] for integers). Got range [-1.6555357..109.028114].
2025-05-27 14:09:48,209 - matplotlib.image - WARNING - Clipping input data to the valid range for imshow with RGB data ([0..1] for floats or [0..255] for integers). Got range [-1.7754089..153.65297].
2025-05-27 14:09:48,385 - matplotlib.image - WARNING - Clipping input data to the valid range for imshow with RGB data ([0..1] for floats or [0..255] for integers). Got range [-1.9295317..2.6051416].
2025-05-27 14:09:48,386 - matplotlib.image - WARNING - Clipping input data to the valid range for imshow with RGB data ([0..1] for floats or [0..255] for integers). Got range [-1.7695861..109.03509].
2025-05-27 14:09:48,389 - matplotlib.image - WARNING - Clipping input data to the valid range for imshow with RGB data ([0..1] for floats or [0..255] for integers). Got range [-1.7695861..153.67352].
2025-05-27 14:09:48,662 - matplotlib.image - WARNING - Clipping input data to the valid range for imshow with RGB data ([0..1] for floats or [0..255] for integers). Got range [-1.980906..2.5877128].
2025-05-27 14:09:48,664 - matplotlib.image - WARNING - Clipping input data to the valid range for imshow with RGB data ([0..1] for floats or [0..255] for integers). Got range [-1.7240347..109.03509].
2025-05-27 14:09:48,667 - matplotlib.image - WARNING - Clipping input data to the valid range for imshow with RGB data ([0..1] for floats or [0..255] for integers). Got range [-1.6475817..153.70776].
2025-05-27 14:09:48,851 - matplotlib.image - WARNING - Clipping input data to the valid range for imshow with RGB data ([0..1] for floats or [0..255] for integers). Got range [-1.9637812..2.622571].
2025-05-27 14:09:48,853 - matplotlib.image - WARNING - Clipping input data to the valid range for imshow with RGB data ([0..1] for floats or [0..255] for integers). Got range [-1.7582842..109.04903].
2025-05-27 14:09:48,856 - matplotlib.image - WARNING - Clipping input data to the valid range for imshow with RGB data ([0..1] for floats or [0..255] for integers). Got range [-1.6897851..153.86531].
2025-05-27 14:09:49,177 - matplotlib.image - WARNING - Clipping input data to the valid range for imshow with RGB data ([0..1] for floats or [0..255] for integers). Got range [-1.9637812..2.64].
2025-05-27 14:09:49,179 - matplotlib.image - WARNING - Clipping input data to the valid range for imshow with RGB data ([0..1] for floats or [0..255] for integers). Got range [-1.7411594..109.056].
2025-05-27 14:09:49,182 - matplotlib.image - WARNING - Clipping input data to the valid range for imshow with RGB data ([0..1] for floats or [0..255] for integers). Got range [-1.8952821..153.83792].
2025-05-27 14:09:49,456 - matplotlib.image - WARNING - Clipping input data to the valid range for imshow with RGB data ([0..1] for floats or [0..255] for integers). Got range [-1.9637812..2.64].
2025-05-27 14:09:49,457 - matplotlib.image - WARNING - Clipping input data to the valid range for imshow with RGB data ([0..1] for floats or [0..255] for integers). Got range [-1.7582842..109.056].
2025-05-27 14:09:49,460 - matplotlib.image - WARNING - Clipping input data to the valid range for imshow with RGB data ([0..1] for floats or [0..255] for integers). Got range [-1.9295317..153.79681].
2025-05-27 14:09:49,648 - matplotlib.image - WARNING - Clipping input data to the valid range for imshow with RGB data ([0..1] for floats or [0..255] for integers). Got range [-1.9466565..2.6051416].
2025-05-27 14:09:49,650 - matplotlib.image - WARNING - Clipping input data to the valid range for imshow with RGB data ([0..1] for floats or [0..255] for integers). Got range [-1.8267832..109.04205].
2025-05-27 14:09:49,653 - matplotlib.image - WARNING - Clipping input data to the valid range for imshow with RGB data ([0..1] for floats or [0..255] for integers). Got range [-1.8781574..153.82422].
2025-05-27 14:09:49,827 - matplotlib.image - WARNING - Clipping input data to the valid range for imshow with RGB data ([0..1] for floats or [0..255] for integers). Got range [-1.9637812..2.64].
2025-05-27 14:09:49,829 - matplotlib.image - WARNING - Clipping input data to the valid range for imshow with RGB data ([0..1] for floats or [0..255] for integers). Got range [-1.8096584..109.056].
2025-05-27 14:09:49,832 - matplotlib.image - WARNING - Clipping input data to the valid range for imshow with RGB data ([0..1] for floats or [0..255] for integers). Got range [-1.7925336..153.84476].
2025-05-27 14:09:50,113 - matplotlib.image - WARNING - Clipping input data to the valid range for imshow with RGB data ([0..1] for floats or [0..255] for integers). Got range [-1.8610327..2.64].
2025-05-27 14:09:50,115 - matplotlib.image - WARNING - Clipping input data to the valid range for imshow with RGB data ([0..1] for floats or [0..255] for integers). Got range [-1.6897851..109.056].
2025-05-27 14:09:50,118 - matplotlib.image - WARNING - Clipping input data to the valid range for imshow with RGB data ([0..1] for floats or [0..255] for integers). Got range [-1.6041614..153.89272].
2025-05-27 14:09:50,307 - matplotlib.image - WARNING - Clipping input data to the valid range for imshow with RGB data ([0..1] for floats or [0..255] for integers). Got range [-1.8781574..2.622571].
2025-05-27 14:09:50,309 - matplotlib.image - WARNING - Clipping input data to the valid range for imshow with RGB data ([0..1] for floats or [0..255] for integers). Got range [-1.6041614..109.04903].
2025-05-27 14:09:50,312 - matplotlib.image - WARNING - Clipping input data to the valid range for imshow with RGB data ([0..1] for floats or [0..255] for integers). Got range [-1.6041614..153.73517].
2025-05-27 14:09:50,488 - matplotlib.image - WARNING - Clipping input data to the valid range for imshow with RGB data ([0..1] for floats or [0..255] for integers). Got range [-1.8781574..2.64].
2025-05-27 14:09:50,489 - matplotlib.image - WARNING - Clipping input data to the valid range for imshow with RGB data ([0..1] for floats or [0..255] for integers). Got range [-1.4500387..109.056].
2025-05-27 14:09:50,493 - matplotlib.image - WARNING - Clipping input data to the valid range for imshow with RGB data ([0..1] for floats or [0..255] for integers). Got range [-1.7240347..153.83792].
2025-05-27 14:09:50,794 - matplotlib.image - WARNING - Clipping input data to the valid range for imshow with RGB data ([0..1] for floats or [0..255] for integers). Got range [-1.9124069..2.622571].
2025-05-27 14:09:50,795 - matplotlib.image - WARNING - Clipping input data to the valid range for imshow with RGB data ([0..1] for floats or [0..255] for integers). Got range [-1.6041614..109.04903].
2025-05-27 14:09:50,798 - matplotlib.image - WARNING - Clipping input data to the valid range for imshow with RGB data ([0..1] for floats or [0..255] for integers). Got range [-1.6726604..153.68721].
2025-05-27 14:09:50,978 - matplotlib.image - WARNING - Clipping input data to the valid range for imshow with RGB data ([0..1] for floats or [0..255] for integers). Got range [-1.9124069..2.64].
2025-05-27 14:09:50,979 - matplotlib.image - WARNING - Clipping input data to the valid range for imshow with RGB data ([0..1] for floats or [0..255] for integers). Got range [-1.5699118..109.056].
2025-05-27 14:09:50,983 - matplotlib.image - WARNING - Clipping input data to the valid range for imshow with RGB data ([0..1] for floats or [0..255] for integers). Got range [-1.6384109..153.74887].
2025-05-27 14:09:51,161 - matplotlib.image - WARNING - Clipping input data to the valid range for imshow with RGB data ([0..1] for floats or [0..255] for integers). Got range [-1.8781574..2.622571].
2025-05-27 14:09:51,162 - matplotlib.image - WARNING - Clipping input data to the valid range for imshow with RGB data ([0..1] for floats or [0..255] for integers). Got range [-1.4671633..109.04903].
2025-05-27 14:09:51,165 - matplotlib.image - WARNING - Clipping input data to the valid range for imshow with RGB data ([0..1] for floats or [0..255] for integers). Got range [-1.6212862..153.78311].
2025-05-27 14:09:51,473 - matplotlib.image - WARNING - Clipping input data to the valid range for imshow with RGB data ([0..1] for floats or [0..255] for integers). Got range [-1.9124069..2.64].
2025-05-27 14:09:51,474 - matplotlib.image - WARNING - Clipping input data to the valid range for imshow with RGB data ([0..1] for floats or [0..255] for integers). Got range [-1.7925336..109.02114].
2025-05-27 14:09:51,478 - matplotlib.image - WARNING - Clipping input data to the valid range for imshow with RGB data ([0..1] for floats or [0..255] for integers). Got range [-1.8096584..108.714386].
2025-05-27 14:09:51,777 - matplotlib.image - WARNING - Clipping input data to the valid range for imshow with RGB data ([0..1] for floats or [0..255] for integers). Got range [-1.843908..2.64].
2025-05-27 14:09:51,779 - matplotlib.image - WARNING - Clipping input data to the valid range for imshow with RGB data ([0..1] for floats or [0..255] for integers). Got range [-1.8096584..109.04903].
2025-05-27 14:09:51,781 - matplotlib.image - WARNING - Clipping input data to the valid range for imshow with RGB data ([0..1] for floats or [0..255] for integers). Got range [-1.8096584..108.85382].
2025-05-27 14:09:51,927 - matplotlib.image - WARNING - Clipping input data to the valid range for imshow with RGB data ([0..1] for floats or [0..255] for integers). Got range [-1.8952821..2.64].
2025-05-27 14:09:51,929 - matplotlib.image - WARNING - Clipping input data to the valid range for imshow with RGB data ([0..1] for floats or [0..255] for integers). Got range [-1.7754089..109.056].
2025-05-27 14:09:51,932 - matplotlib.image - WARNING - Clipping input data to the valid range for imshow with RGB data ([0..1] for floats or [0..255] for integers). Got range [-1.7754089..108.72136].
2025-05-27 14:09:52,230 - matplotlib.image - WARNING - Clipping input data to the valid range for imshow with RGB data ([0..1] for floats or [0..255] for integers). Got range [-1.8610327..2.64].
2025-05-27 14:09:52,232 - matplotlib.image - WARNING - Clipping input data to the valid range for imshow with RGB data ([0..1] for floats or [0..255] for integers). Got range [-1.8610327..109.056].
2025-05-27 14:09:52,235 - matplotlib.image - WARNING - Clipping input data to the valid range for imshow with RGB data ([0..1] for floats or [0..255] for integers). Got range [-1.8610327..108.735306].
2025-05-27 14:09:52,380 - matplotlib.image - WARNING - Clipping input data to the valid range for imshow with RGB data ([0..1] for floats or [0..255] for integers). Got range [-1.9295317..2.64].
2025-05-27 14:09:52,382 - matplotlib.image - WARNING - Clipping input data to the valid range for imshow with RGB data ([0..1] for floats or [0..255] for integers). Got range [-1.8610327..109.04205].
2025-05-27 14:09:52,385 - matplotlib.image - WARNING - Clipping input data to the valid range for imshow with RGB data ([0..1] for floats or [0..255] for integers). Got range [-1.8610327..108.714386].
2025-05-27 14:09:52,534 - matplotlib.image - WARNING - Clipping input data to the valid range for imshow with RGB data ([0..1] for floats or [0..255] for integers). Got range [-1.9295317..2.64].
2025-05-27 14:09:52,536 - matplotlib.image - WARNING - Clipping input data to the valid range for imshow with RGB data ([0..1] for floats or [0..255] for integers). Got range [-1.9295317..109.056].
2025-05-27 14:09:52,539 - matplotlib.image - WARNING - Clipping input data to the valid range for imshow with RGB data ([0..1] for floats or [0..255] for integers). Got range [-1.9295317..108.860794].
2025-05-27 14:09:52,836 - matplotlib.image - WARNING - Clipping input data to the valid range for imshow with RGB data ([0..1] for floats or [0..255] for integers). Got range [-1.8952821..2.64].
2025-05-27 14:09:52,838 - matplotlib.image - WARNING - Clipping input data to the valid range for imshow with RGB data ([0..1] for floats or [0..255] for integers). Got range [-1.8952821..109.056].
2025-05-27 14:09:52,841 - matplotlib.image - WARNING - Clipping input data to the valid range for imshow with RGB data ([0..1] for floats or [0..255] for integers). Got range [-1.8952821..108.83291].
2025-05-27 14:09:53,006 - matplotlib.image - WARNING - Clipping input data to the valid range for imshow with RGB data ([0..1] for floats or [0..255] for integers). Got range [-1.9131652..2.5702832].
2025-05-27 14:09:53,008 - matplotlib.image - WARNING - Clipping input data to the valid range for imshow with RGB data ([0..1] for floats or [0..255] for integers). Got range [-1.8781574..108.88868].
2025-05-27 14:09:53,011 - matplotlib.image - WARNING - Clipping input data to the valid range for imshow with RGB data ([0..1] for floats or [0..255] for integers). Got range [-1.8781574..108.80502].
2025-05-27 14:09:53,156 - matplotlib.image - WARNING - Clipping input data to the valid range for imshow with RGB data ([0..1] for floats or [0..255] for integers). Got range [-1.9637812..2.64].
2025-05-27 14:09:53,158 - matplotlib.image - WARNING - Clipping input data to the valid range for imshow with RGB data ([0..1] for floats or [0..255] for integers). Got range [-1.8610327..109.028114].
2025-05-27 14:09:53,160 - matplotlib.image - WARNING - Clipping input data to the valid range for imshow with RGB data ([0..1] for floats or [0..255] for integers). Got range [-1.8610327..108.77713].
2025-05-27 14:09:53,437 - matplotlib.image - WARNING - Clipping input data to the valid range for imshow with RGB data ([0..1] for floats or [0..255] for integers). Got range [-1.843908..2.622571].
2025-05-27 14:09:53,438 - matplotlib.image - WARNING - Clipping input data to the valid range for imshow with RGB data ([0..1] for floats or [0..255] for integers). Got range [-1.843908..109.028114].
2025-05-27 14:09:53,441 - matplotlib.image - WARNING - Clipping input data to the valid range for imshow with RGB data ([0..1] for floats or [0..255] for integers). Got range [-1.843908..108.93051].
2025-05-27 14:09:53,596 - matplotlib.image - WARNING - Clipping input data to the valid range for imshow with RGB data ([0..1] for floats or [0..255] for integers). Got range [-1.843908..2.64].
2025-05-27 14:09:53,597 - matplotlib.image - WARNING - Clipping input data to the valid range for imshow with RGB data ([0..1] for floats or [0..255] for integers). Got range [-1.843908..109.04205].
2025-05-27 14:09:53,600 - matplotlib.image - WARNING - Clipping input data to the valid range for imshow with RGB data ([0..1] for floats or [0..255] for integers). Got range [-1.843908..108.79805].
2025-05-27 14:09:53,745 - matplotlib.image - WARNING - Clipping input data to the valid range for imshow with RGB data ([0..1] for floats or [0..255] for integers). Got range [-1.8952821..2.64].
2025-05-27 14:09:53,747 - matplotlib.image - WARNING - Clipping input data to the valid range for imshow with RGB data ([0..1] for floats or [0..255] for integers). Got range [-1.8952821..109.04903].
2025-05-27 14:09:53,750 - matplotlib.image - WARNING - Clipping input data to the valid range for imshow with RGB data ([0..1] for floats or [0..255] for integers). Got range [-1.8952821..108.83291].
2025-05-27 14:09:54,004 - matplotlib.image - WARNING - Clipping input data to the valid range for imshow with RGB data ([0..1] for floats or [0..255] for integers). Got range [-1.843908..2.64].
2025-05-27 14:09:54,006 - matplotlib.image - WARNING - Clipping input data to the valid range for imshow with RGB data ([0..1] for floats or [0..255] for integers). Got range [-1.8267832..109.04903].
2025-05-27 14:09:54,009 - matplotlib.image - WARNING - Clipping input data to the valid range for imshow with RGB data ([0..1] for floats or [0..255] for integers). Got range [-1.8267832..108.825935].
2025-05-27 14:09:54,161 - matplotlib.image - WARNING - Clipping input data to the valid range for imshow with RGB data ([0..1] for floats or [0..255] for integers). Got range [-1.8952821..2.64].
2025-05-27 14:09:54,163 - matplotlib.image - WARNING - Clipping input data to the valid range for imshow with RGB data ([0..1] for floats or [0..255] for integers). Got range [-1.8267832..109.03509].
2025-05-27 14:09:54,309 - matplotlib.image - WARNING - Clipping input data to the valid range for imshow with RGB data ([0..1] for floats or [0..255] for integers). Got range [-1.8267832..108.839874].
2025-05-27 14:09:54,457 - matplotlib.image - WARNING - Clipping input data to the valid range for imshow with RGB data ([0..1] for floats or [0..255] for integers). Got range [-1.9124069..2.64].
2025-05-27 14:09:54,459 - matplotlib.image - WARNING - Clipping input data to the valid range for imshow with RGB data ([0..1] for floats or [0..255] for integers). Got range [-1.8096584..109.056].
2025-05-27 14:09:54,462 - matplotlib.image - WARNING - Clipping input data to the valid range for imshow with RGB data ([0..1] for floats or [0..255] for integers). Got range [-1.8096584..108.79805].
2025-05-27 14:09:54,730 - matplotlib.image - WARNING - Clipping input data to the valid range for imshow with RGB data ([0..1] for floats or [0..255] for integers). Got range [-1.9124069..2.64].
2025-05-27 14:09:54,732 - matplotlib.image - WARNING - Clipping input data to the valid range for imshow with RGB data ([0..1] for floats or [0..255] for integers). Got range [-1.7925336..109.03509].
2025-05-27 14:09:54,735 - matplotlib.image - WARNING - Clipping input data to the valid range for imshow with RGB data ([0..1] for floats or [0..255] for integers). Got range [-1.7925336..108.770164].
2025-05-27 14:09:54,894 - matplotlib.image - WARNING - Clipping input data to the valid range for imshow with RGB data ([0..1] for floats or [0..255] for integers). Got range [-1.9124069..2.64].
2025-05-27 14:09:54,896 - matplotlib.image - WARNING - Clipping input data to the valid range for imshow with RGB data ([0..1] for floats or [0..255] for integers). Got range [-1.8610327..109.04903].
2025-05-27 14:09:54,899 - matplotlib.image - WARNING - Clipping input data to the valid range for imshow with RGB data ([0..1] for floats or [0..255] for integers). Got range [-1.8610327..108.76319].
2025-05-27 14:09:55,046 - matplotlib.image - WARNING - Clipping input data to the valid range for imshow with RGB data ([0..1] for floats or [0..255] for integers). Got range [-1.9295317..2.6051416].
2025-05-27 14:09:55,048 - matplotlib.image - WARNING - Clipping input data to the valid range for imshow with RGB data ([0..1] for floats or [0..255] for integers). Got range [-1.8952821..109.01417].
2025-05-27 14:09:55,050 - matplotlib.image - WARNING - Clipping input data to the valid range for imshow with RGB data ([0..1] for floats or [0..255] for integers). Got range [-1.8952821..108.770164].
2025-05-27 14:09:55,300 - matplotlib.image - WARNING - Clipping input data to the valid range for imshow with RGB data ([0..1] for floats or [0..255] for integers). Got range [-1.9295317..2.535425].
2025-05-27 14:09:55,302 - matplotlib.image - WARNING - Clipping input data to the valid range for imshow with RGB data ([0..1] for floats or [0..255] for integers). Got range [-1.8610327..108.79805].
2025-05-27 14:09:55,305 - matplotlib.image - WARNING - Clipping input data to the valid range for imshow with RGB data ([0..1] for floats or [0..255] for integers). Got range [-1.8610327..108.75622].
2025-05-27 14:09:55,476 - matplotlib.image - WARNING - Clipping input data to the valid range for imshow with RGB data ([0..1] for floats or [0..255] for integers). Got range [-1.9295317..2.5702832].
2025-05-27 14:09:55,477 - matplotlib.image - WARNING - Clipping input data to the valid range for imshow with RGB data ([0..1] for floats or [0..255] for integers). Got range [-1.9295317..108.79805].
2025-05-27 14:09:55,480 - matplotlib.image - WARNING - Clipping input data to the valid range for imshow with RGB data ([0..1] for floats or [0..255] for integers). Got range [-1.9295317..108.770164].
2025-05-27 14:09:55,632 - matplotlib.image - WARNING - Clipping input data to the valid range for imshow with RGB data ([0..1] for floats or [0..255] for integers). Got range [-1.9295317..2.5702832].
2025-05-27 14:09:55,635 - matplotlib.image - WARNING - Clipping input data to the valid range for imshow with RGB data ([0..1] for floats or [0..255] for integers). Got range [-1.8781574..108.86777].
2025-05-27 14:09:55,637 - matplotlib.image - WARNING - Clipping input data to the valid range for imshow with RGB data ([0..1] for floats or [0..255] for integers). Got range [-1.8781574..108.80502].
2025-05-27 14:09:55,916 - matplotlib.image - WARNING - Clipping input data to the valid range for imshow with RGB data ([0..1] for floats or [0..255] for integers). Got range [-1.9466565..2.64].
2025-05-27 14:09:55,918 - matplotlib.image - WARNING - Clipping input data to the valid range for imshow with RGB data ([0..1] for floats or [0..255] for integers). Got range [-1.9124069..108.81896].
2025-05-27 14:09:55,921 - matplotlib.image - WARNING - Clipping input data to the valid range for imshow with RGB data ([0..1] for floats or [0..255] for integers). Got range [-1.9124069..108.839874].
2025-05-27 14:09:56,077 - matplotlib.image - WARNING - Clipping input data to the valid range for imshow with RGB data ([0..1] for floats or [0..255] for integers). Got range [-1.980906..2.64].
2025-05-27 14:09:56,078 - matplotlib.image - WARNING - Clipping input data to the valid range for imshow with RGB data ([0..1] for floats or [0..255] for integers). Got range [-1.9124069..108.84685].
2025-05-27 14:09:56,081 - matplotlib.image - WARNING - Clipping input data to the valid range for imshow with RGB data ([0..1] for floats or [0..255] for integers). Got range [-1.9124069..108.84685].
2025-05-27 14:09:56,237 - matplotlib.image - WARNING - Clipping input data to the valid range for imshow with RGB data ([0..1] for floats or [0..255] for integers). Got range [-1.980906..2.64].
2025-05-27 14:09:56,238 - matplotlib.image - WARNING - Clipping input data to the valid range for imshow with RGB data ([0..1] for floats or [0..255] for integers). Got range [-1.9124069..108.87473].
2025-05-27 14:09:56,241 - matplotlib.image - WARNING - Clipping input data to the valid range for imshow with RGB data ([0..1] for floats or [0..255] for integers). Got range [-1.9124069..108.87473].
2025-05-27 14:09:56,492 - matplotlib.image - WARNING - Clipping input data to the valid range for imshow with RGB data ([0..1] for floats or [0..255] for integers). Got range [-2.0151556..2.64].
2025-05-27 14:09:56,494 - matplotlib.image - WARNING - Clipping input data to the valid range for imshow with RGB data ([0..1] for floats or [0..255] for integers). Got range [-2.0151556..109.03509].
2025-05-27 14:09:56,497 - matplotlib.image - WARNING - Clipping input data to the valid range for imshow with RGB data ([0..1] for floats or [0..255] for integers). Got range [-2.0151556..109.03509].
2025-05-27 14:09:56,651 - matplotlib.image - WARNING - Clipping input data to the valid range for imshow with RGB data ([0..1] for floats or [0..255] for integers). Got range [-2.0322802..2.64].
2025-05-27 14:09:56,653 - matplotlib.image - WARNING - Clipping input data to the valid range for imshow with RGB data ([0..1] for floats or [0..255] for integers). Got range [-2.0322802..109.03509].
2025-05-27 14:09:56,656 - matplotlib.image - WARNING - Clipping input data to the valid range for imshow with RGB data ([0..1] for floats or [0..255] for integers). Got range [-2.0322802..109.03509].
2025-05-27 14:09:56,951 - matplotlib.image - WARNING - Clipping input data to the valid range for imshow with RGB data ([0..1] for floats or [0..255] for integers). Got range [-2.0322802..2.64].
2025-05-27 14:09:56,953 - matplotlib.image - WARNING - Clipping input data to the valid range for imshow with RGB data ([0..1] for floats or [0..255] for integers). Got range [-2.0151556..109.0072].
2025-05-27 14:09:56,956 - matplotlib.image - WARNING - Clipping input data to the valid range for imshow with RGB data ([0..1] for floats or [0..255] for integers). Got range [-2.0151556..109.0072].
2025-05-27 14:09:57,232 - matplotlib.image - WARNING - Clipping input data to the valid range for imshow with RGB data ([0..1] for floats or [0..255] for integers). Got range [-2.0322802..2.64].
2025-05-27 14:09:57,233 - matplotlib.image - WARNING - Clipping input data to the valid range for imshow with RGB data ([0..1] for floats or [0..255] for integers). Got range [-2.0322802..108.902626].
2025-05-27 14:09:57,236 - matplotlib.image - WARNING - Clipping input data to the valid range for imshow with RGB data ([0..1] for floats or [0..255] for integers). Got range [-2.0322802..108.902626].
2025-05-27 14:09:57,388 - matplotlib.image - WARNING - Clipping input data to the valid range for imshow with RGB data ([0..1] for floats or [0..255] for integers). Got range [-2.0151556..2.64].
2025-05-27 14:09:57,390 - matplotlib.image - WARNING - Clipping input data to the valid range for imshow with RGB data ([0..1] for floats or [0..255] for integers). Got range [-2.0151556..108.84685].
2025-05-27 14:09:57,392 - matplotlib.image - WARNING - Clipping input data to the valid range for imshow with RGB data ([0..1] for floats or [0..255] for integers). Got range [-2.0151556..108.84685].
2025-05-27 14:09:57,545 - matplotlib.image - WARNING - Clipping input data to the valid range for imshow with RGB data ([0..1] for floats or [0..255] for integers). Got range [-2.0494049..2.64].
2025-05-27 14:09:57,547 - matplotlib.image - WARNING - Clipping input data to the valid range for imshow with RGB data ([0..1] for floats or [0..255] for integers). Got range [-2.0494049..109.056].
2025-05-27 14:09:57,550 - matplotlib.image - WARNING - Clipping input data to the valid range for imshow with RGB data ([0..1] for floats or [0..255] for integers). Got range [-2.0494049..108.84685].
2025-05-27 14:09:57,839 - matplotlib.image - WARNING - Clipping input data to the valid range for imshow with RGB data ([0..1] for floats or [0..255] for integers). Got range [-2.0151556..2.64].
2025-05-27 14:09:57,840 - matplotlib.image - WARNING - Clipping input data to the valid range for imshow with RGB data ([0..1] for floats or [0..255] for integers). Got range [-2.0151556..108.84685].
2025-05-27 14:09:57,843 - matplotlib.image - WARNING - Clipping input data to the valid range for imshow with RGB data ([0..1] for floats or [0..255] for integers). Got range [-2.0151556..108.84685].
2025-05-27 14:09:58,001 - matplotlib.image - WARNING - Clipping input data to the valid range for imshow with RGB data ([0..1] for floats or [0..255] for integers). Got range [-2.0665298..2.64].
2025-05-27 14:09:58,002 - matplotlib.image - WARNING - Clipping input data to the valid range for imshow with RGB data ([0..1] for floats or [0..255] for integers). Got range [-2.0665298..108.79805].
2025-05-27 14:09:58,005 - matplotlib.image - WARNING - Clipping input data to the valid range for imshow with RGB data ([0..1] for floats or [0..255] for integers). Got range [-2.0665298..108.79805].
2025-05-27 14:09:58,166 - matplotlib.image - WARNING - Clipping input data to the valid range for imshow with RGB data ([0..1] for floats or [0..255] for integers). Got range [-2.0836544..2.64].
2025-05-27 14:09:58,167 - matplotlib.image - WARNING - Clipping input data to the valid range for imshow with RGB data ([0..1] for floats or [0..255] for integers). Got range [-2.0665298..108.79108].
2025-05-27 14:09:58,170 - matplotlib.image - WARNING - Clipping input data to the valid range for imshow with RGB data ([0..1] for floats or [0..255] for integers). Got range [-2.0665298..108.79108].
2025-05-27 14:09:58,442 - matplotlib.image - WARNING - Clipping input data to the valid range for imshow with RGB data ([0..1] for floats or [0..255] for integers). Got range [-2.0665298..2.5877128].
2025-05-27 14:09:58,444 - matplotlib.image - WARNING - Clipping input data to the valid range for imshow with RGB data ([0..1] for floats or [0..255] for integers). Got range [-2.0665298..108.860794].
2025-05-27 14:09:58,447 - matplotlib.image - WARNING - Clipping input data to the valid range for imshow with RGB data ([0..1] for floats or [0..255] for integers). Got range [-2.0665298..108.860794].
2025-05-27 14:09:58,606 - matplotlib.image - WARNING - Clipping input data to the valid range for imshow with RGB data ([0..1] for floats or [0..255] for integers). Got range [-2.0665298..2.64].
2025-05-27 14:09:58,608 - matplotlib.image - WARNING - Clipping input data to the valid range for imshow with RGB data ([0..1] for floats or [0..255] for integers). Got range [-2.0665298..108.80502].
2025-05-27 14:09:58,610 - matplotlib.image - WARNING - Clipping input data to the valid range for imshow with RGB data ([0..1] for floats or [0..255] for integers). Got range [-2.0665298..108.80502].
2025-05-27 14:09:58,762 - matplotlib.image - WARNING - Clipping input data to the valid range for imshow with RGB data ([0..1] for floats or [0..255] for integers). Got range [-2.1007793..2.186841].
2025-05-27 14:09:58,764 - matplotlib.image - WARNING - Clipping input data to the valid range for imshow with RGB data ([0..1] for floats or [0..255] for integers). Got range [-2.1007793..108.87473].
2025-05-27 14:09:58,767 - matplotlib.image - WARNING - Clipping input data to the valid range for imshow with RGB data ([0..1] for floats or [0..255] for integers). Got range [-2.1007793..108.87473].
2025-05-27 14:09:59,020 - matplotlib.image - WARNING - Clipping input data to the valid range for imshow with RGB data ([0..1] for floats or [0..255] for integers). Got range [-1.7240347..1.7859696].
2025-05-27 14:09:59,022 - matplotlib.image - WARNING - Clipping input data to the valid range for imshow with RGB data ([0..1] for floats or [0..255] for integers). Got range [-1.7240347..108.67953].
2025-05-27 14:09:59,026 - matplotlib.image - WARNING - Clipping input data to the valid range for imshow with RGB data ([0..1] for floats or [0..255] for integers). Got range [-1.7205882..153.61186].
2025-05-27 14:09:59,174 - matplotlib.image - WARNING - Clipping input data to the valid range for imshow with RGB data ([0..1] for floats or [0..255] for integers). Got range [-1.7240347..1.8033988].
2025-05-27 14:09:59,176 - matplotlib.image - WARNING - Clipping input data to the valid range for imshow with RGB data ([0..1] for floats or [0..255] for integers). Got range [-1.7240347..108.693474].
2025-05-27 14:09:59,179 - matplotlib.image - WARNING - Clipping input data to the valid range for imshow with RGB data ([0..1] for floats or [0..255] for integers). Got range [-1.7240347..153.61871].
2025-05-27 14:09:59,478 - matplotlib.image - WARNING - Clipping input data to the valid range for imshow with RGB data ([0..1] for floats or [0..255] for integers). Got range [-1.7380952..1.8033988].
2025-05-27 14:09:59,480 - matplotlib.image - WARNING - Clipping input data to the valid range for imshow with RGB data ([0..1] for floats or [0..255] for integers). Got range [-1.7380952..108.658615].
2025-05-27 14:09:59,484 - matplotlib.image - WARNING - Clipping input data to the valid range for imshow with RGB data ([0..1] for floats or [0..255] for integers). Got range [-1.7380952..153.61186].
2025-05-27 14:09:59,740 - matplotlib.image - WARNING - Clipping input data to the valid range for imshow with RGB data ([0..1] for floats or [0..255] for integers). Got range [-1.7205882..1.7511113].
2025-05-27 14:09:59,741 - matplotlib.image - WARNING - Clipping input data to the valid range for imshow with RGB data ([0..1] for floats or [0..255] for integers). Got range [-1.7205882..108.65164].
2025-05-27 14:09:59,745 - matplotlib.image - WARNING - Clipping input data to the valid range for imshow with RGB data ([0..1] for floats or [0..255] for integers). Got range [-1.7205882..153.59818].
2025-05-27 14:09:59,895 - matplotlib.image - WARNING - Clipping input data to the valid range for imshow with RGB data ([0..1] for floats or [0..255] for integers). Got range [-1.7556022..1.7685405].
2025-05-27 14:09:59,897 - matplotlib.image - WARNING - Clipping input data to the valid range for imshow with RGB data ([0..1] for floats or [0..255] for integers). Got range [-1.7556022..108.658615].
2025-05-27 14:09:59,900 - matplotlib.image - WARNING - Clipping input data to the valid range for imshow with RGB data ([0..1] for floats or [0..255] for integers). Got range [-1.7556022..153.59818].
2025-05-27 14:10:00,042 - matplotlib.image - WARNING - Clipping input data to the valid range for imshow with RGB data ([0..1] for floats or [0..255] for integers). Got range [-1.7411594..1.733682].
2025-05-27 14:10:00,044 - matplotlib.image - WARNING - Clipping input data to the valid range for imshow with RGB data ([0..1] for floats or [0..255] for integers). Got range [-1.7411594..108.65164].
2025-05-27 14:10:00,047 - matplotlib.image - WARNING - Clipping input data to the valid range for imshow with RGB data ([0..1] for floats or [0..255] for integers). Got range [-1.7411594..153.61871].
2025-05-27 14:10:00,301 - matplotlib.image - WARNING - Clipping input data to the valid range for imshow with RGB data ([0..1] for floats or [0..255] for integers). Got range [-1.843908..1.7685405].
2025-05-27 14:10:00,303 - matplotlib.image - WARNING - Clipping input data to the valid range for imshow with RGB data ([0..1] for floats or [0..255] for integers). Got range [-1.7205882..108.6377].
2025-05-27 14:10:00,306 - matplotlib.image - WARNING - Clipping input data to the valid range for imshow with RGB data ([0..1] for floats or [0..255] for integers). Got range [-1.7411594..153.56392].
2025-05-27 14:10:00,466 - matplotlib.image - WARNING - Clipping input data to the valid range for imshow with RGB data ([0..1] for floats or [0..255] for integers). Got range [-1.7754089..1.8033988].
2025-05-27 14:10:00,467 - matplotlib.image - WARNING - Clipping input data to the valid range for imshow with RGB data ([0..1] for floats or [0..255] for integers). Got range [-1.7069099..108.6377].
2025-05-27 14:10:00,471 - matplotlib.image - WARNING - Clipping input data to the valid range for imshow with RGB data ([0..1] for floats or [0..255] for integers). Got range [-1.7069099..153.57762].
2025-05-27 14:10:00,615 - matplotlib.image - WARNING - Clipping input data to the valid range for imshow with RGB data ([0..1] for floats or [0..255] for integers). Got range [-1.8096584..1.7859696].
2025-05-27 14:10:00,616 - matplotlib.image - WARNING - Clipping input data to the valid range for imshow with RGB data ([0..1] for floats or [0..255] for integers). Got range [-1.8096584..108.64467].
2025-05-27 14:10:00,620 - matplotlib.image - WARNING - Clipping input data to the valid range for imshow with RGB data ([0..1] for floats or [0..255] for integers). Got range [-1.7030813..153.56392].
2025-05-27 14:10:00,870 - matplotlib.image - WARNING - Clipping input data to the valid range for imshow with RGB data ([0..1] for floats or [0..255] for integers). Got range [-1.7411594..1.8033988].
2025-05-27 14:10:00,872 - matplotlib.image - WARNING - Clipping input data to the valid range for imshow with RGB data ([0..1] for floats or [0..255] for integers). Got range [-1.7411594..108.67953].
2025-05-27 14:10:00,876 - matplotlib.image - WARNING - Clipping input data to the valid range for imshow with RGB data ([0..1] for floats or [0..255] for integers). Got range [-1.7205882..153.58447].
2025-05-27 14:10:01,040 - matplotlib.image - WARNING - Clipping input data to the valid range for imshow with RGB data ([0..1] for floats or [0..255] for integers). Got range [-1.7754089..1.8556864].
2025-05-27 14:10:01,042 - matplotlib.image - WARNING - Clipping input data to the valid range for imshow with RGB data ([0..1] for floats or [0..255] for integers). Got range [-1.6897851..108.658615].
2025-05-27 14:10:01,045 - matplotlib.image - WARNING - Clipping input data to the valid range for imshow with RGB data ([0..1] for floats or [0..255] for integers). Got range [-1.6897851..153.59132].
2025-05-27 14:10:01,197 - matplotlib.image - WARNING - Clipping input data to the valid range for imshow with RGB data ([0..1] for floats or [0..255] for integers). Got range [-1.7411594..1.8905448].
2025-05-27 14:10:01,199 - matplotlib.image - WARNING - Clipping input data to the valid range for imshow with RGB data ([0..1] for floats or [0..255] for integers). Got range [-1.7380952..108.60981].
2025-05-27 14:10:01,202 - matplotlib.image - WARNING - Clipping input data to the valid range for imshow with RGB data ([0..1] for floats or [0..255] for integers). Got range [-1.7240347..153.59818].
2025-05-27 14:10:01,456 - matplotlib.image - WARNING - Clipping input data to the valid range for imshow with RGB data ([0..1] for floats or [0..255] for integers). Got range [-1.7731092..1.8208281].
2025-05-27 14:10:01,457 - matplotlib.image - WARNING - Clipping input data to the valid range for imshow with RGB data ([0..1] for floats or [0..255] for integers). Got range [-1.7731092..108.672554].
2025-05-27 14:10:01,461 - matplotlib.image - WARNING - Clipping input data to the valid range for imshow with RGB data ([0..1] for floats or [0..255] for integers). Got range [-1.7731092..153.59818].
2025-05-27 14:10:01,773 - matplotlib.image - WARNING - Clipping input data to the valid range for imshow with RGB data ([0..1] for floats or [0..255] for integers). Got range [-1.7906162..1.8382572].
2025-05-27 14:10:01,775 - matplotlib.image - WARNING - Clipping input data to the valid range for imshow with RGB data ([0..1] for floats or [0..255] for integers). Got range [-1.7906162..108.672554].
2025-05-27 14:10:01,779 - matplotlib.image - WARNING - Clipping input data to the valid range for imshow with RGB data ([0..1] for floats or [0..255] for integers). Got range [-1.7906162..153.58447].
2025-05-27 14:10:01,930 - matplotlib.image - WARNING - Clipping input data to the valid range for imshow with RGB data ([0..1] for floats or [0..255] for integers). Got range [-1.7731092..1.8382572].
2025-05-27 14:10:01,932 - matplotlib.image - WARNING - Clipping input data to the valid range for imshow with RGB data ([0..1] for floats or [0..255] for integers). Got range [-1.7731092..108.72833].
2025-05-27 14:10:01,935 - matplotlib.image - WARNING - Clipping input data to the valid range for imshow with RGB data ([0..1] for floats or [0..255] for integers). Got range [-1.7731092..153.60501].
2025-05-27 14:10:02,218 - matplotlib.image - WARNING - Clipping input data to the valid range for imshow with RGB data ([0..1] for floats or [0..255] for integers). Got range [-1.7030813..1.7859696].
2025-05-27 14:10:02,220 - matplotlib.image - WARNING - Clipping input data to the valid range for imshow with RGB data ([0..1] for floats or [0..255] for integers). Got range [-1.6897851..108.70741].
2025-05-27 14:10:02,224 - matplotlib.image - WARNING - Clipping input data to the valid range for imshow with RGB data ([0..1] for floats or [0..255] for integers). Got range [-1.7030813..153.59132].
2025-05-27 14:10:02,386 - matplotlib.image - WARNING - Clipping input data to the valid range for imshow with RGB data ([0..1] for floats or [0..255] for integers). Got range [-1.7030813..1.7685405].
2025-05-27 14:10:02,389 - matplotlib.image - WARNING - Clipping input data to the valid range for imshow with RGB data ([0..1] for floats or [0..255] for integers). Got range [-1.7030813..108.658615].
2025-05-27 14:10:02,392 - matplotlib.image - WARNING - Clipping input data to the valid range for imshow with RGB data ([0..1] for floats or [0..255] for integers). Got range [-1.7030813..153.58447].
2025-05-27 14:10:02,548 - matplotlib.image - WARNING - Clipping input data to the valid range for imshow with RGB data ([0..1] for floats or [0..255] for integers). Got range [-1.7240347..1.733682].
2025-05-27 14:10:02,550 - matplotlib.image - WARNING - Clipping input data to the valid range for imshow with RGB data ([0..1] for floats or [0..255] for integers). Got range [-1.6555357..108.658615].
2025-05-27 14:10:02,554 - matplotlib.image - WARNING - Clipping input data to the valid range for imshow with RGB data ([0..1] for floats or [0..255] for integers). Got range [-1.6555357..153.58447].
2025-05-27 14:10:02,811 - matplotlib.image - WARNING - Clipping input data to the valid range for imshow with RGB data ([0..1] for floats or [0..255] for integers). Got range [-1.7582842..1.7511113].
2025-05-27 14:10:02,813 - matplotlib.image - WARNING - Clipping input data to the valid range for imshow with RGB data ([0..1] for floats or [0..255] for integers). Got range [-1.7556022..108.602844].
2025-05-27 14:10:02,816 - matplotlib.image - WARNING - Clipping input data to the valid range for imshow with RGB data ([0..1] for floats or [0..255] for integers). Got range [-1.7556022..153.53651].
2025-05-27 14:10:02,981 - matplotlib.image - WARNING - Clipping input data to the valid range for imshow with RGB data ([0..1] for floats or [0..255] for integers). Got range [-1.7411594..1.7685405].
2025-05-27 14:10:02,983 - matplotlib.image - WARNING - Clipping input data to the valid range for imshow with RGB data ([0..1] for floats or [0..255] for integers). Got range [-1.7380952..108.54009].
2025-05-27 14:10:02,986 - matplotlib.image - WARNING - Clipping input data to the valid range for imshow with RGB data ([0..1] for floats or [0..255] for integers). Got range [-1.7380952..153.52281].
2025-05-27 14:10:03,139 - matplotlib.image - WARNING - Clipping input data to the valid range for imshow with RGB data ([0..1] for floats or [0..255] for integers). Got range [-1.7411594..1.7685405].
2025-05-27 14:10:03,141 - matplotlib.image - WARNING - Clipping input data to the valid range for imshow with RGB data ([0..1] for floats or [0..255] for integers). Got range [-1.7380952..108.59587].
2025-05-27 14:10:03,144 - matplotlib.image - WARNING - Clipping input data to the valid range for imshow with RGB data ([0..1] for floats or [0..255] for integers). Got range [-1.7380952..153.56392].
2025-05-27 14:10:03,413 - matplotlib.image - WARNING - Clipping input data to the valid range for imshow with RGB data ([0..1] for floats or [0..255] for integers). Got range [-1.7582842..1.5768193].
2025-05-27 14:10:03,414 - matplotlib.image - WARNING - Clipping input data to the valid range for imshow with RGB data ([0..1] for floats or [0..255] for integers). Got range [-1.7240347..108.54009].
2025-05-27 14:10:03,418 - matplotlib.image - WARNING - Clipping input data to the valid range for imshow with RGB data ([0..1] for floats or [0..255] for integers). Got range [-1.7205882..153.50912].
2025-05-27 14:10:03,574 - matplotlib.image - WARNING - Clipping input data to the valid range for imshow with RGB data ([0..1] for floats or [0..255] for integers). Got range [-1.7754089..1.6152923].
2025-05-27 14:10:03,577 - matplotlib.image - WARNING - Clipping input data to the valid range for imshow with RGB data ([0..1] for floats or [0..255] for integers). Got range [-1.7030813..108.547066].
2025-05-27 14:10:03,580 - matplotlib.image - WARNING - Clipping input data to the valid range for imshow with RGB data ([0..1] for floats or [0..255] for integers). Got range [-1.7240347..153.52966].
2025-05-27 14:10:03,728 - matplotlib.image - WARNING - Clipping input data to the valid range for imshow with RGB data ([0..1] for floats or [0..255] for integers). Got range [-1.7925336..1.5942485].
2025-05-27 14:10:03,730 - matplotlib.image - WARNING - Clipping input data to the valid range for imshow with RGB data ([0..1] for floats or [0..255] for integers). Got range [-1.7069099..108.57495].
2025-05-27 14:10:03,733 - matplotlib.image - WARNING - Clipping input data to the valid range for imshow with RGB data ([0..1] for floats or [0..255] for integers). Got range [-1.7380952..153.50912].
2025-05-27 14:10:04,014 - matplotlib.image - WARNING - Clipping input data to the valid range for imshow with RGB data ([0..1] for floats or [0..255] for integers). Got range [-1.7411594..1.6152923].
2025-05-27 14:10:04,016 - matplotlib.image - WARNING - Clipping input data to the valid range for imshow with RGB data ([0..1] for floats or [0..255] for integers). Got range [-1.7205882..108.63073].
2025-05-27 14:10:04,019 - matplotlib.image - WARNING - Clipping input data to the valid range for imshow with RGB data ([0..1] for floats or [0..255] for integers). Got range [-1.7205882..153.48857].
2025-05-27 14:10:04,293 - matplotlib.image - WARNING - Clipping input data to the valid range for imshow with RGB data ([0..1] for floats or [0..255] for integers). Got range [-1.7411594..1.6152923].
2025-05-27 14:10:04,294 - matplotlib.image - WARNING - Clipping input data to the valid range for imshow with RGB data ([0..1] for floats or [0..255] for integers). Got range [-1.7411594..108.62376].
2025-05-27 14:10:04,298 - matplotlib.image - WARNING - Clipping input data to the valid range for imshow with RGB data ([0..1] for floats or [0..255] for integers). Got range [-1.7411594..153.47487].
2025-05-27 14:10:04,445 - matplotlib.image - WARNING - Clipping input data to the valid range for imshow with RGB data ([0..1] for floats or [0..255] for integers). Got range [-1.7582842..1.6152923].
2025-05-27 14:10:04,447 - matplotlib.image - WARNING - Clipping input data to the valid range for imshow with RGB data ([0..1] for floats or [0..255] for integers). Got range [-1.7411594..108.602844].
2025-05-27 14:10:04,450 - matplotlib.image - WARNING - Clipping input data to the valid range for imshow with RGB data ([0..1] for floats or [0..255] for integers). Got range [-1.7411594..153.48172].
2025-05-27 14:10:04,726 - matplotlib.image - WARNING - Clipping input data to the valid range for imshow with RGB data ([0..1] for floats or [0..255] for integers). Got range [-1.7925336..1.6116778].
2025-05-27 14:10:04,728 - matplotlib.image - WARNING - Clipping input data to the valid range for imshow with RGB data ([0..1] for floats or [0..255] for integers). Got range [-1.7240347..108.64467].
2025-05-27 14:10:04,731 - matplotlib.image - WARNING - Clipping input data to the valid range for imshow with RGB data ([0..1] for floats or [0..255] for integers). Got range [-1.7925336..153.47487].
2025-05-27 14:10:04,887 - matplotlib.image - WARNING - Clipping input data to the valid range for imshow with RGB data ([0..1] for floats or [0..255] for integers). Got range [-1.8096584..1.6116778].
2025-05-27 14:10:04,889 - matplotlib.image - WARNING - Clipping input data to the valid range for imshow with RGB data ([0..1] for floats or [0..255] for integers). Got range [-1.8096584..108.64467].
2025-05-27 14:10:04,892 - matplotlib.image - WARNING - Clipping input data to the valid range for imshow with RGB data ([0..1] for floats or [0..255] for integers). Got range [-1.8096584..153.50912].
2025-05-27 14:10:05,049 - matplotlib.image - WARNING - Clipping input data to the valid range for imshow with RGB data ([0..1] for floats or [0..255] for integers). Got range [-1.8096584..1.5981677].
2025-05-27 14:10:05,051 - matplotlib.image - WARNING - Clipping input data to the valid range for imshow with RGB data ([0..1] for floats or [0..255] for integers). Got range [-1.7754089..108.62376].
2025-05-27 14:10:05,054 - matplotlib.image - WARNING - Clipping input data to the valid range for imshow with RGB data ([0..1] for floats or [0..255] for integers). Got range [-1.7754089..153.49542].
2025-05-27 14:10:05,300 - matplotlib.image - WARNING - Clipping input data to the valid range for imshow with RGB data ([0..1] for floats or [0..255] for integers). Got range [-2.0836544..2.64].
2025-05-27 14:10:05,301 - matplotlib.image - WARNING - Clipping input data to the valid range for imshow with RGB data ([0..1] for floats or [0..255] for integers). Got range [-2.0836544..109.056].
2025-05-27 14:10:05,304 - matplotlib.image - WARNING - Clipping input data to the valid range for imshow with RGB data ([0..1] for floats or [0..255] for integers). Got range [-2.0836544..140.256].
2025-05-27 14:10:05,469 - matplotlib.image - WARNING - Clipping input data to the valid range for imshow with RGB data ([0..1] for floats or [0..255] for integers). Got range [-2.117904..2.64].
2025-05-27 14:10:05,471 - matplotlib.image - WARNING - Clipping input data to the valid range for imshow with RGB data ([0..1] for floats or [0..255] for integers). Got range [-2.0836544..109.056].
2025-05-27 14:10:05,474 - matplotlib.image - WARNING - Clipping input data to the valid range for imshow with RGB data ([0..1] for floats or [0..255] for integers). Got range [-2.117904..140.256].
2025-05-27 14:10:05,616 - matplotlib.image - WARNING - Clipping input data to the valid range for imshow with RGB data ([0..1] for floats or [0..255] for integers). Got range [-2.117904..2.64].
2025-05-27 14:10:05,617 - matplotlib.image - WARNING - Clipping input data to the valid range for imshow with RGB data ([0..1] for floats or [0..255] for integers). Got range [-2.0836544..109.056].
2025-05-27 14:10:05,620 - matplotlib.image - WARNING - Clipping input data to the valid range for imshow with RGB data ([0..1] for floats or [0..255] for integers). Got range [-2.1007793..140.256].
2025-05-27 14:10:05,863 - matplotlib.image - WARNING - Clipping input data to the valid range for imshow with RGB data ([0..1] for floats or [0..255] for integers). Got range [-2.117904..2.64].
2025-05-27 14:10:05,865 - matplotlib.image - WARNING - Clipping input data to the valid range for imshow with RGB data ([0..1] for floats or [0..255] for integers). Got range [-2.1007793..109.056].
2025-05-27 14:10:05,867 - matplotlib.image - WARNING - Clipping input data to the valid range for imshow with RGB data ([0..1] for floats or [0..255] for integers). Got range [-2.1007793..140.256].
2025-05-27 14:10:06,020 - matplotlib.image - WARNING - Clipping input data to the valid range for imshow with RGB data ([0..1] for floats or [0..255] for integers). Got range [-2.117904..2.64].
2025-05-27 14:10:06,022 - matplotlib.image - WARNING - Clipping input data to the valid range for imshow with RGB data ([0..1] for floats or [0..255] for integers). Got range [-2.1007793..109.056].
2025-05-27 14:10:06,024 - matplotlib.image - WARNING - Clipping input data to the valid range for imshow with RGB data ([0..1] for floats or [0..255] for integers). Got range [-2.1007793..140.256].
2025-05-27 14:10:06,164 - matplotlib.image - WARNING - Clipping input data to the valid range for imshow with RGB data ([0..1] for floats or [0..255] for integers). Got range [-2.117904..2.64].
2025-05-27 14:10:06,166 - matplotlib.image - WARNING - Clipping input data to the valid range for imshow with RGB data ([0..1] for floats or [0..255] for integers). Got range [-2.117904..109.056].
2025-05-27 14:10:06,169 - matplotlib.image - WARNING - Clipping input data to the valid range for imshow with RGB data ([0..1] for floats or [0..255] for integers). Got range [-2.117904..140.256].
2025-05-27 14:10:06,409 - matplotlib.image - WARNING - Clipping input data to the valid range for imshow with RGB data ([0..1] for floats or [0..255] for integers). Got range [-2.117904..2.64].
2025-05-27 14:10:06,410 - matplotlib.image - WARNING - Clipping input data to the valid range for imshow with RGB data ([0..1] for floats or [0..255] for integers). Got range [-2.117904..109.056].
2025-05-27 14:10:06,413 - matplotlib.image - WARNING - Clipping input data to the valid range for imshow with RGB data ([0..1] for floats or [0..255] for integers). Got range [-2.0836544..140.256].
2025-05-27 14:10:06,683 - matplotlib.image - WARNING - Clipping input data to the valid range for imshow with RGB data ([0..1] for floats or [0..255] for integers). Got range [-2.117904..2.64].
2025-05-27 14:10:06,685 - matplotlib.image - WARNING - Clipping input data to the valid range for imshow with RGB data ([0..1] for floats or [0..255] for integers). Got range [-2.117904..109.056].
2025-05-27 14:10:06,687 - matplotlib.image - WARNING - Clipping input data to the valid range for imshow with RGB data ([0..1] for floats or [0..255] for integers). Got range [-2.0836544..140.256].
2025-05-27 14:10:06,822 - matplotlib.image - WARNING - Clipping input data to the valid range for imshow with RGB data ([0..1] for floats or [0..255] for integers). Got range [-2.117904..2.64].
2025-05-27 14:10:06,824 - matplotlib.image - WARNING - Clipping input data to the valid range for imshow with RGB data ([0..1] for floats or [0..255] for integers). Got range [-2.117904..109.056].
2025-05-27 14:10:06,827 - matplotlib.image - WARNING - Clipping input data to the valid range for imshow with RGB data ([0..1] for floats or [0..255] for integers). Got range [-2.117904..140.256].
2025-05-27 14:10:07,077 - matplotlib.image - WARNING - Clipping input data to the valid range for imshow with RGB data ([0..1] for floats or [0..255] for integers). Got range [-2.117904..2.64].
2025-05-27 14:10:07,079 - matplotlib.image - WARNING - Clipping input data to the valid range for imshow with RGB data ([0..1] for floats or [0..255] for integers). Got range [-2.1007793..109.056].
2025-05-27 14:10:07,082 - matplotlib.image - WARNING - Clipping input data to the valid range for imshow with RGB data ([0..1] for floats or [0..255] for integers). Got range [-2.1007793..140.256].
2025-05-27 14:10:07,222 - matplotlib.image - WARNING - Clipping input data to the valid range for imshow with RGB data ([0..1] for floats or [0..255] for integers). Got range [-2.117904..2.64].
2025-05-27 14:10:07,224 - matplotlib.image - WARNING - Clipping input data to the valid range for imshow with RGB data ([0..1] for floats or [0..255] for integers). Got range [-2.0836544..109.056].
2025-05-27 14:10:07,227 - matplotlib.image - WARNING - Clipping input data to the valid range for imshow with RGB data ([0..1] for floats or [0..255] for integers). Got range [-2.0836544..140.256].
2025-05-27 14:10:07,356 - matplotlib.image - WARNING - Clipping input data to the valid range for imshow with RGB data ([0..1] for floats or [0..255] for integers). Got range [-2.117904..2.64].
2025-05-27 14:10:07,358 - matplotlib.image - WARNING - Clipping input data to the valid range for imshow with RGB data ([0..1] for floats or [0..255] for integers). Got range [-2.117904..109.056].
2025-05-27 14:10:07,360 - matplotlib.image - WARNING - Clipping input data to the valid range for imshow with RGB data ([0..1] for floats or [0..255] for integers). Got range [-2.117904..140.256].
2025-05-27 14:10:07,600 - matplotlib.image - WARNING - Clipping input data to the valid range for imshow with RGB data ([0..1] for floats or [0..255] for integers). Got range [-2.117904..2.64].
2025-05-27 14:10:07,602 - matplotlib.image - WARNING - Clipping input data to the valid range for imshow with RGB data ([0..1] for floats or [0..255] for integers). Got range [-2.117904..109.056].
2025-05-27 14:10:07,605 - matplotlib.image - WARNING - Clipping input data to the valid range for imshow with RGB data ([0..1] for floats or [0..255] for integers). Got range [-2.117904..140.256].
2025-05-27 14:10:07,744 - matplotlib.image - WARNING - Clipping input data to the valid range for imshow with RGB data ([0..1] for floats or [0..255] for integers). Got range [-2.117904..2.64].
2025-05-27 14:10:07,746 - matplotlib.image - WARNING - Clipping input data to the valid range for imshow with RGB data ([0..1] for floats or [0..255] for integers). Got range [-2.117904..109.056].
2025-05-27 14:10:07,749 - matplotlib.image - WARNING - Clipping input data to the valid range for imshow with RGB data ([0..1] for floats or [0..255] for integers). Got range [-2.117904..140.256].
2025-05-27 14:10:07,878 - matplotlib.image - WARNING - Clipping input data to the valid range for imshow with RGB data ([0..1] for floats or [0..255] for integers). Got range [-2.117904..2.64].
2025-05-27 14:10:07,879 - matplotlib.image - WARNING - Clipping input data to the valid range for imshow with RGB data ([0..1] for floats or [0..255] for integers). Got range [-2.117904..109.056].
2025-05-27 14:10:07,882 - matplotlib.image - WARNING - Clipping input data to the valid range for imshow with RGB data ([0..1] for floats or [0..255] for integers). Got range [-2.117904..140.256].
2025-05-27 14:10:08,119 - matplotlib.image - WARNING - Clipping input data to the valid range for imshow with RGB data ([0..1] for floats or [0..255] for integers). Got range [-2.117904..2.343704].
2025-05-27 14:10:08,120 - matplotlib.image - WARNING - Clipping input data to the valid range for imshow with RGB data ([0..1] for floats or [0..255] for integers). Got range [-2.117904..108.937485].
2025-05-27 14:10:08,124 - matplotlib.image - WARNING - Clipping input data to the valid range for imshow with RGB data ([0..1] for floats or [0..255] for integers). Got range [-2.117904..153.83107].
2025-05-27 14:10:08,256 - matplotlib.image - WARNING - Clipping input data to the valid range for imshow with RGB data ([0..1] for floats or [0..255] for integers). Got range [-2.117904..2.129035].
2025-05-27 14:10:08,258 - matplotlib.image - WARNING - Clipping input data to the valid range for imshow with RGB data ([0..1] for floats or [0..255] for integers). Got range [-2.117904..108.839874].
2025-05-27 14:10:08,261 - matplotlib.image - WARNING - Clipping input data to the valid range for imshow with RGB data ([0..1] for floats or [0..255] for integers). Got range [-2.117904..153.83792].
2025-05-27 14:10:08,384 - matplotlib.image - WARNING - Clipping input data to the valid range for imshow with RGB data ([0..1] for floats or [0..255] for integers). Got range [-2.117904..2.1975338].
2025-05-27 14:10:08,385 - matplotlib.image - WARNING - Clipping input data to the valid range for imshow with RGB data ([0..1] for floats or [0..255] for integers). Got range [-2.117904..108.714386].
2025-05-27 14:10:08,389 - matplotlib.image - WARNING - Clipping input data to the valid range for imshow with RGB data ([0..1] for floats or [0..255] for integers). Got range [-2.117904..153.85846].
2025-05-27 14:10:08,644 - matplotlib.image - WARNING - Clipping input data to the valid range for imshow with RGB data ([0..1] for floats or [0..255] for integers). Got range [-2.117904..2.0648367].
2025-05-27 14:10:08,645 - matplotlib.image - WARNING - Clipping input data to the valid range for imshow with RGB data ([0..1] for floats or [0..255] for integers). Got range [-2.117904..108.825935].
2025-05-27 14:10:08,649 - matplotlib.image - WARNING - Clipping input data to the valid range for imshow with RGB data ([0..1] for floats or [0..255] for integers). Got range [-2.117904..153.82422].
2025-05-27 14:10:08,890 - matplotlib.image - WARNING - Clipping input data to the valid range for imshow with RGB data ([0..1] for floats or [0..255] for integers). Got range [-2.117904..2.2216995].
2025-05-27 14:10:08,892 - matplotlib.image - WARNING - Clipping input data to the valid range for imshow with RGB data ([0..1] for floats or [0..255] for integers). Got range [-2.117904..108.72833].
2025-05-27 14:10:08,895 - matplotlib.image - WARNING - Clipping input data to the valid range for imshow with RGB data ([0..1] for floats or [0..255] for integers). Got range [-2.117904..153.81737].
2025-05-27 14:10:09,025 - matplotlib.image - WARNING - Clipping input data to the valid range for imshow with RGB data ([0..1] for floats or [0..255] for integers). Got range [-2.117904..2.2317834].
2025-05-27 14:10:09,027 - matplotlib.image - WARNING - Clipping input data to the valid range for imshow with RGB data ([0..1] for floats or [0..255] for integers). Got range [-2.117904..108.77713].
2025-05-27 14:10:09,030 - matplotlib.image - WARNING - Clipping input data to the valid range for imshow with RGB data ([0..1] for floats or [0..255] for integers). Got range [-2.117904..153.78996].
2025-05-27 14:10:09,300 - matplotlib.image - WARNING - Clipping input data to the valid range for imshow with RGB data ([0..1] for floats or [0..255] for integers). Got range [-2.117904..2.2489083].
2025-05-27 14:10:09,302 - matplotlib.image - WARNING - Clipping input data to the valid range for imshow with RGB data ([0..1] for floats or [0..255] for integers). Got range [-2.117904..108.51221].
2025-05-27 14:10:09,305 - matplotlib.image - WARNING - Clipping input data to the valid range for imshow with RGB data ([0..1] for floats or [0..255] for integers). Got range [-2.117904..153.78311].
2025-05-27 14:10:09,458 - matplotlib.image - WARNING - Clipping input data to the valid range for imshow with RGB data ([0..1] for floats or [0..255] for integers). Got range [-2.117904..2.2489083].
2025-05-27 14:10:09,460 - matplotlib.image - WARNING - Clipping input data to the valid range for imshow with RGB data ([0..1] for floats or [0..255] for integers). Got range [-2.117904..108.54009].
2025-05-27 14:10:09,463 - matplotlib.image - WARNING - Clipping input data to the valid range for imshow with RGB data ([0..1] for floats or [0..255] for integers). Got range [-2.1007793..153.79681].
2025-05-27 14:10:09,601 - matplotlib.image - WARNING - Clipping input data to the valid range for imshow with RGB data ([0..1] for floats or [0..255] for integers). Got range [-2.117904..2.2489083].
2025-05-27 14:10:09,603 - matplotlib.image - WARNING - Clipping input data to the valid range for imshow with RGB data ([0..1] for floats or [0..255] for integers). Got range [-2.117904..108.56101].
2025-05-27 14:10:09,606 - matplotlib.image - WARNING - Clipping input data to the valid range for imshow with RGB data ([0..1] for floats or [0..255] for integers). Got range [-2.0322802..153.87216].
2025-05-27 14:10:09,855 - matplotlib.image - WARNING - Clipping input data to the valid range for imshow with RGB data ([0..1] for floats or [0..255] for integers). Got range [-2.117904..2.2489083].
2025-05-27 14:10:09,857 - matplotlib.image - WARNING - Clipping input data to the valid range for imshow with RGB data ([0..1] for floats or [0..255] for integers). Got range [-2.117904..108.53313].
2025-05-27 14:10:09,860 - matplotlib.image - WARNING - Clipping input data to the valid range for imshow with RGB data ([0..1] for floats or [0..255] for integers). Got range [-1.7925336..153.80367].
2025-05-27 14:10:09,996 - matplotlib.image - WARNING - Clipping input data to the valid range for imshow with RGB data ([0..1] for floats or [0..255] for integers). Got range [-2.117904..2.2146587].
2025-05-27 14:10:09,997 - matplotlib.image - WARNING - Clipping input data to the valid range for imshow with RGB data ([0..1] for floats or [0..255] for integers). Got range [-2.117904..108.54009].
2025-05-27 14:10:10,001 - matplotlib.image - WARNING - Clipping input data to the valid range for imshow with RGB data ([0..1] for floats or [0..255] for integers). Got range [-1.7205882..153.73517].
2025-05-27 14:10:10,133 - matplotlib.image - WARNING - Clipping input data to the valid range for imshow with RGB data ([0..1] for floats or [0..255] for integers). Got range [-2.117904..2.1975338].
2025-05-27 14:10:10,135 - matplotlib.image - WARNING - Clipping input data to the valid range for imshow with RGB data ([0..1] for floats or [0..255] for integers). Got range [-2.117904..108.63073].
2025-05-27 14:10:10,138 - matplotlib.image - WARNING - Clipping input data to the valid range for imshow with RGB data ([0..1] for floats or [0..255] for integers). Got range [-2.0322802..153.65297].
2025-05-27 14:10:10,384 - matplotlib.image - WARNING - Clipping input data to the valid range for imshow with RGB data ([0..1] for floats or [0..255] for integers). Got range [-2.117904..2.3785625].
2025-05-27 14:10:10,386 - matplotlib.image - WARNING - Clipping input data to the valid range for imshow with RGB data ([0..1] for floats or [0..255] for integers). Got range [-2.117904..108.87473].
2025-05-27 14:10:10,389 - matplotlib.image - WARNING - Clipping input data to the valid range for imshow with RGB data ([0..1] for floats or [0..255] for integers). Got range [-1.9124069..153.70776].
2025-05-27 14:10:10,531 - matplotlib.image - WARNING - Clipping input data to the valid range for imshow with RGB data ([0..1] for floats or [0..255] for integers). Got range [-2.117904..2.2216995].
2025-05-27 14:10:10,533 - matplotlib.image - WARNING - Clipping input data to the valid range for imshow with RGB data ([0..1] for floats or [0..255] for integers). Got range [-2.117904..108.88868].
2025-05-27 14:10:10,536 - matplotlib.image - WARNING - Clipping input data to the valid range for imshow with RGB data ([0..1] for floats or [0..255] for integers). Got range [-2.117904..153.72832].
2025-05-27 14:10:10,672 - matplotlib.image - WARNING - Clipping input data to the valid range for imshow with RGB data ([0..1] for floats or [0..255] for integers). Got range [-2.117904..2.3959913].
2025-05-27 14:10:10,674 - matplotlib.image - WARNING - Clipping input data to the valid range for imshow with RGB data ([0..1] for floats or [0..255] for integers). Got range [-2.117904..108.9584].
2025-05-27 14:10:10,677 - matplotlib.image - WARNING - Clipping input data to the valid range for imshow with RGB data ([0..1] for floats or [0..255] for integers). Got range [-1.9124069..153.59132].
2025-05-27 14:10:10,914 - matplotlib.image - WARNING - Clipping input data to the valid range for imshow with RGB data ([0..1] for floats or [0..255] for integers). Got range [-2.1007793..2.64].
2025-05-27 14:10:10,915 - matplotlib.image - WARNING - Clipping input data to the valid range for imshow with RGB data ([0..1] for floats or [0..255] for integers). Got range [-2.1007793..109.03509].
2025-05-27 14:10:10,918 - matplotlib.image - WARNING - Clipping input data to the valid range for imshow with RGB data ([0..1] for floats or [0..255] for integers). Got range [-2.1007793..153.76256].
2025-05-27 14:10:11,186 - matplotlib.image - WARNING - Clipping input data to the valid range for imshow with RGB data ([0..1] for floats or [0..255] for integers). Got range [-2.117904..2.6051416].
2025-05-27 14:10:11,188 - matplotlib.image - WARNING - Clipping input data to the valid range for imshow with RGB data ([0..1] for floats or [0..255] for integers). Got range [-2.117904..109.01417].
2025-05-27 14:10:11,191 - matplotlib.image - WARNING - Clipping input data to the valid range for imshow with RGB data ([0..1] for floats or [0..255] for integers). Got range [-2.117904..153.73517].
2025-05-27 14:10:11,330 - matplotlib.image - WARNING - Clipping input data to the valid range for imshow with RGB data ([0..1] for floats or [0..255] for integers). Got range [-2.117904..2.5702832].
2025-05-27 14:10:11,332 - matplotlib.image - WARNING - Clipping input data to the valid range for imshow with RGB data ([0..1] for floats or [0..255] for integers). Got range [-2.117904..109.02114].
2025-05-27 14:10:11,334 - matplotlib.image - WARNING - Clipping input data to the valid range for imshow with RGB data ([0..1] for floats or [0..255] for integers). Got range [-2.117904..153.72832].
2025-05-27 14:10:11,575 - matplotlib.image - WARNING - Clipping input data to the valid range for imshow with RGB data ([0..1] for floats or [0..255] for integers). Got range [-2.117904..2.64].
2025-05-27 14:10:11,577 - matplotlib.image - WARNING - Clipping input data to the valid range for imshow with RGB data ([0..1] for floats or [0..255] for integers). Got range [-2.117904..109.01417].
2025-05-27 14:10:11,580 - matplotlib.image - WARNING - Clipping input data to the valid range for imshow with RGB data ([0..1] for floats or [0..255] for integers). Got range [-2.117904..153.76941].
2025-05-27 14:10:11,736 - matplotlib.image - WARNING - Clipping input data to the valid range for imshow with RGB data ([0..1] for floats or [0..255] for integers). Got range [-2.117904..2.622571].
2025-05-27 14:10:11,737 - matplotlib.image - WARNING - Clipping input data to the valid range for imshow with RGB data ([0..1] for floats or [0..255] for integers). Got range [-2.117904..109.01417].
2025-05-27 14:10:11,740 - matplotlib.image - WARNING - Clipping input data to the valid range for imshow with RGB data ([0..1] for floats or [0..255] for integers). Got range [-2.117904..153.77626].
2025-05-27 14:10:11,883 - matplotlib.image - WARNING - Clipping input data to the valid range for imshow with RGB data ([0..1] for floats or [0..255] for integers). Got range [-2.117904..2.622571].
2025-05-27 14:10:11,885 - matplotlib.image - WARNING - Clipping input data to the valid range for imshow with RGB data ([0..1] for floats or [0..255] for integers). Got range [-2.117904..109.02114].
2025-05-27 14:10:11,888 - matplotlib.image - WARNING - Clipping input data to the valid range for imshow with RGB data ([0..1] for floats or [0..255] for integers). Got range [-2.117904..153.78311].
2025-05-27 14:10:12,142 - matplotlib.image - WARNING - Clipping input data to the valid range for imshow with RGB data ([0..1] for floats or [0..255] for integers). Got range [-2.117904..2.622571].
2025-05-27 14:10:12,145 - matplotlib.image - WARNING - Clipping input data to the valid range for imshow with RGB data ([0..1] for floats or [0..255] for integers). Got range [-2.117904..109.04903].
2025-05-27 14:10:12,148 - matplotlib.image - WARNING - Clipping input data to the valid range for imshow with RGB data ([0..1] for floats or [0..255] for integers). Got range [-2.117904..153.78996].
2025-05-27 14:10:12,291 - matplotlib.image - WARNING - Clipping input data to the valid range for imshow with RGB data ([0..1] for floats or [0..255] for integers). Got range [-2.117904..2.64].
2025-05-27 14:10:12,294 - matplotlib.image - WARNING - Clipping input data to the valid range for imshow with RGB data ([0..1] for floats or [0..255] for integers). Got range [-2.117904..109.056].
2025-05-27 14:10:12,297 - matplotlib.image - WARNING - Clipping input data to the valid range for imshow with RGB data ([0..1] for floats or [0..255] for integers). Got range [-2.117904..153.73517].
2025-05-27 14:10:12,439 - matplotlib.image - WARNING - Clipping input data to the valid range for imshow with RGB data ([0..1] for floats or [0..255] for integers). Got range [-2.117904..2.64].
2025-05-27 14:10:12,440 - matplotlib.image - WARNING - Clipping input data to the valid range for imshow with RGB data ([0..1] for floats or [0..255] for integers). Got range [-2.117904..109.056].
2025-05-27 14:10:12,443 - matplotlib.image - WARNING - Clipping input data to the valid range for imshow with RGB data ([0..1] for floats or [0..255] for integers). Got range [-2.117904..153.85846].
2025-05-27 14:10:12,683 - matplotlib.image - WARNING - Clipping input data to the valid range for imshow with RGB data ([0..1] for floats or [0..255] for integers). Got range [-2.117904..2.64].
2025-05-27 14:10:12,685 - matplotlib.image - WARNING - Clipping input data to the valid range for imshow with RGB data ([0..1] for floats or [0..255] for integers). Got range [-2.117904..109.056].
2025-05-27 14:10:12,688 - matplotlib.image - WARNING - Clipping input data to the valid range for imshow with RGB data ([0..1] for floats or [0..255] for integers). Got range [-2.117904..153.82422].
2025-05-27 14:10:12,846 - matplotlib.image - WARNING - Clipping input data to the valid range for imshow with RGB data ([0..1] for floats or [0..255] for integers). Got range [-2.117904..2.64].
2025-05-27 14:10:12,848 - matplotlib.image - WARNING - Clipping input data to the valid range for imshow with RGB data ([0..1] for floats or [0..255] for integers). Got range [-2.117904..109.056].
2025-05-27 14:10:12,851 - matplotlib.image - WARNING - Clipping input data to the valid range for imshow with RGB data ([0..1] for floats or [0..255] for integers). Got range [-2.117904..153.76941].
2025-05-27 14:10:12,993 - matplotlib.image - WARNING - Clipping input data to the valid range for imshow with RGB data ([0..1] for floats or [0..255] for integers). Got range [-2.117904..2.64].
2025-05-27 14:10:12,994 - matplotlib.image - WARNING - Clipping input data to the valid range for imshow with RGB data ([0..1] for floats or [0..255] for integers). Got range [-2.117904..109.056].
2025-05-27 14:10:12,997 - matplotlib.image - WARNING - Clipping input data to the valid range for imshow with RGB data ([0..1] for floats or [0..255] for integers). Got range [-2.117904..153.74887].
2025-05-27 14:10:13,397 - matplotlib.image - WARNING - Clipping input data to the valid range for imshow with RGB data ([0..1] for floats or [0..255] for integers). Got range [-2.117904..2.64].
2025-05-27 14:10:13,399 - matplotlib.image - WARNING - Clipping input data to the valid range for imshow with RGB data ([0..1] for floats or [0..255] for integers). Got range [-2.117904..109.056].
2025-05-27 14:10:13,402 - matplotlib.image - WARNING - Clipping input data to the valid range for imshow with RGB data ([0..1] for floats or [0..255] for integers). Got range [-2.117904..153.80367].
2025-05-27 14:10:13,548 - matplotlib.image - WARNING - Clipping input data to the valid range for imshow with RGB data ([0..1] for floats or [0..255] for integers). Got range [-2.117904..2.64].
2025-05-27 14:10:13,550 - matplotlib.image - WARNING - Clipping input data to the valid range for imshow with RGB data ([0..1] for floats or [0..255] for integers). Got range [-2.117904..109.056].
2025-05-27 14:10:13,553 - matplotlib.image - WARNING - Clipping input data to the valid range for imshow with RGB data ([0..1] for floats or [0..255] for integers). Got range [-2.117904..153.87216].
2025-05-27 14:10:13,693 - matplotlib.image - WARNING - Clipping input data to the valid range for imshow with RGB data ([0..1] for floats or [0..255] for integers). Got range [-2.117904..2.64].
2025-05-27 14:10:13,695 - matplotlib.image - WARNING - Clipping input data to the valid range for imshow with RGB data ([0..1] for floats or [0..255] for integers). Got range [-2.117904..109.056].
2025-05-27 14:10:13,698 - matplotlib.image - WARNING - Clipping input data to the valid range for imshow with RGB data ([0..1] for floats or [0..255] for integers). Got range [-2.117904..153.88586].
2025-05-27 14:10:13,978 - matplotlib.image - WARNING - Clipping input data to the valid range for imshow with RGB data ([0..1] for floats or [0..255] for integers). Got range [-2.117904..2.64].
2025-05-27 14:10:13,981 - matplotlib.image - WARNING - Clipping input data to the valid range for imshow with RGB data ([0..1] for floats or [0..255] for integers). Got range [-2.117904..109.056].
2025-05-27 14:10:13,985 - matplotlib.image - WARNING - Clipping input data to the valid range for imshow with RGB data ([0..1] for floats or [0..255] for integers). Got range [-2.117904..153.87901].
2025-05-27 14:10:14,127 - matplotlib.image - WARNING - Clipping input data to the valid range for imshow with RGB data ([0..1] for floats or [0..255] for integers). Got range [-2.117904..2.64].
2025-05-27 14:10:14,128 - matplotlib.image - WARNING - Clipping input data to the valid range for imshow with RGB data ([0..1] for floats or [0..255] for integers). Got range [-2.117904..109.056].
2025-05-27 14:10:14,131 - matplotlib.image - WARNING - Clipping input data to the valid range for imshow with RGB data ([0..1] for floats or [0..255] for integers). Got range [-2.117904..153.86531].
2025-05-27 14:10:14,273 - matplotlib.image - WARNING - Clipping input data to the valid range for imshow with RGB data ([0..1] for floats or [0..255] for integers). Got range [-2.117904..2.64].
2025-05-27 14:10:14,275 - matplotlib.image - WARNING - Clipping input data to the valid range for imshow with RGB data ([0..1] for floats or [0..255] for integers). Got range [-2.117904..109.056].
2025-05-27 14:10:14,278 - matplotlib.image - WARNING - Clipping input data to the valid range for imshow with RGB data ([0..1] for floats or [0..255] for integers). Got range [-2.0836544..153.85846].
2025-05-27 14:10:14,562 - matplotlib.image - WARNING - Clipping input data to the valid range for imshow with RGB data ([0..1] for floats or [0..255] for integers). Got range [-2.117904..2.64].
2025-05-27 14:10:14,564 - matplotlib.image - WARNING - Clipping input data to the valid range for imshow with RGB data ([0..1] for floats or [0..255] for integers). Got range [-2.117904..109.056].
2025-05-27 14:10:14,567 - matplotlib.image - WARNING - Clipping input data to the valid range for imshow with RGB data ([0..1] for floats or [0..255] for integers). Got range [-2.117904..153.87901].
2025-05-27 14:10:14,718 - matplotlib.image - WARNING - Clipping input data to the valid range for imshow with RGB data ([0..1] for floats or [0..255] for integers). Got range [-2.117904..2.64].
2025-05-27 14:10:14,719 - matplotlib.image - WARNING - Clipping input data to the valid range for imshow with RGB data ([0..1] for floats or [0..255] for integers). Got range [-2.117904..109.056].
2025-05-27 14:10:14,722 - matplotlib.image - WARNING - Clipping input data to the valid range for imshow with RGB data ([0..1] for floats or [0..255] for integers). Got range [-2.117904..153.87901].
2025-05-27 14:10:14,874 - matplotlib.image - WARNING - Clipping input data to the valid range for imshow with RGB data ([0..1] for floats or [0..255] for integers). Got range [-2.117904..2.64].
2025-05-27 14:10:14,876 - matplotlib.image - WARNING - Clipping input data to the valid range for imshow with RGB data ([0..1] for floats or [0..255] for integers). Got range [-2.117904..109.056].
2025-05-27 14:10:14,879 - matplotlib.image - WARNING - Clipping input data to the valid range for imshow with RGB data ([0..1] for floats or [0..255] for integers). Got range [-2.117904..153.88586].
2025-05-27 14:10:15,156 - matplotlib.image - WARNING - Clipping input data to the valid range for imshow with RGB data ([0..1] for floats or [0..255] for integers). Got range [-2.117904..2.64].
2025-05-27 14:10:15,157 - matplotlib.image - WARNING - Clipping input data to the valid range for imshow with RGB data ([0..1] for floats or [0..255] for integers). Got range [-2.117904..109.056].
2025-05-27 14:10:15,161 - matplotlib.image - WARNING - Clipping input data to the valid range for imshow with RGB data ([0..1] for floats or [0..255] for integers). Got range [-2.117904..153.89272].
2025-05-27 14:10:15,315 - matplotlib.image - WARNING - Clipping input data to the valid range for imshow with RGB data ([0..1] for floats or [0..255] for integers). Got range [-2.117904..2.64].
2025-05-27 14:10:15,317 - matplotlib.image - WARNING - Clipping input data to the valid range for imshow with RGB data ([0..1] for floats or [0..255] for integers). Got range [-2.117904..109.056].
2025-05-27 14:10:15,321 - matplotlib.image - WARNING - Clipping input data to the valid range for imshow with RGB data ([0..1] for floats or [0..255] for integers). Got range [-2.117904..153.89957].
2025-05-27 14:10:15,470 - matplotlib.image - WARNING - Clipping input data to the valid range for imshow with RGB data ([0..1] for floats or [0..255] for integers). Got range [-2.117904..2.64].
2025-05-27 14:10:15,472 - matplotlib.image - WARNING - Clipping input data to the valid range for imshow with RGB data ([0..1] for floats or [0..255] for integers). Got range [-2.117904..109.056].
2025-05-27 14:10:15,475 - matplotlib.image - WARNING - Clipping input data to the valid range for imshow with RGB data ([0..1] for floats or [0..255] for integers). Got range [-2.117904..153.89957].
2025-05-27 14:10:15,831 - matplotlib.image - WARNING - Clipping input data to the valid range for imshow with RGB data ([0..1] for floats or [0..255] for integers). Got range [-2.117904..2.64].
2025-05-27 14:10:15,833 - matplotlib.image - WARNING - Clipping input data to the valid range for imshow with RGB data ([0..1] for floats or [0..255] for integers). Got range [-2.117904..109.056].
2025-05-27 14:10:15,836 - matplotlib.image - WARNING - Clipping input data to the valid range for imshow with RGB data ([0..1] for floats or [0..255] for integers). Got range [-2.117904..153.89957].
2025-05-27 14:10:15,980 - matplotlib.image - WARNING - Clipping input data to the valid range for imshow with RGB data ([0..1] for floats or [0..255] for integers). Got range [-2.117904..2.64].
2025-05-27 14:10:15,982 - matplotlib.image - WARNING - Clipping input data to the valid range for imshow with RGB data ([0..1] for floats or [0..255] for integers). Got range [-2.117904..109.056].
2025-05-27 14:10:15,985 - matplotlib.image - WARNING - Clipping input data to the valid range for imshow with RGB data ([0..1] for floats or [0..255] for integers). Got range [-2.1007793..153.89957].
2025-05-27 14:10:16,127 - matplotlib.image - WARNING - Clipping input data to the valid range for imshow with RGB data ([0..1] for floats or [0..255] for integers). Got range [-2.117904..2.64].
2025-05-27 14:10:16,129 - matplotlib.image - WARNING - Clipping input data to the valid range for imshow with RGB data ([0..1] for floats or [0..255] for integers). Got range [-2.117904..109.056].
2025-05-27 14:10:16,132 - matplotlib.image - WARNING - Clipping input data to the valid range for imshow with RGB data ([0..1] for floats or [0..255] for integers). Got range [-2.117904..153.89957].
2025-05-27 14:10:16,393 - matplotlib.image - WARNING - Clipping input data to the valid range for imshow with RGB data ([0..1] for floats or [0..255] for integers). Got range [-2.117904..2.64].
2025-05-27 14:10:16,395 - matplotlib.image - WARNING - Clipping input data to the valid range for imshow with RGB data ([0..1] for floats or [0..255] for integers). Got range [-2.117904..109.056].
2025-05-27 14:10:16,398 - matplotlib.image - WARNING - Clipping input data to the valid range for imshow with RGB data ([0..1] for floats or [0..255] for integers). Got range [-2.117904..153.89272].
2025-05-27 14:10:16,549 - matplotlib.image - WARNING - Clipping input data to the valid range for imshow with RGB data ([0..1] for floats or [0..255] for integers). Got range [-2.117904..2.64].
2025-05-27 14:10:16,551 - matplotlib.image - WARNING - Clipping input data to the valid range for imshow with RGB data ([0..1] for floats or [0..255] for integers). Got range [-2.117904..109.056].
2025-05-27 14:10:16,554 - matplotlib.image - WARNING - Clipping input data to the valid range for imshow with RGB data ([0..1] for floats or [0..255] for integers). Got range [-2.117904..153.89272].
2025-05-27 14:10:16,711 - matplotlib.image - WARNING - Clipping input data to the valid range for imshow with RGB data ([0..1] for floats or [0..255] for integers). Got range [-2.117904..2.64].
2025-05-27 14:10:16,713 - matplotlib.image - WARNING - Clipping input data to the valid range for imshow with RGB data ([0..1] for floats or [0..255] for integers). Got range [-2.117904..109.056].
2025-05-27 14:10:16,716 - matplotlib.image - WARNING - Clipping input data to the valid range for imshow with RGB data ([0..1] for floats or [0..255] for integers). Got range [-2.117904..153.89957].
2025-05-27 14:10:16,956 - matplotlib.image - WARNING - Clipping input data to the valid range for imshow with RGB data ([0..1] for floats or [0..255] for integers). Got range [-2.117904..2.64].
2025-05-27 14:10:16,958 - matplotlib.image - WARNING - Clipping input data to the valid range for imshow with RGB data ([0..1] for floats or [0..255] for integers). Got range [-2.117904..109.056].
2025-05-27 14:10:16,961 - matplotlib.image - WARNING - Clipping input data to the valid range for imshow with RGB data ([0..1] for floats or [0..255] for integers). Got range [-2.117904..153.89957].
2025-05-27 14:10:17,118 - matplotlib.image - WARNING - Clipping input data to the valid range for imshow with RGB data ([0..1] for floats or [0..255] for integers). Got range [-2.117904..2.64].
2025-05-27 14:10:17,119 - matplotlib.image - WARNING - Clipping input data to the valid range for imshow with RGB data ([0..1] for floats or [0..255] for integers). Got range [-2.117904..109.056].
2025-05-27 14:10:17,123 - matplotlib.image - WARNING - Clipping input data to the valid range for imshow with RGB data ([0..1] for floats or [0..255] for integers). Got range [-2.117904..153.89957].
2025-05-27 14:10:17,279 - matplotlib.image - WARNING - Clipping input data to the valid range for imshow with RGB data ([0..1] for floats or [0..255] for integers). Got range [-2.117904..2.64].
2025-05-27 14:10:17,281 - matplotlib.image - WARNING - Clipping input data to the valid range for imshow with RGB data ([0..1] for floats or [0..255] for integers). Got range [-2.117904..109.056].
2025-05-27 14:10:17,284 - matplotlib.image - WARNING - Clipping input data to the valid range for imshow with RGB data ([0..1] for floats or [0..255] for integers). Got range [-2.117904..153.89957].
2025-05-27 14:10:17,528 - matplotlib.image - WARNING - Clipping input data to the valid range for imshow with RGB data ([0..1] for floats or [0..255] for integers). Got range [-2.1007793..2.64].
2025-05-27 14:10:17,529 - matplotlib.image - WARNING - Clipping input data to the valid range for imshow with RGB data ([0..1] for floats or [0..255] for integers). Got range [-2.0494049..109.056].
2025-05-27 14:10:17,532 - matplotlib.image - WARNING - Clipping input data to the valid range for imshow with RGB data ([0..1] for floats or [0..255] for integers). Got range [-2.0665298..153.89957].
2025-05-27 14:10:17,690 - matplotlib.image - WARNING - Clipping input data to the valid range for imshow with RGB data ([0..1] for floats or [0..255] for integers). Got range [-2.1007793..2.64].
2025-05-27 14:10:17,692 - matplotlib.image - WARNING - Clipping input data to the valid range for imshow with RGB data ([0..1] for floats or [0..255] for integers). Got range [-2.1007793..109.056].
2025-05-27 14:10:17,694 - matplotlib.image - WARNING - Clipping input data to the valid range for imshow with RGB data ([0..1] for floats or [0..255] for integers). Got range [-2.0836544..153.89957].
2025-05-27 14:10:17,954 - matplotlib.image - WARNING - Clipping input data to the valid range for imshow with RGB data ([0..1] for floats or [0..255] for integers). Got range [-2.117904..2.64].
2025-05-27 14:10:17,957 - matplotlib.image - WARNING - Clipping input data to the valid range for imshow with RGB data ([0..1] for floats or [0..255] for integers). Got range [-2.0836544..109.056].
2025-05-27 14:10:17,960 - matplotlib.image - WARNING - Clipping input data to the valid range for imshow with RGB data ([0..1] for floats or [0..255] for integers). Got range [-2.117904..153.89957].
2025-05-27 14:10:21,593 - utils.training - INFO - Epoch 0 validation - Loss: 1.7425
2025-05-27 14:10:21,593 - utils.training - INFO -   J&F: 0.1949, IoU: 0.2779
2025-05-27 14:10:21,594 - utils.training - INFO - Validation loss improved by inf. Saving model...
2025-05-27 14:10:21,662 - utils.training - INFO - Saved checkpoint and metrics to checkpoints/emergency_fix
2025-05-27 14:10:21,671 - utils.training - INFO - Results saved to checkpoints/emergency_fix/results
2025-05-27 14:10:22,125 - utils.training - INFO - Batch 0: Raw fg ratio: 0.1217, Adaptive fg ratio: 0.1199
2025-05-27 14:10:22,126 - utils.training - INFO - Batch 0: GT fg ratio: 0.1962
2025-05-27 14:10:22,126 - utils.training - INFO - Foreground ratio balanced! Pred/GT ratio: 0.61x
2025-05-27 14:10:26,573 - utils.training - INFO - Batch 50: Raw fg ratio: 0.0732, Adaptive fg ratio: 0.1195
2025-05-27 14:10:26,573 - utils.training - INFO - Batch 50: GT fg ratio: 0.0362
2025-05-27 14:10:26,574 - utils.training - WARNING - Overpredicting foreground! Ratio: 3.30x
2025-05-27 14:10:31,060 - utils.training - INFO - Batch 100: Raw fg ratio: 0.2202, Adaptive fg ratio: 0.1199
2025-05-27 14:10:31,061 - utils.training - INFO - Batch 100: GT fg ratio: 0.0680
2025-05-27 14:10:31,061 - utils.training - INFO - Foreground ratio balanced! Pred/GT ratio: 1.76x
